Id,ServiceContractId,ProductId,MaterialType__c,SchoolGrade__c,Segment__c,Quantity,UnitPrice,Discount,TotalPrice,CreatedDate
0Li000000000000001,800000000000000001,01t000000000000055,Impresso,9 EF,Standard,90,190.83,0.0314,16635.41,2023-01-25 00:00:00
0Li000000000000002,800000000000000001,01t000000000000042,Impresso,5 EF,Premium,314,240.85,0.156,63829.1,2023-01-25 00:00:00
0Li000000000000003,800000000000000001,01t000000000000060,Impresso,5 EF,Standard,144,152.15,0.1712,18158.68,2023-01-25 00:00:00
0Li000000000000004,800000000000000002,01t000000000000020,Digital,6 EF,Standard,180,223.48,0.1658,33556.86,2024-01-27 00:00:00
0Li000000000000005,800000000000000002,01t000000000000020,Digital,1 EF,Standard,227,177.72,0.1525,34190.22,2024-01-27 00:00:00
0Li000000000000006,800000000000000002,01t000000000000004,Digital,8 EF,Standard,219,119.01,0.1611,21864.41,2024-01-27 00:00:00
0Li000000000000007,800000000000000003,01t000000000000053,Kit Completo,5 EF,Standard,370,76.62,0.1324,24595.94,2025-01-23 00:00:00
0Li000000000000008,800000000000000003,01t000000000000054,Impresso,7 EF,Standard,201,26.63,0.0855,4894.98,2025-01-23 00:00:00
0Li000000000000009,800000000000000004,01t000000000000036,Impresso,9 EF,Standard,388,75.85,0.043,28164.32,2024-01-29 00:00:00
0Li000000000000010,800000000000000004,01t000000000000055,Impresso,6 EF,Básico,150,49.91,0.0486,7122.66,2024-01-29 00:00:00
0Li000000000000011,800000000000000004,01t000000000000031,Kit Completo,1 EF,Básico,492,221.95,0.094,98934.66,2024-01-29 00:00:00
0Li000000000000012,800000000000000004,01t000000000000025,Kit Completo,4 EF,Standard,362,288.72,0.1413,89748.44,2024-01-29 00:00:00
0Li000000000000013,800000000000000004,01t000000000000039,Kit Completo,2 EM,Standard,310,125.01,0.0203,37966.41,2024-01-29 00:00:00
0Li000000000000014,800000000000000004,01t000000000000018,Kit Completo,2 EF,Standard,285,123.45,0.1847,28684.9,2024-01-29 00:00:00
0Li000000000000015,800000000000000005,01t000000000000057,Digital,3 EM,Standard,393,40.72,0.1954,12875.98,2025-01-11 00:00:00
0Li000000000000016,800000000000000005,01t000000000000053,Kit Completo,1 EM,Premium,87,264.71,0.118,20312.26,2025-01-11 00:00:00
0Li000000000000017,800000000000000005,01t000000000000036,Impresso,9 EF,Básico,55,142.71,0.0656,7334.15,2025-01-11 00:00:00
0Li000000000000018,800000000000000006,01t000000000000036,Impresso,3 EF,Premium,281,248.85,0.1379,60283.94,2022-03-01 00:00:00
0Li000000000000019,800000000000000006,01t000000000000056,Kit Completo,6 EF,Standard,412,215.79,0.1478,75765.25,2022-03-01 00:00:00
0Li000000000000020,800000000000000006,01t000000000000048,Impresso,4 EF,Standard,462,80.15,0.0643,34648.32,2022-03-01 00:00:00
0Li000000000000021,800000000000000006,01t000000000000024,Impresso,5 EF,Standard,180,75.72,0.1943,10981.37,2022-03-01 00:00:00
0Li000000000000022,800000000000000007,01t000000000000048,Impresso,7 EF,Standard,487,26.48,0.0238,12588.84,2025-02-07 00:00:00
0Li000000000000023,800000000000000007,01t000000000000026,Impresso,9 EF,Premium,422,156.18,0.0096,65275.24,2025-02-07 00:00:00
0Li000000000000024,800000000000000007,01t000000000000059,Kit Completo,1 EF,Básico,272,124.57,0.1131,30050.87,2025-02-07 00:00:00
0Li000000000000025,800000000000000007,01t000000000000056,Kit Completo,5 EF,Básico,418,111.58,0.1078,41612.6,2025-02-07 00:00:00
0Li000000000000026,800000000000000007,01t000000000000022,Kit Completo,2 EF,Básico,334,38.79,0.0151,12760.23,2025-02-07 00:00:00
0Li000000000000027,800000000000000007,01t000000000000050,Digital,2 EF,Básico,67,168.89,0.1597,9508.52,2025-02-07 00:00:00
0Li000000000000028,800000000000000008,01t000000000000040,Kit Completo,2 EM,Standard,342,298.03,0.1504,86596.55,2022-02-08 00:00:00
0Li000000000000029,800000000000000008,01t000000000000053,Kit Completo,3 EM,Premium,151,150.4,0.1779,18670.22,2022-02-08 00:00:00
0Li000000000000030,800000000000000008,01t000000000000042,Impresso,6 EF,Standard,179,40.45,0.1296,6302.17,2022-02-08 00:00:00
0Li000000000000031,800000000000000008,01t000000000000034,Digital,7 EF,Premium,409,213.92,0.164,73144.38,2022-02-08 00:00:00
0Li000000000000032,800000000000000008,01t000000000000026,Impresso,7 EF,Premium,304,102.27,0.1247,27213.15,2022-02-08 00:00:00
0Li000000000000033,800000000000000009,01t000000000000015,Kit Completo,4 EF,Básico,175,139.6,0.0518,23164.53,2023-03-25 00:00:00
0Li000000000000034,800000000000000009,01t000000000000044,Digital,2 EM,Premium,403,111.45,0.0916,40800.2,2023-03-25 00:00:00
0Li000000000000035,800000000000000010,01t000000000000060,Impresso,1 EM,Premium,191,270.11,0.143,44213.5,2025-03-01 00:00:00
0Li000000000000036,800000000000000010,01t000000000000013,Kit Completo,2 EF,Premium,405,61.52,0.0617,23378.31,2025-03-01 00:00:00
0Li000000000000037,800000000000000010,01t000000000000035,Kit Completo,3 EF,Básico,318,284.46,0.0079,89743.66,2025-03-01 00:00:00
0Li000000000000038,800000000000000010,01t000000000000023,Digital,4 EF,Básico,498,39.39,0.1741,16201.04,2025-03-01 00:00:00
0Li000000000000039,800000000000000010,01t000000000000014,Impresso,5 EF,Premium,113,104.82,0.0849,10839.05,2025-03-01 00:00:00
0Li000000000000040,800000000000000010,01t000000000000060,Impresso,3 EF,Standard,480,80.83,0.0711,36039.83,2025-03-01 00:00:00
0Li000000000000041,800000000000000011,01t000000000000054,Impresso,3 EM,Básico,495,125.03,0.0888,56394.03,2024-02-17 00:00:00
0Li000000000000042,800000000000000011,01t000000000000014,Impresso,4 EF,Premium,204,33.78,0.0877,6286.77,2024-02-17 00:00:00
0Li000000000000043,800000000000000012,01t000000000000038,Impresso,9 EF,Básico,427,54.9,0.1938,18899.18,2023-02-21 00:00:00
0Li000000000000044,800000000000000012,01t000000000000047,Digital,2 EF,Standard,274,54.08,0.1513,12575.97,2023-02-21 00:00:00
0Li000000000000045,800000000000000012,01t000000000000048,Impresso,7 EF,Premium,319,120.35,0.1991,30747.87,2023-02-21 00:00:00
0Li000000000000046,800000000000000012,01t000000000000014,Impresso,5 EF,Básico,56,243.94,0.072,12677.07,2023-02-21 00:00:00
0Li000000000000047,800000000000000012,01t000000000000008,Digital,7 EF,Standard,493,147.95,0.0015,72829.94,2023-02-21 00:00:00
0Li000000000000048,800000000000000013,01t000000000000023,Digital,7 EF,Básico,194,284.8,0.1673,46007.67,2024-03-18 00:00:00
0Li000000000000049,800000000000000013,01t000000000000020,Digital,2 EM,Standard,127,299.92,0.0169,37446.12,2024-03-18 00:00:00
0Li000000000000050,800000000000000014,01t000000000000002,Digital,6 EF,Premium,497,289.99,0.1459,123097.19,2025-02-08 00:00:00
0Li000000000000051,800000000000000014,01t000000000000010,Impresso,3 EF,Básico,443,89.72,0.1129,35258.64,2025-02-08 00:00:00
0Li000000000000052,800000000000000014,01t000000000000010,Impresso,1 EF,Básico,81,214.62,0.1525,14733.13,2025-02-08 00:00:00
0Li000000000000053,800000000000000014,01t000000000000052,Digital,6 EF,Básico,117,262.58,0.1322,26660.43,2025-02-08 00:00:00
0Li000000000000054,800000000000000014,01t000000000000027,Digital,9 EF,Premium,431,64.1,0.0345,26673.97,2025-02-08 00:00:00
0Li000000000000055,800000000000000015,01t000000000000024,Impresso,1 EF,Standard,460,278.99,0.1573,108148.24,2023-02-19 00:00:00
0Li000000000000056,800000000000000015,01t000000000000014,Impresso,5 EF,Básico,166,133.02,0.0746,20434.05,2023-02-19 00:00:00
0Li000000000000057,800000000000000015,01t000000000000021,Digital,8 EF,Premium,24,239.32,0.0663,5362.87,2023-02-19 00:00:00
0Li000000000000058,800000000000000016,01t000000000000059,Kit Completo,1 EM,Básico,218,33.02,0.0754,6655.6,2023-02-20 00:00:00
0Li000000000000059,800000000000000016,01t000000000000034,Digital,4 EF,Premium,96,64.29,0.003,6153.32,2023-02-20 00:00:00
0Li000000000000060,800000000000000016,01t000000000000027,Digital,7 EF,Básico,43,51.47,0.0951,2002.73,2023-02-20 00:00:00
0Li000000000000061,800000000000000017,01t000000000000009,Kit Completo,5 EF,Standard,448,188.92,0.1274,73853.51,2022-02-09 00:00:00
0Li000000000000062,800000000000000017,01t000000000000031,Kit Completo,2 EM,Básico,470,272.81,0.0256,124938.25,2022-02-09 00:00:00
0Li000000000000063,800000000000000017,01t000000000000024,Impresso,8 EF,Standard,499,191.81,0.1433,81997.49,2022-02-09 00:00:00
0Li000000000000064,800000000000000017,01t000000000000048,Impresso,4 EF,Básico,435,258.55,0.0393,108049.21,2022-02-09 00:00:00
0Li000000000000065,800000000000000017,01t000000000000009,Kit Completo,2 EF,Básico,422,283.84,0.0451,114378.38,2022-02-09 00:00:00
0Li000000000000066,800000000000000018,01t000000000000046,Impresso,4 EF,Premium,216,99.04,0.123,18761.35,2025-01-19 00:00:00
0Li000000000000067,800000000000000018,01t000000000000017,Kit Completo,3 EM,Standard,104,224.41,0.0602,21933.65,2025-01-19 00:00:00
0Li000000000000068,800000000000000019,01t000000000000034,Digital,3 EF,Standard,274,181.61,0.1767,40968.35,2022-01-12 00:00:00
0Li000000000000069,800000000000000019,01t000000000000028,Kit Completo,1 EF,Básico,201,205.14,0.1159,36454.22,2022-01-12 00:00:00
0Li000000000000070,800000000000000019,01t000000000000058,Digital,4 EF,Premium,419,127.81,0.0096,53038.29,2022-01-12 00:00:00
0Li000000000000071,800000000000000019,01t000000000000001,Kit Completo,4 EF,Premium,83,197.7,0.1671,13667.14,2022-01-12 00:00:00
0Li000000000000072,800000000000000019,01t000000000000026,Impresso,6 EF,Premium,175,23.28,0.0962,3682.08,2022-01-12 00:00:00
0Li000000000000073,800000000000000019,01t000000000000041,Digital,8 EF,Premium,455,248.76,0.1154,100124.16,2022-01-12 00:00:00
0Li000000000000074,800000000000000020,01t000000000000040,Kit Completo,5 EF,Básico,144,172.85,0.0236,24302.99,2025-02-25 00:00:00
0Li000000000000075,800000000000000020,01t000000000000050,Digital,3 EF,Standard,273,278.69,0.0675,70946.81,2025-02-25 00:00:00
0Li000000000000076,800000000000000020,01t000000000000022,Kit Completo,8 EF,Básico,423,264.15,0.1544,94483.5,2025-02-25 00:00:00
0Li000000000000077,800000000000000020,01t000000000000007,Impresso,5 EF,Premium,352,259.74,0.1527,77467.35,2025-02-25 00:00:00
0Li000000000000078,800000000000000020,01t000000000000051,Impresso,9 EF,Premium,197,139.42,0.0051,27325.66,2025-02-25 00:00:00
0Li000000000000079,800000000000000021,01t000000000000015,Kit Completo,3 EM,Standard,244,252.42,0.0241,60106.15,2025-03-10 00:00:00
0Li000000000000080,800000000000000021,01t000000000000009,Kit Completo,9 EF,Premium,457,117.33,0.0905,48767.22,2025-03-10 00:00:00
0Li000000000000081,800000000000000022,01t000000000000012,Impresso,9 EF,Premium,213,249.61,0.1771,43751.07,2022-02-27 00:00:00
0Li000000000000082,800000000000000022,01t000000000000010,Impresso,4 EF,Básico,440,210.56,0.1552,78267.68,2022-02-27 00:00:00
0Li000000000000083,800000000000000022,01t000000000000048,Impresso,1 EM,Básico,191,167.16,0.156,26946.86,2022-02-27 00:00:00
0Li000000000000084,800000000000000022,01t000000000000034,Digital,4 EF,Básico,34,244.07,0.0725,7696.75,2022-02-27 00:00:00
0Li000000000000085,800000000000000022,01t000000000000034,Digital,3 EF,Básico,95,124.85,0.02,11623.53,2022-02-27 00:00:00
0Li000000000000086,800000000000000022,01t000000000000041,Digital,3 EM,Premium,449,193.09,0.1686,72080.23,2022-02-27 00:00:00
0Li000000000000087,800000000000000023,01t000000000000040,Kit Completo,7 EF,Standard,227,260.32,0.0557,55801.18,2024-02-21 00:00:00
0Li000000000000088,800000000000000023,01t000000000000025,Kit Completo,8 EF,Standard,471,166.09,0.0843,71633.74,2024-02-21 00:00:00
0Li000000000000089,800000000000000023,01t000000000000021,Digital,2 EF,Standard,79,222.03,0.06,16487.95,2024-02-21 00:00:00
0Li000000000000090,800000000000000023,01t000000000000046,Impresso,3 EM,Básico,294,207.07,0.0418,58333.86,2024-02-21 00:00:00
0Li000000000000091,800000000000000023,01t000000000000039,Kit Completo,3 EF,Standard,44,36.58,0.0821,1477.38,2024-02-21 00:00:00
0Li000000000000092,800000000000000023,01t000000000000053,Kit Completo,4 EF,Standard,92,234.09,0.1614,18060.32,2024-02-21 00:00:00
0Li000000000000093,800000000000000024,01t000000000000042,Impresso,6 EF,Premium,224,129.48,0.0387,27881.08,2025-01-09 00:00:00
0Li000000000000094,800000000000000024,01t000000000000015,Kit Completo,2 EF,Básico,495,97.34,0.1785,39582.58,2025-01-09 00:00:00
0Li000000000000095,800000000000000024,01t000000000000048,Impresso,8 EF,Premium,309,284.42,0.0304,85214.05,2025-01-09 00:00:00
0Li000000000000096,800000000000000025,01t000000000000049,Digital,5 EF,Básico,177,23.02,0.0235,3978.79,2023-01-16 00:00:00
0Li000000000000097,800000000000000025,01t000000000000007,Impresso,2 EM,Standard,405,195.99,0.0942,71898.74,2023-01-16 00:00:00
0Li000000000000098,800000000000000025,01t000000000000020,Digital,8 EF,Premium,430,54.96,0.1486,20120.97,2023-01-16 00:00:00
0Li000000000000099,800000000000000025,01t000000000000005,Kit Completo,6 EF,Standard,460,294.12,0.1821,110657.94,2023-01-16 00:00:00
0Li000000000000100,800000000000000026,01t000000000000025,Kit Completo,8 EF,Standard,439,269.51,0.0226,115640.97,2025-03-10 00:00:00
0Li000000000000101,800000000000000026,01t000000000000038,Impresso,8 EF,Standard,96,265.35,0.1383,21950.6,2025-03-10 00:00:00
0Li000000000000102,800000000000000027,01t000000000000034,Digital,1 EM,Standard,62,44.8,0.1464,2370.96,2025-03-18 00:00:00
0Li000000000000103,800000000000000027,01t000000000000016,Digital,3 EM,Standard,455,257.99,0.0989,105776.03,2025-03-18 00:00:00
0Li000000000000104,800000000000000027,01t000000000000027,Digital,5 EF,Básico,39,198.66,0.173,6407.38,2025-03-18 00:00:00
0Li000000000000105,800000000000000028,01t000000000000058,Digital,2 EM,Standard,138,199.27,0.0658,25689.81,2022-01-25 00:00:00
0Li000000000000106,800000000000000028,01t000000000000023,Digital,8 EF,Premium,52,23.62,0.1426,1053.09,2022-01-25 00:00:00
0Li000000000000107,800000000000000028,01t000000000000038,Impresso,5 EF,Premium,263,81.99,0.0868,19691.67,2022-01-25 00:00:00
0Li000000000000108,800000000000000028,01t000000000000050,Digital,1 EM,Standard,433,218.39,0.1121,83962.37,2022-01-25 00:00:00
0Li000000000000109,800000000000000029,01t000000000000034,Digital,1 EM,Premium,455,279.07,0.0765,117263.12,2022-03-22 00:00:00
0Li000000000000110,800000000000000029,01t000000000000038,Impresso,1 EM,Premium,439,242.21,0.1908,86042.39,2022-03-22 00:00:00
0Li000000000000111,800000000000000029,01t000000000000008,Digital,3 EM,Básico,401,86.81,0.116,30772.76,2022-03-22 00:00:00
0Li000000000000112,800000000000000029,01t000000000000027,Digital,6 EF,Básico,427,130.25,0.1489,47335.42,2022-03-22 00:00:00
0Li000000000000113,800000000000000029,01t000000000000051,Impresso,9 EF,Premium,235,258.63,0.1147,53806.81,2022-03-22 00:00:00
0Li000000000000114,800000000000000029,01t000000000000026,Impresso,7 EF,Básico,426,245.46,0.1489,88996.09,2022-03-22 00:00:00
0Li000000000000115,800000000000000030,01t000000000000014,Impresso,6 EF,Premium,300,70.61,0.1261,18511.82,2023-02-10 00:00:00
0Li000000000000116,800000000000000030,01t000000000000019,Digital,8 EF,Standard,481,135.4,0.0057,64756.17,2023-02-10 00:00:00
0Li000000000000117,800000000000000031,01t000000000000053,Kit Completo,4 EF,Standard,359,116.33,0.1947,33631.32,2025-02-22 00:00:00
0Li000000000000118,800000000000000031,01t000000000000029,Impresso,2 EM,Standard,411,33.38,0.0916,12462.5,2025-02-22 00:00:00
0Li000000000000119,800000000000000031,01t000000000000050,Digital,9 EF,Básico,416,64.97,0.1117,24008.55,2025-02-22 00:00:00
0Li000000000000120,800000000000000031,01t000000000000021,Digital,3 EF,Standard,389,132.37,0.0697,47902.94,2025-02-22 00:00:00
0Li000000000000121,800000000000000032,01t000000000000022,Kit Completo,4 EF,Standard,190,192.59,0.148,31176.47,2025-01-23 00:00:00
0Li000000000000122,800000000000000032,01t000000000000054,Impresso,2 EM,Standard,166,48.36,0.1444,6868.55,2025-01-23 00:00:00
0Li000000000000123,800000000000000033,01t000000000000040,Kit Completo,4 EF,Standard,264,199.05,0.1513,44598.51,2025-01-02 00:00:00
0Li000000000000124,800000000000000033,01t000000000000055,Impresso,8 EF,Standard,372,155.92,0.0674,54092.89,2025-01-02 00:00:00
0Li000000000000125,800000000000000033,01t000000000000049,Digital,2 EF,Premium,91,288.61,0.0646,24566.89,2025-01-02 00:00:00
0Li000000000000126,800000000000000033,01t000000000000038,Impresso,9 EF,Standard,168,274.47,0.14,39655.43,2025-01-02 00:00:00
0Li000000000000127,800000000000000034,01t000000000000035,Kit Completo,4 EF,Premium,101,131.43,0.1391,11427.96,2022-01-26 00:00:00
0Li000000000000128,800000000000000034,01t000000000000006,Impresso,7 EF,Standard,374,187.43,0.1754,57803.49,2022-01-26 00:00:00
0Li000000000000129,800000000000000034,01t000000000000010,Impresso,3 EF,Standard,376,115.25,0.0708,40265.95,2022-01-26 00:00:00
0Li000000000000130,800000000000000034,01t000000000000007,Impresso,5 EF,Básico,442,287.7,0.1629,106448.48,2022-01-26 00:00:00
0Li000000000000131,800000000000000034,01t000000000000037,Digital,1 EF,Premium,52,110.67,0.045,5495.87,2022-01-26 00:00:00
0Li000000000000132,800000000000000034,01t000000000000036,Impresso,8 EF,Premium,89,206.91,0.0548,17405.85,2022-01-26 00:00:00
0Li000000000000133,800000000000000035,01t000000000000016,Digital,4 EF,Premium,458,83.23,0.1296,33179.07,2025-02-10 00:00:00
0Li000000000000134,800000000000000035,01t000000000000001,Kit Completo,1 EM,Standard,161,88.23,0.0042,14145.37,2025-02-10 00:00:00
0Li000000000000135,800000000000000035,01t000000000000054,Impresso,1 EM,Premium,234,136.07,0.1102,28331.57,2025-02-10 00:00:00
0Li000000000000136,800000000000000036,01t000000000000012,Impresso,1 EM,Standard,444,165.2,0.0799,67488.23,2025-02-18 00:00:00
0Li000000000000137,800000000000000036,01t000000000000048,Impresso,5 EF,Standard,143,217.89,0.1964,25038.79,2025-02-18 00:00:00
0Li000000000000138,800000000000000036,01t000000000000024,Impresso,6 EF,Básico,196,272.01,0.1874,43322.92,2025-02-18 00:00:00
0Li000000000000139,800000000000000036,01t000000000000023,Digital,3 EM,Premium,49,288.27,0.0269,13745.26,2025-02-18 00:00:00
0Li000000000000140,800000000000000036,01t000000000000051,Impresso,9 EF,Básico,285,182.11,0.0193,50899.65,2025-02-18 00:00:00
0Li000000000000141,800000000000000037,01t000000000000035,Kit Completo,4 EF,Básico,170,49.35,0.1653,7002.72,2024-01-17 00:00:00
0Li000000000000142,800000000000000037,01t000000000000023,Digital,4 EF,Standard,377,216.6,0.1953,65710.35,2024-01-17 00:00:00
0Li000000000000143,800000000000000037,01t000000000000018,Kit Completo,8 EF,Standard,304,254.25,0.092,70181.14,2024-01-17 00:00:00
0Li000000000000144,800000000000000037,01t000000000000038,Impresso,1 EF,Básico,233,38.1,0.1992,7108.94,2024-01-17 00:00:00
0Li000000000000145,800000000000000037,01t000000000000029,Impresso,8 EF,Básico,296,202.08,0.1792,49096.71,2024-01-17 00:00:00
0Li000000000000146,800000000000000038,01t000000000000005,Kit Completo,5 EF,Básico,359,119.24,0.1909,34635.27,2023-01-23 00:00:00
0Li000000000000147,800000000000000038,01t000000000000017,Kit Completo,1 EM,Standard,495,271.03,0.0055,133421.97,2023-01-23 00:00:00
0Li000000000000148,800000000000000038,01t000000000000028,Kit Completo,7 EF,Premium,370,234.02,0.0267,84275.52,2023-01-23 00:00:00
0Li000000000000149,800000000000000039,01t000000000000020,Digital,4 EF,Básico,285,215.22,0.0609,57602.23,2023-02-20 00:00:00
0Li000000000000150,800000000000000039,01t000000000000052,Digital,9 EF,Básico,458,162.23,0.0814,68253.21,2023-02-20 00:00:00
0Li000000000000151,800000000000000039,01t000000000000038,Impresso,1 EF,Básico,171,261.57,0.1942,36042.2,2023-02-20 00:00:00
0Li000000000000152,800000000000000039,01t000000000000049,Digital,2 EF,Básico,193,184.49,0.1549,30091.11,2023-02-20 00:00:00
0Li000000000000153,800000000000000039,01t000000000000005,Kit Completo,4 EF,Premium,281,135.84,0.0322,36941.93,2023-02-20 00:00:00
0Li000000000000154,800000000000000040,01t000000000000050,Digital,1 EF,Básico,398,297.09,0.1671,98483.61,2023-02-24 00:00:00
0Li000000000000155,800000000000000040,01t000000000000060,Impresso,2 EF,Standard,263,224.03,0.0664,55007.61,2023-02-24 00:00:00
0Li000000000000156,800000000000000040,01t000000000000037,Digital,7 EF,Standard,368,285.73,0.0775,96999.62,2023-02-24 00:00:00
0Li000000000000157,800000000000000040,01t000000000000045,Digital,2 EF,Standard,252,58.78,0.0687,13794.94,2023-02-24 00:00:00
0Li000000000000158,800000000000000040,01t000000000000023,Digital,8 EF,Premium,100,218.03,0.1758,17970.03,2023-02-24 00:00:00
0Li000000000000159,800000000000000040,01t000000000000012,Impresso,2 EM,Básico,143,132.4,0.0453,18075.53,2023-02-24 00:00:00
0Li000000000000160,800000000000000041,01t000000000000022,Kit Completo,1 EF,Básico,241,230.51,0.1048,49730.97,2022-02-18 00:00:00
0Li000000000000161,800000000000000041,01t000000000000004,Digital,3 EF,Premium,295,36.56,0.0746,9980.62,2022-02-18 00:00:00
0Li000000000000162,800000000000000042,01t000000000000001,Kit Completo,1 EM,Básico,12,111.52,0.0613,1256.21,2025-02-17 00:00:00
0Li000000000000163,800000000000000042,01t000000000000024,Impresso,2 EM,Básico,449,39.43,0.0345,17093.28,2025-02-17 00:00:00
0Li000000000000164,800000000000000042,01t000000000000032,Kit Completo,2 EF,Básico,103,169.86,0.1952,14080.44,2025-02-17 00:00:00
0Li000000000000165,800000000000000042,01t000000000000059,Kit Completo,8 EF,Básico,89,187.92,0.1148,14804.86,2025-02-17 00:00:00
0Li000000000000166,800000000000000042,01t000000000000055,Impresso,8 EF,Premium,460,236.16,0.1015,97607.29,2025-02-17 00:00:00
0Li000000000000167,800000000000000042,01t000000000000040,Kit Completo,2 EF,Standard,29,281.88,0.1776,6722.73,2025-02-17 00:00:00
0Li000000000000168,800000000000000043,01t000000000000007,Impresso,3 EF,Premium,188,211.25,0.118,35028.63,2025-02-19 00:00:00
0Li000000000000169,800000000000000043,01t000000000000032,Kit Completo,6 EF,Standard,108,188.98,0.1995,16338.08,2025-02-19 00:00:00
0Li000000000000170,800000000000000043,01t000000000000060,Impresso,8 EF,Premium,347,173.43,0.0778,55498.19,2025-02-19 00:00:00
0Li000000000000171,800000000000000043,01t000000000000043,Impresso,3 EF,Premium,293,38.33,0.0492,10678.14,2025-02-19 00:00:00
0Li000000000000172,800000000000000044,01t000000000000013,Kit Completo,8 EF,Básico,416,133.2,0.0717,51438.22,2023-02-01 00:00:00
0Li000000000000173,800000000000000044,01t000000000000046,Impresso,9 EF,Premium,396,254.94,0.0198,98957.31,2023-02-01 00:00:00
0Li000000000000174,800000000000000044,01t000000000000043,Impresso,1 EM,Básico,345,109.75,0.1055,33869.12,2023-02-01 00:00:00
0Li000000000000175,800000000000000044,01t000000000000035,Kit Completo,4 EF,Standard,277,130.37,0.1093,32165.39,2023-02-01 00:00:00
0Li000000000000176,800000000000000044,01t000000000000021,Digital,2 EM,Standard,79,145.41,0.0396,11032.49,2023-02-01 00:00:00
0Li000000000000177,800000000000000045,01t000000000000028,Kit Completo,2 EF,Standard,203,43.07,0.0048,8701.24,2025-03-29 00:00:00
0Li000000000000178,800000000000000045,01t000000000000036,Impresso,5 EF,Básico,257,190.71,0.0612,46012.91,2025-03-29 00:00:00
0Li000000000000179,800000000000000045,01t000000000000045,Digital,2 EF,Standard,38,167.71,0.0083,6320.08,2025-03-29 00:00:00
0Li000000000000180,800000000000000045,01t000000000000058,Digital,3 EF,Básico,310,229.4,0.1143,62985.67,2025-03-29 00:00:00
0Li000000000000181,800000000000000045,01t000000000000021,Digital,5 EF,Standard,388,33.43,0.0056,12898.2,2025-03-29 00:00:00
0Li000000000000182,800000000000000046,01t000000000000023,Digital,7 EF,Básico,285,34.68,0.1651,8251.98,2024-03-16 00:00:00
0Li000000000000183,800000000000000046,01t000000000000033,Digital,2 EM,Básico,278,257.78,0.1017,64374.73,2024-03-16 00:00:00
0Li000000000000184,800000000000000046,01t000000000000003,Digital,3 EF,Premium,476,80.06,0.0914,34625.44,2024-03-16 00:00:00
0Li000000000000185,800000000000000047,01t000000000000005,Kit Completo,2 EM,Básico,375,77.01,0.0413,27686.06,2023-02-22 00:00:00
0Li000000000000186,800000000000000047,01t000000000000001,Kit Completo,3 EM,Premium,33,278.18,0.0412,8801.73,2023-02-22 00:00:00
0Li000000000000187,800000000000000047,01t000000000000060,Impresso,6 EF,Premium,158,21.33,0.0481,3208.04,2023-02-22 00:00:00
0Li000000000000188,800000000000000047,01t000000000000025,Kit Completo,7 EF,Premium,433,83.94,0.1835,29676.53,2023-02-22 00:00:00
0Li000000000000189,800000000000000048,01t000000000000010,Impresso,7 EF,Básico,316,88.93,0.1337,24344.66,2022-01-22 00:00:00
0Li000000000000190,800000000000000048,01t000000000000037,Digital,4 EF,Básico,373,261.85,0.1252,85441.76,2022-01-22 00:00:00
0Li000000000000191,800000000000000048,01t000000000000048,Impresso,7 EF,Standard,477,96.33,0.1381,39603.8,2022-01-22 00:00:00
0Li000000000000192,800000000000000049,01t000000000000018,Kit Completo,8 EF,Standard,441,272.3,0.1633,100474.53,2022-01-24 00:00:00
0Li000000000000193,800000000000000049,01t000000000000039,Kit Completo,3 EM,Standard,15,195.43,0.0791,2699.57,2022-01-24 00:00:00
0Li000000000000194,800000000000000049,01t000000000000009,Kit Completo,2 EF,Premium,349,213.06,0.0141,73309.49,2022-01-24 00:00:00
0Li000000000000195,800000000000000049,01t000000000000011,Impresso,9 EF,Standard,471,241.53,0.0133,112247.61,2022-01-24 00:00:00
0Li000000000000196,800000000000000049,01t000000000000011,Impresso,3 EM,Básico,493,227.23,0.1911,90616.53,2022-01-24 00:00:00
0Li000000000000197,800000000000000050,01t000000000000019,Digital,5 EF,Premium,284,100.2,0.1711,23587.84,2023-02-03 00:00:00
0Li000000000000198,800000000000000050,01t000000000000049,Digital,4 EF,Premium,71,130.57,0.1771,7628.67,2023-02-03 00:00:00
0Li000000000000199,800000000000000050,01t000000000000036,Impresso,1 EF,Standard,443,159.43,0.0254,68833.55,2023-02-03 00:00:00
0Li000000000000200,800000000000000050,01t000000000000031,Kit Completo,7 EF,Premium,65,51.19,0.0076,3302.06,2023-02-03 00:00:00
0Li000000000000201,800000000000000050,01t000000000000006,Impresso,7 EF,Básico,400,214.21,0.0135,84527.27,2023-02-03 00:00:00
0Li000000000000202,800000000000000051,01t000000000000029,Impresso,1 EF,Básico,388,59.97,0.1194,20490.12,2025-01-09 00:00:00
0Li000000000000203,800000000000000051,01t000000000000060,Impresso,4 EF,Básico,267,234.7,0.0378,60296.17,2025-01-09 00:00:00
0Li000000000000204,800000000000000051,01t000000000000021,Digital,6 EF,Standard,32,179.26,0.1897,4648.14,2025-01-09 00:00:00
0Li000000000000205,800000000000000051,01t000000000000059,Kit Completo,2 EM,Premium,99,118.03,0.0401,11216.4,2025-01-09 00:00:00
0Li000000000000206,800000000000000052,01t000000000000025,Kit Completo,4 EF,Premium,88,285.11,0.1011,22553.11,2022-01-13 00:00:00
0Li000000000000207,800000000000000052,01t000000000000041,Digital,1 EF,Standard,109,114.05,0.1442,10638.83,2022-01-13 00:00:00
0Li000000000000208,800000000000000052,01t000000000000005,Kit Completo,9 EF,Premium,441,88.82,0.1057,35029.39,2022-01-13 00:00:00
0Li000000000000209,800000000000000052,01t000000000000010,Impresso,2 EM,Premium,290,289.97,0.0113,83141.07,2022-01-13 00:00:00
0Li000000000000210,800000000000000052,01t000000000000027,Digital,3 EF,Básico,275,169.6,0.1237,40870.63,2022-01-13 00:00:00
0Li000000000000211,800000000000000053,01t000000000000024,Impresso,4 EF,Premium,29,60.18,0.0208,1708.92,2022-03-29 00:00:00
0Li000000000000212,800000000000000053,01t000000000000025,Kit Completo,1 EM,Premium,11,177.56,0.1627,1635.38,2022-03-29 00:00:00
0Li000000000000213,800000000000000053,01t000000000000055,Impresso,9 EF,Premium,124,233.41,0.007,28740.24,2022-03-29 00:00:00
0Li000000000000214,800000000000000053,01t000000000000002,Digital,1 EM,Básico,342,250.72,0.0953,77574.62,2022-03-29 00:00:00
0Li000000000000215,800000000000000054,01t000000000000019,Digital,3 EM,Premium,361,192.49,0.0899,63241.84,2024-02-28 00:00:00
0Li000000000000216,800000000000000054,01t000000000000044,Digital,2 EM,Standard,261,191.53,0.069,46540.07,2024-02-28 00:00:00
0Li000000000000217,800000000000000054,01t000000000000031,Kit Completo,6 EF,Premium,480,271.6,0.0908,118530.59,2024-02-28 00:00:00
0Li000000000000218,800000000000000054,01t000000000000010,Impresso,7 EF,Standard,156,198.39,0.0349,29868.73,2024-02-28 00:00:00
0Li000000000000219,800000000000000054,01t000000000000057,Digital,5 EF,Premium,92,123.06,0.0042,11273.97,2024-02-28 00:00:00
0Li000000000000220,800000000000000055,01t000000000000030,Impresso,4 EF,Standard,220,218.99,0.1083,42960.14,2023-03-29 00:00:00
0Li000000000000221,800000000000000055,01t000000000000009,Kit Completo,7 EF,Standard,440,195.42,0.0416,82407.83,2023-03-29 00:00:00
0Li000000000000222,800000000000000056,01t000000000000030,Impresso,8 EF,Standard,385,146.65,0.1905,45704.57,2025-02-16 00:00:00
0Li000000000000223,800000000000000056,01t000000000000022,Kit Completo,9 EF,Premium,176,206.3,0.0266,35342.99,2025-02-16 00:00:00
0Li000000000000224,800000000000000056,01t000000000000016,Digital,3 EM,Básico,121,219.53,0.1137,23542.9,2025-02-16 00:00:00
0Li000000000000225,800000000000000056,01t000000000000051,Impresso,7 EF,Standard,326,121.76,0.0927,36014.15,2025-02-16 00:00:00
0Li000000000000226,800000000000000056,01t000000000000042,Impresso,2 EF,Básico,167,79.78,0.0283,12946.21,2025-02-16 00:00:00
0Li000000000000227,800000000000000057,01t000000000000020,Digital,1 EM,Standard,473,253.21,0.1549,101216.22,2024-03-30 00:00:00
0Li000000000000228,800000000000000057,01t000000000000004,Digital,3 EF,Básico,112,80.81,0.1103,8052.43,2024-03-30 00:00:00
0Li000000000000229,800000000000000057,01t000000000000025,Kit Completo,8 EF,Premium,489,164.9,0.0361,77725.14,2024-03-30 00:00:00
0Li000000000000230,800000000000000057,01t000000000000045,Digital,5 EF,Básico,115,128.07,0.1334,12763.33,2024-03-30 00:00:00
0Li000000000000231,800000000000000057,01t000000000000044,Digital,1 EM,Premium,298,235.39,0.1282,61153.47,2024-03-30 00:00:00
0Li000000000000232,800000000000000058,01t000000000000027,Digital,3 EF,Standard,172,151.2,0.1736,21491.69,2025-03-05 00:00:00
0Li000000000000233,800000000000000058,01t000000000000021,Digital,3 EM,Básico,322,281.25,0.1225,79468.59,2025-03-05 00:00:00
0Li000000000000234,800000000000000058,01t000000000000057,Digital,2 EF,Premium,28,209.33,0.1574,4938.68,2025-03-05 00:00:00
0Li000000000000235,800000000000000059,01t000000000000059,Kit Completo,2 EF,Standard,451,263.45,0.0663,110938.45,2024-03-25 00:00:00
0Li000000000000236,800000000000000059,01t000000000000060,Impresso,4 EF,Standard,471,119.87,0.1487,48063.35,2024-03-25 00:00:00
0Li000000000000237,800000000000000060,01t000000000000024,Impresso,8 EF,Standard,329,274.59,0.1167,79797.42,2022-02-02 00:00:00
0Li000000000000238,800000000000000060,01t000000000000022,Kit Completo,9 EF,Premium,370,69.06,0.0606,24003.74,2022-02-02 00:00:00
0Li000000000000239,800000000000000061,01t000000000000011,Impresso,7 EF,Premium,222,53.16,0.182,9653.64,2025-03-18 00:00:00
0Li000000000000240,800000000000000061,01t000000000000036,Impresso,5 EF,Básico,292,196.03,0.14,49227.05,2025-03-18 00:00:00
0Li000000000000241,800000000000000061,01t000000000000055,Impresso,3 EF,Standard,472,89.83,0.0227,41437.29,2025-03-18 00:00:00
0Li000000000000242,800000000000000062,01t000000000000049,Digital,7 EF,Standard,30,57.97,0.0762,1606.58,2024-01-15 00:00:00
0Li000000000000243,800000000000000062,01t000000000000011,Impresso,6 EF,Standard,402,25.59,0.1376,8871.66,2024-01-15 00:00:00
0Li000000000000244,800000000000000063,01t000000000000037,Digital,8 EF,Básico,103,145.25,0.004,14900.91,2022-02-18 00:00:00
0Li000000000000245,800000000000000063,01t000000000000037,Digital,6 EF,Premium,186,267.97,0.1976,39993.56,2022-02-18 00:00:00
0Li000000000000246,800000000000000063,01t000000000000012,Impresso,3 EF,Premium,79,194.73,0.1355,13299.18,2022-02-18 00:00:00
0Li000000000000247,800000000000000063,01t000000000000060,Impresso,2 EM,Standard,414,288.92,0.0394,114900.13,2022-02-18 00:00:00
0Li000000000000248,800000000000000063,01t000000000000019,Digital,6 EF,Básico,374,241.98,0.1573,76264.79,2022-02-18 00:00:00
0Li000000000000249,800000000000000063,01t000000000000052,Digital,7 EF,Premium,263,24.47,0.1782,5288.78,2022-02-18 00:00:00
0Li000000000000250,800000000000000064,01t000000000000055,Impresso,9 EF,Premium,139,73.77,0.056,9679.8,2022-03-26 00:00:00
0Li000000000000251,800000000000000064,01t000000000000032,Kit Completo,4 EF,Básico,173,273.63,0.0104,46845.67,2022-03-26 00:00:00
0Li000000000000252,800000000000000064,01t000000000000020,Digital,1 EF,Standard,144,145.7,0.0866,19163.86,2022-03-26 00:00:00
0Li000000000000253,800000000000000064,01t000000000000048,Impresso,6 EF,Básico,398,203.87,0.1319,70437.86,2022-03-26 00:00:00
0Li000000000000254,800000000000000065,01t000000000000009,Kit Completo,3 EM,Básico,456,293.91,0.1248,117296.89,2023-03-29 00:00:00
0Li000000000000255,800000000000000065,01t000000000000002,Digital,7 EF,Standard,164,126.59,0.1809,17005.14,2023-03-29 00:00:00
0Li000000000000256,800000000000000066,01t000000000000045,Digital,6 EF,Básico,354,95.68,0.075,31330.42,2023-03-15 00:00:00
0Li000000000000257,800000000000000066,01t000000000000055,Impresso,3 EF,Standard,411,138.86,0.1415,48995.85,2023-03-15 00:00:00
0Li000000000000258,800000000000000067,01t000000000000036,Impresso,8 EF,Básico,108,156.87,0.0533,16038.95,2023-01-07 00:00:00
0Li000000000000259,800000000000000067,01t000000000000006,Impresso,9 EF,Premium,422,206.54,0.0637,81607.8,2023-01-07 00:00:00
0Li000000000000260,800000000000000067,01t000000000000002,Digital,4 EF,Premium,425,55.99,0.1524,20169.28,2023-01-07 00:00:00
0Li000000000000261,800000000000000067,01t000000000000012,Impresso,4 EF,Premium,201,38.19,0.1144,6798.03,2023-01-07 00:00:00
0Li000000000000262,800000000000000068,01t000000000000001,Kit Completo,1 EM,Premium,380,23.77,0.1614,7574.74,2023-02-13 00:00:00
0Li000000000000263,800000000000000068,01t000000000000010,Impresso,8 EF,Básico,308,195.32,0.1743,49672.92,2023-02-13 00:00:00
0Li000000000000264,800000000000000069,01t000000000000051,Impresso,3 EM,Premium,350,49.63,0.0244,16946.66,2025-01-13 00:00:00
0Li000000000000265,800000000000000069,01t000000000000013,Kit Completo,2 EF,Básico,480,228.9,0.0162,108092.07,2025-01-13 00:00:00
0Li000000000000266,800000000000000069,01t000000000000006,Impresso,4 EF,Premium,11,141.23,0.1371,1340.54,2025-01-13 00:00:00
0Li000000000000267,800000000000000069,01t000000000000046,Impresso,4 EF,Standard,50,128.33,0.1251,5613.8,2025-01-13 00:00:00
0Li000000000000268,800000000000000070,01t000000000000046,Impresso,5 EF,Básico,263,189.53,0.0372,47992.1,2024-01-27 00:00:00
0Li000000000000269,800000000000000070,01t000000000000044,Digital,3 EF,Básico,313,262.2,0.0123,81059.16,2024-01-27 00:00:00
0Li000000000000270,800000000000000070,01t000000000000001,Kit Completo,3 EF,Básico,50,69.24,0.0395,3325.25,2024-01-27 00:00:00
0Li000000000000271,800000000000000071,01t000000000000013,Kit Completo,4 EF,Premium,368,54.72,0.1523,17070.1,2023-01-13 00:00:00
0Li000000000000272,800000000000000071,01t000000000000055,Impresso,7 EF,Básico,174,231.76,0.0455,38491.4,2023-01-13 00:00:00
0Li000000000000273,800000000000000071,01t000000000000054,Impresso,2 EM,Standard,313,103.08,0.0825,29602.26,2023-01-13 00:00:00
0Li000000000000274,800000000000000071,01t000000000000014,Impresso,4 EF,Básico,228,90.27,0.069,19161.43,2023-01-13 00:00:00
0Li000000000000275,800000000000000071,01t000000000000001,Kit Completo,5 EF,Premium,345,269.36,0.1367,80225.78,2023-01-13 00:00:00
0Li000000000000276,800000000000000071,01t000000000000005,Kit Completo,3 EM,Premium,41,37.58,0.0688,1434.77,2023-01-13 00:00:00
0Li000000000000277,800000000000000072,01t000000000000049,Digital,3 EM,Standard,428,140.43,0.1348,52002.02,2025-01-16 00:00:00
0Li000000000000278,800000000000000072,01t000000000000001,Kit Completo,6 EF,Básico,391,208.86,0.0637,76462.25,2025-01-16 00:00:00
0Li000000000000279,800000000000000072,01t000000000000044,Digital,5 EF,Básico,320,209.89,0.0132,66278.22,2025-01-16 00:00:00
0Li000000000000280,800000000000000072,01t000000000000054,Impresso,8 EF,Standard,173,146.22,0.1484,21542.12,2025-01-16 00:00:00
0Li000000000000281,800000000000000072,01t000000000000032,Kit Completo,3 EM,Premium,163,233.76,0.0627,35713.83,2025-01-16 00:00:00
0Li000000000000282,800000000000000072,01t000000000000015,Kit Completo,7 EF,Standard,310,67.75,0.1382,18099.95,2025-01-16 00:00:00
0Li000000000000283,800000000000000073,01t000000000000021,Digital,7 EF,Standard,482,242.95,0.189,94969.64,2025-02-18 00:00:00
0Li000000000000284,800000000000000073,01t000000000000056,Kit Completo,3 EM,Standard,470,150.03,0.0305,68363.42,2025-02-18 00:00:00
0Li000000000000285,800000000000000073,01t000000000000027,Digital,6 EF,Standard,496,26.85,0.0279,12946.04,2025-02-18 00:00:00
0Li000000000000286,800000000000000073,01t000000000000056,Kit Completo,7 EF,Básico,333,61.83,0.0731,19084.31,2025-02-18 00:00:00
0Li000000000000287,800000000000000073,01t000000000000058,Digital,4 EF,Premium,98,62.29,0.1892,4949.46,2025-02-18 00:00:00
0Li000000000000288,800000000000000074,01t000000000000026,Impresso,1 EF,Standard,251,61.97,0.0675,14504.54,2025-03-17 00:00:00
0Li000000000000289,800000000000000074,01t000000000000026,Impresso,9 EF,Standard,91,104.99,0.191,7729.26,2025-03-17 00:00:00
0Li000000000000290,800000000000000075,01t000000000000013,Kit Completo,7 EF,Premium,259,189.91,0.0998,44277.86,2024-02-11 00:00:00
0Li000000000000291,800000000000000075,01t000000000000032,Kit Completo,2 EF,Standard,350,36.73,0.1923,10383.39,2024-02-11 00:00:00
0Li000000000000292,800000000000000075,01t000000000000046,Impresso,9 EF,Standard,254,190.19,0.0283,46941.14,2024-02-11 00:00:00
0Li000000000000293,800000000000000076,01t000000000000027,Digital,3 EF,Standard,261,23.63,0.0616,5787.52,2023-03-16 00:00:00
0Li000000000000294,800000000000000076,01t000000000000041,Digital,2 EF,Básico,169,211.54,0.0858,32682.89,2023-03-16 00:00:00
0Li000000000000295,800000000000000076,01t000000000000009,Kit Completo,3 EM,Premium,281,98.93,0.145,23768.43,2023-03-16 00:00:00
0Li000000000000296,800000000000000077,01t000000000000037,Digital,7 EF,Premium,252,37.67,0.0894,8644.18,2022-01-06 00:00:00
0Li000000000000297,800000000000000077,01t000000000000014,Impresso,6 EF,Básico,493,111.34,0.0467,52327.23,2022-01-06 00:00:00
0Li000000000000298,800000000000000077,01t000000000000059,Kit Completo,9 EF,Standard,471,292.31,0.1574,116007.49,2022-01-06 00:00:00
0Li000000000000299,800000000000000077,01t000000000000037,Digital,3 EF,Standard,416,112.7,0.0389,45059.44,2022-01-06 00:00:00
0Li000000000000300,800000000000000078,01t000000000000059,Kit Completo,4 EF,Standard,127,218.27,0.1219,24341.19,2023-03-11 00:00:00
0Li000000000000301,800000000000000078,01t000000000000037,Digital,2 EF,Standard,250,269.36,0.0627,63117.78,2023-03-11 00:00:00
0Li000000000000302,800000000000000078,01t000000000000049,Digital,8 EF,Standard,85,194.61,0.0163,16272.22,2023-03-11 00:00:00
0Li000000000000303,800000000000000078,01t000000000000039,Kit Completo,5 EF,Premium,471,269.45,0.1917,102582.12,2023-03-11 00:00:00
0Li000000000000304,800000000000000078,01t000000000000029,Impresso,5 EF,Básico,209,237.68,0.1583,41811.55,2023-03-11 00:00:00
0Li000000000000305,800000000000000078,01t000000000000010,Impresso,4 EF,Premium,196,257.38,0.0118,49851.21,2023-03-11 00:00:00
0Li000000000000306,800000000000000079,01t000000000000021,Digital,3 EF,Standard,192,250.95,0.0965,43532.8,2025-03-15 00:00:00
0Li000000000000307,800000000000000079,01t000000000000021,Digital,9 EF,Premium,258,295.88,0.121,67100.26,2025-03-15 00:00:00
0Li000000000000308,800000000000000080,01t000000000000060,Impresso,1 EF,Básico,315,189.42,0.0591,56140.96,2024-01-25 00:00:00
0Li000000000000309,800000000000000080,01t000000000000057,Digital,4 EF,Standard,109,166.58,0.1008,16326.97,2024-01-25 00:00:00
0Li000000000000310,800000000000000080,01t000000000000028,Kit Completo,5 EF,Premium,368,249.2,0.0022,91503.85,2024-01-25 00:00:00
0Li000000000000311,800000000000000081,01t000000000000019,Digital,7 EF,Premium,22,28.07,0.1288,538.0,2024-03-11 00:00:00
0Li000000000000312,800000000000000081,01t000000000000024,Impresso,8 EF,Básico,248,237.22,0.1986,47146.81,2024-03-11 00:00:00
0Li000000000000313,800000000000000081,01t000000000000025,Kit Completo,6 EF,Premium,294,63.95,0.0888,17131.74,2024-03-11 00:00:00
0Li000000000000314,800000000000000082,01t000000000000030,Impresso,5 EF,Premium,151,75.38,0.1213,10001.7,2024-01-10 00:00:00
0Li000000000000315,800000000000000082,01t000000000000038,Impresso,1 EF,Standard,75,110.39,0.0034,8251.1,2024-01-10 00:00:00
0Li000000000000316,800000000000000082,01t000000000000036,Impresso,3 EM,Standard,254,123.27,0.0631,29334.88,2024-01-10 00:00:00
0Li000000000000317,800000000000000082,01t000000000000036,Impresso,7 EF,Premium,23,196.09,0.1293,3926.92,2024-01-10 00:00:00
0Li000000000000318,800000000000000083,01t000000000000040,Kit Completo,6 EF,Básico,438,232.95,0.1287,88900.57,2023-02-18 00:00:00
0Li000000000000319,800000000000000083,01t000000000000049,Digital,3 EM,Básico,301,31.03,0.1023,8384.54,2023-02-18 00:00:00
0Li000000000000320,800000000000000083,01t000000000000046,Impresso,3 EF,Premium,77,159.07,0.1854,9977.54,2023-02-18 00:00:00
0Li000000000000321,800000000000000083,01t000000000000007,Impresso,2 EF,Standard,277,65.75,0.1428,15611.97,2023-02-18 00:00:00
0Li000000000000322,800000000000000084,01t000000000000022,Kit Completo,8 EF,Standard,51,135.54,0.1502,5874.28,2023-02-04 00:00:00
0Li000000000000323,800000000000000084,01t000000000000035,Kit Completo,7 EF,Básico,41,166.91,0.1284,5964.63,2023-02-04 00:00:00
0Li000000000000324,800000000000000084,01t000000000000010,Impresso,8 EF,Premium,290,250.4,0.1629,60786.85,2023-02-04 00:00:00
0Li000000000000325,800000000000000084,01t000000000000008,Digital,4 EF,Premium,400,275.2,0.0522,104333.82,2023-02-04 00:00:00
0Li000000000000326,800000000000000085,01t000000000000002,Digital,8 EF,Premium,36,200.01,0.1395,6195.91,2023-02-09 00:00:00
0Li000000000000327,800000000000000085,01t000000000000003,Digital,3 EF,Básico,122,232.39,0.19,22964.78,2023-02-09 00:00:00
0Li000000000000328,800000000000000085,01t000000000000021,Digital,7 EF,Premium,175,128.51,0.1269,19635.36,2023-02-09 00:00:00
0Li000000000000329,800000000000000085,01t000000000000033,Digital,3 EM,Básico,401,101.1,0.0047,40350.56,2023-02-09 00:00:00
0Li000000000000330,800000000000000085,01t000000000000027,Digital,1 EF,Premium,291,39.03,0.04,10903.42,2023-02-09 00:00:00
0Li000000000000331,800000000000000085,01t000000000000015,Kit Completo,2 EF,Básico,308,157.61,0.0699,45150.66,2023-02-09 00:00:00
0Li000000000000332,800000000000000086,01t000000000000033,Digital,3 EF,Básico,470,252.13,0.0794,109092.11,2025-02-10 00:00:00
0Li000000000000333,800000000000000086,01t000000000000001,Kit Completo,5 EF,Básico,478,195.75,0.1246,81909.86,2025-02-10 00:00:00
0Li000000000000334,800000000000000086,01t000000000000024,Impresso,1 EM,Standard,271,128.76,0.167,29066.67,2025-02-10 00:00:00
0Li000000000000335,800000000000000086,01t000000000000022,Kit Completo,2 EF,Básico,110,111.58,0.0521,11634.34,2025-02-10 00:00:00
0Li000000000000336,800000000000000087,01t000000000000029,Impresso,2 EM,Básico,24,144.75,0.1935,2801.78,2023-01-02 00:00:00
0Li000000000000337,800000000000000087,01t000000000000050,Digital,7 EF,Premium,217,77.29,0.0225,16394.56,2023-01-02 00:00:00
0Li000000000000338,800000000000000087,01t000000000000048,Impresso,1 EM,Básico,487,264.79,0.04,123794.62,2023-01-02 00:00:00
0Li000000000000339,800000000000000087,01t000000000000048,Impresso,1 EM,Standard,162,253.22,0.1348,35491.92,2023-01-02 00:00:00
0Li000000000000340,800000000000000088,01t000000000000030,Impresso,5 EF,Premium,37,201.39,0.046,7108.66,2023-03-19 00:00:00
0Li000000000000341,800000000000000088,01t000000000000033,Digital,3 EF,Standard,22,106.77,0.0433,2247.23,2023-03-19 00:00:00
0Li000000000000342,800000000000000088,01t000000000000014,Impresso,6 EF,Standard,265,285.1,0.0777,69681.15,2023-03-19 00:00:00
0Li000000000000343,800000000000000088,01t000000000000026,Impresso,8 EF,Básico,318,231.08,0.1842,59947.79,2023-03-19 00:00:00
0Li000000000000344,800000000000000089,01t000000000000019,Digital,4 EF,Premium,417,296.3,0.1715,102367.06,2025-01-12 00:00:00
0Li000000000000345,800000000000000089,01t000000000000040,Kit Completo,1 EM,Premium,64,267.64,0.1705,14208.47,2025-01-12 00:00:00
0Li000000000000346,800000000000000089,01t000000000000055,Impresso,5 EF,Standard,15,285.1,0.186,3481.07,2025-01-12 00:00:00
0Li000000000000347,800000000000000089,01t000000000000025,Kit Completo,1 EF,Standard,383,179.07,0.0319,66395.99,2025-01-12 00:00:00
0Li000000000000348,800000000000000089,01t000000000000014,Impresso,6 EF,Premium,340,73.42,0.0846,22850.95,2025-01-12 00:00:00
0Li000000000000349,800000000000000089,01t000000000000018,Kit Completo,1 EF,Premium,223,203.02,0.0595,42579.69,2025-01-12 00:00:00
0Li000000000000350,800000000000000090,01t000000000000010,Impresso,4 EF,Premium,144,147.94,0.1864,17332.41,2025-02-06 00:00:00
0Li000000000000351,800000000000000090,01t000000000000059,Kit Completo,1 EF,Standard,335,228.39,0.1364,66074.6,2025-02-06 00:00:00
0Li000000000000352,800000000000000090,01t000000000000012,Impresso,8 EF,Básico,17,51.52,0.145,748.84,2025-02-06 00:00:00
0Li000000000000353,800000000000000090,01t000000000000045,Digital,1 EM,Standard,295,96.48,0.0045,28333.52,2025-02-06 00:00:00
0Li000000000000354,800000000000000091,01t000000000000047,Digital,2 EM,Standard,364,62.92,0.013,22605.14,2022-01-02 00:00:00
0Li000000000000355,800000000000000091,01t000000000000002,Digital,7 EF,Premium,29,159.28,0.1661,3851.88,2022-01-02 00:00:00
0Li000000000000356,800000000000000092,01t000000000000037,Digital,5 EF,Básico,469,32.33,0.0126,14971.72,2023-03-19 00:00:00
0Li000000000000357,800000000000000092,01t000000000000019,Digital,1 EF,Básico,378,154.17,0.1604,48928.75,2023-03-19 00:00:00
0Li000000000000358,800000000000000093,01t000000000000056,Kit Completo,1 EF,Básico,106,85.75,0.0896,8275.08,2023-02-18 00:00:00
0Li000000000000359,800000000000000093,01t000000000000003,Digital,9 EF,Básico,457,177.7,0.1714,67289.69,2023-02-18 00:00:00
0Li000000000000360,800000000000000093,01t000000000000032,Kit Completo,1 EF,Standard,415,84.83,0.1697,29230.25,2023-02-18 00:00:00
0Li000000000000361,800000000000000093,01t000000000000024,Impresso,8 EF,Básico,55,187.45,0.0913,9368.47,2023-02-18 00:00:00
0Li000000000000362,800000000000000094,01t000000000000024,Impresso,9 EF,Premium,347,272.51,0.1452,80830.72,2024-02-07 00:00:00
0Li000000000000363,800000000000000094,01t000000000000021,Digital,1 EM,Standard,386,199.01,0.0814,70564.89,2024-02-07 00:00:00
0Li000000000000364,800000000000000094,01t000000000000024,Impresso,3 EF,Básico,249,295.38,0.1535,62259.75,2024-02-07 00:00:00
0Li000000000000365,800000000000000095,01t000000000000044,Digital,2 EF,Básico,287,134.19,0.1923,31106.57,2023-03-21 00:00:00
0Li000000000000366,800000000000000095,01t000000000000017,Kit Completo,2 EM,Standard,463,58.54,0.1849,22092.49,2023-03-21 00:00:00
0Li000000000000367,800000000000000095,01t000000000000029,Impresso,1 EF,Standard,395,170.98,0.1361,58345.3,2023-03-21 00:00:00
0Li000000000000368,800000000000000095,01t000000000000033,Digital,1 EM,Standard,480,260.72,0.125,109502.4,2023-03-21 00:00:00
0Li000000000000369,800000000000000095,01t000000000000035,Kit Completo,1 EM,Premium,333,252.96,0.0319,81548.56,2023-03-21 00:00:00
0Li000000000000370,800000000000000096,01t000000000000053,Kit Completo,2 EF,Básico,364,130.98,0.1647,39824.36,2025-02-15 00:00:00
0Li000000000000371,800000000000000096,01t000000000000035,Kit Completo,5 EF,Básico,31,165.48,0.1151,4539.43,2025-02-15 00:00:00
0Li000000000000372,800000000000000096,01t000000000000043,Impresso,3 EM,Standard,492,66.12,0.0454,31054.13,2025-02-15 00:00:00
0Li000000000000373,800000000000000097,01t000000000000008,Digital,9 EF,Standard,176,224.92,0.1594,33275.92,2022-03-26 00:00:00
0Li000000000000374,800000000000000097,01t000000000000034,Digital,6 EF,Básico,346,249.42,0.0438,82519.41,2022-03-26 00:00:00
0Li000000000000375,800000000000000097,01t000000000000027,Digital,2 EM,Básico,362,230.44,0.0213,81642.45,2022-03-26 00:00:00
0Li000000000000376,800000000000000097,01t000000000000030,Impresso,4 EF,Básico,89,253.62,0.179,18531.76,2022-03-26 00:00:00
0Li000000000000377,800000000000000097,01t000000000000001,Kit Completo,2 EF,Standard,467,242.21,0.1009,101699.06,2022-03-26 00:00:00
0Li000000000000378,800000000000000098,01t000000000000059,Kit Completo,7 EF,Standard,46,214.58,0.0613,9265.61,2023-03-26 00:00:00
0Li000000000000379,800000000000000098,01t000000000000053,Kit Completo,4 EF,Premium,117,171.75,0.0193,19706.92,2023-03-26 00:00:00
0Li000000000000380,800000000000000098,01t000000000000002,Digital,2 EM,Premium,25,102.82,0.0414,2464.08,2023-03-26 00:00:00
0Li000000000000381,800000000000000099,01t000000000000017,Kit Completo,6 EF,Básico,241,286.28,0.0844,63170.43,2025-01-06 00:00:00
0Li000000000000382,800000000000000099,01t000000000000026,Impresso,7 EF,Standard,15,215.39,0.06,3037.0,2025-01-06 00:00:00
0Li000000000000383,800000000000000100,01t000000000000020,Digital,2 EM,Básico,229,193.39,0.1839,36142.06,2025-03-04 00:00:00
0Li000000000000384,800000000000000100,01t000000000000038,Impresso,8 EF,Standard,31,210.15,0.1954,5241.69,2025-03-04 00:00:00
0Li000000000000385,800000000000000100,01t000000000000023,Digital,7 EF,Básico,25,91.62,0.0947,2073.59,2025-03-04 00:00:00
0Li000000000000386,800000000000000101,01t000000000000028,Kit Completo,2 EM,Standard,362,184.39,0.1761,54994.65,2023-03-06 00:00:00
0Li000000000000387,800000000000000101,01t000000000000002,Digital,2 EF,Standard,204,30.83,0.0975,5676.11,2023-03-06 00:00:00
0Li000000000000388,800000000000000102,01t000000000000035,Kit Completo,3 EM,Básico,57,43.23,0.1449,2107.06,2023-01-11 00:00:00
0Li000000000000389,800000000000000102,01t000000000000060,Impresso,4 EF,Básico,58,147.31,0.1498,7264.09,2023-01-11 00:00:00
0Li000000000000390,800000000000000102,01t000000000000031,Kit Completo,3 EM,Standard,27,110.4,0.1105,2651.42,2023-01-11 00:00:00
0Li000000000000391,800000000000000102,01t000000000000014,Impresso,3 EF,Básico,324,134.97,0.0021,43638.45,2023-01-11 00:00:00
0Li000000000000392,800000000000000103,01t000000000000060,Impresso,8 EF,Standard,269,144.44,0.1004,34953.38,2025-02-24 00:00:00
0Li000000000000393,800000000000000103,01t000000000000045,Digital,2 EM,Básico,299,128.69,0.185,31359.82,2025-02-24 00:00:00
0Li000000000000394,800000000000000104,01t000000000000017,Kit Completo,3 EF,Standard,309,52.95,0.1033,14671.4,2025-01-17 00:00:00
0Li000000000000395,800000000000000104,01t000000000000019,Digital,6 EF,Standard,447,65.57,0.0581,27606.89,2025-01-17 00:00:00
0Li000000000000396,800000000000000105,01t000000000000044,Digital,8 EF,Standard,89,291.2,0.0154,25517.68,2022-02-09 00:00:00
0Li000000000000397,800000000000000105,01t000000000000016,Digital,2 EM,Premium,12,128.45,0.1489,1311.89,2022-02-09 00:00:00
0Li000000000000398,800000000000000106,01t000000000000003,Digital,2 EM,Básico,164,71.15,0.068,10875.14,2023-02-05 00:00:00
0Li000000000000399,800000000000000106,01t000000000000055,Impresso,3 EM,Premium,262,84.05,0.0889,20063.42,2023-02-05 00:00:00
0Li000000000000400,800000000000000106,01t000000000000007,Impresso,1 EM,Básico,94,58.98,0.1481,4723.04,2023-02-05 00:00:00
0Li000000000000401,800000000000000106,01t000000000000002,Digital,7 EF,Premium,234,158.92,0.1589,31278.22,2023-02-05 00:00:00
0Li000000000000402,800000000000000106,01t000000000000046,Impresso,9 EF,Premium,278,271.35,0.0737,69875.72,2023-02-05 00:00:00
0Li000000000000403,800000000000000107,01t000000000000031,Kit Completo,7 EF,Premium,27,98.09,0.1115,2353.13,2024-03-01 00:00:00
0Li000000000000404,800000000000000107,01t000000000000005,Kit Completo,6 EF,Standard,54,93.58,0.1897,4094.71,2024-03-01 00:00:00
0Li000000000000405,800000000000000107,01t000000000000026,Impresso,3 EF,Premium,269,277.4,0.1813,61091.89,2024-03-01 00:00:00
0Li000000000000406,800000000000000107,01t000000000000002,Digital,4 EF,Standard,92,44.19,0.0374,3913.43,2024-03-01 00:00:00
0Li000000000000407,800000000000000107,01t000000000000043,Impresso,2 EF,Básico,289,124.53,0.0526,34096.14,2024-03-01 00:00:00
0Li000000000000408,800000000000000108,01t000000000000038,Impresso,4 EF,Premium,221,52.44,0.008,11496.53,2022-02-12 00:00:00
0Li000000000000409,800000000000000108,01t000000000000020,Digital,6 EF,Premium,78,229.06,0.0781,16471.29,2022-02-12 00:00:00
0Li000000000000410,800000000000000108,01t000000000000033,Digital,5 EF,Básico,413,23.41,0.1049,8654.12,2022-02-12 00:00:00
0Li000000000000411,800000000000000109,01t000000000000001,Kit Completo,4 EF,Standard,165,266.51,0.0274,42769.26,2024-03-18 00:00:00
0Li000000000000412,800000000000000109,01t000000000000052,Digital,8 EF,Premium,119,72.83,0.095,7843.43,2024-03-18 00:00:00
0Li000000000000413,800000000000000109,01t000000000000007,Impresso,9 EF,Premium,98,128.6,0.1267,11006.03,2024-03-18 00:00:00
0Li000000000000414,800000000000000109,01t000000000000010,Impresso,2 EF,Standard,351,55.55,0.102,17509.25,2024-03-18 00:00:00
0Li000000000000415,800000000000000109,01t000000000000033,Digital,7 EF,Básico,47,178.52,0.0494,7975.95,2024-03-18 00:00:00
0Li000000000000416,800000000000000109,01t000000000000024,Impresso,1 EF,Standard,490,83.1,0.0525,38581.25,2024-03-18 00:00:00
0Li000000000000417,800000000000000110,01t000000000000056,Kit Completo,2 EM,Básico,174,238.58,0.0055,41284.6,2022-03-02 00:00:00
0Li000000000000418,800000000000000110,01t000000000000060,Impresso,4 EF,Básico,201,129.42,0.1213,22857.99,2022-03-02 00:00:00
0Li000000000000419,800000000000000111,01t000000000000031,Kit Completo,7 EF,Básico,324,285.83,0.1019,83172.07,2023-02-27 00:00:00
0Li000000000000420,800000000000000111,01t000000000000056,Kit Completo,9 EF,Standard,396,197.9,0.0483,74583.21,2023-02-27 00:00:00
0Li000000000000421,800000000000000111,01t000000000000032,Kit Completo,7 EF,Premium,405,41.02,0.12,14619.53,2023-02-27 00:00:00
0Li000000000000422,800000000000000112,01t000000000000006,Impresso,2 EM,Premium,370,269.66,0.0291,96870.77,2022-03-31 00:00:00
0Li000000000000423,800000000000000112,01t000000000000024,Impresso,6 EF,Standard,152,130.11,0.0929,17939.46,2022-03-31 00:00:00
0Li000000000000424,800000000000000112,01t000000000000054,Impresso,8 EF,Básico,284,189.48,0.1839,43916.23,2022-03-31 00:00:00
0Li000000000000425,800000000000000112,01t000000000000032,Kit Completo,1 EM,Básico,207,232.08,0.1679,39974.55,2022-03-31 00:00:00
0Li000000000000426,800000000000000112,01t000000000000036,Impresso,1 EM,Premium,482,211.01,0.1199,89512.17,2022-03-31 00:00:00
0Li000000000000427,800000000000000112,01t000000000000031,Kit Completo,6 EF,Básico,182,45.48,0.0979,7467.01,2022-03-31 00:00:00
0Li000000000000428,800000000000000113,01t000000000000040,Kit Completo,5 EF,Standard,333,37.62,0.1258,10951.51,2024-01-22 00:00:00
0Li000000000000429,800000000000000113,01t000000000000039,Kit Completo,6 EF,Premium,272,83.8,0.1854,18567.67,2024-01-22 00:00:00
0Li000000000000430,800000000000000113,01t000000000000037,Digital,6 EF,Básico,107,117.58,0.0613,11809.84,2024-01-22 00:00:00
0Li000000000000431,800000000000000113,01t000000000000044,Digital,2 EM,Básico,220,97.99,0.1196,18979.49,2024-01-22 00:00:00
0Li000000000000432,800000000000000113,01t000000000000013,Kit Completo,3 EM,Standard,403,191.66,0.1574,65081.56,2024-01-22 00:00:00
0Li000000000000433,800000000000000113,01t000000000000013,Kit Completo,9 EF,Standard,361,212.07,0.1425,65647.86,2024-01-22 00:00:00
0Li000000000000434,800000000000000114,01t000000000000052,Digital,3 EM,Básico,246,182.89,0.0347,43429.75,2025-01-02 00:00:00
0Li000000000000435,800000000000000114,01t000000000000057,Digital,2 EM,Standard,159,198.81,0.0411,30311.59,2025-01-02 00:00:00
0Li000000000000436,800000000000000114,01t000000000000012,Impresso,4 EF,Standard,464,201.29,0.0994,84114.74,2025-01-02 00:00:00
0Li000000000000437,800000000000000115,01t000000000000046,Impresso,6 EF,Premium,148,281.1,0.0918,37783.66,2025-01-29 00:00:00
0Li000000000000438,800000000000000115,01t000000000000017,Kit Completo,7 EF,Básico,320,40.17,0.0249,12534.33,2025-01-29 00:00:00
0Li000000000000439,800000000000000115,01t000000000000026,Impresso,5 EF,Standard,11,38.63,0.1624,355.92,2025-01-29 00:00:00
0Li000000000000440,800000000000000115,01t000000000000030,Impresso,5 EF,Básico,488,297.44,0.1167,128211.63,2025-01-29 00:00:00
0Li000000000000441,800000000000000115,01t000000000000037,Digital,7 EF,Básico,225,75.77,0.0102,16874.36,2025-01-29 00:00:00
0Li000000000000442,800000000000000116,01t000000000000039,Kit Completo,2 EF,Premium,65,153.38,0.0774,9198.05,2023-03-10 00:00:00
0Li000000000000443,800000000000000116,01t000000000000012,Impresso,1 EF,Premium,72,121.17,0.1603,7325.74,2023-03-10 00:00:00
0Li000000000000444,800000000000000116,01t000000000000055,Impresso,5 EF,Premium,45,97.66,0.1097,3912.6,2023-03-10 00:00:00
0Li000000000000445,800000000000000116,01t000000000000051,Impresso,4 EF,Premium,59,279.21,0.1373,14211.59,2023-03-10 00:00:00
0Li000000000000446,800000000000000116,01t000000000000058,Digital,6 EF,Básico,348,178.64,0.002,62042.39,2023-03-10 00:00:00
0Li000000000000447,800000000000000117,01t000000000000019,Digital,1 EM,Básico,230,87.39,0.0441,19213.3,2022-03-20 00:00:00
0Li000000000000448,800000000000000117,01t000000000000049,Digital,4 EF,Premium,146,279.8,0.0707,37962.65,2022-03-20 00:00:00
0Li000000000000449,800000000000000117,01t000000000000002,Digital,3 EF,Standard,293,183.55,0.1525,45578.68,2022-03-20 00:00:00
0Li000000000000450,800000000000000117,01t000000000000014,Impresso,2 EF,Básico,287,192.56,0.1909,44714.68,2022-03-20 00:00:00
0Li000000000000451,800000000000000118,01t000000000000018,Kit Completo,7 EF,Premium,424,156.15,0.0191,64943.03,2024-03-15 00:00:00
0Li000000000000452,800000000000000118,01t000000000000016,Digital,4 EF,Standard,245,190.69,0.1784,38384.37,2024-03-15 00:00:00
0Li000000000000453,800000000000000118,01t000000000000007,Impresso,1 EM,Básico,11,86.86,0.0617,896.51,2024-03-15 00:00:00
0Li000000000000454,800000000000000118,01t000000000000055,Impresso,2 EF,Standard,207,144.93,0.0464,28608.49,2024-03-15 00:00:00
0Li000000000000455,800000000000000118,01t000000000000046,Impresso,7 EF,Básico,237,143.91,0.1478,29065.7,2024-03-15 00:00:00
0Li000000000000456,800000000000000118,01t000000000000049,Digital,4 EF,Básico,204,26.45,0.153,4570.24,2024-03-15 00:00:00
0Li000000000000457,800000000000000119,01t000000000000028,Kit Completo,1 EF,Standard,414,265.04,0.0685,102210.29,2025-03-22 00:00:00
0Li000000000000458,800000000000000119,01t000000000000033,Digital,4 EF,Standard,325,128.61,0.0884,38103.28,2025-03-22 00:00:00
0Li000000000000459,800000000000000119,01t000000000000010,Impresso,2 EM,Standard,370,41.66,0.1674,12833.86,2025-03-22 00:00:00
0Li000000000000460,800000000000000119,01t000000000000011,Impresso,6 EF,Standard,413,133.12,0.0436,52581.49,2025-03-22 00:00:00
0Li000000000000461,800000000000000119,01t000000000000018,Kit Completo,7 EF,Básico,137,220.18,0.1797,24744.07,2025-03-22 00:00:00
0Li000000000000462,800000000000000120,01t000000000000002,Digital,3 EM,Premium,361,281.87,0.0488,96789.42,2023-01-25 00:00:00
0Li000000000000463,800000000000000120,01t000000000000029,Impresso,6 EF,Standard,375,244.03,0.0778,84391.67,2023-01-25 00:00:00
0Li000000000000464,800000000000000120,01t000000000000025,Kit Completo,7 EF,Premium,20,157.47,0.1448,2693.37,2023-01-25 00:00:00
0Li000000000000465,800000000000000120,01t000000000000028,Kit Completo,5 EF,Standard,140,117.5,0.0538,15564.99,2023-01-25 00:00:00
0Li000000000000466,800000000000000120,01t000000000000011,Impresso,9 EF,Básico,96,81.36,0.1171,6895.94,2023-01-25 00:00:00
0Li000000000000467,800000000000000121,01t000000000000052,Digital,6 EF,Premium,110,256.85,0.1958,22721.46,2025-01-19 00:00:00
0Li000000000000468,800000000000000121,01t000000000000049,Digital,2 EF,Básico,127,45.19,0.1832,4687.72,2025-01-19 00:00:00
0Li000000000000469,800000000000000121,01t000000000000045,Digital,5 EF,Standard,293,34.02,0.0159,9809.37,2025-01-19 00:00:00
0Li000000000000470,800000000000000121,01t000000000000010,Impresso,3 EF,Premium,160,59.66,0.0872,8713.22,2025-01-19 00:00:00
0Li000000000000471,800000000000000121,01t000000000000027,Digital,2 EF,Básico,169,66.66,0.0134,11114.58,2025-01-19 00:00:00
0Li000000000000472,800000000000000121,01t000000000000004,Digital,3 EM,Premium,303,203.29,0.1569,51932.32,2025-01-19 00:00:00
0Li000000000000473,800000000000000122,01t000000000000036,Impresso,4 EF,Premium,250,283.76,0.179,58241.74,2025-02-18 00:00:00
0Li000000000000474,800000000000000122,01t000000000000052,Digital,2 EF,Standard,110,188.74,0.0154,20441.67,2025-02-18 00:00:00
0Li000000000000475,800000000000000122,01t000000000000053,Kit Completo,8 EF,Básico,410,70.04,0.0248,28004.23,2025-02-18 00:00:00
0Li000000000000476,800000000000000122,01t000000000000049,Digital,3 EF,Premium,198,222.5,0.0305,42711.32,2025-02-18 00:00:00
0Li000000000000477,800000000000000123,01t000000000000021,Digital,1 EF,Básico,447,68.1,0.0545,28781.68,2022-01-14 00:00:00
0Li000000000000478,800000000000000123,01t000000000000033,Digital,1 EF,Standard,468,35.92,0.027,16356.67,2022-01-14 00:00:00
0Li000000000000479,800000000000000124,01t000000000000055,Impresso,6 EF,Básico,77,87.74,0.1218,5933.1,2024-01-20 00:00:00
0Li000000000000480,800000000000000124,01t000000000000051,Impresso,3 EM,Premium,152,149.47,0.091,20651.97,2024-01-20 00:00:00
0Li000000000000481,800000000000000124,01t000000000000046,Impresso,1 EF,Premium,137,65.38,0.1212,7871.46,2024-01-20 00:00:00
0Li000000000000482,800000000000000125,01t000000000000009,Kit Completo,8 EF,Básico,10,100.42,0.1058,897.96,2022-03-07 00:00:00
0Li000000000000483,800000000000000125,01t000000000000049,Digital,9 EF,Standard,212,174.09,0.1452,31548.17,2022-03-07 00:00:00
0Li000000000000484,800000000000000125,01t000000000000042,Impresso,1 EM,Básico,492,165.5,0.1573,68617.69,2022-03-07 00:00:00
0Li000000000000485,800000000000000125,01t000000000000054,Impresso,7 EF,Premium,393,133.46,0.0503,49811.56,2022-03-07 00:00:00
0Li000000000000486,800000000000000125,01t000000000000033,Digital,4 EF,Premium,449,159.92,0.161,60243.62,2022-03-07 00:00:00
0Li000000000000487,800000000000000126,01t000000000000024,Impresso,7 EF,Standard,441,103.56,0.1209,40148.46,2023-01-15 00:00:00
0Li000000000000488,800000000000000126,01t000000000000025,Kit Completo,4 EF,Premium,163,124.61,0.0629,19033.84,2023-01-15 00:00:00
0Li000000000000489,800000000000000126,01t000000000000014,Impresso,8 EF,Básico,232,237.02,0.1501,46734.85,2023-01-15 00:00:00
0Li000000000000490,800000000000000126,01t000000000000051,Impresso,5 EF,Standard,398,229.78,0.1298,79581.91,2023-01-15 00:00:00
0Li000000000000491,800000000000000126,01t000000000000016,Digital,8 EF,Standard,82,24.59,0.0454,1924.84,2023-01-15 00:00:00
0Li000000000000492,800000000000000126,01t000000000000032,Kit Completo,4 EF,Standard,214,150.58,0.093,29227.28,2023-01-15 00:00:00
0Li000000000000493,800000000000000127,01t000000000000027,Digital,2 EM,Premium,36,88.7,0.0291,3100.28,2023-01-20 00:00:00
0Li000000000000494,800000000000000127,01t000000000000019,Digital,7 EF,Básico,201,34.87,0.093,6357.05,2023-01-20 00:00:00
0Li000000000000495,800000000000000127,01t000000000000056,Kit Completo,9 EF,Básico,231,41.87,0.0588,9103.26,2023-01-20 00:00:00
0Li000000000000496,800000000000000128,01t000000000000003,Digital,2 EF,Standard,488,294.78,0.1694,119484.0,2025-02-14 00:00:00
0Li000000000000497,800000000000000128,01t000000000000022,Kit Completo,1 EF,Premium,109,106.9,0.1013,10471.74,2025-02-14 00:00:00
0Li000000000000498,800000000000000128,01t000000000000010,Impresso,1 EF,Básico,391,219.11,0.0539,81054.29,2025-02-14 00:00:00
0Li000000000000499,800000000000000128,01t000000000000014,Impresso,7 EF,Standard,332,165.91,0.0048,54817.73,2025-02-14 00:00:00
0Li000000000000500,800000000000000128,01t000000000000052,Digital,5 EF,Standard,323,148.88,0.1244,42106.06,2025-02-14 00:00:00
0Li000000000000501,800000000000000129,01t000000000000052,Digital,8 EF,Standard,274,183.97,0.1767,41500.73,2024-01-19 00:00:00
0Li000000000000502,800000000000000129,01t000000000000049,Digital,3 EM,Básico,273,30.12,0.1559,6940.83,2024-01-19 00:00:00
0Li000000000000503,800000000000000130,01t000000000000033,Digital,7 EF,Standard,44,299.62,0.0307,12778.55,2023-01-17 00:00:00
0Li000000000000504,800000000000000130,01t000000000000043,Impresso,5 EF,Premium,375,143.16,0.1445,45927.52,2023-01-17 00:00:00
0Li000000000000505,800000000000000130,01t000000000000010,Impresso,7 EF,Standard,400,276.2,0.0186,108425.07,2023-01-17 00:00:00
0Li000000000000506,800000000000000130,01t000000000000026,Impresso,3 EF,Premium,122,31.73,0.0606,3636.47,2023-01-17 00:00:00
0Li000000000000507,800000000000000130,01t000000000000027,Digital,3 EF,Standard,301,74.23,0.1599,18770.55,2023-01-17 00:00:00
0Li000000000000508,800000000000000130,01t000000000000036,Impresso,1 EF,Premium,300,91.44,0.1832,22406.46,2023-01-17 00:00:00
0Li000000000000509,800000000000000131,01t000000000000055,Impresso,2 EF,Premium,29,94.34,0.0965,2471.85,2025-02-01 00:00:00
0Li000000000000510,800000000000000131,01t000000000000030,Impresso,8 EF,Premium,478,294.74,0.185,114821.86,2025-02-01 00:00:00
0Li000000000000511,800000000000000131,01t000000000000006,Impresso,1 EM,Básico,352,148.69,0.1799,42923.12,2025-02-01 00:00:00
0Li000000000000512,800000000000000132,01t000000000000055,Impresso,9 EF,Básico,250,287.59,0.0516,68187.59,2025-02-23 00:00:00
0Li000000000000513,800000000000000132,01t000000000000057,Digital,2 EM,Standard,471,248.03,0.0661,109100.19,2025-02-23 00:00:00
0Li000000000000514,800000000000000132,01t000000000000034,Digital,1 EM,Básico,89,206.97,0.1671,15342.29,2025-02-23 00:00:00
0Li000000000000515,800000000000000132,01t000000000000044,Digital,4 EF,Premium,152,245.73,0.1557,31535.42,2025-02-23 00:00:00
0Li000000000000516,800000000000000133,01t000000000000028,Kit Completo,5 EF,Standard,257,96.21,0.188,20077.49,2023-01-08 00:00:00
0Li000000000000517,800000000000000133,01t000000000000047,Digital,5 EF,Premium,217,34.36,0.1183,6574.06,2023-01-08 00:00:00
0Li000000000000518,800000000000000134,01t000000000000036,Impresso,4 EF,Standard,124,256.46,0.0438,30408.15,2024-01-29 00:00:00
0Li000000000000519,800000000000000134,01t000000000000058,Digital,9 EF,Standard,88,279.29,0.1395,21148.96,2024-01-29 00:00:00
0Li000000000000520,800000000000000134,01t000000000000027,Digital,5 EF,Premium,390,131.96,0.1133,45633.48,2024-01-29 00:00:00
0Li000000000000521,800000000000000135,01t000000000000011,Impresso,2 EF,Standard,329,154.73,0.1857,41452.89,2023-01-14 00:00:00
0Li000000000000522,800000000000000135,01t000000000000060,Impresso,7 EF,Premium,465,35.93,0.0812,15350.81,2023-01-14 00:00:00
0Li000000000000523,800000000000000135,01t000000000000027,Digital,6 EF,Premium,252,293.94,0.0668,69124.81,2023-01-14 00:00:00
0Li000000000000524,800000000000000136,01t000000000000016,Digital,7 EF,Básico,259,266.15,0.0984,62149.86,2022-01-20 00:00:00
0Li000000000000525,800000000000000136,01t000000000000014,Impresso,4 EF,Básico,217,140.43,0.047,29041.06,2022-01-20 00:00:00
0Li000000000000526,800000000000000136,01t000000000000052,Digital,1 EM,Standard,94,114.11,0.1196,9443.47,2022-01-20 00:00:00
0Li000000000000527,800000000000000136,01t000000000000055,Impresso,3 EM,Premium,52,48.18,0.0165,2464.02,2022-01-20 00:00:00
0Li000000000000528,800000000000000137,01t000000000000035,Kit Completo,3 EM,Básico,229,157.94,0.0185,35499.15,2025-01-15 00:00:00
0Li000000000000529,800000000000000137,01t000000000000010,Impresso,3 EF,Standard,36,20.58,0.0355,714.58,2025-01-15 00:00:00
0Li000000000000530,800000000000000137,01t000000000000054,Impresso,3 EM,Standard,197,210.05,0.1836,33782.51,2025-01-15 00:00:00
0Li000000000000531,800000000000000138,01t000000000000006,Impresso,2 EF,Premium,30,66.26,0.062,1864.56,2022-02-03 00:00:00
0Li000000000000532,800000000000000138,01t000000000000038,Impresso,4 EF,Premium,52,296.69,0.1229,13531.79,2022-02-03 00:00:00
0Li000000000000533,800000000000000138,01t000000000000058,Digital,5 EF,Básico,210,250.77,0.0981,47495.59,2022-02-03 00:00:00
0Li000000000000534,800000000000000138,01t000000000000019,Digital,1 EM,Standard,325,254.32,0.0143,81472.05,2022-02-03 00:00:00
0Li000000000000535,800000000000000138,01t000000000000009,Kit Completo,3 EF,Básico,43,149.45,0.1705,5330.66,2022-02-03 00:00:00
0Li000000000000536,800000000000000138,01t000000000000050,Digital,4 EF,Básico,368,164.17,0.0993,54415.39,2022-02-03 00:00:00
0Li000000000000537,800000000000000139,01t000000000000003,Digital,3 EM,Standard,211,258.6,0.133,47307.51,2024-03-20 00:00:00
0Li000000000000538,800000000000000139,01t000000000000052,Digital,5 EF,Básico,241,120.45,0.1018,26073.35,2024-03-20 00:00:00
0Li000000000000539,800000000000000139,01t000000000000046,Impresso,4 EF,Standard,427,132.31,0.1614,47377.86,2024-03-20 00:00:00
0Li000000000000540,800000000000000139,01t000000000000043,Impresso,3 EM,Premium,177,78.95,0.0923,12684.34,2024-03-20 00:00:00
0Li000000000000541,800000000000000140,01t000000000000006,Impresso,2 EF,Standard,40,184.55,0.0235,7208.52,2023-01-22 00:00:00
0Li000000000000542,800000000000000140,01t000000000000009,Kit Completo,6 EF,Básico,86,222.38,0.0565,18044.14,2023-01-22 00:00:00
0Li000000000000543,800000000000000141,01t000000000000038,Impresso,2 EF,Básico,132,221.22,0.0871,26657.63,2024-02-06 00:00:00
0Li000000000000544,800000000000000141,01t000000000000043,Impresso,5 EF,Básico,492,208.06,0.1459,87430.39,2024-02-06 00:00:00
0Li000000000000545,800000000000000141,01t000000000000014,Impresso,3 EF,Standard,468,152.5,0.0068,70884.68,2024-02-06 00:00:00
0Li000000000000546,800000000000000141,01t000000000000013,Kit Completo,5 EF,Standard,186,38.5,0.0063,7115.89,2024-02-06 00:00:00
0Li000000000000547,800000000000000142,01t000000000000053,Kit Completo,3 EM,Standard,264,149.78,0.1933,31898.47,2022-01-11 00:00:00
0Li000000000000548,800000000000000142,01t000000000000029,Impresso,3 EM,Standard,78,248.42,0.1491,16487.69,2022-01-11 00:00:00
0Li000000000000549,800000000000000142,01t000000000000043,Impresso,3 EM,Premium,171,288.26,0.1503,41883.8,2022-01-11 00:00:00
0Li000000000000550,800000000000000143,01t000000000000056,Kit Completo,2 EF,Standard,411,65.97,0.0501,25755.28,2022-03-06 00:00:00
0Li000000000000551,800000000000000143,01t000000000000057,Digital,4 EF,Básico,181,61.49,0.1768,9161.96,2022-03-06 00:00:00
0Li000000000000552,800000000000000144,01t000000000000032,Kit Completo,3 EF,Standard,500,97.8,0.0405,46919.55,2024-01-20 00:00:00
0Li000000000000553,800000000000000144,01t000000000000003,Digital,6 EF,Básico,404,22.58,0.0721,8464.6,2024-01-20 00:00:00
0Li000000000000554,800000000000000144,01t000000000000024,Impresso,9 EF,Premium,182,20.77,0.0966,3414.98,2024-01-20 00:00:00
0Li000000000000555,800000000000000144,01t000000000000014,Impresso,3 EM,Básico,85,113.11,0.1317,8348.14,2024-01-20 00:00:00
0Li000000000000556,800000000000000144,01t000000000000033,Digital,1 EM,Básico,150,168.64,0.1779,20795.84,2024-01-20 00:00:00
0Li000000000000557,800000000000000144,01t000000000000060,Impresso,3 EM,Premium,323,75.07,0.1539,20515.9,2024-01-20 00:00:00
0Li000000000000558,800000000000000145,01t000000000000047,Digital,8 EF,Premium,312,173.19,0.1078,48210.28,2025-03-29 00:00:00
0Li000000000000559,800000000000000145,01t000000000000019,Digital,2 EF,Standard,180,25.02,0.1179,3972.63,2025-03-29 00:00:00
0Li000000000000560,800000000000000145,01t000000000000054,Impresso,1 EM,Básico,459,136.83,0.0927,56982.95,2025-03-29 00:00:00
0Li000000000000561,800000000000000145,01t000000000000015,Kit Completo,8 EF,Standard,482,108.25,0.1182,46009.24,2025-03-29 00:00:00
0Li000000000000562,800000000000000145,01t000000000000020,Digital,4 EF,Básico,466,202.58,0.0077,93675.38,2025-03-29 00:00:00
0Li000000000000563,800000000000000146,01t000000000000017,Kit Completo,1 EF,Premium,212,94.3,0.1061,17870.49,2023-02-16 00:00:00
0Li000000000000564,800000000000000146,01t000000000000053,Kit Completo,1 EF,Premium,240,86.91,0.0005,20847.97,2023-02-16 00:00:00
0Li000000000000565,800000000000000146,01t000000000000052,Digital,9 EF,Standard,421,96.62,0.1629,34050.73,2023-02-16 00:00:00
0Li000000000000566,800000000000000146,01t000000000000002,Digital,2 EM,Standard,266,263.19,0.1466,59745.29,2023-02-16 00:00:00
0Li000000000000567,800000000000000146,01t000000000000050,Digital,1 EM,Premium,317,205.73,0.0993,58740.42,2023-02-16 00:00:00
0Li000000000000568,800000000000000146,01t000000000000035,Kit Completo,4 EF,Standard,348,174.66,0.1559,51305.82,2023-02-16 00:00:00
0Li000000000000569,800000000000000147,01t000000000000047,Digital,1 EF,Básico,178,69.63,0.1312,10768.03,2025-03-05 00:00:00
0Li000000000000570,800000000000000147,01t000000000000028,Kit Completo,8 EF,Premium,50,112.06,0.0491,5327.89,2025-03-05 00:00:00
0Li000000000000571,800000000000000147,01t000000000000007,Impresso,3 EF,Básico,76,280.7,0.1462,18214.29,2025-03-05 00:00:00
0Li000000000000572,800000000000000147,01t000000000000019,Digital,7 EF,Premium,353,91.99,0.0324,31420.36,2025-03-05 00:00:00
0Li000000000000573,800000000000000147,01t000000000000047,Digital,5 EF,Standard,93,121.2,0.153,9547.05,2025-03-05 00:00:00
0Li000000000000574,800000000000000147,01t000000000000035,Kit Completo,3 EF,Premium,364,173.63,0.0137,62335.46,2025-03-05 00:00:00
0Li000000000000575,800000000000000148,01t000000000000016,Digital,5 EF,Premium,43,238.03,0.1589,8608.9,2022-02-05 00:00:00
0Li000000000000576,800000000000000148,01t000000000000008,Digital,9 EF,Standard,401,146.36,0.0243,57264.18,2022-02-05 00:00:00
0Li000000000000577,800000000000000149,01t000000000000008,Digital,2 EF,Standard,256,207.04,0.0557,50050.02,2024-01-18 00:00:00
0Li000000000000578,800000000000000149,01t000000000000051,Impresso,4 EF,Básico,57,118.91,0.0776,6251.91,2024-01-18 00:00:00
0Li000000000000579,800000000000000149,01t000000000000017,Kit Completo,2 EF,Premium,381,25.1,0.1828,7814.97,2024-01-18 00:00:00
0Li000000000000580,800000000000000149,01t000000000000011,Impresso,3 EM,Básico,84,115.79,0.1044,8710.93,2024-01-18 00:00:00
0Li000000000000581,800000000000000149,01t000000000000013,Kit Completo,6 EF,Premium,255,297.51,0.1515,64371.49,2024-01-18 00:00:00
0Li000000000000582,800000000000000149,01t000000000000022,Kit Completo,2 EF,Básico,446,129.0,0.1514,48823.35,2024-01-18 00:00:00
0Li000000000000583,800000000000000150,01t000000000000014,Impresso,1 EM,Básico,95,73.24,0.1275,6070.68,2025-03-21 00:00:00
0Li000000000000584,800000000000000150,01t000000000000045,Digital,2 EM,Standard,44,293.32,0.1489,10984.36,2025-03-21 00:00:00
0Li000000000000585,800000000000000150,01t000000000000036,Impresso,6 EF,Premium,404,148.2,0.0644,56016.99,2025-03-21 00:00:00
0Li000000000000586,800000000000000150,01t000000000000058,Digital,1 EM,Standard,31,30.19,0.0376,900.7,2025-03-21 00:00:00
0Li000000000000587,800000000000000150,01t000000000000002,Digital,7 EF,Básico,350,281.5,0.1297,85746.31,2025-03-21 00:00:00
0Li000000000000588,800000000000000151,01t000000000000021,Digital,2 EF,Básico,451,149.77,0.0268,65736.03,2024-01-08 00:00:00
0Li000000000000589,800000000000000151,01t000000000000034,Digital,8 EF,Standard,297,234.52,0.1186,61391.66,2024-01-08 00:00:00
0Li000000000000590,800000000000000152,01t000000000000036,Impresso,1 EF,Básico,381,233.24,0.024,86731.69,2022-01-12 00:00:00
0Li000000000000591,800000000000000152,01t000000000000021,Digital,5 EF,Premium,135,107.38,0.1644,12113.11,2022-01-12 00:00:00
0Li000000000000592,800000000000000152,01t000000000000055,Impresso,3 EF,Básico,64,35.38,0.06,2128.46,2022-01-12 00:00:00
0Li000000000000593,800000000000000152,01t000000000000017,Kit Completo,6 EF,Standard,427,126.28,0.0306,52271.56,2022-01-12 00:00:00
0Li000000000000594,800000000000000152,01t000000000000005,Kit Completo,3 EM,Standard,281,121.86,0.0997,30828.67,2022-01-12 00:00:00
0Li000000000000595,800000000000000152,01t000000000000027,Digital,3 EF,Básico,21,27.32,0.057,541.02,2022-01-12 00:00:00
0Li000000000000596,800000000000000153,01t000000000000056,Kit Completo,2 EF,Standard,80,280.79,0.1206,19754.14,2025-02-21 00:00:00
0Li000000000000597,800000000000000153,01t000000000000008,Digital,6 EF,Premium,58,292.9,0.1536,14378.81,2025-02-21 00:00:00
0Li000000000000598,800000000000000154,01t000000000000037,Digital,1 EF,Standard,118,183.02,0.0158,21255.14,2022-01-20 00:00:00
0Li000000000000599,800000000000000154,01t000000000000020,Digital,2 EF,Básico,440,232.98,0.151,87032.01,2022-01-20 00:00:00
0Li000000000000600,800000000000000154,01t000000000000036,Impresso,5 EF,Básico,488,181.66,0.1381,76407.5,2022-01-20 00:00:00
0Li000000000000601,800000000000000155,01t000000000000007,Impresso,5 EF,Standard,468,133.02,0.1862,50661.78,2023-01-28 00:00:00
0Li000000000000602,800000000000000155,01t000000000000006,Impresso,3 EF,Premium,346,113.31,0.1482,33395.04,2023-01-28 00:00:00
0Li000000000000603,800000000000000155,01t000000000000007,Impresso,8 EF,Premium,495,284.51,0.0008,140719.78,2023-01-28 00:00:00
0Li000000000000604,800000000000000155,01t000000000000031,Kit Completo,5 EF,Premium,424,121.12,0.1084,45788.01,2023-01-28 00:00:00
0Li000000000000605,800000000000000156,01t000000000000036,Impresso,3 EF,Premium,468,242.35,0.0164,111559.72,2023-02-08 00:00:00
0Li000000000000606,800000000000000156,01t000000000000042,Impresso,2 EM,Premium,480,179.32,0.1733,71157.05,2023-02-08 00:00:00
0Li000000000000607,800000000000000156,01t000000000000031,Kit Completo,3 EM,Básico,121,224.05,0.0253,26424.17,2023-02-08 00:00:00
0Li000000000000608,800000000000000156,01t000000000000033,Digital,9 EF,Standard,132,297.1,0.0011,39174.06,2023-02-08 00:00:00
0Li000000000000609,800000000000000156,01t000000000000037,Digital,8 EF,Básico,416,224.36,0.1684,77616.35,2023-02-08 00:00:00
0Li000000000000610,800000000000000156,01t000000000000016,Digital,7 EF,Premium,40,140.32,0.1227,4924.11,2023-02-08 00:00:00
0Li000000000000611,800000000000000157,01t000000000000019,Digital,7 EF,Básico,186,58.14,0.1947,8708.55,2025-01-22 00:00:00
0Li000000000000612,800000000000000157,01t000000000000019,Digital,2 EF,Básico,147,89.73,0.1712,10932.13,2025-01-22 00:00:00
0Li000000000000613,800000000000000157,01t000000000000027,Digital,2 EF,Standard,140,201.53,0.0995,25406.89,2025-01-22 00:00:00
0Li000000000000614,800000000000000157,01t000000000000038,Impresso,1 EM,Premium,107,229.1,0.1383,21123.46,2025-01-22 00:00:00
0Li000000000000615,800000000000000157,01t000000000000053,Kit Completo,4 EF,Premium,338,182.46,0.1934,49744.22,2025-01-22 00:00:00
0Li000000000000616,800000000000000157,01t000000000000046,Impresso,1 EF,Básico,30,84.64,0.05,2412.24,2025-01-22 00:00:00
0Li000000000000617,800000000000000158,01t000000000000044,Digital,2 EF,Básico,212,57.23,0.0436,11603.77,2024-01-02 00:00:00
0Li000000000000618,800000000000000158,01t000000000000001,Kit Completo,3 EM,Premium,343,78.86,0.0222,26448.49,2024-01-02 00:00:00
0Li000000000000619,800000000000000159,01t000000000000007,Impresso,3 EM,Básico,184,77.77,0.0289,13896.13,2023-02-28 00:00:00
0Li000000000000620,800000000000000159,01t000000000000051,Impresso,7 EF,Standard,73,263.26,0.065,17968.81,2023-02-28 00:00:00
0Li000000000000621,800000000000000159,01t000000000000043,Impresso,4 EF,Básico,275,210.49,0.0887,52750.37,2023-02-28 00:00:00
0Li000000000000622,800000000000000159,01t000000000000010,Impresso,2 EM,Básico,115,128.98,0.0376,14274.99,2023-02-28 00:00:00
0Li000000000000623,800000000000000159,01t000000000000016,Digital,1 EF,Standard,260,156.9,0.0548,38558.49,2023-02-28 00:00:00
0Li000000000000624,800000000000000160,01t000000000000028,Kit Completo,1 EF,Básico,247,64.41,0.1563,13422.65,2023-02-27 00:00:00
0Li000000000000625,800000000000000160,01t000000000000030,Impresso,5 EF,Premium,278,100.94,0.0827,25740.65,2023-02-27 00:00:00
0Li000000000000626,800000000000000161,01t000000000000018,Kit Completo,9 EF,Premium,100,139.32,0.0028,13892.99,2022-01-25 00:00:00
0Li000000000000627,800000000000000161,01t000000000000038,Impresso,8 EF,Premium,242,117.4,0.1289,24748.65,2022-01-25 00:00:00
0Li000000000000628,800000000000000161,01t000000000000045,Digital,7 EF,Standard,452,97.17,0.0954,39730.79,2022-01-25 00:00:00
0Li000000000000629,800000000000000161,01t000000000000011,Impresso,1 EF,Premium,255,81.76,0.181,17075.17,2022-01-25 00:00:00
0Li000000000000630,800000000000000162,01t000000000000025,Kit Completo,2 EM,Premium,122,296.22,0.1103,32152.73,2022-02-22 00:00:00
0Li000000000000631,800000000000000162,01t000000000000008,Digital,3 EM,Premium,147,221.95,0.1044,29220.43,2022-02-22 00:00:00
0Li000000000000632,800000000000000162,01t000000000000018,Kit Completo,3 EM,Standard,451,204.32,0.1599,77413.8,2022-02-22 00:00:00
0Li000000000000633,800000000000000162,01t000000000000002,Digital,4 EF,Standard,42,178.8,0.177,6180.4,2022-02-22 00:00:00
0Li000000000000634,800000000000000162,01t000000000000017,Kit Completo,9 EF,Básico,424,88.4,0.1915,30303.87,2022-02-22 00:00:00
0Li000000000000635,800000000000000163,01t000000000000052,Digital,8 EF,Básico,483,168.38,0.0366,78350.95,2024-01-21 00:00:00
0Li000000000000636,800000000000000163,01t000000000000001,Kit Completo,3 EM,Básico,86,288.41,0.0655,23178.65,2024-01-21 00:00:00
0Li000000000000637,800000000000000163,01t000000000000027,Digital,3 EF,Premium,300,115.56,0.0962,31332.94,2024-01-21 00:00:00
0Li000000000000638,800000000000000163,01t000000000000047,Digital,3 EM,Standard,166,221.85,0.085,33696.8,2024-01-21 00:00:00
0Li000000000000639,800000000000000163,01t000000000000038,Impresso,1 EM,Básico,112,196.08,0.134,19018.19,2024-01-21 00:00:00
0Li000000000000640,800000000000000163,01t000000000000037,Digital,4 EF,Premium,192,46.91,0.0944,8156.49,2024-01-21 00:00:00
0Li000000000000641,800000000000000164,01t000000000000003,Digital,4 EF,Básico,449,114.12,0.0943,46407.96,2025-01-12 00:00:00
0Li000000000000642,800000000000000164,01t000000000000022,Kit Completo,1 EF,Básico,262,83.72,0.1915,17734.16,2025-01-12 00:00:00
0Li000000000000643,800000000000000164,01t000000000000005,Kit Completo,7 EF,Premium,62,178.24,0.0274,10748.09,2025-01-12 00:00:00
0Li000000000000644,800000000000000164,01t000000000000014,Impresso,2 EF,Premium,249,135.46,0.1992,27010.62,2025-01-12 00:00:00
0Li000000000000645,800000000000000165,01t000000000000029,Impresso,4 EF,Standard,377,58.0,0.1476,18638.58,2025-01-28 00:00:00
0Li000000000000646,800000000000000165,01t000000000000007,Impresso,7 EF,Premium,28,91.81,0.1836,2098.7,2025-01-28 00:00:00
0Li000000000000647,800000000000000165,01t000000000000018,Kit Completo,4 EF,Premium,339,184.82,0.09,57015.12,2025-01-28 00:00:00
0Li000000000000648,800000000000000165,01t000000000000022,Kit Completo,5 EF,Básico,482,86.28,0.0238,40597.19,2025-01-28 00:00:00
0Li000000000000649,800000000000000165,01t000000000000035,Kit Completo,1 EF,Standard,392,196.15,0.1522,65188.02,2025-01-28 00:00:00
0Li000000000000650,800000000000000165,01t000000000000045,Digital,3 EM,Básico,151,171.5,0.1315,22491.11,2025-01-28 00:00:00
0Li000000000000651,800000000000000166,01t000000000000060,Impresso,7 EF,Standard,441,157.07,0.1985,55518.2,2025-02-20 00:00:00
0Li000000000000652,800000000000000166,01t000000000000007,Impresso,1 EM,Standard,55,161.04,0.0459,8450.65,2025-02-20 00:00:00
0Li000000000000653,800000000000000167,01t000000000000028,Kit Completo,8 EF,Básico,366,117.71,0.0714,40005.82,2024-02-23 00:00:00
0Li000000000000654,800000000000000167,01t000000000000045,Digital,2 EM,Básico,94,27.53,0.0195,2537.36,2024-02-23 00:00:00
0Li000000000000655,800000000000000168,01t000000000000043,Impresso,4 EF,Básico,150,73.91,0.1645,9262.77,2022-03-13 00:00:00
0Li000000000000656,800000000000000168,01t000000000000003,Digital,4 EF,Premium,385,70.23,0.1655,22563.67,2022-03-13 00:00:00
0Li000000000000657,800000000000000169,01t000000000000030,Impresso,3 EF,Premium,41,205.27,0.0451,8036.51,2023-03-08 00:00:00
0Li000000000000658,800000000000000169,01t000000000000008,Digital,2 EM,Standard,381,275.43,0.0408,100657.33,2023-03-08 00:00:00
0Li000000000000659,800000000000000169,01t000000000000054,Impresso,3 EF,Standard,361,140.91,0.1376,43869.0,2023-03-08 00:00:00
0Li000000000000660,800000000000000169,01t000000000000025,Kit Completo,3 EF,Básico,13,67.99,0.007,877.68,2023-03-08 00:00:00
0Li000000000000661,800000000000000170,01t000000000000007,Impresso,3 EF,Standard,53,234.04,0.0424,11878.19,2025-02-11 00:00:00
0Li000000000000662,800000000000000170,01t000000000000007,Impresso,5 EF,Básico,232,84.19,0.1625,16358.12,2025-02-11 00:00:00
0Li000000000000663,800000000000000170,01t000000000000034,Digital,1 EM,Básico,375,175.4,0.1354,56869.07,2025-02-11 00:00:00
0Li000000000000664,800000000000000170,01t000000000000022,Kit Completo,1 EM,Básico,463,146.86,0.1658,56722.41,2025-02-11 00:00:00
0Li000000000000665,800000000000000170,01t000000000000043,Impresso,3 EF,Básico,300,80.36,0.0898,21943.1,2025-02-11 00:00:00
0Li000000000000666,800000000000000171,01t000000000000018,Kit Completo,3 EM,Premium,171,92.86,0.0428,15199.44,2022-02-18 00:00:00
0Li000000000000667,800000000000000171,01t000000000000013,Kit Completo,8 EF,Premium,217,102.75,0.1545,18851.9,2022-02-18 00:00:00
0Li000000000000668,800000000000000171,01t000000000000056,Kit Completo,1 EF,Premium,307,52.3,0.1389,13825.91,2022-02-18 00:00:00
0Li000000000000669,800000000000000171,01t000000000000048,Impresso,9 EF,Standard,368,169.39,0.1714,51651.21,2022-02-18 00:00:00
0Li000000000000670,800000000000000171,01t000000000000026,Impresso,3 EF,Premium,475,201.9,0.1425,82236.39,2022-02-18 00:00:00
0Li000000000000671,800000000000000172,01t000000000000012,Impresso,4 EF,Premium,285,265.22,0.1598,63508.79,2023-02-18 00:00:00
0Li000000000000672,800000000000000172,01t000000000000033,Digital,4 EF,Básico,449,189.93,0.1769,70192.79,2023-02-18 00:00:00
0Li000000000000673,800000000000000172,01t000000000000036,Impresso,5 EF,Standard,52,114.95,0.1075,5334.83,2023-02-18 00:00:00
0Li000000000000674,800000000000000172,01t000000000000022,Kit Completo,7 EF,Standard,291,58.13,0.0357,16311.93,2023-02-18 00:00:00
0Li000000000000675,800000000000000172,01t000000000000055,Impresso,4 EF,Básico,439,77.48,0.1606,28551.12,2023-02-18 00:00:00
0Li000000000000676,800000000000000172,01t000000000000041,Digital,2 EF,Standard,55,165.03,0.125,7942.07,2023-02-18 00:00:00
0Li000000000000677,800000000000000173,01t000000000000006,Impresso,2 EM,Standard,387,232.84,0.0922,81801.02,2024-03-17 00:00:00
0Li000000000000678,800000000000000173,01t000000000000055,Impresso,1 EF,Básico,182,28.39,0.1531,4375.92,2024-03-17 00:00:00
0Li000000000000679,800000000000000173,01t000000000000045,Digital,2 EF,Standard,22,261.61,0.1446,4923.19,2024-03-17 00:00:00
0Li000000000000680,800000000000000173,01t000000000000011,Impresso,2 EF,Premium,397,227.82,0.1274,78921.91,2024-03-17 00:00:00
0Li000000000000681,800000000000000173,01t000000000000045,Digital,8 EF,Básico,107,154.62,0.1611,13879.05,2024-03-17 00:00:00
0Li000000000000682,800000000000000173,01t000000000000042,Impresso,1 EM,Premium,200,36.03,0.1262,6296.6,2024-03-17 00:00:00
0Li000000000000683,800000000000000174,01t000000000000023,Digital,9 EF,Básico,170,126.13,0.023,20948.93,2022-03-04 00:00:00
0Li000000000000684,800000000000000174,01t000000000000019,Digital,9 EF,Premium,395,101.8,0.0319,38928.27,2022-03-04 00:00:00
0Li000000000000685,800000000000000174,01t000000000000039,Kit Completo,8 EF,Básico,352,181.39,0.0954,57758.06,2022-03-04 00:00:00
0Li000000000000686,800000000000000175,01t000000000000010,Impresso,1 EM,Premium,99,250.82,0.0578,23395.94,2025-02-08 00:00:00
0Li000000000000687,800000000000000175,01t000000000000021,Digital,8 EF,Premium,204,151.28,0.1014,27731.8,2025-02-08 00:00:00
0Li000000000000688,800000000000000176,01t000000000000039,Kit Completo,4 EF,Standard,35,20.78,0.0523,689.26,2023-01-01 00:00:00
0Li000000000000689,800000000000000176,01t000000000000023,Digital,9 EF,Standard,335,115.62,0.0723,35932.33,2023-01-01 00:00:00
0Li000000000000690,800000000000000177,01t000000000000010,Impresso,7 EF,Premium,217,125.76,0.0246,26618.59,2024-01-28 00:00:00
0Li000000000000691,800000000000000177,01t000000000000052,Digital,6 EF,Básico,147,163.27,0.1981,19246.15,2024-01-28 00:00:00
0Li000000000000692,800000000000000177,01t000000000000004,Digital,1 EM,Standard,197,106.84,0.034,20331.87,2024-01-28 00:00:00
0Li000000000000693,800000000000000177,01t000000000000047,Digital,8 EF,Premium,31,174.71,0.0079,5373.22,2024-01-28 00:00:00
0Li000000000000694,800000000000000177,01t000000000000027,Digital,1 EM,Básico,116,87.31,0.1204,8908.55,2024-01-28 00:00:00
0Li000000000000695,800000000000000177,01t000000000000030,Impresso,1 EM,Básico,326,119.42,0.1997,31156.42,2024-01-28 00:00:00
0Li000000000000696,800000000000000178,01t000000000000012,Impresso,1 EF,Premium,74,38.06,0.0536,2665.48,2024-03-11 00:00:00
0Li000000000000697,800000000000000178,01t000000000000056,Kit Completo,9 EF,Básico,210,90.79,0.1057,17050.63,2024-03-11 00:00:00
0Li000000000000698,800000000000000178,01t000000000000048,Impresso,2 EM,Premium,12,93.25,0.1467,954.84,2024-03-11 00:00:00
0Li000000000000699,800000000000000178,01t000000000000036,Impresso,4 EF,Básico,495,152.62,0.1761,62243.09,2024-03-11 00:00:00
0Li000000000000700,800000000000000178,01t000000000000013,Kit Completo,2 EM,Premium,203,221.09,0.0375,43198.22,2024-03-11 00:00:00
0Li000000000000701,800000000000000178,01t000000000000026,Impresso,3 EF,Básico,147,87.82,0.1346,11171.92,2024-03-11 00:00:00
0Li000000000000702,800000000000000179,01t000000000000040,Kit Completo,1 EM,Básico,357,102.64,0.0342,35389.31,2025-03-16 00:00:00
0Li000000000000703,800000000000000179,01t000000000000043,Impresso,3 EF,Premium,351,224.55,0.0815,72393.46,2025-03-16 00:00:00
0Li000000000000704,800000000000000179,01t000000000000016,Digital,6 EF,Básico,460,137.54,0.1434,54195.71,2025-03-16 00:00:00
0Li000000000000705,800000000000000179,01t000000000000047,Digital,5 EF,Standard,442,167.93,0.0428,71048.23,2025-03-16 00:00:00
0Li000000000000706,800000000000000179,01t000000000000006,Impresso,5 EF,Básico,246,264.56,0.1644,54382.32,2025-03-16 00:00:00
0Li000000000000707,800000000000000180,01t000000000000011,Impresso,5 EF,Premium,191,284.92,0.0747,50354.57,2023-03-19 00:00:00
0Li000000000000708,800000000000000180,01t000000000000012,Impresso,6 EF,Standard,216,240.82,0.1442,44516.25,2023-03-19 00:00:00
0Li000000000000709,800000000000000180,01t000000000000035,Kit Completo,3 EM,Premium,359,72.35,0.0383,24978.86,2023-03-19 00:00:00
0Li000000000000710,800000000000000180,01t000000000000043,Impresso,5 EF,Standard,53,151.55,0.0615,7538.17,2023-03-19 00:00:00
0Li000000000000711,800000000000000180,01t000000000000033,Digital,1 EF,Premium,304,288.79,0.1061,78477.41,2023-03-19 00:00:00
0Li000000000000712,800000000000000181,01t000000000000024,Impresso,3 EF,Standard,133,175.71,0.1002,21027.81,2025-03-17 00:00:00
0Li000000000000713,800000000000000181,01t000000000000022,Kit Completo,3 EM,Premium,381,292.29,0.0931,100994.64,2025-03-17 00:00:00
0Li000000000000714,800000000000000182,01t000000000000003,Digital,5 EF,Premium,158,212.31,0.0115,33159.21,2024-01-10 00:00:00
0Li000000000000715,800000000000000182,01t000000000000014,Impresso,6 EF,Premium,479,80.52,0.1939,31090.54,2024-01-10 00:00:00
0Li000000000000716,800000000000000182,01t000000000000054,Impresso,3 EM,Premium,279,92.16,0.063,24092.74,2024-01-10 00:00:00
0Li000000000000717,800000000000000182,01t000000000000026,Impresso,2 EF,Premium,382,82.13,0.0283,30485.79,2024-01-10 00:00:00
0Li000000000000718,800000000000000183,01t000000000000046,Impresso,2 EF,Básico,317,147.33,0.0933,42346.16,2024-02-11 00:00:00
0Li000000000000719,800000000000000183,01t000000000000004,Digital,2 EF,Básico,320,293.17,0.0482,89292.55,2024-02-11 00:00:00
0Li000000000000720,800000000000000184,01t000000000000032,Kit Completo,4 EF,Premium,120,57.72,0.1288,6034.28,2022-03-24 00:00:00
0Li000000000000721,800000000000000184,01t000000000000057,Digital,2 EF,Básico,218,259.35,0.1447,48357.21,2022-03-24 00:00:00
0Li000000000000722,800000000000000184,01t000000000000049,Digital,7 EF,Premium,268,159.07,0.1923,34432.86,2022-03-24 00:00:00
0Li000000000000723,800000000000000185,01t000000000000033,Digital,9 EF,Premium,449,134.02,0.1105,53525.64,2025-01-16 00:00:00
0Li000000000000724,800000000000000185,01t000000000000001,Kit Completo,1 EF,Básico,476,71.75,0.1641,28548.49,2025-01-16 00:00:00
0Li000000000000725,800000000000000185,01t000000000000007,Impresso,3 EF,Básico,181,238.02,0.0224,42116.59,2025-01-16 00:00:00
0Li000000000000726,800000000000000185,01t000000000000034,Digital,6 EF,Standard,483,23.67,0.1377,9858.34,2025-01-16 00:00:00
0Li000000000000727,800000000000000185,01t000000000000041,Digital,1 EM,Premium,369,159.26,0.1459,50192.84,2025-01-16 00:00:00
0Li000000000000728,800000000000000186,01t000000000000059,Kit Completo,7 EF,Standard,11,267.04,0.136,2537.95,2023-02-06 00:00:00
0Li000000000000729,800000000000000186,01t000000000000040,Kit Completo,2 EF,Standard,415,116.82,0.1772,39889.59,2023-02-06 00:00:00
0Li000000000000730,800000000000000186,01t000000000000039,Kit Completo,2 EM,Básico,46,246.38,0.1742,9359.19,2023-02-06 00:00:00
0Li000000000000731,800000000000000186,01t000000000000019,Digital,7 EF,Básico,65,170.98,0.0452,10611.36,2023-02-06 00:00:00
0Li000000000000732,800000000000000186,01t000000000000031,Kit Completo,7 EF,Premium,185,254.66,0.1173,41585.85,2023-02-06 00:00:00
0Li000000000000733,800000000000000187,01t000000000000053,Kit Completo,1 EM,Básico,380,64.15,0.0431,23326.35,2025-02-10 00:00:00
0Li000000000000734,800000000000000187,01t000000000000010,Impresso,6 EF,Standard,47,87.24,0.055,3874.76,2025-02-10 00:00:00
0Li000000000000735,800000000000000187,01t000000000000005,Kit Completo,3 EM,Básico,57,91.44,0.0073,5174.03,2025-02-10 00:00:00
0Li000000000000736,800000000000000188,01t000000000000009,Kit Completo,1 EF,Standard,276,170.11,0.1881,38119.0,2025-01-16 00:00:00
0Li000000000000737,800000000000000188,01t000000000000041,Digital,8 EF,Standard,20,237.85,0.0675,4435.9,2025-01-16 00:00:00
0Li000000000000738,800000000000000188,01t000000000000028,Kit Completo,9 EF,Básico,232,290.56,0.1488,57379.32,2025-01-16 00:00:00
0Li000000000000739,800000000000000188,01t000000000000007,Impresso,1 EF,Premium,69,228.98,0.0853,14451.91,2025-01-16 00:00:00
0Li000000000000740,800000000000000189,01t000000000000056,Kit Completo,7 EF,Standard,38,165.67,0.0406,6039.86,2022-01-12 00:00:00
0Li000000000000741,800000000000000189,01t000000000000057,Digital,1 EF,Standard,321,44.75,0.1742,11862.41,2022-01-12 00:00:00
0Li000000000000742,800000000000000189,01t000000000000010,Impresso,3 EM,Premium,360,147.58,0.0641,49723.24,2022-01-12 00:00:00
0Li000000000000743,800000000000000190,01t000000000000012,Impresso,6 EF,Premium,403,81.21,0.1795,26853.02,2024-02-12 00:00:00
0Li000000000000744,800000000000000190,01t000000000000053,Kit Completo,1 EM,Premium,230,162.54,0.0367,36012.2,2024-02-12 00:00:00
0Li000000000000745,800000000000000191,01t000000000000041,Digital,2 EM,Premium,443,155.88,0.1526,58517.07,2025-03-23 00:00:00
0Li000000000000746,800000000000000191,01t000000000000040,Kit Completo,5 EF,Básico,117,295.5,0.1663,28823.93,2025-03-23 00:00:00
0Li000000000000747,800000000000000191,01t000000000000003,Digital,1 EF,Básico,69,87.79,0.1793,4971.4,2025-03-23 00:00:00
0Li000000000000748,800000000000000191,01t000000000000029,Impresso,8 EF,Básico,409,74.34,0.0597,28589.88,2025-03-23 00:00:00
0Li000000000000749,800000000000000191,01t000000000000059,Kit Completo,7 EF,Premium,291,226.26,0.1057,58882.2,2025-03-23 00:00:00
0Li000000000000750,800000000000000192,01t000000000000015,Kit Completo,1 EF,Premium,340,124.8,0.1448,36287.85,2022-02-03 00:00:00
0Li000000000000751,800000000000000192,01t000000000000043,Impresso,1 EM,Premium,199,146.43,0.1388,25095.0,2022-02-03 00:00:00
0Li000000000000752,800000000000000192,01t000000000000033,Digital,2 EF,Standard,198,298.09,0.1162,52163.48,2022-02-03 00:00:00
0Li000000000000753,800000000000000193,01t000000000000037,Digital,8 EF,Standard,103,281.79,0.1429,24876.79,2022-01-28 00:00:00
0Li000000000000754,800000000000000193,01t000000000000038,Impresso,3 EM,Básico,423,66.37,0.1512,23829.64,2022-01-28 00:00:00
0Li000000000000755,800000000000000193,01t000000000000040,Kit Completo,1 EM,Standard,492,195.27,0.1533,81344.87,2022-01-28 00:00:00
0Li000000000000756,800000000000000193,01t000000000000056,Kit Completo,2 EM,Básico,409,203.9,0.1661,69543.17,2022-01-28 00:00:00
0Li000000000000757,800000000000000194,01t000000000000048,Impresso,8 EF,Premium,383,209.25,0.1522,67945.02,2023-02-09 00:00:00
0Li000000000000758,800000000000000194,01t000000000000057,Digital,6 EF,Básico,277,102.75,0.1071,25413.5,2023-02-09 00:00:00
0Li000000000000759,800000000000000194,01t000000000000025,Kit Completo,6 EF,Básico,336,286.54,0.0496,91502.08,2023-02-09 00:00:00
0Li000000000000760,800000000000000194,01t000000000000007,Impresso,5 EF,Básico,160,25.96,0.1001,3737.82,2023-02-09 00:00:00
0Li000000000000761,800000000000000194,01t000000000000040,Kit Completo,3 EF,Premium,415,292.96,0.0389,116849.0,2023-02-09 00:00:00
0Li000000000000762,800000000000000194,01t000000000000007,Impresso,4 EF,Standard,104,254.97,0.1614,22237.06,2023-02-09 00:00:00
0Li000000000000763,800000000000000195,01t000000000000050,Digital,1 EF,Standard,230,133.18,0.112,27200.68,2025-02-21 00:00:00
0Li000000000000764,800000000000000195,01t000000000000040,Kit Completo,3 EF,Standard,368,26.43,0.1116,8640.79,2025-02-21 00:00:00
0Li000000000000765,800000000000000195,01t000000000000041,Digital,1 EF,Básico,70,148.01,0.0835,9495.58,2025-02-21 00:00:00
0Li000000000000766,800000000000000196,01t000000000000012,Impresso,3 EM,Premium,393,80.45,0.1123,28066.28,2022-01-15 00:00:00
0Li000000000000767,800000000000000196,01t000000000000034,Digital,1 EM,Standard,320,81.71,0.134,22643.48,2022-01-15 00:00:00
0Li000000000000768,800000000000000196,01t000000000000042,Impresso,2 EM,Básico,134,271.59,0.104,32608.18,2022-01-15 00:00:00
0Li000000000000769,800000000000000196,01t000000000000049,Digital,1 EF,Standard,18,254.07,0.1962,3675.99,2022-01-15 00:00:00
0Li000000000000770,800000000000000196,01t000000000000027,Digital,3 EM,Básico,464,205.8,0.1963,76746.28,2022-01-15 00:00:00
0Li000000000000771,800000000000000197,01t000000000000028,Kit Completo,3 EF,Standard,184,28.38,0.1609,4381.71,2022-02-15 00:00:00
0Li000000000000772,800000000000000197,01t000000000000038,Impresso,7 EF,Básico,400,120.44,0.1353,41657.79,2022-02-15 00:00:00
0Li000000000000773,800000000000000197,01t000000000000018,Kit Completo,7 EF,Standard,57,239.41,0.0765,12602.42,2022-02-15 00:00:00
0Li000000000000774,800000000000000197,01t000000000000027,Digital,1 EF,Básico,332,40.39,0.1658,11186.19,2022-02-15 00:00:00
0Li000000000000775,800000000000000197,01t000000000000031,Kit Completo,2 EM,Premium,424,139.27,0.1344,51114.1,2022-02-15 00:00:00
0Li000000000000776,800000000000000197,01t000000000000050,Digital,6 EF,Premium,107,246.03,0.0627,24674.62,2022-02-15 00:00:00
0Li000000000000777,800000000000000198,01t000000000000054,Impresso,3 EF,Premium,108,237.62,0.0797,23617.62,2023-02-18 00:00:00
0Li000000000000778,800000000000000198,01t000000000000038,Impresso,5 EF,Básico,417,236.48,0.17,81848.09,2023-02-18 00:00:00
0Li000000000000779,800000000000000198,01t000000000000058,Digital,3 EF,Standard,30,259.3,0.1665,6483.8,2023-02-18 00:00:00
0Li000000000000780,800000000000000198,01t000000000000049,Digital,9 EF,Standard,124,20.27,0.1335,2177.93,2023-02-18 00:00:00
0Li000000000000781,800000000000000199,01t000000000000026,Impresso,1 EF,Premium,474,267.87,0.0125,125383.25,2025-03-29 00:00:00
0Li000000000000782,800000000000000199,01t000000000000054,Impresso,2 EF,Básico,400,128.41,0.0404,49288.89,2025-03-29 00:00:00
0Li000000000000783,800000000000000199,01t000000000000013,Kit Completo,1 EF,Premium,426,191.33,0.1647,68082.45,2025-03-29 00:00:00
0Li000000000000784,800000000000000199,01t000000000000005,Kit Completo,5 EF,Premium,202,167.79,0.1224,29745.01,2025-03-29 00:00:00
0Li000000000000785,800000000000000199,01t000000000000019,Digital,6 EF,Premium,332,189.83,0.1716,52208.72,2025-03-29 00:00:00
0Li000000000000786,800000000000000199,01t000000000000030,Impresso,9 EF,Premium,218,236.62,0.1726,42679.91,2025-03-29 00:00:00
0Li000000000000787,800000000000000200,01t000000000000029,Impresso,3 EM,Standard,338,135.12,0.0287,44359.81,2023-01-29 00:00:00
0Li000000000000788,800000000000000200,01t000000000000015,Kit Completo,8 EF,Standard,336,98.34,0.0034,32929.9,2023-01-29 00:00:00
0Li000000000000789,800000000000000200,01t000000000000029,Impresso,3 EM,Standard,316,98.82,0.0325,30212.24,2023-01-29 00:00:00
0Li000000000000790,800000000000000200,01t000000000000057,Digital,7 EF,Básico,81,223.29,0.1526,15326.49,2023-01-29 00:00:00
0Li000000000000791,800000000000000200,01t000000000000009,Kit Completo,2 EF,Básico,315,58.41,0.0039,18327.39,2023-01-29 00:00:00
0Li000000000000792,800000000000000200,01t000000000000056,Kit Completo,7 EF,Premium,261,223.0,0.1652,48587.86,2023-01-29 00:00:00
0Li000000000000793,800000000000000201,01t000000000000037,Digital,5 EF,Premium,368,281.1,0.0134,102058.64,2025-02-14 00:00:00
0Li000000000000794,800000000000000201,01t000000000000026,Impresso,2 EF,Premium,489,166.71,0.1067,72822.88,2025-02-14 00:00:00
0Li000000000000795,800000000000000201,01t000000000000013,Kit Completo,3 EF,Standard,113,147.08,0.0178,16324.2,2025-02-14 00:00:00
0Li000000000000796,800000000000000202,01t000000000000046,Impresso,7 EF,Premium,486,67.95,0.0689,30748.37,2024-03-28 00:00:00
0Li000000000000797,800000000000000202,01t000000000000030,Impresso,4 EF,Premium,288,279.61,0.0929,73046.66,2024-03-28 00:00:00
0Li000000000000798,800000000000000202,01t000000000000044,Digital,7 EF,Premium,62,42.01,0.0327,2519.45,2024-03-28 00:00:00
0Li000000000000799,800000000000000202,01t000000000000015,Kit Completo,2 EM,Standard,394,138.13,0.165,45443.39,2024-03-28 00:00:00
0Li000000000000800,800000000000000203,01t000000000000030,Impresso,7 EF,Premium,263,172.91,0.1953,36594.0,2023-01-10 00:00:00
0Li000000000000801,800000000000000203,01t000000000000013,Kit Completo,9 EF,Standard,121,145.3,0.1783,14446.55,2023-01-10 00:00:00
0Li000000000000802,800000000000000203,01t000000000000020,Digital,3 EF,Básico,145,185.92,0.1452,23044.04,2023-01-10 00:00:00
0Li000000000000803,800000000000000204,01t000000000000004,Digital,1 EF,Premium,82,261.95,0.0588,20216.88,2022-02-07 00:00:00
0Li000000000000804,800000000000000204,01t000000000000028,Kit Completo,8 EF,Premium,151,99.73,0.0106,14899.6,2022-02-07 00:00:00
0Li000000000000805,800000000000000204,01t000000000000044,Digital,9 EF,Premium,138,252.96,0.0797,32126.27,2022-02-07 00:00:00
0Li000000000000806,800000000000000204,01t000000000000060,Impresso,8 EF,Básico,82,273.41,0.1482,19097.03,2022-02-07 00:00:00
0Li000000000000807,800000000000000205,01t000000000000011,Impresso,3 EF,Básico,478,72.26,0.0028,34443.57,2023-03-26 00:00:00
0Li000000000000808,800000000000000205,01t000000000000006,Impresso,9 EF,Premium,459,157.64,0.1641,60483.02,2023-03-26 00:00:00
0Li000000000000809,800000000000000205,01t000000000000007,Impresso,7 EF,Premium,331,74.15,0.1039,21993.56,2023-03-26 00:00:00
0Li000000000000810,800000000000000205,01t000000000000037,Digital,3 EM,Básico,289,115.24,0.1659,27779.17,2023-03-26 00:00:00
0Li000000000000811,800000000000000205,01t000000000000039,Kit Completo,4 EF,Básico,234,85.48,0.0852,18298.12,2023-03-26 00:00:00
0Li000000000000812,800000000000000205,01t000000000000016,Digital,9 EF,Básico,458,52.2,0.1031,21442.73,2023-03-26 00:00:00
0Li000000000000813,800000000000000206,01t000000000000027,Digital,8 EF,Básico,24,114.77,0.1145,2439.09,2024-02-04 00:00:00
0Li000000000000814,800000000000000206,01t000000000000002,Digital,3 EM,Básico,262,239.97,0.1177,55472.09,2024-02-04 00:00:00
0Li000000000000815,800000000000000206,01t000000000000028,Kit Completo,8 EF,Standard,216,210.61,0.1989,36443.45,2024-02-04 00:00:00
0Li000000000000816,800000000000000206,01t000000000000045,Digital,4 EF,Standard,41,132.74,0.1876,4421.36,2024-02-04 00:00:00
0Li000000000000817,800000000000000207,01t000000000000050,Digital,6 EF,Premium,423,61.03,0.1585,21723.9,2022-01-27 00:00:00
0Li000000000000818,800000000000000207,01t000000000000025,Kit Completo,3 EF,Premium,286,60.22,0.1318,14952.94,2022-01-27 00:00:00
0Li000000000000819,800000000000000207,01t000000000000015,Kit Completo,2 EF,Standard,332,117.81,0.1348,33840.5,2022-01-27 00:00:00
0Li000000000000820,800000000000000207,01t000000000000044,Digital,6 EF,Básico,457,204.68,0.003,93258.14,2022-01-27 00:00:00
0Li000000000000821,800000000000000207,01t000000000000029,Impresso,1 EM,Premium,489,49.37,0.053,22862.41,2022-01-27 00:00:00
0Li000000000000822,800000000000000207,01t000000000000047,Digital,3 EF,Premium,47,166.39,0.154,6616.0,2022-01-27 00:00:00
0Li000000000000823,800000000000000208,01t000000000000009,Kit Completo,1 EM,Premium,177,179.0,0.1938,25542.83,2023-02-03 00:00:00
0Li000000000000824,800000000000000208,01t000000000000036,Impresso,4 EF,Standard,312,169.59,0.1364,45694.87,2023-02-03 00:00:00
0Li000000000000825,800000000000000208,01t000000000000040,Kit Completo,1 EF,Premium,321,171.72,0.1567,46484.48,2023-02-03 00:00:00
0Li000000000000826,800000000000000208,01t000000000000009,Kit Completo,1 EF,Básico,466,277.2,0.1702,107189.58,2023-02-03 00:00:00
0Li000000000000827,800000000000000208,01t000000000000045,Digital,7 EF,Básico,383,84.34,0.1684,26862.53,2023-02-03 00:00:00
0Li000000000000828,800000000000000208,01t000000000000039,Kit Completo,5 EF,Básico,376,213.59,0.1015,72158.39,2023-02-03 00:00:00
0Li000000000000829,800000000000000209,01t000000000000020,Digital,1 EM,Básico,461,189.57,0.1692,72605.08,2024-02-13 00:00:00
0Li000000000000830,800000000000000209,01t000000000000036,Impresso,6 EF,Standard,332,38.48,0.0168,12560.73,2024-02-13 00:00:00
0Li000000000000831,800000000000000209,01t000000000000041,Digital,1 EF,Básico,289,162.11,0.1925,37831.21,2024-02-13 00:00:00
0Li000000000000832,800000000000000210,01t000000000000006,Impresso,9 EF,Standard,192,278.62,0.0471,50975.42,2022-01-20 00:00:00
0Li000000000000833,800000000000000210,01t000000000000029,Impresso,2 EM,Premium,209,153.73,0.1079,28662.79,2022-01-20 00:00:00
0Li000000000000834,800000000000000210,01t000000000000002,Digital,2 EF,Básico,488,192.36,0.055,88708.74,2022-01-20 00:00:00
0Li000000000000835,800000000000000210,01t000000000000005,Kit Completo,8 EF,Básico,378,195.79,0.1947,59599.14,2022-01-20 00:00:00
0Li000000000000836,800000000000000210,01t000000000000035,Kit Completo,1 EM,Básico,262,127.65,0.03,32440.97,2022-01-20 00:00:00
0Li000000000000837,800000000000000211,01t000000000000033,Digital,3 EF,Standard,264,221.19,0.0308,56595.62,2024-02-06 00:00:00
0Li000000000000838,800000000000000211,01t000000000000034,Digital,1 EF,Básico,305,74.92,0.1988,18307.9,2024-02-06 00:00:00
0Li000000000000839,800000000000000211,01t000000000000035,Kit Completo,2 EM,Premium,172,210.84,0.0001,36260.85,2024-02-06 00:00:00
0Li000000000000840,800000000000000211,01t000000000000044,Digital,3 EM,Standard,330,241.87,0.0737,73934.58,2024-02-06 00:00:00
0Li000000000000841,800000000000000211,01t000000000000057,Digital,7 EF,Standard,25,205.8,0.1736,4251.83,2024-02-06 00:00:00
0Li000000000000842,800000000000000212,01t000000000000022,Kit Completo,2 EM,Premium,361,147.86,0.0077,52966.45,2022-02-06 00:00:00
0Li000000000000843,800000000000000212,01t000000000000011,Impresso,3 EM,Standard,153,271.93,0.0352,40140.78,2022-02-06 00:00:00
0Li000000000000844,800000000000000212,01t000000000000055,Impresso,9 EF,Standard,201,95.13,0.0365,18423.21,2022-02-06 00:00:00
0Li000000000000845,800000000000000212,01t000000000000030,Impresso,1 EM,Standard,313,130.34,0.0281,39650.04,2022-02-06 00:00:00
0Li000000000000846,800000000000000212,01t000000000000012,Impresso,2 EM,Básico,336,89.05,0.1903,24226.87,2022-02-06 00:00:00
0Li000000000000847,800000000000000212,01t000000000000048,Impresso,4 EF,Premium,304,257.09,0.1579,65814.63,2022-02-06 00:00:00
0Li000000000000848,800000000000000213,01t000000000000058,Digital,7 EF,Premium,482,180.33,0.0206,85128.53,2023-01-05 00:00:00
0Li000000000000849,800000000000000213,01t000000000000017,Kit Completo,3 EF,Básico,50,211.65,0.1832,8643.79,2023-01-05 00:00:00
0Li000000000000850,800000000000000213,01t000000000000049,Digital,3 EF,Standard,182,222.28,0.1864,32914.16,2023-01-05 00:00:00
0Li000000000000851,800000000000000213,01t000000000000025,Kit Completo,1 EM,Premium,95,291.22,0.0344,26714.19,2023-01-05 00:00:00
0Li000000000000852,800000000000000213,01t000000000000056,Kit Completo,2 EM,Standard,365,82.24,0.1059,26838.74,2023-01-05 00:00:00
0Li000000000000853,800000000000000213,01t000000000000007,Impresso,2 EF,Básico,124,260.93,0.1879,26275.76,2023-01-05 00:00:00
0Li000000000000854,800000000000000214,01t000000000000024,Impresso,9 EF,Standard,197,27.18,0.1292,4662.66,2024-02-09 00:00:00
0Li000000000000855,800000000000000214,01t000000000000025,Kit Completo,1 EM,Standard,496,258.03,0.0649,119676.79,2024-02-09 00:00:00
0Li000000000000856,800000000000000214,01t000000000000049,Digital,5 EF,Premium,259,236.44,0.0575,57716.78,2024-02-09 00:00:00
0Li000000000000857,800000000000000214,01t000000000000001,Kit Completo,2 EM,Básico,109,105.85,0.1246,10100.06,2024-02-09 00:00:00
0Li000000000000858,800000000000000214,01t000000000000053,Kit Completo,8 EF,Básico,305,40.86,0.1665,10387.33,2024-02-09 00:00:00
0Li000000000000859,800000000000000215,01t000000000000011,Impresso,6 EF,Básico,34,75.76,0.1666,2146.71,2025-01-11 00:00:00
0Li000000000000860,800000000000000215,01t000000000000016,Digital,6 EF,Premium,147,242.17,0.0172,34986.69,2025-01-11 00:00:00
0Li000000000000861,800000000000000215,01t000000000000026,Impresso,2 EF,Standard,167,44.7,0.0587,7026.71,2025-01-11 00:00:00
0Li000000000000862,800000000000000215,01t000000000000053,Kit Completo,3 EF,Standard,177,76.64,0.0433,12977.9,2025-01-11 00:00:00
0Li000000000000863,800000000000000215,01t000000000000040,Kit Completo,3 EM,Básico,463,80.05,0.0839,33953.55,2025-01-11 00:00:00
0Li000000000000864,800000000000000216,01t000000000000016,Digital,1 EF,Premium,418,139.35,0.1703,48328.61,2025-02-15 00:00:00
0Li000000000000865,800000000000000216,01t000000000000040,Kit Completo,2 EM,Premium,146,286.76,0.0299,40615.14,2025-02-15 00:00:00
0Li000000000000866,800000000000000217,01t000000000000050,Digital,3 EF,Standard,415,44.4,0.1553,15564.44,2025-02-08 00:00:00
0Li000000000000867,800000000000000217,01t000000000000025,Kit Completo,3 EM,Básico,325,168.18,0.1995,43754.13,2025-02-08 00:00:00
0Li000000000000868,800000000000000217,01t000000000000034,Digital,3 EF,Standard,252,177.22,0.121,39255.65,2025-02-08 00:00:00
0Li000000000000869,800000000000000217,01t000000000000001,Kit Completo,9 EF,Básico,149,121.08,0.047,17193.0,2025-02-08 00:00:00
0Li000000000000870,800000000000000218,01t000000000000055,Impresso,3 EF,Standard,402,117.53,0.0326,45706.81,2024-01-01 00:00:00
0Li000000000000871,800000000000000218,01t000000000000036,Impresso,7 EF,Premium,424,275.61,0.1552,98722.18,2024-01-01 00:00:00
0Li000000000000872,800000000000000218,01t000000000000021,Digital,8 EF,Básico,452,236.42,0.1013,96036.74,2024-01-01 00:00:00
0Li000000000000873,800000000000000218,01t000000000000029,Impresso,8 EF,Básico,153,103.62,0.0335,15322.76,2024-01-01 00:00:00
0Li000000000000874,800000000000000218,01t000000000000022,Kit Completo,2 EM,Standard,271,114.44,0.1482,26417.08,2024-01-01 00:00:00
0Li000000000000875,800000000000000218,01t000000000000035,Kit Completo,6 EF,Standard,333,115.07,0.1177,33808.24,2024-01-01 00:00:00
0Li000000000000876,800000000000000219,01t000000000000019,Digital,1 EM,Premium,101,160.57,0.0609,15229.92,2025-03-03 00:00:00
0Li000000000000877,800000000000000219,01t000000000000006,Impresso,1 EF,Premium,425,214.09,0.1971,73054.47,2025-03-03 00:00:00
0Li000000000000878,800000000000000219,01t000000000000060,Impresso,3 EF,Standard,445,21.75,0.0079,9602.29,2025-03-03 00:00:00
0Li000000000000879,800000000000000219,01t000000000000024,Impresso,4 EF,Premium,337,84.28,0.1295,24724.25,2025-03-03 00:00:00
0Li000000000000880,800000000000000219,01t000000000000016,Digital,2 EF,Standard,77,199.94,0.1652,12852.06,2025-03-03 00:00:00
0Li000000000000881,800000000000000219,01t000000000000056,Kit Completo,6 EF,Standard,172,39.39,0.0011,6767.63,2025-03-03 00:00:00
0Li000000000000882,800000000000000220,01t000000000000034,Digital,3 EM,Premium,114,197.36,0.0851,20584.37,2022-03-05 00:00:00
0Li000000000000883,800000000000000220,01t000000000000044,Digital,9 EF,Básico,61,99.49,0.0569,5723.57,2022-03-05 00:00:00
0Li000000000000884,800000000000000221,01t000000000000025,Kit Completo,8 EF,Premium,207,184.2,0.199,30541.65,2023-01-09 00:00:00
0Li000000000000885,800000000000000221,01t000000000000032,Kit Completo,7 EF,Standard,445,213.3,0.1873,77140.26,2023-01-09 00:00:00
0Li000000000000886,800000000000000221,01t000000000000058,Digital,5 EF,Básico,336,240.87,0.1439,69286.16,2023-01-09 00:00:00
0Li000000000000887,800000000000000221,01t000000000000027,Digital,9 EF,Básico,86,229.13,0.0259,19194.82,2023-01-09 00:00:00
0Li000000000000888,800000000000000221,01t000000000000046,Impresso,2 EF,Básico,95,277.39,0.0576,24834.17,2023-01-09 00:00:00
0Li000000000000889,800000000000000221,01t000000000000014,Impresso,2 EF,Básico,422,247.8,0.1415,89774.72,2023-01-09 00:00:00
0Li000000000000890,800000000000000222,01t000000000000013,Kit Completo,3 EF,Básico,438,37.62,0.04,15818.46,2023-01-16 00:00:00
0Li000000000000891,800000000000000222,01t000000000000001,Kit Completo,7 EF,Básico,330,105.36,0.0185,34125.58,2023-01-16 00:00:00
0Li000000000000892,800000000000000222,01t000000000000001,Kit Completo,5 EF,Standard,463,45.16,0.0489,19886.63,2023-01-16 00:00:00
0Li000000000000893,800000000000000223,01t000000000000014,Impresso,9 EF,Premium,377,174.77,0.069,61342.0,2025-01-19 00:00:00
0Li000000000000894,800000000000000223,01t000000000000050,Digital,2 EM,Standard,251,133.13,0.1412,28697.34,2025-01-19 00:00:00
0Li000000000000895,800000000000000223,01t000000000000012,Impresso,8 EF,Standard,412,70.59,0.07,27047.26,2025-01-19 00:00:00
0Li000000000000896,800000000000000224,01t000000000000048,Impresso,3 EF,Standard,195,177.37,0.0531,32750.57,2023-02-07 00:00:00
0Li000000000000897,800000000000000224,01t000000000000010,Impresso,3 EF,Básico,451,179.94,0.0065,80625.45,2023-02-07 00:00:00
0Li000000000000898,800000000000000224,01t000000000000006,Impresso,3 EM,Standard,271,248.67,0.171,55865.95,2023-02-07 00:00:00
0Li000000000000899,800000000000000224,01t000000000000025,Kit Completo,2 EF,Standard,470,204.15,0.0482,91325.69,2023-02-07 00:00:00
0Li000000000000900,800000000000000225,01t000000000000036,Impresso,2 EF,Básico,454,70.86,0.0879,29342.66,2022-01-04 00:00:00
0Li000000000000901,800000000000000225,01t000000000000031,Kit Completo,4 EF,Standard,99,37.73,0.1375,3221.67,2022-01-04 00:00:00
0Li000000000000902,800000000000000226,01t000000000000060,Impresso,1 EF,Standard,299,203.51,0.1933,49087.28,2025-02-15 00:00:00
0Li000000000000903,800000000000000226,01t000000000000012,Impresso,1 EM,Premium,98,63.45,0.191,5030.44,2025-02-15 00:00:00
0Li000000000000904,800000000000000226,01t000000000000048,Impresso,3 EM,Standard,220,266.84,0.1911,47486.31,2025-02-15 00:00:00
0Li000000000000905,800000000000000227,01t000000000000043,Impresso,4 EF,Básico,447,183.85,0.1281,71653.57,2025-03-07 00:00:00
0Li000000000000906,800000000000000227,01t000000000000036,Impresso,2 EM,Standard,83,86.21,0.0333,6917.15,2025-03-07 00:00:00
0Li000000000000907,800000000000000227,01t000000000000045,Digital,9 EF,Premium,135,241.02,0.1711,26970.5,2025-03-07 00:00:00
0Li000000000000908,800000000000000227,01t000000000000021,Digital,2 EF,Standard,294,283.11,0.0534,78789.63,2025-03-07 00:00:00
0Li000000000000909,800000000000000228,01t000000000000048,Impresso,7 EF,Standard,390,267.1,0.0438,99606.4,2023-01-09 00:00:00
0Li000000000000910,800000000000000228,01t000000000000016,Digital,5 EF,Básico,492,25.48,0.0665,11702.51,2023-01-09 00:00:00
0Li000000000000911,800000000000000228,01t000000000000052,Digital,3 EM,Premium,497,236.98,0.1222,103386.46,2023-01-09 00:00:00
0Li000000000000912,800000000000000228,01t000000000000012,Impresso,1 EM,Standard,467,145.11,0.165,56584.92,2023-01-09 00:00:00
0Li000000000000913,800000000000000228,01t000000000000001,Kit Completo,3 EF,Premium,105,179.89,0.088,17226.27,2023-01-09 00:00:00
0Li000000000000914,800000000000000229,01t000000000000016,Digital,9 EF,Standard,351,272.3,0.0937,86621.71,2025-03-31 00:00:00
0Li000000000000915,800000000000000229,01t000000000000047,Digital,6 EF,Premium,67,79.99,0.1416,4600.45,2025-03-31 00:00:00
0Li000000000000916,800000000000000229,01t000000000000038,Impresso,4 EF,Premium,497,176.33,0.183,71598.62,2025-03-31 00:00:00
0Li000000000000917,800000000000000229,01t000000000000010,Impresso,2 EF,Premium,24,247.45,0.1505,5045.01,2025-03-31 00:00:00
0Li000000000000918,800000000000000230,01t000000000000026,Impresso,9 EF,Premium,383,241.36,0.1726,76485.58,2024-03-01 00:00:00
0Li000000000000919,800000000000000230,01t000000000000012,Impresso,9 EF,Standard,29,267.34,0.0531,7341.18,2024-03-01 00:00:00
0Li000000000000920,800000000000000230,01t000000000000039,Kit Completo,9 EF,Básico,425,283.12,0.177,99028.3,2024-03-01 00:00:00
0Li000000000000921,800000000000000230,01t000000000000033,Digital,4 EF,Básico,452,179.3,0.0699,75378.65,2024-03-01 00:00:00
0Li000000000000922,800000000000000231,01t000000000000043,Impresso,9 EF,Standard,273,120.06,0.0474,31222.78,2023-01-05 00:00:00
0Li000000000000923,800000000000000231,01t000000000000060,Impresso,1 EF,Premium,41,243.63,0.1845,8145.89,2023-01-05 00:00:00
0Li000000000000924,800000000000000231,01t000000000000002,Digital,7 EF,Básico,152,293.84,0.0473,42551.09,2023-01-05 00:00:00
0Li000000000000925,800000000000000231,01t000000000000006,Impresso,6 EF,Premium,427,180.35,0.1588,64780.35,2023-01-05 00:00:00
0Li000000000000926,800000000000000232,01t000000000000005,Kit Completo,4 EF,Básico,187,253.85,0.0326,45922.43,2022-03-23 00:00:00
0Li000000000000927,800000000000000232,01t000000000000037,Digital,3 EF,Básico,470,279.99,0.0187,129134.47,2022-03-23 00:00:00
0Li000000000000928,800000000000000232,01t000000000000037,Digital,1 EM,Básico,95,238.18,0.146,19323.54,2022-03-23 00:00:00
0Li000000000000929,800000000000000232,01t000000000000023,Digital,8 EF,Standard,349,26.73,0.0606,8763.45,2022-03-23 00:00:00
0Li000000000000930,800000000000000232,01t000000000000042,Impresso,1 EM,Premium,454,225.78,0.0386,98547.46,2022-03-23 00:00:00
0Li000000000000931,800000000000000233,01t000000000000037,Digital,2 EM,Básico,222,297.81,0.0165,65022.94,2023-01-12 00:00:00
0Li000000000000932,800000000000000233,01t000000000000032,Kit Completo,7 EF,Premium,57,190.44,0.023,10605.41,2023-01-12 00:00:00
0Li000000000000933,800000000000000234,01t000000000000047,Digital,2 EM,Básico,87,52.36,0.0315,4411.83,2022-01-24 00:00:00
0Li000000000000934,800000000000000234,01t000000000000030,Impresso,1 EF,Premium,219,150.63,0.132,28633.56,2022-01-24 00:00:00
0Li000000000000935,800000000000000234,01t000000000000039,Kit Completo,2 EF,Standard,404,228.89,0.0178,90825.57,2022-01-24 00:00:00
0Li000000000000936,800000000000000235,01t000000000000007,Impresso,1 EM,Básico,76,275.72,0.0084,20778.7,2025-02-24 00:00:00
0Li000000000000937,800000000000000235,01t000000000000003,Digital,3 EM,Básico,238,58.08,0.0686,12874.78,2025-02-24 00:00:00
0Li000000000000938,800000000000000235,01t000000000000049,Digital,1 EM,Básico,234,281.07,0.0396,63165.87,2025-02-24 00:00:00
0Li000000000000939,800000000000000235,01t000000000000047,Digital,7 EF,Standard,119,30.37,0.1144,3200.58,2025-02-24 00:00:00
0Li000000000000940,800000000000000235,01t000000000000022,Kit Completo,8 EF,Básico,116,170.12,0.1321,17127.07,2025-02-24 00:00:00
0Li000000000000941,800000000000000236,01t000000000000050,Digital,5 EF,Premium,276,49.02,0.1529,11460.86,2022-01-03 00:00:00
0Li000000000000942,800000000000000236,01t000000000000007,Impresso,2 EM,Standard,56,99.65,0.158,4698.7,2022-01-03 00:00:00
0Li000000000000943,800000000000000236,01t000000000000041,Digital,1 EF,Básico,278,59.37,0.0674,15392.43,2022-01-03 00:00:00
0Li000000000000944,800000000000000236,01t000000000000043,Impresso,5 EF,Standard,177,294.96,0.03,50641.68,2022-01-03 00:00:00
0Li000000000000945,800000000000000237,01t000000000000002,Digital,6 EF,Standard,440,250.51,0.0387,105958.72,2024-01-31 00:00:00
0Li000000000000946,800000000000000237,01t000000000000047,Digital,3 EM,Básico,204,255.1,0.0132,51353.47,2024-01-31 00:00:00
0Li000000000000947,800000000000000237,01t000000000000042,Impresso,2 EM,Básico,10,245.5,0.0429,2349.68,2024-01-31 00:00:00
0Li000000000000948,800000000000000238,01t000000000000023,Digital,1 EF,Premium,75,238.18,0.1167,15778.83,2024-02-13 00:00:00
0Li000000000000949,800000000000000238,01t000000000000015,Kit Completo,7 EF,Standard,242,53.22,0.0551,12169.59,2024-02-13 00:00:00
0Li000000000000950,800000000000000238,01t000000000000036,Impresso,3 EF,Premium,177,171.1,0.0775,27937.64,2024-02-13 00:00:00
0Li000000000000951,800000000000000238,01t000000000000055,Impresso,3 EM,Premium,23,92.62,0.015,2098.31,2024-02-13 00:00:00
0Li000000000000952,800000000000000238,01t000000000000002,Digital,7 EF,Premium,82,297.23,0.186,19839.51,2024-02-13 00:00:00
0Li000000000000953,800000000000000238,01t000000000000024,Impresso,8 EF,Standard,324,65.35,0.0462,20195.19,2024-02-13 00:00:00
0Li000000000000954,800000000000000239,01t000000000000011,Impresso,3 EM,Premium,316,193.44,0.0886,55711.18,2024-01-10 00:00:00
0Li000000000000955,800000000000000239,01t000000000000028,Kit Completo,4 EF,Premium,228,261.35,0.0045,59319.65,2024-01-10 00:00:00
0Li000000000000956,800000000000000240,01t000000000000056,Kit Completo,2 EF,Standard,154,168.69,0.189,21068.37,2022-01-06 00:00:00
0Li000000000000957,800000000000000240,01t000000000000021,Digital,2 EM,Básico,143,286.82,0.0317,39715.08,2022-01-06 00:00:00
0Li000000000000958,800000000000000240,01t000000000000042,Impresso,5 EF,Premium,13,82.11,0.1421,915.75,2022-01-06 00:00:00
0Li000000000000959,800000000000000241,01t000000000000004,Digital,7 EF,Standard,73,24.72,0.0726,1673.55,2022-01-04 00:00:00
0Li000000000000960,800000000000000241,01t000000000000037,Digital,7 EF,Standard,478,235.16,0.0903,102256.17,2022-01-04 00:00:00
0Li000000000000961,800000000000000241,01t000000000000040,Kit Completo,6 EF,Standard,43,123.85,0.118,4697.14,2022-01-04 00:00:00
0Li000000000000962,800000000000000242,01t000000000000028,Kit Completo,8 EF,Premium,441,68.3,0.0492,28638.38,2025-01-15 00:00:00
0Li000000000000963,800000000000000242,01t000000000000009,Kit Completo,1 EF,Premium,438,246.82,0.0923,98128.87,2025-01-15 00:00:00
0Li000000000000964,800000000000000242,01t000000000000003,Digital,9 EF,Premium,294,36.63,0.0237,10513.99,2025-01-15 00:00:00
0Li000000000000965,800000000000000242,01t000000000000003,Digital,7 EF,Básico,116,27.46,0.1823,2604.67,2025-01-15 00:00:00
0Li000000000000966,800000000000000243,01t000000000000007,Impresso,2 EF,Standard,240,131.62,0.1527,26765.19,2022-02-22 00:00:00
0Li000000000000967,800000000000000243,01t000000000000011,Impresso,9 EF,Premium,226,164.56,0.1089,33140.51,2022-02-22 00:00:00
0Li000000000000968,800000000000000243,01t000000000000052,Digital,3 EF,Básico,382,207.65,0.0896,72215.02,2022-02-22 00:00:00
0Li000000000000969,800000000000000244,01t000000000000056,Kit Completo,1 EF,Standard,378,50.29,0.0685,17707.46,2022-03-19 00:00:00
0Li000000000000970,800000000000000244,01t000000000000006,Impresso,2 EF,Premium,110,162.34,0.0817,16398.45,2022-03-19 00:00:00
0Li000000000000971,800000000000000245,01t000000000000030,Impresso,1 EF,Standard,374,84.17,0.0159,30979.05,2023-03-05 00:00:00
0Li000000000000972,800000000000000245,01t000000000000024,Impresso,4 EF,Standard,281,287.09,0.0984,72734.14,2023-03-05 00:00:00
0Li000000000000973,800000000000000246,01t000000000000008,Digital,7 EF,Premium,370,75.04,0.0035,27667.62,2024-03-30 00:00:00
0Li000000000000974,800000000000000246,01t000000000000023,Digital,8 EF,Standard,282,260.63,0.1353,63553.43,2024-03-30 00:00:00
0Li000000000000975,800000000000000246,01t000000000000046,Impresso,4 EF,Premium,229,186.92,0.0992,38558.46,2024-03-30 00:00:00
0Li000000000000976,800000000000000247,01t000000000000001,Kit Completo,4 EF,Básico,180,75.71,0.1342,11798.95,2022-02-09 00:00:00
0Li000000000000977,800000000000000247,01t000000000000026,Impresso,8 EF,Standard,90,250.32,0.1839,18385.75,2022-02-09 00:00:00
0Li000000000000978,800000000000000247,01t000000000000054,Impresso,3 EF,Premium,233,269.1,0.0874,57220.29,2022-02-09 00:00:00
0Li000000000000979,800000000000000247,01t000000000000023,Digital,3 EF,Básico,309,37.94,0.0481,11159.56,2022-02-09 00:00:00
0Li000000000000980,800000000000000247,01t000000000000055,Impresso,5 EF,Standard,253,25.31,0.0115,6329.79,2022-02-09 00:00:00
0Li000000000000981,800000000000000247,01t000000000000027,Digital,2 EM,Básico,227,48.05,0.193,8802.23,2022-02-09 00:00:00
0Li000000000000982,800000000000000248,01t000000000000049,Digital,1 EM,Standard,44,242.63,0.0101,10567.9,2023-03-05 00:00:00
0Li000000000000983,800000000000000248,01t000000000000043,Impresso,1 EF,Básico,249,54.81,0.0505,12958.48,2023-03-05 00:00:00
0Li000000000000984,800000000000000249,01t000000000000038,Impresso,2 EF,Básico,130,172.29,0.1883,18180.21,2022-01-03 00:00:00
0Li000000000000985,800000000000000249,01t000000000000037,Digital,3 EM,Standard,397,215.98,0.1415,73611.28,2022-01-03 00:00:00
0Li000000000000986,800000000000000249,01t000000000000037,Digital,3 EM,Premium,11,108.21,0.1335,1031.4,2022-01-03 00:00:00
0Li000000000000987,800000000000000249,01t000000000000021,Digital,1 EM,Básico,411,68.19,0.0511,26593.96,2022-01-03 00:00:00
0Li000000000000988,800000000000000250,01t000000000000052,Digital,8 EF,Standard,311,103.34,0.166,26803.71,2025-02-14 00:00:00
0Li000000000000989,800000000000000250,01t000000000000051,Impresso,4 EF,Básico,320,168.17,0.0986,48508.3,2025-02-14 00:00:00
0Li000000000000990,800000000000000251,01t000000000000013,Kit Completo,7 EF,Standard,247,185.29,0.137,39496.6,2024-03-11 00:00:00
0Li000000000000991,800000000000000251,01t000000000000039,Kit Completo,7 EF,Premium,294,229.97,0.0204,66231.91,2024-03-11 00:00:00
0Li000000000000992,800000000000000252,01t000000000000014,Impresso,8 EF,Básico,258,100.26,0.0098,25613.58,2024-01-31 00:00:00
0Li000000000000993,800000000000000252,01t000000000000018,Kit Completo,6 EF,Standard,137,85.32,0.0348,11282.07,2024-01-31 00:00:00
0Li000000000000994,800000000000000252,01t000000000000012,Impresso,2 EM,Básico,117,226.35,0.1934,21361.15,2024-01-31 00:00:00
0Li000000000000995,800000000000000253,01t000000000000019,Digital,1 EM,Standard,308,179.17,0.0228,53926.16,2022-03-20 00:00:00
0Li000000000000996,800000000000000253,01t000000000000052,Digital,5 EF,Premium,17,38.76,0.1645,550.53,2022-03-20 00:00:00
0Li000000000000997,800000000000000253,01t000000000000057,Digital,3 EF,Premium,230,257.47,0.1912,47895.6,2022-03-20 00:00:00
0Li000000000000998,800000000000000253,01t000000000000014,Impresso,9 EF,Premium,249,34.27,0.0921,7747.32,2022-03-20 00:00:00
0Li000000000000999,800000000000000253,01t000000000000007,Impresso,2 EM,Básico,55,135.01,0.1682,6176.57,2022-03-20 00:00:00
0Li000000000001000,800000000000000253,01t000000000000043,Impresso,5 EF,Premium,24,196.63,0.1321,4095.72,2022-03-20 00:00:00
0Li000000000001001,800000000000000254,01t000000000000052,Digital,1 EM,Básico,52,85.86,0.1369,3853.5,2024-01-23 00:00:00
0Li000000000001002,800000000000000254,01t000000000000033,Digital,1 EM,Standard,314,161.25,0.1986,40576.89,2024-01-23 00:00:00
0Li000000000001003,800000000000000254,01t000000000000058,Digital,8 EF,Premium,85,271.29,0.0167,22674.55,2024-01-23 00:00:00
0Li000000000001004,800000000000000254,01t000000000000047,Digital,5 EF,Básico,438,170.5,0.1252,65329.19,2024-01-23 00:00:00
0Li000000000001005,800000000000000254,01t000000000000033,Digital,9 EF,Standard,25,248.29,0.1703,5150.16,2024-01-23 00:00:00
0Li000000000001006,800000000000000254,01t000000000000058,Digital,2 EF,Standard,143,105.15,0.0276,14621.44,2024-01-23 00:00:00
0Li000000000001007,800000000000000255,01t000000000000034,Digital,8 EF,Básico,272,226.48,0.0466,58731.88,2025-01-08 00:00:00
0Li000000000001008,800000000000000255,01t000000000000024,Impresso,1 EF,Premium,234,281.1,0.1078,58686.6,2025-01-08 00:00:00
0Li000000000001009,800000000000000255,01t000000000000017,Kit Completo,8 EF,Básico,286,33.11,0.0949,8570.81,2025-01-08 00:00:00
0Li000000000001010,800000000000000255,01t000000000000006,Impresso,7 EF,Básico,434,255.93,0.1684,92368.82,2025-01-08 00:00:00
0Li000000000001011,800000000000000256,01t000000000000020,Digital,2 EM,Premium,314,132.9,0.1529,35349.99,2024-03-21 00:00:00
0Li000000000001012,800000000000000256,01t000000000000060,Impresso,1 EM,Standard,90,163.05,0.0999,13208.52,2024-03-21 00:00:00
0Li000000000001013,800000000000000257,01t000000000000039,Kit Completo,3 EF,Standard,353,138.57,0.1808,40071.34,2023-03-12 00:00:00
0Li000000000001014,800000000000000257,01t000000000000047,Digital,2 EM,Standard,395,129.79,0.1887,41592.96,2023-03-12 00:00:00
0Li000000000001015,800000000000000257,01t000000000000043,Impresso,6 EF,Premium,335,34.01,0.0086,11295.37,2023-03-12 00:00:00
0Li000000000001016,800000000000000258,01t000000000000017,Kit Completo,7 EF,Premium,473,241.33,0.158,96113.53,2023-01-31 00:00:00
0Li000000000001017,800000000000000258,01t000000000000023,Digital,2 EM,Premium,228,32.33,0.1799,6045.15,2023-01-31 00:00:00
0Li000000000001018,800000000000000259,01t000000000000032,Kit Completo,9 EF,Básico,155,208.77,0.1617,27126.84,2022-03-24 00:00:00
0Li000000000001019,800000000000000259,01t000000000000015,Kit Completo,8 EF,Básico,180,222.4,0.0708,37197.73,2022-03-24 00:00:00
0Li000000000001020,800000000000000259,01t000000000000052,Digital,7 EF,Premium,449,245.35,0.134,95400.42,2022-03-24 00:00:00
0Li000000000001021,800000000000000260,01t000000000000041,Digital,3 EM,Básico,33,267.73,0.1852,7198.83,2024-03-20 00:00:00
0Li000000000001022,800000000000000260,01t000000000000019,Digital,4 EF,Básico,437,190.75,0.0767,76964.21,2024-03-20 00:00:00
0Li000000000001023,800000000000000260,01t000000000000017,Kit Completo,8 EF,Básico,489,191.31,0.0051,93073.48,2024-03-20 00:00:00
0Li000000000001024,800000000000000260,01t000000000000020,Digital,9 EF,Standard,87,38.13,0.0023,3309.68,2024-03-20 00:00:00
0Li000000000001025,800000000000000261,01t000000000000025,Kit Completo,1 EM,Premium,82,64.75,0.1867,4318.22,2023-03-07 00:00:00
0Li000000000001026,800000000000000261,01t000000000000053,Kit Completo,3 EF,Premium,332,133.86,0.1085,39619.62,2023-03-07 00:00:00
0Li000000000001027,800000000000000262,01t000000000000037,Digital,7 EF,Básico,414,238.03,0.0532,93301.86,2024-03-13 00:00:00
0Li000000000001028,800000000000000262,01t000000000000045,Digital,7 EF,Premium,266,83.83,0.0082,22115.93,2024-03-13 00:00:00
0Li000000000001029,800000000000000262,01t000000000000017,Kit Completo,9 EF,Standard,212,154.27,0.1981,26226.33,2024-03-13 00:00:00
0Li000000000001030,800000000000000262,01t000000000000039,Kit Completo,2 EF,Premium,304,39.08,0.0044,11828.05,2024-03-13 00:00:00
0Li000000000001031,800000000000000262,01t000000000000020,Digital,1 EM,Básico,47,80.05,0.1659,3138.18,2024-03-13 00:00:00
0Li000000000001032,800000000000000262,01t000000000000016,Digital,2 EM,Premium,193,205.13,0.1974,31775.01,2024-03-13 00:00:00
0Li000000000001033,800000000000000263,01t000000000000046,Impresso,3 EM,Standard,218,50.23,0.0427,10482.57,2025-02-04 00:00:00
0Li000000000001034,800000000000000263,01t000000000000058,Digital,1 EF,Standard,10,115.68,0.1962,929.84,2025-02-04 00:00:00
0Li000000000001035,800000000000000263,01t000000000000021,Digital,3 EM,Premium,294,163.09,0.0801,44107.79,2025-02-04 00:00:00
0Li000000000001036,800000000000000264,01t000000000000024,Impresso,8 EF,Premium,474,287.72,0.1501,115908.75,2024-02-22 00:00:00
0Li000000000001037,800000000000000264,01t000000000000017,Kit Completo,2 EM,Premium,73,192.56,0.0858,12850.8,2024-02-22 00:00:00
0Li000000000001038,800000000000000264,01t000000000000056,Kit Completo,1 EM,Standard,108,215.16,0.0547,21966.2,2024-02-22 00:00:00
0Li000000000001039,800000000000000265,01t000000000000055,Impresso,3 EM,Premium,42,151.61,0.1481,5424.58,2022-03-14 00:00:00
0Li000000000001040,800000000000000265,01t000000000000050,Digital,9 EF,Básico,274,55.5,0.0517,14420.8,2022-03-14 00:00:00
0Li000000000001041,800000000000000265,01t000000000000049,Digital,3 EM,Premium,289,196.54,0.1093,50591.81,2022-03-14 00:00:00
0Li000000000001042,800000000000000265,01t000000000000056,Kit Completo,2 EF,Standard,215,149.28,0.1102,28558.31,2022-03-14 00:00:00
0Li000000000001043,800000000000000265,01t000000000000006,Impresso,2 EF,Premium,236,95.84,0.1034,20279.51,2022-03-14 00:00:00
0Li000000000001044,800000000000000266,01t000000000000040,Kit Completo,5 EF,Básico,104,277.35,0.1253,25230.2,2023-02-22 00:00:00
0Li000000000001045,800000000000000266,01t000000000000028,Kit Completo,4 EF,Básico,325,205.69,0.1235,58593.37,2023-02-22 00:00:00
0Li000000000001046,800000000000000266,01t000000000000038,Impresso,5 EF,Básico,212,215.01,0.1099,40572.65,2023-02-22 00:00:00
0Li000000000001047,800000000000000266,01t000000000000025,Kit Completo,2 EF,Standard,300,107.46,0.1785,26483.52,2023-02-22 00:00:00
0Li000000000001048,800000000000000267,01t000000000000038,Impresso,1 EF,Premium,143,294.09,0.1607,35296.65,2023-03-12 00:00:00
0Li000000000001049,800000000000000267,01t000000000000008,Digital,3 EF,Premium,324,57.73,0.1198,16463.72,2023-03-12 00:00:00
0Li000000000001050,800000000000000267,01t000000000000055,Impresso,4 EF,Básico,361,238.69,0.1989,69028.46,2023-03-12 00:00:00
0Li000000000001051,800000000000000267,01t000000000000060,Impresso,2 EF,Premium,205,268.96,0.0089,54646.08,2023-03-12 00:00:00
0Li000000000001052,800000000000000268,01t000000000000006,Impresso,1 EM,Básico,226,211.17,0.0124,47132.64,2025-02-24 00:00:00
0Li000000000001053,800000000000000268,01t000000000000049,Digital,7 EF,Standard,404,175.47,0.079,65289.58,2025-02-24 00:00:00
0Li000000000001054,800000000000000268,01t000000000000016,Digital,2 EF,Básico,220,293.24,0.1295,56158.39,2025-02-24 00:00:00
0Li000000000001055,800000000000000268,01t000000000000038,Impresso,7 EF,Standard,143,111.74,0.1199,14062.96,2025-02-24 00:00:00
0Li000000000001056,800000000000000268,01t000000000000001,Kit Completo,1 EM,Standard,35,26.94,0.1312,819.19,2025-02-24 00:00:00
0Li000000000001057,800000000000000269,01t000000000000020,Digital,1 EF,Standard,281,291.96,0.05,77938.72,2023-03-20 00:00:00
0Li000000000001058,800000000000000269,01t000000000000059,Kit Completo,5 EF,Básico,202,299.62,0.1365,52261.82,2023-03-20 00:00:00
0Li000000000001059,800000000000000269,01t000000000000056,Kit Completo,7 EF,Premium,295,191.75,0.0863,51684.58,2023-03-20 00:00:00
0Li000000000001060,800000000000000270,01t000000000000051,Impresso,5 EF,Standard,233,93.4,0.0029,21699.09,2022-03-31 00:00:00
0Li000000000001061,800000000000000270,01t000000000000028,Kit Completo,6 EF,Básico,452,121.97,0.1513,46789.2,2022-03-31 00:00:00
0Li000000000001062,800000000000000270,01t000000000000058,Digital,5 EF,Standard,24,179.94,0.1565,3642.71,2022-03-31 00:00:00
0Li000000000001063,800000000000000270,01t000000000000015,Kit Completo,1 EF,Standard,108,238.75,0.1611,21631.04,2022-03-31 00:00:00
0Li000000000001064,800000000000000271,01t000000000000016,Digital,7 EF,Standard,448,239.02,0.0516,101555.58,2023-01-23 00:00:00
0Li000000000001065,800000000000000271,01t000000000000051,Impresso,7 EF,Standard,76,259.2,0.0369,18972.3,2023-01-23 00:00:00
0Li000000000001066,800000000000000271,01t000000000000045,Digital,6 EF,Básico,158,35.17,0.0793,5116.2,2023-01-23 00:00:00
0Li000000000001067,800000000000000272,01t000000000000023,Digital,2 EM,Standard,127,279.1,0.0018,35381.9,2024-02-06 00:00:00
0Li000000000001068,800000000000000272,01t000000000000011,Impresso,5 EF,Premium,448,72.29,0.035,31252.41,2024-02-06 00:00:00
0Li000000000001069,800000000000000272,01t000000000000049,Digital,8 EF,Básico,418,146.54,0.1929,49437.88,2024-02-06 00:00:00
0Li000000000001070,800000000000000272,01t000000000000043,Impresso,6 EF,Básico,252,106.97,0.0269,26231.31,2024-02-06 00:00:00
0Li000000000001071,800000000000000272,01t000000000000005,Kit Completo,5 EF,Básico,209,27.77,0.0158,5712.23,2024-02-06 00:00:00
0Li000000000001072,800000000000000272,01t000000000000007,Impresso,9 EF,Standard,57,124.3,0.1945,5707.05,2024-02-06 00:00:00
0Li000000000001073,800000000000000273,01t000000000000052,Digital,1 EF,Básico,274,199.04,0.1987,43700.47,2025-02-05 00:00:00
0Li000000000001074,800000000000000273,01t000000000000001,Kit Completo,7 EF,Standard,65,152.88,0.1033,8910.69,2025-02-05 00:00:00
0Li000000000001075,800000000000000273,01t000000000000046,Impresso,2 EF,Premium,263,297.66,0.0256,76280.49,2025-02-05 00:00:00
0Li000000000001076,800000000000000273,01t000000000000037,Digital,1 EF,Standard,314,267.09,0.0717,77853.05,2025-02-05 00:00:00
0Li000000000001077,800000000000000273,01t000000000000029,Impresso,5 EF,Premium,79,298.38,0.0817,21646.19,2025-02-05 00:00:00
0Li000000000001078,800000000000000273,01t000000000000041,Digital,2 EF,Premium,425,139.0,0.0295,57332.29,2025-02-05 00:00:00
0Li000000000001079,800000000000000274,01t000000000000014,Impresso,8 EF,Standard,280,90.34,0.1471,21574.28,2022-03-19 00:00:00
0Li000000000001080,800000000000000274,01t000000000000015,Kit Completo,7 EF,Básico,230,116.8,0.1177,23702.11,2022-03-19 00:00:00
0Li000000000001081,800000000000000275,01t000000000000030,Impresso,3 EF,Standard,293,118.1,0.1638,28935.28,2023-03-10 00:00:00
0Li000000000001082,800000000000000275,01t000000000000017,Kit Completo,2 EF,Básico,495,163.94,0.062,76118.98,2023-03-10 00:00:00
0Li000000000001083,800000000000000276,01t000000000000045,Digital,5 EF,Standard,394,85.12,0.0649,31360.71,2023-02-28 00:00:00
0Li000000000001084,800000000000000276,01t000000000000052,Digital,1 EF,Básico,395,294.39,0.0537,110039.6,2023-02-28 00:00:00
0Li000000000001085,800000000000000276,01t000000000000028,Kit Completo,2 EM,Standard,140,105.54,0.0735,13689.59,2023-02-28 00:00:00
0Li000000000001086,800000000000000276,01t000000000000022,Kit Completo,2 EF,Premium,388,60.78,0.0394,22653.48,2023-02-28 00:00:00
0Li000000000001087,800000000000000276,01t000000000000009,Kit Completo,8 EF,Standard,493,74.19,0.1869,29739.68,2023-02-28 00:00:00
0Li000000000001088,800000000000000276,01t000000000000050,Digital,8 EF,Básico,285,192.14,0.1473,46693.77,2023-02-28 00:00:00
0Li000000000001089,800000000000000277,01t000000000000047,Digital,7 EF,Premium,427,295.32,0.0902,114727.27,2022-01-29 00:00:00
0Li000000000001090,800000000000000277,01t000000000000016,Digital,3 EM,Premium,350,102.17,0.1283,31171.56,2022-01-29 00:00:00
0Li000000000001091,800000000000000277,01t000000000000032,Kit Completo,9 EF,Básico,96,28.6,0.1735,2269.24,2022-01-29 00:00:00
0Li000000000001092,800000000000000277,01t000000000000025,Kit Completo,8 EF,Standard,360,67.52,0.0146,23952.31,2022-01-29 00:00:00
0Li000000000001093,800000000000000277,01t000000000000046,Impresso,2 EF,Básico,16,203.42,0.0122,3215.01,2022-01-29 00:00:00
0Li000000000001094,800000000000000277,01t000000000000051,Impresso,5 EF,Standard,208,289.45,0.1653,50253.61,2022-01-29 00:00:00
0Li000000000001095,800000000000000278,01t000000000000003,Digital,4 EF,Standard,207,190.49,0.1586,33177.61,2024-02-25 00:00:00
0Li000000000001096,800000000000000278,01t000000000000047,Digital,1 EM,Premium,289,160.85,0.029,45137.57,2024-02-25 00:00:00
0Li000000000001097,800000000000000278,01t000000000000022,Kit Completo,1 EF,Básico,444,84.27,0.0611,35129.77,2024-02-25 00:00:00
0Li000000000001098,800000000000000279,01t000000000000033,Digital,8 EF,Básico,45,220.24,0.0793,9124.87,2024-01-29 00:00:00
0Li000000000001099,800000000000000279,01t000000000000019,Digital,6 EF,Premium,273,273.4,0.1685,62061.66,2024-01-29 00:00:00
0Li000000000001100,800000000000000280,01t000000000000017,Kit Completo,5 EF,Standard,140,276.7,0.1911,31335.17,2024-01-28 00:00:00
0Li000000000001101,800000000000000280,01t000000000000028,Kit Completo,9 EF,Standard,37,251.24,0.0421,8904.52,2024-01-28 00:00:00
0Li000000000001102,800000000000000280,01t000000000000045,Digital,8 EF,Básico,43,153.03,0.1239,5764.99,2024-01-28 00:00:00
0Li000000000001103,800000000000000280,01t000000000000051,Impresso,2 EM,Básico,292,50.0,0.1284,12725.36,2024-01-28 00:00:00
0Li000000000001104,800000000000000281,01t000000000000016,Digital,8 EF,Básico,339,186.81,0.0294,61466.73,2025-03-22 00:00:00
0Li000000000001105,800000000000000281,01t000000000000033,Digital,7 EF,Básico,348,91.53,0.1078,28418.75,2025-03-22 00:00:00
0Li000000000001106,800000000000000281,01t000000000000037,Digital,9 EF,Premium,306,139.16,0.1173,37587.98,2025-03-22 00:00:00
0Li000000000001107,800000000000000281,01t000000000000057,Digital,5 EF,Standard,464,234.01,0.1198,95572.68,2025-03-22 00:00:00
0Li000000000001108,800000000000000282,01t000000000000038,Impresso,5 EF,Standard,369,57.2,0.0959,19082.66,2024-02-20 00:00:00
0Li000000000001109,800000000000000282,01t000000000000044,Digital,2 EF,Básico,80,91.06,0.0465,6946.06,2024-02-20 00:00:00
0Li000000000001110,800000000000000282,01t000000000000039,Kit Completo,5 EF,Premium,286,229.36,0.0763,60591.91,2024-02-20 00:00:00
0Li000000000001111,800000000000000282,01t000000000000018,Kit Completo,2 EM,Premium,77,273.28,0.1663,17543.18,2024-02-20 00:00:00
0Li000000000001112,800000000000000282,01t000000000000038,Impresso,1 EM,Premium,240,65.57,0.0471,14995.6,2024-02-20 00:00:00
0Li000000000001113,800000000000000283,01t000000000000008,Digital,7 EF,Premium,340,204.67,0.1,62629.02,2024-02-11 00:00:00
0Li000000000001114,800000000000000283,01t000000000000057,Digital,9 EF,Premium,300,78.83,0.0345,22833.11,2024-02-11 00:00:00
0Li000000000001115,800000000000000283,01t000000000000046,Impresso,3 EF,Premium,305,175.97,0.0424,51395.21,2024-02-11 00:00:00
0Li000000000001116,800000000000000284,01t000000000000053,Kit Completo,1 EF,Premium,69,24.17,0.046,1591.01,2025-03-18 00:00:00
0Li000000000001117,800000000000000284,01t000000000000005,Kit Completo,7 EF,Premium,364,166.17,0.0923,54903.03,2025-03-18 00:00:00
0Li000000000001118,800000000000000285,01t000000000000059,Kit Completo,2 EM,Básico,25,162.22,0.1263,3543.29,2023-03-28 00:00:00
0Li000000000001119,800000000000000285,01t000000000000059,Kit Completo,2 EF,Premium,420,209.49,0.143,75403.83,2023-03-28 00:00:00
0Li000000000001120,800000000000000286,01t000000000000006,Impresso,2 EF,Standard,428,102.73,0.0745,40692.79,2025-01-06 00:00:00
0Li000000000001121,800000000000000286,01t000000000000004,Digital,5 EF,Standard,479,222.86,0.1795,87588.33,2025-01-06 00:00:00
0Li000000000001122,800000000000000286,01t000000000000042,Impresso,9 EF,Premium,134,199.52,0.017,26281.17,2025-01-06 00:00:00
0Li000000000001123,800000000000000286,01t000000000000051,Impresso,9 EF,Básico,257,97.38,0.1566,21107.49,2025-01-06 00:00:00
0Li000000000001124,800000000000000286,01t000000000000009,Kit Completo,1 EM,Standard,109,108.16,0.0817,10826.24,2025-01-06 00:00:00
0Li000000000001125,800000000000000286,01t000000000000054,Impresso,4 EF,Básico,356,241.23,0.007,85276.73,2025-01-06 00:00:00
0Li000000000001126,800000000000000287,01t000000000000030,Impresso,1 EF,Standard,437,230.45,0.1832,82257.19,2025-01-17 00:00:00
0Li000000000001127,800000000000000287,01t000000000000053,Kit Completo,3 EM,Básico,427,98.11,0.0659,39132.22,2025-01-17 00:00:00
0Li000000000001128,800000000000000288,01t000000000000029,Impresso,3 EM,Premium,437,40.87,0.0039,17790.54,2022-02-16 00:00:00
0Li000000000001129,800000000000000288,01t000000000000028,Kit Completo,7 EF,Standard,231,292.28,0.1337,58489.7,2022-02-16 00:00:00
0Li000000000001130,800000000000000288,01t000000000000006,Impresso,6 EF,Standard,47,23.65,0.1295,967.6,2022-02-16 00:00:00
0Li000000000001131,800000000000000288,01t000000000000056,Kit Completo,4 EF,Standard,54,218.51,0.1408,10138.16,2022-02-16 00:00:00
0Li000000000001132,800000000000000288,01t000000000000001,Kit Completo,7 EF,Básico,423,145.17,0.0648,57427.74,2022-02-16 00:00:00
0Li000000000001133,800000000000000289,01t000000000000018,Kit Completo,1 EM,Premium,405,193.21,0.0084,77592.75,2023-03-12 00:00:00
0Li000000000001134,800000000000000289,01t000000000000024,Impresso,7 EF,Básico,405,177.28,0.0389,69005.44,2023-03-12 00:00:00
0Li000000000001135,800000000000000289,01t000000000000013,Kit Completo,3 EM,Básico,160,175.11,0.0756,25899.47,2023-03-12 00:00:00
0Li000000000001136,800000000000000289,01t000000000000037,Digital,8 EF,Premium,328,133.47,0.0777,40376.6,2023-03-12 00:00:00
0Li000000000001137,800000000000000289,01t000000000000034,Digital,9 EF,Básico,129,171.18,0.1116,19617.84,2023-03-12 00:00:00
0Li000000000001138,800000000000000289,01t000000000000037,Digital,2 EM,Básico,70,152.29,0.199,8538.9,2023-03-12 00:00:00
0Li000000000001139,800000000000000290,01t000000000000051,Impresso,1 EM,Standard,324,40.34,0.0061,12990.43,2023-01-04 00:00:00
0Li000000000001140,800000000000000290,01t000000000000012,Impresso,8 EF,Standard,195,146.99,0.0155,28218.77,2023-01-04 00:00:00
0Li000000000001141,800000000000000290,01t000000000000002,Digital,2 EF,Premium,364,186.52,0.0253,66175.58,2023-01-04 00:00:00
0Li000000000001142,800000000000000290,01t000000000000028,Kit Completo,8 EF,Básico,461,216.43,0.1977,80048.86,2023-01-04 00:00:00
0Li000000000001143,800000000000000290,01t000000000000034,Digital,7 EF,Premium,305,176.54,0.1745,44448.8,2023-01-04 00:00:00
0Li000000000001144,800000000000000291,01t000000000000006,Impresso,1 EM,Standard,293,259.34,0.1522,64421.46,2023-01-10 00:00:00
0Li000000000001145,800000000000000291,01t000000000000060,Impresso,6 EF,Standard,81,283.41,0.1568,19356.68,2023-01-10 00:00:00
0Li000000000001146,800000000000000291,01t000000000000033,Digital,8 EF,Standard,170,292.02,0.0236,48471.82,2023-01-10 00:00:00
0Li000000000001147,800000000000000291,01t000000000000019,Digital,8 EF,Standard,371,45.26,0.1496,14279.46,2023-01-10 00:00:00
0Li000000000001148,800000000000000292,01t000000000000039,Kit Completo,2 EM,Básico,104,239.54,0.0193,24431.36,2025-02-09 00:00:00
0Li000000000001149,800000000000000292,01t000000000000036,Impresso,1 EM,Standard,84,98.49,0.1217,7266.32,2025-02-09 00:00:00
0Li000000000001150,800000000000000292,01t000000000000009,Kit Completo,1 EM,Standard,233,94.56,0.0325,21316.42,2025-02-09 00:00:00
0Li000000000001151,800000000000000292,01t000000000000022,Kit Completo,3 EM,Standard,272,184.54,0.0899,45682.36,2025-02-09 00:00:00
0Li000000000001152,800000000000000292,01t000000000000047,Digital,2 EF,Básico,384,122.6,0.1832,38453.64,2025-02-09 00:00:00
0Li000000000001153,800000000000000293,01t000000000000044,Digital,1 EF,Standard,160,124.4,0.1667,16586.0,2025-02-07 00:00:00
0Li000000000001154,800000000000000293,01t000000000000028,Kit Completo,1 EM,Premium,409,161.62,0.0006,66062.92,2025-02-07 00:00:00
0Li000000000001155,800000000000000293,01t000000000000009,Kit Completo,1 EF,Básico,442,263.5,0.0994,104890.18,2025-02-07 00:00:00
0Li000000000001156,800000000000000293,01t000000000000037,Digital,2 EM,Standard,19,282.67,0.01,5317.02,2025-02-07 00:00:00
0Li000000000001157,800000000000000294,01t000000000000060,Impresso,1 EF,Standard,370,271.57,0.082,92241.47,2022-03-05 00:00:00
0Li000000000001158,800000000000000294,01t000000000000011,Impresso,8 EF,Premium,118,251.64,0.0557,28039.59,2022-03-05 00:00:00
0Li000000000001159,800000000000000294,01t000000000000033,Digital,3 EM,Standard,93,277.47,0.1222,22651.37,2022-03-05 00:00:00
0Li000000000001160,800000000000000295,01t000000000000004,Digital,9 EF,Premium,55,155.93,0.1304,7457.82,2024-03-02 00:00:00
0Li000000000001161,800000000000000295,01t000000000000011,Impresso,2 EF,Premium,362,93.31,0.0905,30721.29,2024-03-02 00:00:00
0Li000000000001162,800000000000000296,01t000000000000005,Kit Completo,6 EF,Premium,209,283.65,0.1084,52856.59,2022-01-11 00:00:00
0Li000000000001163,800000000000000296,01t000000000000031,Kit Completo,9 EF,Básico,43,36.5,0.0703,1459.16,2022-01-11 00:00:00
0Li000000000001164,800000000000000296,01t000000000000045,Digital,1 EM,Standard,395,285.66,0.0183,110770.81,2022-01-11 00:00:00
0Li000000000001165,800000000000000296,01t000000000000001,Kit Completo,2 EF,Básico,322,69.84,0.0928,20401.55,2022-01-11 00:00:00
0Li000000000001166,800000000000000296,01t000000000000006,Impresso,1 EF,Básico,171,72.06,0.0162,12122.64,2022-01-11 00:00:00
0Li000000000001167,800000000000000297,01t000000000000015,Kit Completo,1 EF,Básico,494,248.74,0.1588,103364.6,2025-02-11 00:00:00
0Li000000000001168,800000000000000297,01t000000000000009,Kit Completo,7 EF,Básico,112,32.28,0.0925,3280.94,2025-02-11 00:00:00
0Li000000000001169,800000000000000297,01t000000000000021,Digital,5 EF,Básico,358,24.12,0.1914,6982.23,2025-02-11 00:00:00
0Li000000000001170,800000000000000297,01t000000000000054,Impresso,5 EF,Básico,344,44.25,0.1008,13687.62,2025-02-11 00:00:00
0Li000000000001171,800000000000000298,01t000000000000045,Digital,1 EM,Básico,160,83.56,0.1292,11642.25,2022-03-03 00:00:00
0Li000000000001172,800000000000000298,01t000000000000030,Impresso,7 EF,Standard,221,186.07,0.1146,36408.95,2022-03-03 00:00:00
0Li000000000001173,800000000000000298,01t000000000000009,Kit Completo,2 EF,Standard,314,91.99,0.1913,23359.19,2022-03-03 00:00:00
0Li000000000001174,800000000000000298,01t000000000000054,Impresso,3 EM,Básico,385,44.67,0.1249,15049.93,2022-03-03 00:00:00
0Li000000000001175,800000000000000299,01t000000000000031,Kit Completo,2 EF,Premium,113,245.34,0.1622,23226.68,2022-02-26 00:00:00
0Li000000000001176,800000000000000299,01t000000000000058,Digital,5 EF,Standard,404,223.1,0.0141,88861.53,2022-02-26 00:00:00
0Li000000000001177,800000000000000299,01t000000000000003,Digital,1 EM,Standard,88,118.5,0.1123,9256.94,2022-02-26 00:00:00
0Li000000000001178,800000000000000300,01t000000000000044,Digital,4 EF,Básico,103,39.24,0.1785,3320.27,2022-01-02 00:00:00
0Li000000000001179,800000000000000300,01t000000000000024,Impresso,4 EF,Standard,234,91.69,0.1528,18177.07,2022-01-02 00:00:00
0Li000000000001180,800000000000000300,01t000000000000056,Kit Completo,7 EF,Standard,480,62.39,0.106,26772.8,2022-01-02 00:00:00
0Li000000000001181,800000000000000301,01t000000000000028,Kit Completo,1 EM,Básico,29,228.69,0.0896,6037.78,2022-03-08 00:00:00
0Li000000000001182,800000000000000301,01t000000000000015,Kit Completo,9 EF,Básico,377,299.01,0.1782,92638.86,2022-03-08 00:00:00
0Li000000000001183,800000000000000301,01t000000000000013,Kit Completo,4 EF,Standard,290,105.02,0.0354,29377.66,2022-03-08 00:00:00
0Li000000000001184,800000000000000301,01t000000000000059,Kit Completo,5 EF,Standard,418,274.17,0.1938,92392.99,2022-03-08 00:00:00
0Li000000000001185,800000000000000301,01t000000000000059,Kit Completo,1 EF,Standard,80,171.25,0.0662,12793.06,2022-03-08 00:00:00
0Li000000000001186,800000000000000301,01t000000000000053,Kit Completo,7 EF,Standard,237,279.56,0.1409,56920.29,2022-03-08 00:00:00
0Li000000000001187,800000000000000302,01t000000000000040,Kit Completo,7 EF,Premium,181,118.68,0.0728,19917.26,2024-03-01 00:00:00
0Li000000000001188,800000000000000302,01t000000000000014,Impresso,1 EM,Premium,299,71.18,0.1649,17773.28,2024-03-01 00:00:00
0Li000000000001189,800000000000000302,01t000000000000035,Kit Completo,2 EF,Premium,489,113.33,0.1531,46933.82,2024-03-01 00:00:00
0Li000000000001190,800000000000000302,01t000000000000032,Kit Completo,2 EM,Básico,332,215.95,0.1461,61220.7,2024-03-01 00:00:00
0Li000000000001191,800000000000000302,01t000000000000007,Impresso,2 EF,Standard,465,85.4,0.1902,32157.97,2024-03-01 00:00:00
0Li000000000001192,800000000000000303,01t000000000000025,Kit Completo,3 EF,Standard,58,188.29,0.1373,9421.39,2024-01-13 00:00:00
0Li000000000001193,800000000000000303,01t000000000000052,Digital,7 EF,Premium,161,217.16,0.089,31851.07,2024-01-13 00:00:00
0Li000000000001194,800000000000000303,01t000000000000044,Digital,7 EF,Básico,369,69.6,0.1268,22425.87,2024-01-13 00:00:00
0Li000000000001195,800000000000000303,01t000000000000040,Kit Completo,5 EF,Básico,199,277.43,0.063,51730.43,2024-01-13 00:00:00
0Li000000000001196,800000000000000303,01t000000000000006,Impresso,2 EF,Básico,359,69.6,0.0001,24983.9,2024-01-13 00:00:00
0Li000000000001197,800000000000000303,01t000000000000009,Kit Completo,1 EM,Standard,103,142.57,0.0627,13763.98,2024-01-13 00:00:00
0Li000000000001198,800000000000000304,01t000000000000001,Kit Completo,3 EM,Premium,90,260.78,0.1519,19905.08,2025-03-22 00:00:00
0Li000000000001199,800000000000000304,01t000000000000006,Impresso,3 EM,Premium,173,51.08,0.0429,8457.74,2025-03-22 00:00:00
0Li000000000001200,800000000000000305,01t000000000000052,Digital,8 EF,Básico,345,212.19,0.1176,64596.58,2023-03-24 00:00:00
0Li000000000001201,800000000000000305,01t000000000000057,Digital,1 EF,Standard,326,115.14,0.0876,34247.52,2023-03-24 00:00:00
0Li000000000001202,800000000000000305,01t000000000000007,Impresso,3 EF,Standard,401,144.02,0.0383,55540.12,2023-03-24 00:00:00
0Li000000000001203,800000000000000305,01t000000000000039,Kit Completo,3 EM,Básico,291,33.86,0.0708,9155.65,2023-03-24 00:00:00
0Li000000000001204,800000000000000306,01t000000000000042,Impresso,2 EF,Premium,24,275.77,0.1333,5736.24,2023-03-17 00:00:00
0Li000000000001205,800000000000000306,01t000000000000001,Kit Completo,4 EF,Standard,211,100.6,0.1355,18350.4,2023-03-17 00:00:00
0Li000000000001206,800000000000000306,01t000000000000050,Digital,1 EM,Premium,379,23.42,0.138,7651.27,2023-03-17 00:00:00
0Li000000000001207,800000000000000306,01t000000000000001,Kit Completo,4 EF,Standard,152,117.5,0.1875,14511.25,2023-03-17 00:00:00
0Li000000000001208,800000000000000307,01t000000000000033,Digital,2 EF,Premium,323,215.64,0.1521,59057.69,2025-01-01 00:00:00
0Li000000000001209,800000000000000307,01t000000000000035,Kit Completo,4 EF,Básico,163,195.52,0.182,26069.46,2025-01-01 00:00:00
0Li000000000001210,800000000000000308,01t000000000000057,Digital,9 EF,Standard,325,192.65,0.0349,60426.12,2023-02-26 00:00:00
0Li000000000001211,800000000000000308,01t000000000000023,Digital,2 EM,Básico,399,230.01,0.1819,75080.3,2023-02-26 00:00:00
0Li000000000001212,800000000000000308,01t000000000000022,Kit Completo,1 EF,Premium,85,32.8,0.0776,2571.65,2023-02-26 00:00:00
0Li000000000001213,800000000000000308,01t000000000000027,Digital,2 EM,Premium,259,179.43,0.1155,41104.81,2023-02-26 00:00:00
0Li000000000001214,800000000000000309,01t000000000000037,Digital,9 EF,Premium,229,284.01,0.1818,53214.33,2025-03-08 00:00:00
0Li000000000001215,800000000000000309,01t000000000000005,Kit Completo,5 EF,Premium,289,128.32,0.0878,33828.46,2025-03-08 00:00:00
0Li000000000001216,800000000000000309,01t000000000000050,Digital,9 EF,Standard,366,270.72,0.1992,79346.08,2025-03-08 00:00:00
0Li000000000001217,800000000000000309,01t000000000000045,Digital,4 EF,Básico,358,55.09,0.178,16211.66,2025-03-08 00:00:00
0Li000000000001218,800000000000000309,01t000000000000013,Kit Completo,3 EM,Standard,301,257.52,0.0614,72754.19,2025-03-08 00:00:00
0Li000000000001219,800000000000000310,01t000000000000002,Digital,3 EF,Standard,11,129.94,0.0917,1298.27,2022-01-16 00:00:00
0Li000000000001220,800000000000000310,01t000000000000021,Digital,1 EF,Premium,14,81.03,0.1266,990.8,2022-01-16 00:00:00
0Li000000000001221,800000000000000310,01t000000000000032,Kit Completo,3 EF,Standard,118,295.9,0.0626,32730.45,2022-01-16 00:00:00
0Li000000000001222,800000000000000311,01t000000000000019,Digital,1 EM,Premium,64,148.63,0.051,9027.19,2025-03-13 00:00:00
0Li000000000001223,800000000000000311,01t000000000000041,Digital,3 EF,Premium,105,205.22,0.1145,19080.84,2025-03-13 00:00:00
0Li000000000001224,800000000000000311,01t000000000000051,Impresso,2 EF,Premium,123,106.16,0.1712,10822.21,2025-03-13 00:00:00
0Li000000000001225,800000000000000312,01t000000000000037,Digital,2 EM,Premium,30,200.08,0.1785,4930.97,2025-02-17 00:00:00
0Li000000000001226,800000000000000312,01t000000000000023,Digital,9 EF,Básico,135,21.57,0.1529,2466.71,2025-02-17 00:00:00
0Li000000000001227,800000000000000313,01t000000000000033,Digital,2 EF,Premium,139,88.03,0.0303,11865.41,2022-01-08 00:00:00
0Li000000000001228,800000000000000313,01t000000000000025,Kit Completo,1 EM,Premium,211,144.34,0.1589,25616.32,2022-01-08 00:00:00
0Li000000000001229,800000000000000313,01t000000000000019,Digital,8 EF,Standard,468,209.93,0.1915,79432.89,2022-01-08 00:00:00
0Li000000000001230,800000000000000313,01t000000000000049,Digital,9 EF,Standard,458,298.89,0.1113,121655.58,2022-01-08 00:00:00
0Li000000000001231,800000000000000313,01t000000000000021,Digital,3 EF,Básico,448,178.37,0.0372,76937.12,2022-01-08 00:00:00
0Li000000000001232,800000000000000314,01t000000000000050,Digital,4 EF,Premium,226,107.27,0.079,22327.82,2022-02-17 00:00:00
0Li000000000001233,800000000000000314,01t000000000000027,Digital,1 EF,Básico,353,245.15,0.0358,83439.89,2022-02-17 00:00:00
0Li000000000001234,800000000000000314,01t000000000000010,Impresso,2 EF,Standard,244,123.61,0.1041,27021.1,2022-02-17 00:00:00
0Li000000000001235,800000000000000314,01t000000000000030,Impresso,3 EF,Premium,247,269.18,0.139,57245.7,2022-02-17 00:00:00
0Li000000000001236,800000000000000314,01t000000000000059,Kit Completo,3 EF,Premium,237,52.07,0.1602,10363.63,2022-02-17 00:00:00
0Li000000000001237,800000000000000314,01t000000000000046,Impresso,7 EF,Básico,394,174.2,0.0362,66150.22,2022-02-17 00:00:00
0Li000000000001238,800000000000000315,01t000000000000007,Impresso,3 EF,Premium,341,242.67,0.1451,70743.38,2023-03-11 00:00:00
0Li000000000001239,800000000000000315,01t000000000000023,Digital,9 EF,Básico,474,274.91,0.1571,109836.06,2023-03-11 00:00:00
0Li000000000001240,800000000000000315,01t000000000000059,Kit Completo,1 EM,Premium,260,222.38,0.1373,49880.28,2023-03-11 00:00:00
0Li000000000001241,800000000000000316,01t000000000000007,Impresso,9 EF,Standard,405,51.38,0.0873,18992.28,2023-03-27 00:00:00
0Li000000000001242,800000000000000316,01t000000000000022,Kit Completo,6 EF,Básico,291,174.17,0.1461,43278.62,2023-03-27 00:00:00
0Li000000000001243,800000000000000316,01t000000000000048,Impresso,3 EM,Básico,247,213.27,0.0941,47720.72,2023-03-27 00:00:00
0Li000000000001244,800000000000000316,01t000000000000007,Impresso,1 EF,Standard,205,175.68,0.0089,35693.87,2023-03-27 00:00:00
0Li000000000001245,800000000000000316,01t000000000000059,Kit Completo,3 EM,Básico,131,154.05,0.1531,17090.91,2023-03-27 00:00:00
0Li000000000001246,800000000000000317,01t000000000000005,Kit Completo,3 EF,Básico,290,294.15,0.1217,74922.06,2025-01-26 00:00:00
0Li000000000001247,800000000000000317,01t000000000000059,Kit Completo,9 EF,Standard,307,154.29,0.0345,45732.87,2025-01-26 00:00:00
0Li000000000001248,800000000000000317,01t000000000000022,Kit Completo,2 EF,Básico,461,107.08,0.0107,48835.69,2025-01-26 00:00:00
0Li000000000001249,800000000000000318,01t000000000000011,Impresso,1 EF,Premium,379,231.12,0.0325,84747.66,2025-03-01 00:00:00
0Li000000000001250,800000000000000318,01t000000000000036,Impresso,2 EM,Premium,119,192.21,0.1073,20418.72,2025-03-01 00:00:00
0Li000000000001251,800000000000000318,01t000000000000009,Kit Completo,2 EF,Standard,349,284.74,0.0118,98201.64,2025-03-01 00:00:00
0Li000000000001252,800000000000000319,01t000000000000032,Kit Completo,3 EM,Básico,152,203.35,0.1462,26390.27,2022-03-23 00:00:00
0Li000000000001253,800000000000000319,01t000000000000048,Impresso,6 EF,Básico,66,38.49,0.1948,2045.48,2022-03-23 00:00:00
0Li000000000001254,800000000000000319,01t000000000000039,Kit Completo,3 EF,Básico,373,74.96,0.002,27904.16,2022-03-23 00:00:00
0Li000000000001255,800000000000000319,01t000000000000041,Digital,4 EF,Premium,386,23.65,0.0072,9063.17,2022-03-23 00:00:00
0Li000000000001256,800000000000000320,01t000000000000060,Impresso,3 EF,Premium,375,214.85,0.0438,77039.84,2025-01-07 00:00:00
0Li000000000001257,800000000000000320,01t000000000000046,Impresso,3 EF,Básico,234,159.45,0.1701,30964.65,2025-01-07 00:00:00
0Li000000000001258,800000000000000320,01t000000000000057,Digital,1 EF,Premium,62,88.24,0.1436,4685.26,2025-01-07 00:00:00
0Li000000000001259,800000000000000320,01t000000000000033,Digital,7 EF,Standard,57,137.02,0.1773,6425.4,2025-01-07 00:00:00
0Li000000000001260,800000000000000321,01t000000000000013,Kit Completo,6 EF,Básico,11,211.01,0.165,1938.13,2024-02-03 00:00:00
0Li000000000001261,800000000000000321,01t000000000000051,Impresso,8 EF,Standard,314,84.63,0.1656,22173.2,2024-02-03 00:00:00
0Li000000000001262,800000000000000321,01t000000000000023,Digital,9 EF,Premium,213,272.87,0.0192,57005.38,2024-02-03 00:00:00
0Li000000000001263,800000000000000321,01t000000000000009,Kit Completo,3 EF,Básico,403,39.89,0.0046,16001.72,2024-02-03 00:00:00
0Li000000000001264,800000000000000321,01t000000000000006,Impresso,3 EM,Premium,222,211.14,0.1626,39251.52,2024-02-03 00:00:00
0Li000000000001265,800000000000000322,01t000000000000020,Digital,3 EF,Básico,203,262.25,0.0082,52800.21,2024-02-19 00:00:00
0Li000000000001266,800000000000000322,01t000000000000048,Impresso,1 EF,Standard,499,168.65,0.0239,82145.01,2024-02-19 00:00:00
0Li000000000001267,800000000000000322,01t000000000000016,Digital,5 EF,Premium,441,290.3,0.1082,114170.29,2024-02-19 00:00:00
0Li000000000001268,800000000000000322,01t000000000000040,Kit Completo,2 EF,Premium,208,129.73,0.0302,26168.93,2024-02-19 00:00:00
0Li000000000001269,800000000000000322,01t000000000000008,Digital,6 EF,Standard,224,156.32,0.1002,31507.11,2024-02-19 00:00:00
0Li000000000001270,800000000000000323,01t000000000000057,Digital,7 EF,Standard,198,291.27,0.0835,52855.89,2023-02-04 00:00:00
0Li000000000001271,800000000000000323,01t000000000000049,Digital,3 EM,Standard,459,269.46,0.0766,114208.09,2023-02-04 00:00:00
0Li000000000001272,800000000000000323,01t000000000000060,Impresso,7 EF,Standard,88,43.55,0.1024,3439.96,2023-02-04 00:00:00
0Li000000000001273,800000000000000323,01t000000000000024,Impresso,5 EF,Standard,40,104.9,0.0574,3955.15,2023-02-04 00:00:00
0Li000000000001274,800000000000000323,01t000000000000042,Impresso,4 EF,Básico,28,143.47,0.0863,3670.48,2023-02-04 00:00:00
0Li000000000001275,800000000000000323,01t000000000000020,Digital,1 EM,Standard,319,235.66,0.1435,64387.85,2023-02-04 00:00:00
0Li000000000001276,800000000000000324,01t000000000000001,Kit Completo,8 EF,Premium,164,201.22,0.0754,30511.87,2023-03-01 00:00:00
0Li000000000001277,800000000000000324,01t000000000000009,Kit Completo,2 EF,Premium,443,67.3,0.0269,29011.91,2023-03-01 00:00:00
0Li000000000001278,800000000000000324,01t000000000000019,Digital,2 EM,Premium,85,91.6,0.1572,6562.04,2023-03-01 00:00:00
0Li000000000001279,800000000000000324,01t000000000000059,Kit Completo,9 EF,Básico,434,226.88,0.1882,79934.63,2023-03-01 00:00:00
0Li000000000001280,800000000000000325,01t000000000000018,Kit Completo,9 EF,Básico,354,62.37,0.1358,19080.65,2024-02-23 00:00:00
0Li000000000001281,800000000000000325,01t000000000000057,Digital,1 EM,Básico,498,31.0,0.147,13168.61,2024-02-23 00:00:00
0Li000000000001282,800000000000000325,01t000000000000040,Kit Completo,3 EF,Básico,60,227.17,0.1861,11093.62,2024-02-23 00:00:00
0Li000000000001283,800000000000000325,01t000000000000016,Digital,2 EF,Básico,380,107.12,0.1641,34025.81,2024-02-23 00:00:00
0Li000000000001284,800000000000000326,01t000000000000037,Digital,9 EF,Standard,359,126.47,0.0441,43400.47,2024-03-19 00:00:00
0Li000000000001285,800000000000000326,01t000000000000052,Digital,5 EF,Standard,132,268.46,0.144,30333.83,2024-03-19 00:00:00
0Li000000000001286,800000000000000326,01t000000000000012,Impresso,9 EF,Premium,465,122.38,0.0115,56252.27,2024-03-19 00:00:00
0Li000000000001287,800000000000000326,01t000000000000015,Kit Completo,1 EF,Básico,135,93.01,0.0405,12047.82,2024-03-19 00:00:00
0Li000000000001288,800000000000000326,01t000000000000016,Digital,2 EM,Básico,49,42.03,0.1669,1715.74,2024-03-19 00:00:00
0Li000000000001289,800000000000000326,01t000000000000032,Kit Completo,5 EF,Standard,217,27.84,0.196,4857.19,2024-03-19 00:00:00
0Li000000000001290,800000000000000327,01t000000000000050,Digital,2 EM,Standard,382,129.31,0.138,42579.71,2025-01-30 00:00:00
0Li000000000001291,800000000000000327,01t000000000000032,Kit Completo,3 EM,Básico,179,242.9,0.0803,39987.73,2025-01-30 00:00:00
0Li000000000001292,800000000000000327,01t000000000000052,Digital,2 EM,Standard,147,222.09,0.1885,26493.23,2025-01-30 00:00:00
0Li000000000001293,800000000000000327,01t000000000000013,Kit Completo,1 EM,Standard,194,290.78,0.0873,51486.61,2025-01-30 00:00:00
0Li000000000001294,800000000000000327,01t000000000000055,Impresso,1 EM,Básico,148,130.05,0.1862,15663.53,2025-01-30 00:00:00
0Li000000000001295,800000000000000328,01t000000000000052,Digital,3 EF,Premium,42,140.65,0.1812,4836.9,2022-03-09 00:00:00
0Li000000000001296,800000000000000328,01t000000000000012,Impresso,3 EM,Premium,185,99.95,0.0044,18409.39,2022-03-09 00:00:00
0Li000000000001297,800000000000000328,01t000000000000037,Digital,5 EF,Básico,180,279.08,0.1874,40820.47,2022-03-09 00:00:00
0Li000000000001298,800000000000000328,01t000000000000006,Impresso,1 EM,Premium,427,115.67,0.1521,41878.71,2022-03-09 00:00:00
0Li000000000001299,800000000000000328,01t000000000000021,Digital,7 EF,Standard,412,283.19,0.1151,103245.07,2022-03-09 00:00:00
0Li000000000001300,800000000000000329,01t000000000000012,Impresso,8 EF,Standard,67,258.97,0.0479,16519.88,2023-01-22 00:00:00
0Li000000000001301,800000000000000329,01t000000000000009,Kit Completo,2 EF,Standard,132,123.02,0.1435,13908.4,2023-01-22 00:00:00
0Li000000000001302,800000000000000329,01t000000000000012,Impresso,1 EF,Básico,207,54.31,0.1627,9413.07,2023-01-22 00:00:00
0Li000000000001303,800000000000000329,01t000000000000017,Kit Completo,3 EF,Standard,343,172.45,0.0391,56837.57,2023-01-22 00:00:00
0Li000000000001304,800000000000000329,01t000000000000053,Kit Completo,5 EF,Premium,69,104.28,0.0633,6739.86,2023-01-22 00:00:00
0Li000000000001305,800000000000000330,01t000000000000029,Impresso,8 EF,Premium,300,135.54,0.1316,35310.88,2022-02-01 00:00:00
0Li000000000001306,800000000000000330,01t000000000000007,Impresso,9 EF,Básico,474,210.59,0.0036,99460.31,2022-02-01 00:00:00
0Li000000000001307,800000000000000331,01t000000000000032,Kit Completo,3 EF,Premium,491,168.63,0.0713,76893.88,2024-02-18 00:00:00
0Li000000000001308,800000000000000331,01t000000000000060,Impresso,8 EF,Premium,71,42.23,0.146,2560.57,2024-02-18 00:00:00
0Li000000000001309,800000000000000332,01t000000000000018,Kit Completo,2 EM,Standard,172,63.8,0.0725,10178.01,2023-02-20 00:00:00
0Li000000000001310,800000000000000332,01t000000000000048,Impresso,9 EF,Standard,468,69.34,0.1778,26681.31,2023-02-20 00:00:00
0Li000000000001311,800000000000000332,01t000000000000017,Kit Completo,2 EM,Standard,146,256.36,0.1301,32559.1,2023-02-20 00:00:00
0Li000000000001312,800000000000000332,01t000000000000004,Digital,3 EF,Básico,67,159.22,0.1286,9295.87,2023-02-20 00:00:00
0Li000000000001313,800000000000000332,01t000000000000060,Impresso,7 EF,Standard,427,209.48,0.1383,77077.31,2023-02-20 00:00:00
0Li000000000001314,800000000000000332,01t000000000000057,Digital,8 EF,Standard,389,249.7,0.0445,92810.87,2023-02-20 00:00:00
0Li000000000001315,800000000000000333,01t000000000000009,Kit Completo,7 EF,Premium,305,140.39,0.1364,36978.45,2022-02-13 00:00:00
0Li000000000001316,800000000000000333,01t000000000000013,Kit Completo,1 EF,Básico,249,20.95,0.0557,4925.99,2022-02-13 00:00:00
0Li000000000001317,800000000000000333,01t000000000000053,Kit Completo,6 EF,Premium,33,279.0,0.1259,8047.84,2022-02-13 00:00:00
0Li000000000001318,800000000000000333,01t000000000000053,Kit Completo,6 EF,Standard,234,281.08,0.0126,64943.98,2022-02-13 00:00:00
0Li000000000001319,800000000000000333,01t000000000000042,Impresso,1 EF,Premium,275,204.32,0.0091,55676.69,2022-02-13 00:00:00
0Li000000000001320,800000000000000334,01t000000000000055,Impresso,5 EF,Premium,359,69.89,0.0256,24448.19,2022-02-19 00:00:00
0Li000000000001321,800000000000000334,01t000000000000021,Digital,2 EF,Standard,247,205.52,0.1891,41164.07,2022-02-19 00:00:00
0Li000000000001322,800000000000000334,01t000000000000002,Digital,3 EM,Premium,319,104.31,0.1935,26836.2,2022-02-19 00:00:00
0Li000000000001323,800000000000000334,01t000000000000050,Digital,2 EM,Básico,480,80.93,0.0796,35754.23,2022-02-19 00:00:00
0Li000000000001324,800000000000000334,01t000000000000006,Impresso,4 EF,Premium,263,298.17,0.1817,64170.03,2022-02-19 00:00:00
0Li000000000001325,800000000000000335,01t000000000000025,Kit Completo,9 EF,Standard,328,116.84,0.1418,32889.24,2023-02-20 00:00:00
0Li000000000001326,800000000000000335,01t000000000000012,Impresso,3 EF,Básico,474,221.84,0.1202,92512.87,2023-02-20 00:00:00
0Li000000000001327,800000000000000335,01t000000000000047,Digital,6 EF,Premium,333,259.66,0.1568,72908.79,2023-02-20 00:00:00
0Li000000000001328,800000000000000336,01t000000000000040,Kit Completo,2 EM,Premium,190,251.63,0.172,39586.43,2022-01-17 00:00:00
0Li000000000001329,800000000000000336,01t000000000000059,Kit Completo,3 EM,Standard,130,61.54,0.0302,7758.59,2022-01-17 00:00:00
0Li000000000001330,800000000000000336,01t000000000000015,Kit Completo,1 EM,Básico,368,192.47,0.1787,58171.82,2022-01-17 00:00:00
0Li000000000001331,800000000000000336,01t000000000000012,Impresso,3 EM,Básico,10,100.45,0.1706,833.13,2022-01-17 00:00:00
0Li000000000001332,800000000000000337,01t000000000000051,Impresso,7 EF,Premium,191,83.14,0.0453,15160.39,2025-03-23 00:00:00
0Li000000000001333,800000000000000337,01t000000000000033,Digital,2 EF,Premium,189,292.16,0.0939,50033.25,2025-03-23 00:00:00
0Li000000000001334,800000000000000337,01t000000000000036,Impresso,1 EM,Standard,245,32.76,0.0375,7725.22,2025-03-23 00:00:00
0Li000000000001335,800000000000000338,01t000000000000049,Digital,4 EF,Standard,268,245.94,0.166,54970.54,2025-02-19 00:00:00
0Li000000000001336,800000000000000338,01t000000000000003,Digital,7 EF,Premium,60,23.96,0.0249,1401.8,2025-02-19 00:00:00
0Li000000000001337,800000000000000339,01t000000000000042,Impresso,4 EF,Básico,442,286.6,0.1961,101835.8,2023-03-01 00:00:00
0Li000000000001338,800000000000000339,01t000000000000044,Digital,2 EF,Standard,296,196.99,0.0366,56174.93,2023-03-01 00:00:00
0Li000000000001339,800000000000000339,01t000000000000043,Impresso,3 EM,Standard,416,255.71,0.0869,97131.34,2023-03-01 00:00:00
0Li000000000001340,800000000000000339,01t000000000000035,Kit Completo,4 EF,Standard,450,92.32,0.0805,38199.71,2023-03-01 00:00:00
0Li000000000001341,800000000000000340,01t000000000000049,Digital,4 EF,Básico,144,56.69,0.042,7820.5,2022-02-07 00:00:00
0Li000000000001342,800000000000000340,01t000000000000010,Impresso,9 EF,Premium,82,286.64,0.1839,19182.01,2022-02-07 00:00:00
0Li000000000001343,800000000000000340,01t000000000000041,Digital,3 EF,Standard,64,231.23,0.0584,13934.47,2022-02-07 00:00:00
0Li000000000001344,800000000000000340,01t000000000000036,Impresso,3 EM,Básico,353,260.26,0.1132,81471.89,2022-02-07 00:00:00
0Li000000000001345,800000000000000340,01t000000000000044,Digital,6 EF,Standard,333,260.87,0.0357,83768.46,2022-02-07 00:00:00
0Li000000000001346,800000000000000341,01t000000000000025,Kit Completo,6 EF,Premium,103,249.89,0.1236,22557.37,2024-01-05 00:00:00
0Li000000000001347,800000000000000341,01t000000000000024,Impresso,2 EM,Básico,345,33.81,0.0779,10755.79,2024-01-05 00:00:00
0Li000000000001348,800000000000000342,01t000000000000056,Kit Completo,2 EF,Básico,418,88.5,0.171,30667.2,2025-02-28 00:00:00
0Li000000000001349,800000000000000342,01t000000000000004,Digital,5 EF,Premium,149,131.11,0.1586,16437.08,2025-02-28 00:00:00
0Li000000000001350,800000000000000342,01t000000000000053,Kit Completo,4 EF,Básico,130,21.77,0.1338,2451.43,2025-02-28 00:00:00
0Li000000000001351,800000000000000342,01t000000000000020,Digital,3 EF,Premium,405,54.17,0.1123,19475.12,2025-02-28 00:00:00
0Li000000000001352,800000000000000342,01t000000000000057,Digital,3 EF,Standard,347,40.09,0.155,11754.99,2025-02-28 00:00:00
0Li000000000001353,800000000000000343,01t000000000000033,Digital,1 EM,Básico,411,100.31,0.0799,37933.34,2025-01-11 00:00:00
0Li000000000001354,800000000000000343,01t000000000000031,Kit Completo,3 EM,Standard,346,122.31,0.0127,41781.81,2025-01-11 00:00:00
0Li000000000001355,800000000000000344,01t000000000000003,Digital,3 EF,Básico,195,109.16,0.1137,18865.96,2024-01-25 00:00:00
0Li000000000001356,800000000000000344,01t000000000000043,Impresso,3 EM,Standard,44,123.12,0.0856,4953.56,2024-01-25 00:00:00
0Li000000000001357,800000000000000344,01t000000000000005,Kit Completo,6 EF,Standard,49,178.54,0.1837,7141.37,2024-01-25 00:00:00
0Li000000000001358,800000000000000344,01t000000000000028,Kit Completo,2 EF,Básico,149,24.73,0.1867,2996.82,2024-01-25 00:00:00
0Li000000000001359,800000000000000344,01t000000000000047,Digital,6 EF,Standard,202,185.88,0.0423,35959.49,2024-01-25 00:00:00
0Li000000000001360,800000000000000345,01t000000000000032,Kit Completo,1 EF,Premium,193,245.36,0.012,46786.23,2024-01-28 00:00:00
0Li000000000001361,800000000000000345,01t000000000000002,Digital,2 EM,Premium,139,67.24,0.1953,7521.02,2024-01-28 00:00:00
0Li000000000001362,800000000000000345,01t000000000000005,Kit Completo,3 EF,Básico,328,262.73,0.0992,77626.84,2024-01-28 00:00:00
0Li000000000001363,800000000000000345,01t000000000000043,Impresso,4 EF,Básico,55,61.91,0.0147,3355.0,2024-01-28 00:00:00
0Li000000000001364,800000000000000345,01t000000000000016,Digital,1 EM,Standard,394,220.61,0.1812,71170.37,2024-01-28 00:00:00
0Li000000000001365,800000000000000345,01t000000000000030,Impresso,1 EF,Básico,282,178.63,0.0908,45799.73,2024-01-28 00:00:00
0Li000000000001366,800000000000000346,01t000000000000031,Kit Completo,8 EF,Premium,120,40.77,0.0853,4475.08,2024-02-22 00:00:00
0Li000000000001367,800000000000000346,01t000000000000006,Impresso,3 EF,Standard,418,188.54,0.1541,66665.14,2024-02-22 00:00:00
0Li000000000001368,800000000000000346,01t000000000000042,Impresso,6 EF,Básico,209,208.99,0.0057,43429.94,2024-02-22 00:00:00
0Li000000000001369,800000000000000346,01t000000000000037,Digital,9 EF,Standard,281,169.73,0.095,43163.19,2024-02-22 00:00:00
0Li000000000001370,800000000000000346,01t000000000000023,Digital,2 EM,Básico,131,255.38,0.1872,27192.05,2024-02-22 00:00:00
0Li000000000001371,800000000000000346,01t000000000000037,Digital,4 EF,Premium,470,276.44,0.1386,111918.95,2024-02-22 00:00:00
0Li000000000001372,800000000000000347,01t000000000000006,Impresso,4 EF,Premium,332,235.59,0.0658,73069.28,2022-01-29 00:00:00
0Li000000000001373,800000000000000347,01t000000000000033,Digital,6 EF,Premium,354,223.02,0.1156,69822.57,2022-01-29 00:00:00
0Li000000000001374,800000000000000347,01t000000000000015,Kit Completo,1 EM,Premium,73,60.52,0.0317,4277.91,2022-01-29 00:00:00
0Li000000000001375,800000000000000347,01t000000000000023,Digital,7 EF,Standard,441,26.59,0.0698,10907.7,2022-01-29 00:00:00
0Li000000000001376,800000000000000347,01t000000000000019,Digital,5 EF,Standard,298,199.22,0.1599,49874.69,2022-01-29 00:00:00
0Li000000000001377,800000000000000347,01t000000000000001,Kit Completo,9 EF,Standard,374,33.98,0.0281,12351.41,2022-01-29 00:00:00
0Li000000000001378,800000000000000348,01t000000000000020,Digital,8 EF,Standard,168,172.53,0.1525,24564.82,2024-03-10 00:00:00
0Li000000000001379,800000000000000348,01t000000000000020,Digital,5 EF,Premium,303,145.39,0.09,40088.38,2024-03-10 00:00:00
0Li000000000001380,800000000000000348,01t000000000000027,Digital,7 EF,Básico,427,76.37,0.1781,26802.15,2024-03-10 00:00:00
0Li000000000001381,800000000000000348,01t000000000000003,Digital,7 EF,Premium,141,260.21,0.0066,36447.46,2024-03-10 00:00:00
0Li000000000001382,800000000000000348,01t000000000000023,Digital,1 EF,Básico,171,215.73,0.0941,33418.5,2024-03-10 00:00:00
0Li000000000001383,800000000000000349,01t000000000000018,Kit Completo,8 EF,Standard,299,139.45,0.0373,40140.31,2025-03-31 00:00:00
0Li000000000001384,800000000000000349,01t000000000000006,Impresso,6 EF,Premium,66,267.16,0.1131,15638.32,2025-03-31 00:00:00
0Li000000000001385,800000000000000349,01t000000000000037,Digital,1 EF,Básico,366,126.44,0.0642,43306.05,2025-03-31 00:00:00
0Li000000000001386,800000000000000349,01t000000000000024,Impresso,6 EF,Standard,313,150.47,0.0016,47021.75,2025-03-31 00:00:00
0Li000000000001387,800000000000000349,01t000000000000008,Digital,2 EM,Premium,92,168.12,0.0925,14036.34,2025-03-31 00:00:00
0Li000000000001388,800000000000000350,01t000000000000020,Digital,1 EM,Standard,130,296.49,0.1707,31964.29,2025-01-27 00:00:00
0Li000000000001389,800000000000000350,01t000000000000059,Kit Completo,1 EM,Standard,278,193.81,0.1119,47850.1,2025-01-27 00:00:00
0Li000000000001390,800000000000000350,01t000000000000040,Kit Completo,2 EM,Standard,211,117.63,0.0563,23422.57,2025-01-27 00:00:00
0Li000000000001391,800000000000000350,01t000000000000016,Digital,5 EF,Básico,162,292.26,0.1507,40211.06,2025-01-27 00:00:00
0Li000000000001392,800000000000000350,01t000000000000015,Kit Completo,5 EF,Básico,167,218.53,0.1571,30761.22,2025-01-27 00:00:00
0Li000000000001393,800000000000000351,01t000000000000026,Impresso,1 EM,Premium,301,279.84,0.1178,74309.33,2024-03-13 00:00:00
0Li000000000001394,800000000000000351,01t000000000000054,Impresso,1 EM,Standard,371,284.53,0.0517,100103.15,2024-03-13 00:00:00
0Li000000000001395,800000000000000352,01t000000000000015,Kit Completo,5 EF,Premium,304,266.66,0.1754,66845.9,2025-01-13 00:00:00
0Li000000000001396,800000000000000352,01t000000000000034,Digital,9 EF,Premium,398,209.29,0.1315,72343.81,2025-01-13 00:00:00
0Li000000000001397,800000000000000352,01t000000000000010,Impresso,7 EF,Premium,124,33.37,0.0656,3866.44,2025-01-13 00:00:00
0Li000000000001398,800000000000000352,01t000000000000039,Kit Completo,1 EM,Básico,380,153.57,0.187,47443.92,2025-01-13 00:00:00
0Li000000000001399,800000000000000353,01t000000000000042,Impresso,5 EF,Premium,404,267.05,0.1165,95319.22,2023-02-15 00:00:00
0Li000000000001400,800000000000000353,01t000000000000016,Digital,1 EM,Standard,90,49.01,0.0016,4403.84,2023-02-15 00:00:00
