DocEntry,DocNum,CardCode,NumAtCard,DocDate,DocDueDate,DocStatus,Cancelled,Comments,SlpCode,CreateDate,UpdateDate
1,1,C00010,ARCO-2022-00193,2023-08-21,2023-10-26,C,N,,16,2023-08-21,2023-09-09
2,2,C00003,ARCO-2023-00267,2025-03-09,2025-04-04,O,N,Urgente,16,2025-03-09,2025-04-03
3,3,C00002,ARCO-2022-00048,2025-07-09,2025-08-12,O,N,Urgente,20,2025-07-09,2025-07-15
4,4,C00234,ARCO-2022-00298,2025-03-28,2025-06-09,C,Y,,6,2025-03-28,2025-04-14
5,5,C00173,ARCO-2025-00043,2025-01-26,2025-04-05,C,N,Urgente,10,2025-01-26,2025-02-02
6,6,C00021,ARCO-2023-00306,2025-04-22,2025-07-11,C,N,,8,2025-04-22,2025-05-05
7,7,C00061,,2023-05-16,2023-07-27,O,N,Reposição,7,2023-05-16,2023-06-13
8,8,C00044,ARCO-2022-00340,2025-08-15,2025-10-16,C,N,,2,2025-08-15,2025-09-08
9,9,C00159,ARCO-2025-00010,2023-06-17,2023-07-03,O,N,,3,2023-06-17,2023-07-11
10,10,C00123,ARCO - 2024 - 00211,2024-02-08,2024-05-06,C,N,,17,2024-02-08,2024-02-26
11,11,C00140,,2024-06-03,2024-08-13,O,N,,5,2024-06-03,2024-06-04
12,12,C00071,ARCO-2022-00330,2022-10-13,2023-01-05,O,N,,11,2022-10-13,2022-11-11
13,13,C00071,ARCO-2025-00263,2023-08-15,2023-08-30,O,N,Urgente,11,2023-08-15,2023-08-19
14,14,C00018,ARCO-2023-00257,2024-10-14,2024-12-01,C,N,Urgente,11,2024-10-14,2024-10-21
15,15,C00184,ARCO-2025-00099,2022-11-24,2023-01-06,C,N,,23,2022-11-24,2022-11-24
16,16,C00151, ARCO-2025-00318,2022-10-13,2023-01-06,C,N,,17,2022-10-13,2022-11-03
17,17,C00215,,2025-07-10,2025-08-16,C,N,,21,2025-07-10,2025-07-19
18,18,C00204, ARCO-2022-00017,2022-12-21,2023-02-02,O,N,Urgente,25,2022-12-21,2022-12-21
19,19,C00028,ARCO-2022-00288,2022-10-21,2023-01-02,C,Y,Pedido complementar,5,2022-10-21,2022-11-18
20,20,C00090,ARCO-2023-00066,2025-07-08,2025-09-15,O,N,,2,2025-07-08,2025-07-08
21,21,C00136,,2024-02-06,2024-02-22,C,N,Urgente,22,2024-02-06,2024-03-01
22,22,C00167,ARCO-2025-00375,2023-06-14,2023-08-07,C,N,,22,2023-06-14,2023-07-04
23,23,C00091,,2024-06-19,2024-08-26,O,N,,18,2024-06-19,2024-07-01
24,24,C00013,ARCO-2024-00046,2022-01-15,2022-03-17,C,N,Pedido complementar,1,2022-01-15,2022-01-21
25,25,C00159,ARCO-2022-00077,2023-12-18,2024-03-13,C,N,Urgente,3,2023-12-18,2024-01-04
26,26,C00087,ARCO-2024-00163,2025-10-23,2025-11-23,C,N,,13,2025-10-23,2025-11-04
27,27,C00232,,2024-11-09,2025-01-13,C,N,Urgente,6,2024-11-09,2024-12-08
28,28,C00180,,2024-03-30,2024-05-03,O,N,,1,2024-03-30,2024-04-29
29,29,C00227,,2024-04-17,2024-07-10,C,N,,9,2024-04-17,2024-05-12
30,30,C00151,ARCO-2025-00042,2025-03-30,2025-04-21,O,N,,17,2025-03-30,2025-04-12
31,31,C00056,,2023-09-14,2023-12-02,C,N,,9,2023-09-14,2023-09-18
32,32,C00065,ARCO-2023-00140,2023-09-22,2023-10-13,C,N,Pedido complementar,17,2023-09-22,2023-10-16
33,33,C00194,ARCO-2024-00057,2023-11-20,2024-01-29,C,N,,14,2023-11-20,2023-11-25
34,34,C00183,ARCO-2025-00089 ,2025-09-13,2025-11-02,C,N,,9,2025-09-13,2025-10-07
35,35,C00064,ARCO-2023-00364,2023-02-05,2023-04-30,C,N,,6,2023-02-05,2023-02-19
36,36,C00128,ARCO-2025-00343,2023-09-21,2023-11-03,C,N,,11,2023-09-21,2023-10-07
37,37,C00261,,2022-05-13,2022-08-03,C,N,Urgente,22,2022-05-13,2022-05-30
38,38,C00012,,2024-04-09,2024-05-27,O,N,,6,2024-04-09,2024-05-05
39,39,C00052,,2023-01-08,2023-02-03,O,N,,17,2023-01-08,2023-01-17
40,40,C00101,arco-2022-00143,2023-05-22,2023-06-09,O,N,,12,2023-05-22,2023-05-31
41,41,C00218,ARCO-2022-00123,2022-07-25,2022-10-12,C,N,,9,2022-07-25,2022-07-31
42,42,C00084,ARCO-2025-00358,2025-05-02,2025-07-13,C,N,Reposição,3,2025-05-02,2025-05-21
43,43,C00026,ARCo-2022-00142,2023-03-06,2023-04-28,C,N,,20,2023-03-06,2023-03-09
44,44,C00258,ARCO-2024-00302,2025-08-28,2025-11-22,C,Y,Pedido complementar,14,2025-08-28,2025-08-31
45,45,C00199,,2022-11-15,2023-01-14,C,N,,19,2022-11-15,2022-12-08
46,46,C00263,ARCO-2022-00298,2025-07-26,2025-10-08,C,N,,17,2025-07-26,2025-08-24
47,47,C00005,ARCO-2023-00040,2024-06-15,2024-08-12,O,N,,13,2024-06-15,2024-07-07
48,48,C00062,ARCO-2025-00086,2025-10-16,2025-12-26,C,N,Urgente,3,2025-10-16,2025-10-20
49,49,C00240,ARCO-2022-00029,2024-08-16,2024-09-14,C,N,,1,2024-08-16,2024-09-02
50,50,C00266,ARCO-2023-00316,2022-11-13,2022-12-14,O,N,Reposição,17,2022-11-13,2022-12-03
51,51,C00197,ARCO-2024-00252,2025-01-01,2025-02-10,C,N,,9,2025-01-01,2025-01-02
52,52,C00230,,2025-02-20,2025-03-20,O,N,,7,2025-02-20,2025-03-09
53,53,C00008,ARCO-2023-00367,2023-12-22,2024-03-05,C,Y,,11,2023-12-22,2024-01-11
54,54,C00132,ARCO-2024-00151,2022-10-04,2022-11-15,C,N,,11,2022-10-04,2022-10-30
55,55,C00063,ARCO-2025-00020,2024-02-27,2024-04-30,C,N,Urgente,21,2024-02-27,2024-03-06
56,56,C00204,ARCO-2024-00011,2024-06-25,2024-08-24,O,N,Pedido complementar,25,2024-06-25,2024-06-28
57,57,C00126,ARCO-2025-00187,2022-10-18,2022-11-13,C,N,,3,2022-10-18,2022-11-13
58,58,C00209,,2022-10-25,2022-12-28,C,Y,,12,2022-10-25,2022-10-31
59,59,C00102,ARCO-2022-00333,2023-06-13,2023-07-18,C,N,Pedido complementar,18,2023-06-13,2023-07-06
60,60,C00058,ARCO-2025-00114,2023-08-14,2023-11-06,C,N,,11,2023-08-14,2023-08-14
61,61,C00006,ARCO-2023-00055,2025-05-15,2025-06-08,O,N,,10,2025-05-15,2025-05-16
62,62,C00076,ARCO-2024-00037,2024-01-17,2024-04-11,C,N,Urgente,17,2024-01-17,2024-02-08
63,63,C00126,ARCO-2023-00315,2023-04-22,2023-06-15,C,N,,3,2023-04-22,2023-05-02
64,64,C00009,,2023-07-20,2023-10-06,C,N,,20,2023-07-20,2023-08-04
65,65,C00262,,2025-04-13,2025-06-21,O,N,,11,2025-04-13,2025-04-30
66,66,C00173,ARCo-2024-00057,2024-07-08,2024-09-24,C,N,,10,2024-07-08,2024-07-15
67,67,C00191,,2024-10-16,2025-01-03,O,N,,22,2024-10-16,2024-10-20
68,68,C00193,,2025-08-02,2025-08-22,C,N,,9,2025-08-02,2025-08-25
69,69,C00197,ARCO-2022-00152,2024-06-10,2024-08-11,C,N,Urgente,9,2024-06-10,2024-06-24
70,70,C00073,ARCO-2022-00034,2022-02-25,2022-05-09,O,N,Reposição,23,2022-02-25,2022-03-11
71,71,C00063,ARCO-2023-00135,2024-09-11,2024-12-03,O,N,Pedido complementar,21,2024-09-11,2024-09-12
72,72,C00111,ARCO-2024-00163,2023-04-13,2023-07-04,O,N,Urgente,5,2023-04-13,2023-04-22
73,73,C00038,,2024-10-27,2024-12-22,C,N,Urgente,22,2024-10-27,2024-10-28
74,74,C00083,ARCO-2022-00171,2024-03-18,2024-06-08,C,N,Urgente,19,2024-03-18,2024-03-23
75,75,C00268,,2022-04-04,2022-06-15,C,N,,1,2022-04-04,2022-04-04
76,76,C00229,ARCO-2023-00194,2022-10-22,2023-01-06,O,N,Pedido complementar,1,2022-10-22,2022-10-28
77,77,C00174,ARCO-2025-00281,2024-04-01,2024-06-15,C,N,,22,2024-04-01,2024-04-20
78,78,C00065,ARCO-2023-00271,2024-10-29,2025-01-12,C,N,Pedido complementar,17,2024-10-29,2024-11-20
79,79,C00016,,2024-11-24,2025-02-13,C,N,,10,2024-11-24,2024-11-29
80,80,C00030,ARCO-2024-00190,2023-06-16,2023-07-01,C,N,Pedido complementar,25,2023-06-16,2023-07-02
81,81,C00075,ARCO-2022-00296,2022-06-21,2022-08-16,C,N,Urgente,24,2022-06-21,2022-07-21
82,82,C00132,,2023-10-06,2023-11-14,C,N,,11,2023-10-06,2023-10-29
83,83,C00243,ARCO-2024-00238,2023-11-26,2024-01-24,C,N,,19,2023-11-26,2023-12-14
84,84,C00015,ARCO-2022-00270,2023-01-06,2023-03-23,O,N,Pedido complementar,1,2023-01-06,2023-02-01
85,85,C00067,ARCO-2023-00106,2025-12-17,2026-01-23,O,N,,18,2025-12-17,2026-01-01
86,86,C00053,ARCO-2023-00039,2024-01-30,2024-04-16,C,N,Urgente,15,2024-01-30,2024-02-02
87,87,C00217,ARCO-2024-00151,2025-01-17,2025-03-20,O,N,Reposição,4,2025-01-17,2025-01-29
88,88,C00120,ARCO-2025-00090,2024-05-20,2024-08-17,O,N,,13,2024-05-20,2024-05-25
89,89,C00016,,2024-04-26,2024-07-22,C,Y,,10,2024-04-26,2024-05-01
90,90,C00204, ARCO-2023-00040,2022-02-21,2022-03-17,C,N,,25,2022-02-21,2022-03-22
91,91,C00111,,2022-06-14,2022-08-19,O,N,,5,2022-06-14,2022-07-12
92,92,C00176,ARCO-2022-00017,2023-02-11,2023-03-24,O,N,Urgente,16,2023-02-11,2023-02-16
93,93,C00130,,2024-02-11,2024-05-09,O,N,Urgente,4,2024-02-11,2024-02-16
94,94,C00143,,2024-06-06,2024-07-21,C,Y,,19,2024-06-06,2024-07-06
95,95,C00017,ARCO-2024-00167,2022-11-17,2023-01-15,C,N,Reposição,10,2022-11-17,2022-11-27
96,96,C00056,ARCO-2024-00113,2023-04-06,2023-05-07,C,N,Urgente,9,2023-04-06,2023-04-11
97,97,C00045,ARCO-2022-00294 ,2023-04-01,2023-05-30,O,N,Reposição,21,2023-04-01,2023-04-27
98,98,C00220,ARCO-2023-00221,2024-07-15,2024-09-18,C,N,Urgente,17,2024-07-15,2024-08-11
99,99,C00086,ARCO-2023-00156,2023-02-25,2023-05-26,C,N,Pedido complementar,19,2023-02-25,2023-03-17
100,100,C00192, ARCO-2022-00371,2024-06-09,2024-08-01,O,N,Urgente,16,2024-06-09,2024-06-20
101,101,C00212,,2022-02-14,2022-03-22,O,N,Pedido complementar,24,2022-02-14,2022-03-08
102,102,C00053,ARCO-2023-00088,2022-12-06,2023-01-13,O,N,,15,2022-12-06,2023-01-03
103,103,C00122,ARCO-2024-00144,2025-03-18,2025-04-06,C,N,,7,2025-03-18,2025-03-29
104,104,C00099,arco-2025-00089,2023-05-17,2023-07-16,C,Y,,17,2023-05-17,2023-06-14
105,105,C00170,arco-2025-00031,2023-11-23,2024-01-13,C,N,Pedido complementar,19,2023-11-23,2023-12-21
106,106,C00018,ARCO-2023-00208,2025-02-09,2025-05-06,C,N,,11,2025-02-09,2025-02-28
107,107,C00100,,2023-05-18,2023-06-26,O,N,,25,2023-05-18,2023-05-30
108,108,C00084, ARCO-2023-00068,2022-02-24,2022-04-24,C,N,Reposição,3,2022-02-24,2022-03-16
109,109,C00119,ARCO-2022-00138,2022-07-05,2022-08-09,C,N,,25,2022-07-05,2022-07-29
110,110,C00202,ARCO-2022-00314,2022-10-02,2022-10-24,O,N,Urgente,2,2022-10-02,2022-10-14
111,111,C00102,ARCO-2022-00236,2024-02-01,2024-03-22,O,N,,18,2024-02-01,2024-02-13
112,112,C00094,ARCO-2022-00138,2025-03-05,2025-04-15,C,N,,4,2025-03-05,2025-03-23
113,113,C00068,arco-2025-00229,2022-07-24,2022-10-08,C,N,Urgente,6,2022-07-24,2022-07-28
114,114,C00217,,2023-07-16,2023-09-29,C,N,Reposição,4,2023-07-16,2023-08-05
115,115,C00205,ARCO-2022-00053,2022-10-18,2022-11-05,C,N,Urgente,6,2022-10-18,2022-11-12
116,116,C00118,ARCO-2025-00293,2025-09-13,2025-12-05,C,N,,7,2025-09-13,2025-09-21
117,117,C00032,ARCO - 2022 - 00362,2025-11-16,2025-12-30,C,N,,14,2025-11-16,2025-11-19
118,118,C00139,ARCo-2025-00072,2023-09-06,2023-10-21,O,N,Urgente,1,2023-09-06,2023-09-21
119,119,C00237,ARCO-2024-00134,2022-09-17,2022-11-18,C,N,,2,2022-09-17,2022-09-19
120,120,C00260,ARCO-2025-00363,2025-07-10,2025-09-04,C,N,Reposição,22,2025-07-10,2025-07-15
121,121,C00004,ARCO-2024-00278,2022-03-26,2022-06-04,C,N,Reposição,11,2022-03-26,2022-04-01
122,122,C00107,,2022-12-15,2023-03-15,C,N,Urgente,19,2022-12-15,2022-12-26
123,123,C00049,ARCO-2025-00317,2022-12-06,2023-02-02,C,N,Pedido complementar,25,2022-12-06,2022-12-15
124,124,C00222,ARCO-2023-00267,2024-10-28,2024-12-27,C,N,Pedido complementar,18,2024-10-28,2024-11-14
125,125,C00088,,2023-10-19,2023-12-28,C,N,,11,2023-10-19,2023-10-19
126,126,C00264, ARCO-2022-00247,2022-12-11,2023-02-10,C,N,Pedido complementar,24,2022-12-11,2023-01-07
127,127,C00164,ARCO-2025-00042,2024-03-13,2024-04-18,C,N,,1,2024-03-13,2024-04-09
128,128,C00180,ARCO-2023-00055,2023-12-24,2024-02-28,O,N,,1,2023-12-24,2024-01-07
129,129,C00089,ARCO-2022-00097,2023-05-31,2023-07-08,O,N,,19,2023-05-31,2023-06-25
130,130,C00084, ARCO-2024-00141,2025-03-20,2025-04-26,C,Y,,3,2025-03-20,2025-04-08
131,131,C00214,ARCO-2024-00356,2022-10-03,2022-12-09,C,Y,,9,2022-10-03,2022-10-29
132,132,C00027,,2024-01-10,2024-03-20,O,N,Urgente,24,2024-01-10,2024-02-05
133,133,C00146,ARCO-2025-00010,2025-06-12,2025-07-06,O,N,,5,2025-06-12,2025-06-30
134,134,C00113,ARCO-2025-00103,2022-12-30,2023-01-31,O,N,Urgente,20,2022-12-30,2023-01-01
135,135,C00045,,2023-04-01,2023-06-03,O,N,Urgente,21,2023-04-01,2023-05-01
136,136,C00011,,2022-10-22,2023-01-04,C,N,,14,2022-10-22,2022-11-03
137,137,C00144,ARCO-2024-00351,2022-04-23,2022-07-07,C,N,Urgente,8,2022-04-23,2022-05-02
138,138,C00112,ARCO-2024-00366,2022-01-22,2022-02-07,C,N,Urgente,18,2022-01-22,2022-01-27
139,139,C00103,ARCO-2023-00047,2024-05-21,2024-06-23,O,N,,25,2024-05-21,2024-06-17
140,140,C00102,,2022-08-23,2022-09-08,C,N,Pedido complementar,18,2022-08-23,2022-08-25
141,141,C00223,ARCO-2025-00103,2024-03-07,2024-05-05,C,N,,21,2024-03-07,2024-03-10
142,142,C00101,ARCO-2024-00238,2024-03-06,2024-05-26,C,N,Urgente,12,2024-03-06,2024-04-03
143,143,C00017,ARCO-2023-00355,2023-05-30,2023-07-21,O,N,,10,2023-05-30,2023-06-25
144,144,C00143,,2022-05-23,2022-08-06,C,N,,19,2022-05-23,2022-06-08
145,145,C00226,ARCO-2025-00045,2024-10-09,2025-01-04,O,N,Pedido complementar,16,2024-10-09,2024-10-14
146,146,C00022,,2023-08-11,2023-11-05,O,N,,1,2023-08-11,2023-09-04
147,147,C00137,ARCO-2025-00255,2023-07-05,2023-09-02,C,N,,17,2023-07-05,2023-07-21
148,148,C00200,ARCO-2024-00230,2022-01-23,2022-02-28,C,N,Reposição,11,2022-01-23,2022-02-03
149,149,C00116,ARCO-2023-00071,2025-03-08,2025-03-28,C,N,,9,2025-03-08,2025-03-14
150,150,C00268,ARCO-2022-00362,2025-08-30,2025-09-15,O,N,,1,2025-08-30,2025-09-15
151,151,C00173,ARCO-2022-00161,2023-07-03,2023-08-09,O,N,,10,2023-07-03,2023-07-10
152,152,C00165,,2025-05-20,2025-06-06,O,N,,11,2025-05-20,2025-06-04
153,153,C00040,ARCO-2025-00219 ,2025-08-19,2025-10-25,O,N,Urgente,13,2025-08-19,2025-09-04
154,154,C00135,ARCO-2025-00235 ,2022-06-18,2022-09-10,C,N,,12,2022-06-18,2022-07-16
155,155,C00213,ARCO-2023-00213,2022-09-27,2022-11-30,O,N,,16,2022-09-27,2022-10-08
156,156,C00153,,2022-06-28,2022-09-17,C,N,Pedido complementar,5,2022-06-28,2022-07-17
157,157,C00018,,2022-11-02,2023-01-13,C,N,,11,2022-11-02,2022-11-20
158,158,C00057,ARCO-2022-00265,2022-03-25,2022-06-06,C,N,,20,2022-03-25,2022-04-01
159,159,C00187,ARCo-2022-00220,2023-04-12,2023-05-28,C,N,Urgente,21,2023-04-12,2023-04-30
160,160,C00264,ARCO-2025-00014,2025-08-13,2025-10-23,C,Y,Urgente,24,2025-08-13,2025-08-28
161,161,C00062,ARCO-2024-00070,2023-01-11,2023-03-20,C,N,Urgente,3,2023-01-11,2023-02-09
162,162,C00144,,2025-06-12,2025-06-29,C,N,Pedido complementar,8,2025-06-12,2025-06-28
163,163,C00221,ARCO-2023-00258,2025-10-16,2025-11-05,C,N,,17,2025-10-16,2025-11-03
164,164,C00213,ARCO-2025-00349,2025-11-27,2026-02-15,C,N,Reposição,16,2025-11-27,2025-12-21
165,165,C00247,,2022-02-19,2022-04-15,C,N,Pedido complementar,20,2022-02-19,2022-03-11
166,166,C00155,ARCO-2025-00072,2025-11-23,2026-02-04,O,N,Reposição,13,2025-11-23,2025-12-06
167,167,C00040,ARCO-2024-00206,2024-06-25,2024-07-13,C,N,,13,2024-06-25,2024-07-21
168,168,C00032,,2024-04-03,2024-05-08,C,N,Pedido complementar,14,2024-04-03,2024-05-01
169,169,C00008,ARCO-2022-00298,2024-11-08,2024-12-03,C,N,,11,2024-11-08,2024-11-23
170,170,C00062,ARCO-2025-00215,2023-02-22,2023-04-07,C,N,Pedido complementar,3,2023-02-22,2023-03-23
171,171,C00004,ARCO-2024-00158,2022-12-18,2023-02-22,C,N,,11,2022-12-18,2022-12-24
172,172,C00121,,2022-06-28,2022-08-12,C,N,Pedido complementar,3,2022-06-28,2022-07-17
173,173,C00010,ARCO-2022-00184,2025-06-04,2025-08-11,C,Y,Urgente,16,2025-06-04,2025-06-23
174,174,C00092,ARCO-2025-00175,2024-06-18,2024-07-27,O,N,Reposição,8,2024-06-18,2024-07-04
175,175,C00084,,2023-07-11,2023-08-24,C,N,Pedido complementar,3,2023-07-11,2023-08-04
176,176,C00143,ARCO-2023-00126,2025-11-29,2026-01-01,O,N,Reposição,19,2025-11-29,2025-12-02
177,177,C00213,ARCO-2025-00003,2024-02-11,2024-03-31,O,N,,16,2024-02-11,2024-03-10
178,178,C00027,ARCO-2022-00334,2025-04-04,2025-05-07,C,N,,24,2025-04-04,2025-04-10
179,179,C00230,,2022-08-23,2022-11-06,O,N,,7,2022-08-23,2022-09-05
180,180,C00153,ARCO-2023-00025,2024-11-16,2025-02-08,O,N,,5,2024-11-16,2024-11-30
181,181,C00082,ARCO-2023-00271,2024-04-29,2024-07-23,O,N,,24,2024-04-29,2024-05-25
182,182,C00154,,2023-10-31,2023-11-18,O,N,Reposição,23,2023-10-31,2023-11-16
183,183,C00174,,2023-01-12,2023-03-27,C,N,Urgente,22,2023-01-12,2023-01-29
184,184,C00002,ARCO-2025-00304,2025-05-13,2025-07-16,O,N,Urgente,20,2025-05-13,2025-05-25
185,185,C00201,arco-2025-00286,2022-02-04,2022-03-21,C,N,,19,2022-02-04,2022-02-24
186,186,C00090,,2024-05-12,2024-06-20,C,N,,2,2024-05-12,2024-05-22
187,187,C00196,ARCO-2023-00095,2023-11-16,2024-02-05,C,N,,4,2023-11-16,2023-11-21
188,188,C00006,ARCO-2022-00152,2025-09-09,2025-10-12,C,N,,10,2025-09-09,2025-09-15
189,189,C00209,arco-2022-00300,2023-04-02,2023-06-14,C,N,,12,2023-04-02,2023-04-19
190,190,C00137,ARCO-2023-00208,2025-12-13,2026-01-04,O,N,Pedido complementar,17,2025-12-13,2026-01-06
191,191,C00230,ARCO-2024-00151,2023-10-14,2023-11-15,C,Y,,7,2023-10-14,2023-10-21
192,192,C00218,ARCO-2022-00041,2024-06-19,2024-08-20,C,N,,9,2024-06-19,2024-07-16
193,193,C00205,,2023-07-12,2023-09-30,C,N,,6,2023-07-12,2023-08-08
194,194,C00232,,2023-05-25,2023-08-14,C,N,Pedido complementar,6,2023-05-25,2023-06-06
195,195,C00211,ARCO-2023-00102,2023-04-18,2023-06-26,O,N,Urgente,25,2023-04-18,2023-05-07
196,196,C00209, ARCO-2023-00038,2023-09-28,2023-12-24,C,N,Pedido complementar,12,2023-09-28,2023-10-26
197,197,C00090,ARCO-2025-00026,2023-01-16,2023-04-08,C,N,Urgente,2,2023-01-16,2023-02-03
198,198,C00066,ARCO-2024-00214,2024-07-18,2024-10-13,C,N,,18,2024-07-18,2024-08-15
199,199,C00177,ARCO-2024-00303,2025-05-15,2025-06-18,C,N,Reposição,15,2025-05-15,2025-06-09
200,200,C00127,ARCO-2025-00284,2024-03-29,2024-06-23,C,N,Urgente,16,2024-03-29,2024-04-12
201,201,C00096,ARCo-2025-00223,2023-05-21,2023-07-07,C,N,Reposição,17,2023-05-21,2023-06-20
202,202,C00129,,2023-05-21,2023-06-17,C,N,Reposição,1,2023-05-21,2023-06-13
203,203,C00098,,2025-05-12,2025-06-06,O,N,Urgente,9,2025-05-12,2025-05-12
204,204,C00016,ARCO-2025-00035,2022-04-12,2022-06-25,C,N,Reposição,10,2022-04-12,2022-05-05
205,205,C00035,,2023-09-17,2023-10-31,O,N,Pedido complementar,22,2023-09-17,2023-10-16
206,206,C00037, ARCO-2025-00061,2025-03-23,2025-06-09,C,N,Pedido complementar,19,2025-03-23,2025-04-18
207,207,C00241,ARCO-2024-00303,2024-06-09,2024-08-04,C,N,Pedido complementar,23,2024-06-09,2024-07-04
208,208,C00070,ARCO-2022-00006,2025-12-23,2026-01-26,O,N,,10,2025-12-23,2026-01-02
209,209,C00119,ARCO-2022-00249,2024-05-26,2024-06-23,C,N,Reposição,25,2024-05-26,2024-06-23
210,210,C00206,ARCO-2025-00292,2025-01-21,2025-02-09,C,N,,18,2025-01-21,2025-02-18
211,211,C00003,ARCO-2025-00338,2025-07-10,2025-07-25,C,N,Urgente,16,2025-07-10,2025-07-13
212,212,C00221,ARCO-2024-00246,2025-08-27,2025-10-18,O,N,,17,2025-08-27,2025-09-11
213,213,C00132,ARCO-2023-00084,2022-05-29,2022-07-07,C,N,,11,2022-05-29,2022-06-25
214,214,C00208,ARCO-2025-00027,2024-10-12,2024-11-21,O,N,,9,2024-10-12,2024-10-13
215,215,C00116,ARCO-2024-00295,2023-01-03,2023-01-23,O,N,Reposição,9,2023-01-03,2023-01-26
216,216,C00037,ARCO-2022-00265,2023-03-07,2023-05-19,O,N,Pedido complementar,19,2023-03-07,2023-03-12
217,217,C00151,,2023-09-28,2023-11-17,C,N,Reposição,17,2023-09-28,2023-09-28
218,218,C00139,ARCO-2025-00014,2024-12-30,2025-03-08,O,N,,1,2024-12-30,2025-01-01
219,219,C00003,ARCO-2022-00241,2022-06-06,2022-06-30,C,N,Pedido complementar,16,2022-06-06,2022-06-23
220,220,C00183,ARCO-2024-00356,2025-09-08,2025-10-14,C,N,,9,2025-09-08,2025-09-16
221,221,C00181,ARCo-2025-00131,2025-02-17,2025-04-18,C,Y,,10,2025-02-17,2025-03-06
222,222,C00041,ARCO-2022-00049,2024-07-14,2024-08-31,C,N,Reposição,11,2024-07-14,2024-07-26
223,223,C00188,ARCO-2025-00342 ,2022-04-07,2022-06-23,C,Y,,18,2022-04-07,2022-04-07
224,224,C00126,,2022-01-26,2022-03-21,C,N,,3,2022-01-26,2022-02-12
225,225,C00142,,2023-05-25,2023-08-17,O,N,Reposição,19,2023-05-25,2023-05-25
226,226,C00108,ARCO-2024-00202,2022-03-23,2022-05-07,C,N,Reposição,5,2022-03-23,2022-04-09
227,227,C00205,ARCO-2022-00143,2025-11-21,2025-12-08,C,N,,6,2025-11-21,2025-11-25
228,228,C00201,ARCO-2025-00312,2022-07-05,2022-09-06,C,N,Pedido complementar,19,2022-07-05,2022-07-24
229,229,C00106,,2023-04-30,2023-06-27,C,N,,24,2023-04-30,2023-05-29
230,230,C00098,ARCO-2022-00240,2022-02-12,2022-05-02,C,N,Urgente,9,2022-02-12,2022-02-27
231,231,C00022,ARCO-2022-00310,2022-03-29,2022-05-04,O,N,Pedido complementar,1,2022-03-29,2022-04-01
232,232,C00048,ARCO-2022-00371,2025-07-12,2025-09-01,O,N,,9,2025-07-12,2025-08-02
233,233,C00075,,2024-02-15,2024-03-13,O,N,,24,2024-02-15,2024-03-03
234,234,C00174,ARCO-2023-00176,2024-03-28,2024-05-12,O,N,,22,2024-03-28,2024-04-16
235,235,C00207,ARCO-2023-00233,2025-10-08,2025-11-12,C,Y,,17,2025-10-08,2025-10-27
236,236,C00241,ARCO-2022-00244,2023-07-13,2023-09-12,C,N,Pedido complementar,23,2023-07-13,2023-08-04
237,237,C00030,,2025-10-22,2025-11-23,O,N,,25,2025-10-22,2025-10-31
238,238,C00200,ARCO-2025-00317,2023-05-15,2023-08-11,C,N,Urgente,11,2023-05-15,2023-06-09
239,239,C00199,,2022-09-28,2022-12-04,O,N,Pedido complementar,19,2022-09-28,2022-10-22
240,240,C00193,,2024-01-15,2024-02-28,O,N,Urgente,9,2024-01-15,2024-01-17
241,241,C00155,ARCO-2022-00192,2025-02-11,2025-04-24,O,N,Urgente,13,2025-02-11,2025-02-27
242,242,C00206,ARCO-2025-00027,2022-03-27,2022-05-31,C,N,,18,2022-03-27,2022-04-07
243,243,C00023,ARCO-2024-00272,2022-06-29,2022-09-06,C,N,Reposição,3,2022-06-29,2022-07-16
244,244,C00062,ARCO-2023-00111,2025-04-28,2025-05-28,O,N,Pedido complementar,3,2025-04-28,2025-05-05
245,245,C00015,ARCO - 2024 - 00070,2023-11-26,2023-12-31,O,N,Urgente,1,2023-11-26,2023-12-20
246,246,C00190,ARCO-2023-00357,2023-04-19,2023-05-18,C,N,,4,2023-04-19,2023-05-01
247,247,C00022,ARCO-2023-00367,2022-03-30,2022-05-01,C,N,Urgente,1,2022-03-30,2022-04-28
248,248,C00152,ARCO-2025-00132,2025-07-14,2025-10-12,C,Y,,10,2025-07-14,2025-08-06
249,249,C00145,ARCO-2023-00169,2022-07-05,2022-08-04,C,Y,Reposição,19,2022-07-05,2022-07-08
250,250,C00200,ARCO-2023-00180,2023-08-04,2023-09-24,C,N,Urgente,11,2023-08-04,2023-08-09
251,251,C00086,ARCO-2025-00352,2022-09-10,2022-11-27,C,N,,19,2022-09-10,2022-10-02
252,252,C00209,ARCO-2025-00121,2024-04-16,2024-05-14,C,N,,12,2024-04-16,2024-05-03
253,253,C00217,ARCO-2022-00006,2025-08-04,2025-09-07,C,N,Urgente,4,2025-08-04,2025-08-04
254,254,C00068,ARCO-2025-00033,2024-01-18,2024-02-05,O,N,,6,2024-01-18,2024-02-08
255,255,C00003,ARCO-2024-00118,2025-07-24,2025-08-19,C,N,,16,2025-07-24,2025-08-03
256,256,C00217,ARCO-2022-00270,2022-05-07,2022-07-08,O,N,,4,2022-05-07,2022-05-09
257,257,C00108,ARCO-2022-00168,2025-03-07,2025-04-24,O,N,,5,2025-03-07,2025-03-30
258,258,C00188,ARCO-2025-00349,2025-11-23,2026-02-05,C,N,Pedido complementar,18,2025-11-23,2025-12-07
259,259,C00064, ARCO-2024-00377,2025-07-29,2025-10-25,C,N,Pedido complementar,6,2025-07-29,2025-08-27
260,260,C00154,,2024-04-08,2024-07-06,O,N,Urgente,23,2024-04-08,2024-05-06
261,261,C00064,ARCO-2025-00100,2025-05-28,2025-08-14,C,N,Reposição,6,2025-05-28,2025-06-11
262,262,C00203,ARCO-2024-00004,2024-08-17,2024-09-07,O,N,Pedido complementar,13,2024-08-17,2024-09-08
263,263,C00245,,2022-07-01,2022-09-23,C,N,,8,2022-07-01,2022-07-26
264,264,C00052,ARCO - 2023 - 00084,2024-06-04,2024-08-20,O,N,,17,2024-06-04,2024-06-26
265,265,C00246, ARCO-2025-00350,2024-04-09,2024-05-31,C,Y,Reposição,20,2024-04-09,2024-05-08
266,266,C00069,ARCO-2023-00084,2024-07-31,2024-10-02,C,N,Pedido complementar,16,2024-07-31,2024-08-05
267,267,C00133,ARCO-2022-00243,2025-06-27,2025-08-01,O,N,,14,2025-06-27,2025-07-17
268,268,C00073,ARCO-2022-00123,2022-02-14,2022-05-13,O,N,,23,2022-02-14,2022-02-16
269,269,C00217,ARCO-2022-00117,2022-12-25,2023-03-16,C,N,,4,2022-12-25,2023-01-24
270,270,C00153,ARCO-2024-00037,2024-12-11,2025-01-14,C,Y,Pedido complementar,5,2024-12-11,2024-12-26
271,271,C00170,,2022-06-22,2022-08-18,C,N,,19,2022-06-22,2022-07-20
272,272,C00200,ARCO-2025-00227,2025-03-10,2025-04-02,O,N,,11,2025-03-10,2025-03-13
273,273,C00016,ARCO-2024-00202,2023-05-19,2023-06-30,O,N,Urgente,10,2023-05-19,2023-06-08
274,274,C00078,,2024-10-06,2024-12-17,C,N,,14,2024-10-06,2024-11-05
275,275,C00039,ARCO-2022-00372,2022-03-11,2022-05-15,C,N,Pedido complementar,23,2022-03-11,2022-03-26
276,276,C00015,,2024-06-26,2024-07-11,O,N,,1,2024-06-26,2024-07-03
277,277,C00194,,2023-11-18,2024-01-12,O,N,,14,2023-11-18,2023-11-22
278,278,C00148,ARCO-2025-00020,2025-12-21,2026-02-12,O,N,Urgente,14,2025-12-21,2025-12-29
279,279,C00010,ARCO-2025-00223,2024-01-22,2024-04-10,O,N,Urgente,16,2024-01-22,2024-01-26
280,280,C00191,ARCO-2024-00002,2024-05-30,2024-07-04,O,N,,22,2024-05-30,2024-06-21
281,281,C00208,ARCO-2023-00261,2024-01-01,2024-03-07,C,N,Pedido complementar,9,2024-01-01,2024-01-03
282,282,C00145,ARCO-2025-00137,2024-09-21,2024-12-20,O,N,,19,2024-09-21,2024-10-09
283,283,C00249,ARCO-2024-00278,2025-05-10,2025-06-03,C,N,Pedido complementar,25,2025-05-10,2025-05-26
284,284,C00219,ARCO-2024-00379,2023-10-08,2023-12-02,O,N,Reposição,10,2023-10-08,2023-10-30
285,285,C00107,ARCO-2024-00214,2024-06-12,2024-08-03,O,N,Pedido complementar,19,2024-06-12,2024-06-19
286,286,C00132,,2022-07-27,2022-08-27,O,N,Reposição,11,2022-07-27,2022-08-14
287,287,C00039,ARCO-2024-00054,2023-08-14,2023-11-08,C,N,,23,2023-08-14,2023-08-14
288,288,C00038,ARCO-2023-00231,2025-12-02,2026-01-06,O,N,Reposição,22,2025-12-02,2025-12-18
289,289,C00156,,2023-09-07,2023-10-14,O,N,Pedido complementar,23,2023-09-07,2023-09-21
290,290,C00262,ARCO-2025-00033,2024-10-23,2025-01-13,O,N,,11,2024-10-23,2024-10-29
291,291,C00231,ARCO-2024-00280,2022-04-29,2022-06-25,C,N,,21,2022-04-29,2022-05-01
292,292,C00199,ARCO-2022-00197,2023-02-14,2023-04-02,C,N,Urgente,19,2023-02-14,2023-02-23
293,293,C00240,ARCO-2024-00295,2023-07-10,2023-09-13,O,N,,1,2023-07-10,2023-07-26
294,294,C00220,ARCO-2025-00320,2024-03-03,2024-04-11,C,N,,17,2024-03-03,2024-03-30
295,295,C00228,ARCO-2023-00203,2022-04-14,2022-07-07,O,N,,23,2022-04-14,2022-04-27
296,296,C00043,ARCO-2023-00068 ,2023-10-23,2023-12-22,C,N,Pedido complementar,3,2023-10-23,2023-11-08
297,297,C00209,,2023-11-08,2024-01-25,C,N,,12,2023-11-08,2023-11-18
298,298,C00184,,2023-12-23,2024-01-19,O,N,Urgente,23,2023-12-23,2023-12-31
299,299,C00003,ARCO-2023-00198,2023-11-23,2024-02-12,C,N,,16,2023-11-23,2023-12-02
300,300,C00030,ARCO-2023-00213,2023-06-07,2023-08-02,O,N,,25,2023-06-07,2023-07-04
301,301,C00155,ARCO-2025-00263,2024-08-25,2024-10-16,O,N,,13,2024-08-25,2024-08-31
302,302,C00209,,2024-05-22,2024-06-08,C,N,,12,2024-05-22,2024-06-17
303,303,C00241,,2022-05-11,2022-07-22,O,N,Urgente,23,2022-05-11,2022-05-17
304,304,C00024,,2023-09-03,2023-10-22,O,N,Reposição,11,2023-09-03,2023-09-23
305,305,C00211,ARCO-2025-00024,2023-11-13,2023-12-04,C,N,Reposição,25,2023-11-13,2023-11-20
306,306,C00016,,2023-07-24,2023-08-16,O,N,Reposição,10,2023-07-24,2023-07-24
307,307,C00222,ARCO-2025-00311,2024-09-19,2024-12-16,C,N,,18,2024-09-19,2024-09-29
308,308,C00079,ARCO-2024-00057,2024-03-08,2024-04-26,C,Y,,10,2024-03-08,2024-04-06
309,309,C00022,ARCO-2024-00182,2024-02-13,2024-04-30,C,N,,1,2024-02-13,2024-03-02
310,310,C00165,ARCO-2022-00328,2025-03-19,2025-05-05,O,N,Reposição,11,2025-03-19,2025-04-14
311,311,C00024, ARCO-2023-00222,2023-05-29,2023-07-17,O,N,,11,2023-05-29,2023-06-23
312,312,C00120,,2023-12-26,2024-03-17,C,N,,13,2023-12-26,2024-01-05
313,313,C00144,ARCO-2023-00009,2023-10-02,2023-11-05,O,N,Reposição,8,2023-10-02,2023-10-25
314,314,C00226,ARCO-2025-00242,2024-06-13,2024-08-25,C,N,,16,2024-06-13,2024-07-04
315,315,C00159,ARCO-2024-00218,2025-11-07,2026-01-27,O,N,Reposição,3,2025-11-07,2025-11-23
316,316,C00067,,2023-10-18,2024-01-07,C,N,,18,2023-10-18,2023-10-21
317,317,C00216,ARCO-2023-00332,2022-12-11,2023-02-18,O,N,,18,2022-12-11,2023-01-03
318,318,C00193,ARCO-2024-00144,2024-05-10,2024-07-25,C,N,,9,2024-05-10,2024-05-13
319,319,C00228,ARCO-2024-00002,2023-01-08,2023-04-08,O,N,Pedido complementar,23,2023-01-08,2023-02-06
320,320,C00045,ARCO-2024-00272,2022-07-04,2022-09-16,C,N,,21,2022-07-04,2022-07-28
321,321,C00076,,2024-01-11,2024-03-09,C,N,Reposição,17,2024-01-11,2024-01-28
322,322,C00012,,2022-11-09,2022-12-24,O,N,,6,2022-11-09,2022-11-16
323,323,C00243,ARCO-2025-00320,2025-04-01,2025-04-19,O,N,,19,2025-04-01,2025-04-16
324,324,C00029,ARCO-2022-00220,2023-07-13,2023-10-05,C,N,Reposição,3,2023-07-13,2023-07-21
325,325,C00239,,2025-04-04,2025-05-30,C,N,Urgente,9,2025-04-04,2025-04-17
326,326,C00258,ARCO-2025-00104,2022-06-08,2022-08-31,C,N,,14,2022-06-08,2022-07-04
327,327,C00232,ARCO-2024-00237,2023-12-24,2024-03-22,O,N,Reposição,6,2023-12-24,2023-12-25
328,328,C00155,ARCO-2025-00312,2025-07-08,2025-09-10,O,N,Reposição,13,2025-07-08,2025-07-14
329,329,C00262,ARCO-2025-00263,2023-02-25,2023-05-18,O,N,,11,2023-02-25,2023-03-18
330,330,C00246,ARCO-2023-00078,2024-03-28,2024-04-25,O,N,Pedido complementar,20,2024-03-28,2024-04-22
331,331,C00015,ARCO-2022-00171,2025-01-25,2025-04-19,O,N,Reposição,1,2025-01-25,2025-02-14
332,332,C00199,,2022-07-21,2022-10-09,O,N,,19,2022-07-21,2022-08-10
333,333,C00254,ARCO-2024-00206,2025-05-05,2025-05-24,C,Y,Reposição,7,2025-05-05,2025-05-09
334,334,C00113,ARCO-2023-00076,2022-10-22,2022-12-25,C,N,,20,2022-10-22,2022-10-29
335,335,C00141,,2024-11-13,2025-01-22,C,N,Urgente,24,2024-11-13,2024-12-12
336,336,C00024,ARCO-2022-00162 ,2023-11-03,2024-01-15,C,N,Reposição,11,2023-11-03,2023-11-28
337,337,C00116,,2023-01-27,2023-03-26,C,N,,9,2023-01-27,2023-02-21
338,338,C00250,arco-2024-00379,2025-09-09,2025-10-21,O,N,,15,2025-09-09,2025-09-29
339,339,C00022,ARCO-2024-00163,2022-03-09,2022-05-08,O,N,Reposição,1,2022-03-09,2022-03-24
340,340,C00114,ARCO-2023-00364,2023-06-24,2023-07-14,C,N,Reposição,15,2023-06-24,2023-07-11
341,341,C00108,ARCO-2023-00040,2023-09-24,2023-12-09,O,N,Pedido complementar,5,2023-09-24,2023-09-27
342,342,C00079,,2025-08-20,2025-10-15,O,N,Reposição,10,2025-08-20,2025-09-03
343,343,C00059,ARCO-2024-00202,2024-12-29,2025-01-22,O,N,Urgente,17,2024-12-29,2025-01-26
344,344,C00231,arco-2023-00276,2023-04-21,2023-06-13,C,N,Reposição,21,2023-04-21,2023-04-30
345,345,C00135,ARCO-2022-00243,2023-08-24,2023-09-11,O,N,Urgente,12,2023-08-24,2023-09-16
346,346,C00219,,2022-02-14,2022-03-09,C,N,,10,2022-02-14,2022-03-05
347,347,C00164,ARCO-2024-00256,2023-03-03,2023-04-02,C,N,Urgente,1,2023-03-03,2023-03-14
348,348,C00232,ARCO-2023-00083,2025-12-11,2026-01-13,C,N,Reposição,6,2025-12-11,2025-12-23
349,349,C00107,ARCO-2024-00070,2022-07-01,2022-08-27,C,N,Pedido complementar,19,2022-07-01,2022-07-22
350,350,C00156,ARCO-2022-00117,2023-09-07,2023-10-03,C,N,Pedido complementar,23,2023-09-07,2023-09-18
351,351,C00036,ARCO-2024-00321,2025-01-05,2025-02-20,C,N,Urgente,11,2025-01-05,2025-01-05
352,352,C00239,,2023-09-07,2023-10-29,C,N,Pedido complementar,9,2023-09-07,2023-09-15
353,353,C00200,ARCO-2022-00063,2025-07-18,2025-10-14,C,N,Pedido complementar,11,2025-07-18,2025-07-20
354,354,C00250,ARCo-2022-00313,2024-06-24,2024-07-09,C,Y,,15,2024-06-24,2024-07-22
355,355,C00085, ARCO-2024-00341,2025-02-04,2025-02-28,C,N,,7,2025-02-04,2025-02-11
356,356,C00154,,2025-09-29,2025-12-14,C,N,,23,2025-09-29,2025-10-21
357,357,C00131,,2023-02-21,2023-05-09,C,N,Pedido complementar,19,2023-02-21,2023-02-25
358,358,C00065,ARCO-2022-00148,2023-05-10,2023-06-19,O,N,Urgente,17,2023-05-10,2023-06-09
359,359,C00179,,2022-03-02,2022-05-29,C,N,,21,2022-03-02,2022-03-05
360,360,C00097,ARCO-2022-00232,2025-05-13,2025-07-15,C,N,,6,2025-05-13,2025-05-13
361,361,C00072,,2024-03-18,2024-05-02,C,N,,6,2024-03-18,2024-03-22
362,362,C00066,ARCO-2025-00358,2023-07-05,2023-10-03,C,Y,,18,2023-07-05,2023-07-28
363,363,C00225,,2025-02-08,2025-03-23,C,N,Reposição,13,2025-02-08,2025-03-03
364,364,C00009,ARCO-2022-00232,2023-11-02,2023-12-06,C,N,Urgente,20,2023-11-02,2023-11-05
365,365,C00141,ARCO-2023-00316,2023-05-18,2023-07-16,O,N,Urgente,24,2023-05-18,2023-06-16
366,366,C00185,ARCO-2024-00158 ,2022-04-18,2022-05-17,C,N,Urgente,2,2022-04-18,2022-05-12
367,367,C00066,ARCO-2025-00035,2024-01-01,2024-03-04,C,N,,18,2024-01-01,2024-01-19
368,368,C00081,ARCO-2022-00249,2024-02-09,2024-03-28,O,N,,24,2024-02-09,2024-02-09
369,369,C00111,,2025-01-26,2025-03-23,O,N,Pedido complementar,5,2025-01-26,2025-02-20
370,370,C00172,ARCO-2023-00374,2023-03-03,2023-04-21,C,N,,4,2023-03-03,2023-03-31
371,371,C00205,ARCO-2023-00093,2025-01-02,2025-02-15,C,Y,Urgente,6,2025-01-02,2025-01-26
372,372,C00124,,2022-05-16,2022-07-02,C,N,Pedido complementar,25,2022-05-16,2022-06-08
373,373,C00043,ARCO-2022-00247,2023-02-10,2023-03-16,C,N,,3,2023-02-10,2023-03-04
374,374,C00235,ARCO-2024-00239,2023-10-11,2023-11-22,O,N,Pedido complementar,3,2023-10-11,2023-10-11
375,375,C00149,ARCO-2025-00165,2024-06-21,2024-09-07,C,N,Reposição,2,2024-06-21,2024-06-27
376,376,C00027,ARCO-2022-00192,2022-05-03,2022-05-30,C,N,,24,2022-05-03,2022-05-05
377,377,C00160,ARCO-2023-00044,2022-05-13,2022-06-29,O,N,Reposição,12,2022-05-13,2022-05-26
378,378,C00088,ARCO-2022-00008,2025-01-28,2025-02-21,C,N,,11,2025-01-28,2025-02-16
379,379,C00208,ARCO-2025-00164,2022-09-21,2022-11-17,C,N,Urgente,9,2022-09-21,2022-10-11
380,380,C00002,ARCO-2022-00220,2025-09-06,2025-10-16,O,N,Pedido complementar,20,2025-09-06,2025-09-08
381,381,C00191,,2023-01-03,2023-02-12,O,N,,22,2023-01-03,2023-01-08
382,382,C00100,ARCO-2023-00258,2023-11-18,2024-01-14,O,N,,25,2023-11-18,2023-11-23
383,383,C00148,ARCO-2023-00050,2022-11-11,2022-11-29,C,N,,14,2022-11-11,2022-11-14
384,384,C00162,ARCO-2025-00164,2025-03-05,2025-04-07,O,N,Urgente,8,2025-03-05,2025-03-18
385,385,C00128,ARCO-2024-00379,2022-09-21,2022-10-23,O,N,,11,2022-09-21,2022-10-01
386,386,C00119,,2025-04-17,2025-05-18,O,N,,25,2025-04-17,2025-04-28
387,387,C00194, ARCO-2023-00015,2022-04-05,2022-04-29,O,N,,14,2022-04-05,2022-04-22
388,388,C00158,arco-2024-00295,2025-08-07,2025-09-13,C,N,Urgente,13,2025-08-07,2025-09-06
389,389,C00060,,2022-11-21,2023-01-06,C,N,Urgente,7,2022-11-21,2022-12-12
390,390,C00146,ARCO-2023-00111,2024-10-22,2024-12-27,C,N,,5,2024-10-22,2024-11-10
391,391,C00227,ARCO-2025-00003,2025-04-10,2025-06-29,C,N,,9,2025-04-10,2025-04-15
392,392,C00028,ARCO-2022-00299,2023-05-22,2023-07-31,C,N,Urgente,5,2023-05-22,2023-06-11
393,393,C00125,ARCO-2022-00294,2025-07-04,2025-09-03,O,N,,18,2025-07-04,2025-07-15
394,394,C00208,,2022-07-08,2022-09-03,O,N,Urgente,9,2022-07-08,2022-07-19
395,395,C00171,ARCO-2022-00034,2024-03-09,2024-04-13,C,N,Pedido complementar,6,2024-03-09,2024-03-25
396,396,C00032,ARCO-2024-00214,2022-08-04,2022-09-22,C,N,,14,2022-08-04,2022-08-11
397,397,C00128,ARCO-2022-00298,2022-11-23,2023-01-13,C,N,,11,2022-11-23,2022-12-22
398,398,C00202,ARCO-2024-00163,2023-11-24,2024-01-04,C,N,Pedido complementar,2,2023-11-24,2023-12-16
399,399,C00209,ARCO-2024-00325,2025-03-26,2025-06-19,C,N,,12,2025-03-26,2025-04-04
400,400,C00104,,2025-12-19,2026-02-21,C,N,,21,2025-12-19,2025-12-28
401,401,C00053,ARCO-2025-00042,2024-07-26,2024-10-02,O,N,Reposição,15,2024-07-26,2024-08-24
402,402,C00115,ARCO-2024-00109,2023-08-10,2023-10-16,C,N,Pedido complementar,25,2023-08-10,2023-08-23
403,403,C00127,ARCO-2025-00014,2022-07-27,2022-09-30,C,N,Reposição,16,2022-07-27,2022-08-11
404,404,C00122,ARCO-2024-00280,2022-06-08,2022-08-15,O,N,,7,2022-06-08,2022-06-29
405,405,C00260,ARCO-2024-00202,2024-11-21,2024-12-31,C,N,,22,2024-11-21,2024-11-21
406,406,C00258,,2024-08-28,2024-09-28,C,N,Pedido complementar,14,2024-08-28,2024-09-02
407,407,C00003,,2023-07-15,2023-10-06,C,N,Urgente,16,2023-07-15,2023-08-14
408,408,C00010,ARCO-2025-00072,2023-07-18,2023-10-14,O,N,,16,2023-07-18,2023-07-27
409,409,C00204,,2025-04-27,2025-06-19,C,N,,25,2025-04-27,2025-05-17
410,410,C00143,,2025-03-30,2025-05-05,C,N,,19,2025-03-30,2025-04-10
411,411,C00208,ARCO-2023-00098,2024-07-31,2024-09-01,C,N,Reposição,9,2024-07-31,2024-08-20
412,412,C00154,ARCO-2023-00203,2023-06-22,2023-09-09,O,N,,23,2023-06-22,2023-06-27
413,413,C00212,ARCO-2022-00197,2025-03-07,2025-05-19,O,N,Urgente,24,2025-03-07,2025-03-28
414,414,C00014,ARCO-2024-00282,2023-11-05,2023-12-18,C,N,,7,2023-11-05,2023-12-05
415,415,C00200,ARCO-2023-00180,2025-03-15,2025-04-02,O,N,Pedido complementar,11,2025-03-15,2025-03-22
416,416,C00140,ARCO-2025-00018,2022-06-16,2022-07-25,O,N,,5,2022-06-16,2022-06-22
417,417,C00244,,2024-05-08,2024-07-23,O,N,,9,2024-05-08,2024-05-25
418,418,C00052,ARCO-2023-00289,2025-11-16,2026-01-03,O,N,,17,2025-11-16,2025-12-13
419,419,C00223,ARCO - 2023 - 00111,2025-01-19,2025-02-14,O,N,,21,2025-01-19,2025-02-06
420,420,C00043,,2022-04-08,2022-06-01,O,N,,3,2022-04-08,2022-04-12
421,421,C00214,,2022-09-01,2022-11-06,C,N,Pedido complementar,9,2022-09-01,2022-10-01
422,422,C00038,,2025-05-18,2025-06-07,O,N,,22,2025-05-18,2025-06-17
423,423,C00103,ARCO-2023-00169,2023-06-19,2023-07-23,O,N,,25,2023-06-19,2023-06-21
424,424,C00218,ARCO-2023-00245,2025-10-06,2025-11-02,C,N,Reposição,9,2025-10-06,2025-10-09
425,425,C00106,,2024-02-22,2024-03-15,O,N,Urgente,24,2024-02-22,2024-02-25
426,426,C00045,,2022-08-26,2022-10-06,O,N,,21,2022-08-26,2022-09-13
427,427,C00159,,2022-02-03,2022-03-07,C,N,Pedido complementar,3,2022-02-03,2022-03-02
428,428,C00003,ARCO-2023-00267,2025-09-03,2025-09-29,C,N,,16,2025-09-03,2025-09-29
429,429,C00236,,2023-09-05,2023-10-30,O,N,Pedido complementar,8,2023-09-05,2023-09-07
430,430,C00110,,2024-09-02,2024-11-21,C,N,,18,2024-09-02,2024-09-29
431,431,C00220,ARCO-2024-00037,2022-06-13,2022-07-02,C,N,,17,2022-06-13,2022-07-04
432,432,C00195,ARCO-2022-00296,2022-12-13,2023-01-28,O,N,,5,2022-12-13,2023-01-10
433,433,C00025,ARCO - 2025 - 00122,2023-03-23,2023-05-19,O,N,Pedido complementar,4,2023-03-23,2023-04-05
434,434,C00095,ARCO-2024-00209,2023-12-07,2024-02-03,O,N,,20,2023-12-07,2023-12-31
435,435,C00258,ARCO - 2023 - 00039,2023-08-03,2023-10-19,O,N,Urgente,14,2023-08-03,2023-08-21
436,436,C00142,ARCO-2022-00184,2025-05-23,2025-07-13,C,N,Reposição,19,2025-05-23,2025-05-30
437,437,C00030,ARCO-2023-00055,2025-07-11,2025-09-07,C,N,Pedido complementar,25,2025-07-11,2025-08-09
438,438,C00206,ARCO-2025-00187,2023-08-30,2023-10-02,O,N,Pedido complementar,18,2023-08-30,2023-09-01
439,439,C00234,ARCO - 2022 - 00207,2024-04-09,2024-06-09,O,N,,6,2024-04-09,2024-04-24
440,440,C00012,ARCO-2025-00043,2025-09-01,2025-10-21,O,N,,6,2025-09-01,2025-09-27
441,441,C00194,ARCO-2025-00216,2023-06-18,2023-07-08,C,N,,14,2023-06-18,2023-07-16
442,442,C00003,ARCO-2025-00327,2024-04-23,2024-06-29,C,N,Pedido complementar,16,2024-04-23,2024-05-01
443,443,C00052,ARCO-2023-00275 ,2024-04-14,2024-05-20,O,N,,17,2024-04-14,2024-04-17
444,444,C00180,,2025-09-12,2025-10-17,O,N,Reposição,1,2025-09-12,2025-09-16
445,445,C00093,ARCO-2024-00080,2025-01-02,2025-02-21,C,N,,8,2025-01-02,2025-01-18
446,446,C00099,ARCO-2025-00311,2023-09-01,2023-09-20,O,N,,17,2023-09-01,2023-09-24
447,447,C00138,ARCO-2022-00060,2022-07-28,2022-08-26,O,N,,24,2022-07-28,2022-08-23
448,448,C00161,ARCO-2025-00227,2022-12-04,2023-02-24,C,N,,20,2022-12-04,2022-12-29
449,449,C00224,ARCO-2022-00328,2025-09-23,2025-11-23,C,N,,8,2025-09-23,2025-10-12
450,450,C00238, ARCO-2023-00015,2022-02-05,2022-03-01,O,N,,15,2022-02-05,2022-02-24
451,451,C00148,,2025-12-29,2026-02-24,O,N,Reposição,14,2025-12-29,2026-01-08
452,452,C00065,,2024-11-11,2024-12-08,C,N,Reposição,17,2024-11-11,2024-11-24
453,453,C00233,ARCo-2024-00322,2022-12-25,2023-01-19,C,N,Reposição,5,2022-12-25,2023-01-01
454,454,C00012,ARCO-2024-00177,2025-02-19,2025-03-09,O,N,Reposição,6,2025-02-19,2025-03-15
455,455,C00060,ARCO-2023-00050,2025-09-15,2025-11-25,C,N,,7,2025-09-15,2025-10-11
456,456,C00207,ARCO-2022-00008,2023-11-11,2024-02-04,C,N,Urgente,17,2023-11-11,2023-12-06
457,457,C00191,ARCO-2025-00157,2022-02-12,2022-05-07,C,N,Pedido complementar,22,2022-02-12,2022-02-12
458,458,C00215,ARCO-2023-00221,2022-04-11,2022-06-03,C,N,Reposição,21,2022-04-11,2022-04-30
459,459,C00220,ARCO-2025-00035,2024-03-06,2024-05-02,C,N,,17,2024-03-06,2024-03-20
460,460,C00140,ARCO - 2024 - 00023,2022-10-22,2023-01-01,C,N,,5,2022-10-22,2022-11-04
461,461,C00036,ARCO - 2024 - 00283,2023-03-27,2023-04-13,C,N,Urgente,11,2023-03-27,2023-04-19
462,462,C00205,ARCO-2023-00083,2024-03-25,2024-05-16,C,N,Urgente,6,2024-03-25,2024-04-21
463,463,C00093,ARCO-2025-00005,2025-10-15,2025-11-22,O,N,,8,2025-10-15,2025-10-20
464,464,C00109,ARCO-2025-00003,2023-07-15,2023-08-09,C,N,,24,2023-07-15,2023-07-18
465,465,C00170,ARCO-2022-00204,2023-11-02,2024-01-24,C,N,,19,2023-11-02,2023-11-29
466,466,C00015,ARCO-2024-00256,2024-02-15,2024-03-02,O,N,,1,2024-02-15,2024-02-29
467,467,C00032,ARCO-2022-00110,2022-10-23,2022-12-20,C,N,,14,2022-10-23,2022-11-21
468,468,C00114,,2023-10-22,2024-01-13,O,N,,15,2023-10-22,2023-10-23
469,469,C00144,ARCO-2025-00072,2024-03-14,2024-04-21,C,N,Urgente,8,2024-03-14,2024-03-19
470,470,C00051,ARCO-2024-00081,2022-09-26,2022-10-14,C,N,Urgente,5,2022-09-26,2022-10-13
471,471,C00091,,2024-01-06,2024-02-20,C,N,Urgente,18,2024-01-06,2024-01-18
472,472,C00108,ARCO-2025-00003,2022-09-16,2022-11-15,O,N,,5,2022-09-16,2022-10-12
473,473,C00119, ARCO-2023-00257,2024-01-04,2024-01-19,O,N,Urgente,25,2024-01-04,2024-01-07
474,474,C00025,ARCO-2022-00123,2023-03-10,2023-05-11,C,N,Reposição,4,2023-03-10,2023-03-25
475,475,C00044,ARCo-2024-00002,2023-01-12,2023-04-11,C,N,Urgente,2,2023-01-12,2023-01-16
476,476,C00095,,2024-02-11,2024-04-01,C,N,Pedido complementar,20,2024-02-11,2024-02-22
477,477,C00182,,2023-09-26,2023-10-11,C,N,Reposição,3,2023-09-26,2023-10-21
478,478,C00074,ARCO-2025-00147,2023-12-06,2024-01-17,O,N,,11,2023-12-06,2024-01-05
479,479,C00198,ARCO-2022-00240,2024-12-30,2025-01-23,C,N,,4,2024-12-30,2025-01-13
480,480,C00148,,2024-06-28,2024-07-14,O,N,,14,2024-06-28,2024-07-04
481,481,C00054,,2025-10-04,2025-12-15,C,N,Urgente,19,2025-10-04,2025-10-26
482,482,C00220,ARCO-2024-00177,2024-08-22,2024-10-29,O,N,Reposição,17,2024-08-22,2024-08-27
483,483,C00045,,2025-08-20,2025-10-15,C,N,Urgente,21,2025-08-20,2025-09-10
484,484,C00038,,2025-07-03,2025-07-25,O,N,,22,2025-07-03,2025-07-24
485,485,C00059,ARCO-2024-00321,2024-06-23,2024-07-11,C,N,Urgente,17,2024-06-23,2024-07-13
486,486,C00219,arco-2023-00126,2025-11-01,2026-01-17,O,N,Reposição,10,2025-11-01,2025-11-05
487,487,C00037,,2024-02-15,2024-05-06,C,N,,19,2024-02-15,2024-02-28
488,488,C00113,,2022-06-21,2022-07-16,C,N,Reposição,20,2022-06-21,2022-06-30
489,489,C00099,ARCO-2023-00015,2023-05-17,2023-07-29,C,N,,17,2023-05-17,2023-06-04
490,490,C00077,,2025-12-10,2026-01-03,O,N,Urgente,17,2025-12-10,2025-12-21
491,491,C00261,,2024-02-18,2024-03-30,O,N,Reposição,22,2024-02-18,2024-03-11
492,492,C00133,ARCO-2025-00338,2025-10-30,2026-01-16,C,N,,14,2025-10-30,2025-11-27
493,493,C00175,,2024-12-08,2025-01-09,O,N,,5,2024-12-08,2024-12-29
494,494,C00016,,2023-12-25,2024-01-29,C,N,,10,2023-12-25,2024-01-07
495,495,C00228,,2023-03-28,2023-05-29,O,N,Urgente,23,2023-03-28,2023-04-02
496,496,C00144,ARCO-2024-00177,2023-05-25,2023-08-10,C,N,,8,2023-05-25,2023-06-23
497,497,C00198,ARCO-2024-00211,2024-06-22,2024-09-10,C,N,,4,2024-06-22,2024-06-27
498,498,C00143,,2025-03-29,2025-05-19,C,N,,19,2025-03-29,2025-04-07
499,499,C00209,ARCO-2022-00162 ,2025-03-30,2025-04-30,C,N,Urgente,12,2025-03-30,2025-04-16
500,500,C00171,,2022-10-20,2022-11-10,C,N,Urgente,6,2022-10-20,2022-11-17
501,501,C00214,ARCO-2023-00092,2023-04-19,2023-06-13,O,N,Reposição,9,2023-04-19,2023-05-13
502,502,C00111,ARCO-2022-00138,2022-05-30,2022-06-30,C,N,Urgente,5,2022-05-30,2022-06-26
503,503,C00191,,2023-01-17,2023-02-19,O,N,Urgente,22,2023-01-17,2023-01-31
504,504,C00004,ARCO-2024-00177,2025-03-07,2025-05-20,O,N,Reposição,11,2025-03-07,2025-03-16
505,505,C00027,ARCO-2022-00105,2025-06-05,2025-08-26,O,N,Urgente,24,2025-06-05,2025-06-22
506,506,C00074,,2023-01-31,2023-04-12,O,N,Reposição,11,2023-01-31,2023-02-22
507,507,C00139,ARCO-2024-00368,2024-09-26,2024-12-01,C,Y,,1,2024-09-26,2024-10-09
508,508,C00113,ARCO-2023-00267,2022-01-09,2022-02-07,O,N,,20,2022-01-09,2022-01-09
509,509,C00026,,2025-10-16,2026-01-05,C,N,,20,2025-10-16,2025-10-20
510,510,C00199,,2025-01-17,2025-02-27,O,N,,19,2025-01-17,2025-01-30
511,511,C00232, ARCO-2022-00196,2022-12-07,2023-03-01,C,N,Pedido complementar,6,2022-12-07,2022-12-30
512,512,C00044,ARCO - 2022 - 00196,2025-08-03,2025-09-19,C,N,Urgente,2,2025-08-03,2025-08-31
513,513,C00069,ARCO-2024-00190,2023-07-28,2023-10-23,O,N,,16,2023-07-28,2023-08-01
514,514,C00134,ARCO-2022-00048,2023-03-17,2023-05-18,O,N,,7,2023-03-17,2023-03-19
515,515,C00056,,2023-08-21,2023-10-25,O,N,Reposição,9,2023-08-21,2023-09-12
516,516,C00031,ARCO-2023-00025,2024-12-08,2025-02-26,C,N,Pedido complementar,15,2024-12-08,2024-12-31
517,517,C00019,ARCO - 2025 - 00327,2022-05-06,2022-06-24,O,N,Urgente,8,2022-05-06,2022-05-18
518,518,C00264,ARCO-2025-00352,2023-11-08,2023-12-17,C,N,,24,2023-11-08,2023-11-16
519,519,C00267,ARCO-2023-00245,2023-10-17,2023-12-16,C,Y,,5,2023-10-17,2023-11-05
520,520,C00007,ARCO-2022-00207,2023-10-13,2023-12-15,C,N,Urgente,5,2023-10-13,2023-11-08
521,521,C00231, ARCO-2022-00019,2022-03-18,2022-04-21,C,N,Pedido complementar,21,2022-03-18,2022-03-21
522,522,C00208,,2024-12-15,2025-03-11,O,N,,9,2024-12-15,2024-12-28
523,523,C00048,ARCO-2022-00265,2024-05-18,2024-08-07,C,N,Reposição,9,2024-05-18,2024-06-05
524,524,C00241,,2024-02-29,2024-05-10,C,N,Pedido complementar,23,2024-02-29,2024-03-16
525,525,C00104,ARCO-2024-00082,2024-09-02,2024-09-22,C,N,,21,2024-09-02,2024-09-19
526,526,C00107,ARCO-2025-00131,2025-01-09,2025-02-01,C,N,,19,2025-01-09,2025-01-23
527,527,C00077,ARCO-2023-00127,2023-05-06,2023-06-21,C,N,Reposição,17,2023-05-06,2023-05-11
528,528,C00145,ARCO-2023-00205,2022-07-13,2022-09-25,C,N,,19,2022-07-13,2022-07-15
529,529,C00170,ARCO-2022-00138,2024-05-26,2024-08-19,C,N,,19,2024-05-26,2024-05-26
530,530,C00104,ARCO-2024-00264,2022-11-19,2023-02-01,O,N,Urgente,21,2022-11-19,2022-12-02
531,531,C00114,ARCO-2025-00036,2025-12-25,2026-01-16,O,N,Reposição,15,2025-12-25,2026-01-05
532,532,C00154, ARCO-2022-00123,2024-08-14,2024-09-22,O,N,Reposição,23,2024-08-14,2024-09-12
533,533,C00242,ARCO-2023-00370,2025-08-01,2025-10-13,O,N,Pedido complementar,19,2025-08-01,2025-08-28
534,534,C00086,,2024-08-31,2024-11-14,C,N,,19,2024-08-31,2024-09-03
535,535,C00260,ARCO-2025-00164 ,2025-08-29,2025-11-16,C,N,Reposição,22,2025-08-29,2025-08-30
536,536,C00005,ARCo-2025-00043,2022-10-17,2022-12-06,O,N,Pedido complementar,13,2022-10-17,2022-10-26
537,537,C00254,ARCO-2024-00348,2023-12-16,2024-03-01,C,N,,7,2023-12-16,2024-01-09
538,538,C00219,,2025-10-20,2026-01-17,C,N,,10,2025-10-20,2025-11-01
539,539,C00187,ARCO-2025-00223,2024-03-27,2024-06-01,C,N,,21,2024-03-27,2024-04-15
540,540,C00194,ARCO-2025-00121,2023-06-29,2023-07-16,O,N,,14,2023-06-29,2023-07-03
541,541,C00083,,2023-07-31,2023-09-01,C,N,,19,2023-07-31,2023-08-06
542,542,C00235,ARCO-2024-00356,2022-06-30,2022-09-27,O,N,,3,2022-06-30,2022-07-19
543,543,C00007,ARCO-2023-00186,2024-09-06,2024-10-22,C,N,,5,2024-09-06,2024-09-16
544,544,C00256,,2025-04-16,2025-05-15,O,N,,4,2025-04-16,2025-04-17
545,545,C00050,ARCO-2022-00204,2022-11-07,2023-01-14,C,Y,,7,2022-11-07,2022-11-11
546,546,C00206,ARCO-2025-00293,2025-10-02,2025-11-19,C,N,Reposição,18,2025-10-02,2025-10-16
547,547,C00105,ARCO-2022-00148,2023-02-28,2023-04-29,C,N,Reposição,17,2023-02-28,2023-03-05
548,548,C00056,ARCO-2022-00207,2022-07-06,2022-08-22,C,N,Pedido complementar,9,2022-07-06,2022-07-22
549,549,C00212,,2024-03-04,2024-04-24,O,N,,24,2024-03-04,2024-04-01
550,550,C00107,ARCO-2024-00254,2025-09-08,2025-11-14,C,N,Reposição,19,2025-09-08,2025-09-12
551,551,C00159,ARCO-2022-00171,2025-04-27,2025-06-02,C,N,,3,2025-04-27,2025-04-27
552,552,C00021,,2025-11-12,2025-12-15,O,N,Pedido complementar,8,2025-11-12,2025-11-13
553,553,C00045,ARCO-2023-00194,2023-10-17,2023-11-12,C,Y,,21,2023-10-17,2023-10-25
554,554,C00107,,2024-10-11,2024-11-09,C,N,,19,2024-10-11,2024-11-03
555,555,C00030,,2025-11-26,2026-01-05,O,N,Urgente,25,2025-11-26,2025-12-23
556,556,C00112,ARCO-2025-00365,2023-02-16,2023-03-04,O,N,,18,2023-02-16,2023-03-11
557,557,C00020,ARCO-2022-00270,2025-04-20,2025-06-04,O,N,Reposição,6,2025-04-20,2025-04-23
558,558,C00002,,2023-09-27,2023-12-19,O,N,Pedido complementar,20,2023-09-27,2023-10-27
559,559,C00119, ARCO-2022-00143,2025-05-14,2025-06-21,C,N,Reposição,25,2025-05-14,2025-06-06
560,560,C00118,ARCO-2023-00135,2025-07-21,2025-09-30,C,N,,7,2025-07-21,2025-08-14
561,561,C00214,ARCO-2022-00274,2022-02-20,2022-05-11,O,N,,9,2022-02-20,2022-03-13
562,562,C00220,ARCO-2025-00179,2025-03-17,2025-05-09,C,N,,17,2025-03-17,2025-04-10
563,563,C00235,,2023-12-13,2024-01-25,O,N,,3,2023-12-13,2023-12-14
564,564,C00179,ARCO-2024-00109,2023-05-16,2023-06-01,C,N,,21,2023-05-16,2023-06-04
565,565,C00230,ARCO-2024-00149,2022-07-13,2022-10-07,C,N,Pedido complementar,7,2022-07-13,2022-07-22
566,566,C00072,ARCO-2025-00311,2024-04-15,2024-06-14,O,N,,6,2024-04-15,2024-04-27
567,567,C00249,ARCO-2023-00354,2024-11-08,2025-01-25,C,N,,25,2024-11-08,2024-11-29
568,568,C00111,ARCO-2025-00121,2024-12-13,2025-02-11,O,N,Pedido complementar,5,2024-12-13,2024-12-25
569,569,C00083,ARCO-2024-00206,2022-11-22,2022-12-30,C,N,Urgente,19,2022-11-22,2022-12-08
570,570,C00267,ARCO-2023-00359,2024-07-05,2024-09-08,O,N,,5,2024-07-05,2024-07-10
571,571,C00096,ARCO-2023-00329,2025-01-06,2025-01-21,C,N,Reposição,17,2025-01-06,2025-01-13
572,572,C00163,ARCO - 2023 - 00055,2025-06-28,2025-09-12,C,N,Urgente,8,2025-06-28,2025-07-08
573,573,C00257,ARCO-2024-00013,2023-01-20,2023-04-16,C,N,Reposição,11,2023-01-20,2023-01-20
574,574,C00163,ARCO-2023-00038,2023-08-19,2023-09-18,C,N,Urgente,8,2023-08-19,2023-08-29
575,575,C00248,ARCO-2022-00097,2022-10-12,2023-01-10,C,N,,21,2022-10-12,2022-11-06
576,576,C00048,ARCo-2025-00226,2023-09-24,2023-12-15,C,Y,Pedido complementar,9,2023-09-24,2023-10-05
577,577,C00023,ARCO-2025-00309,2023-07-07,2023-08-14,C,N,Reposição,3,2023-07-07,2023-08-02
578,578,C00255,ARCO-2024-00238,2025-07-06,2025-08-19,O,N,Reposição,5,2025-07-06,2025-07-12
579,579,C00010,ARCO-2025-00375,2023-11-28,2023-12-14,O,N,Urgente,16,2023-11-28,2023-12-24
580,580,C00019,ARCO-2023-00088,2022-02-17,2022-04-24,C,N,,8,2022-02-17,2022-02-22
581,581,C00117,,2024-04-15,2024-05-26,O,N,,4,2024-04-15,2024-04-27
582,582,C00087,,2022-01-28,2022-04-16,C,Y,,13,2022-01-28,2022-02-22
583,583,C00134,,2024-02-28,2024-05-07,O,N,Reposição,7,2024-02-28,2024-03-13
584,584,C00187,ARCO-2024-00377,2022-02-20,2022-04-17,C,N,Pedido complementar,21,2022-02-20,2022-02-22
585,585,C00142,ARCO-2022-00340,2024-01-23,2024-03-30,C,N,Pedido complementar,19,2024-01-23,2024-02-04
586,586,C00256,,2024-01-12,2024-03-05,C,N,,4,2024-01-12,2024-01-20
587,587,C00170,ARCO-2024-00144,2024-05-28,2024-08-21,C,N,Urgente,19,2024-05-28,2024-06-08
588,588,C00267,ARCO-2022-00138,2023-08-31,2023-11-25,O,N,,5,2023-08-31,2023-09-20
589,589,C00220,ARCO-2024-00214,2023-03-19,2023-05-28,C,N,Reposição,17,2023-03-19,2023-03-29
590,590,C00124,ARCO-2022-00340,2024-08-26,2024-10-26,C,N,Reposição,25,2024-08-26,2024-09-23
591,591,C00149,ARCO-2022-00334,2025-06-03,2025-08-28,O,N,Pedido complementar,2,2025-06-03,2025-06-11
592,592,C00154,ARCO-2023-00374,2025-05-07,2025-07-04,C,Y,,23,2025-05-07,2025-05-31
593,593,C00157,ARCO-2025-00031,2022-03-07,2022-04-13,C,N,Urgente,7,2022-03-07,2022-03-12
594,594,C00005,ARCO-2023-00101,2025-05-20,2025-06-29,C,Y,Urgente,13,2025-05-20,2025-06-03
595,595,C00117,,2024-09-30,2024-11-02,C,N,Pedido complementar,4,2024-09-30,2024-10-25
596,596,C00177, ARCO-2025-00352,2022-02-28,2022-03-23,C,N,Reposição,15,2022-02-28,2022-03-11
597,597,C00057,ARCo-2022-00347,2023-09-07,2023-11-04,O,N,Reposição,20,2023-09-07,2023-09-10
598,598,C00160,ARCO-2022-00117,2022-10-13,2022-12-26,C,N,Pedido complementar,12,2022-10-13,2022-11-03
599,599,C00120,,2024-10-03,2024-11-29,O,N,Pedido complementar,13,2024-10-03,2024-10-26
600,600,C00052,ARCO-2022-00123,2025-03-25,2025-04-12,C,N,,17,2025-03-25,2025-04-06
601,601,C00184,ARCO-2022-00236,2022-11-02,2023-01-26,C,N,Urgente,23,2022-11-02,2022-11-30
602,602,C00094,,2023-12-06,2024-01-04,O,N,Urgente,4,2023-12-06,2023-12-13
603,603,C00099,ARCO-2022-00347,2023-08-23,2023-10-20,O,N,Urgente,17,2023-08-23,2023-08-24
604,604,C00042,ARCO-2025-00166 ,2025-09-25,2025-11-17,C,N,,20,2025-09-25,2025-10-19
605,605,C00113,ARCO-2025-00358 ,2022-10-05,2022-12-19,O,N,,20,2022-10-05,2022-10-18
606,606,C00234,ARCO-2025-00227,2022-07-15,2022-08-16,O,N,Urgente,6,2022-07-15,2022-07-26
607,607,C00217,ARCO-2025-00086,2023-06-12,2023-07-09,O,N,,4,2023-06-12,2023-06-28
608,608,C00132,ARCO-2024-00262,2025-09-03,2025-11-13,C,N,Reposição,11,2025-09-03,2025-09-22
609,609,C00031,ARCO-2023-00120 ,2023-05-08,2023-05-25,O,N,Reposição,15,2023-05-08,2023-05-18
610,610,C00038,ARCO-2022-00253,2023-09-29,2023-11-25,O,N,Pedido complementar,22,2023-09-29,2023-10-18
611,611,C00074,,2022-09-14,2022-11-21,C,N,,11,2022-09-14,2022-10-14
612,612,C00089,,2023-03-17,2023-05-06,O,N,Reposição,19,2023-03-17,2023-04-15
613,613,C00020,ARCO-2024-00177,2022-07-05,2022-08-26,O,N,,6,2022-07-05,2022-07-24
614,614,C00125,arco-2025-00188,2025-02-06,2025-03-15,O,N,,18,2025-02-06,2025-02-10
615,615,C00242,ARCO-2024-00190,2024-08-13,2024-09-20,C,N,,19,2024-08-13,2024-09-04
616,616,C00170,ARCO-2024-00013,2025-07-11,2025-08-28,O,N,Reposição,19,2025-07-11,2025-08-07
617,617,C00104,ARCO-2025-00128,2025-06-13,2025-08-14,O,N,,21,2025-06-13,2025-07-11
618,618,C00020,ARCO-2024-00081,2025-04-13,2025-06-28,C,N,Pedido complementar,6,2025-04-13,2025-04-16
619,619,C00165,ARCO-2023-00076,2022-08-23,2022-11-05,C,N,,11,2022-08-23,2022-09-17
620,620,C00033,,2023-03-14,2023-04-18,C,N,Urgente,21,2023-03-14,2023-03-18
621,621,C00043,ARCO-2025-00375,2023-04-14,2023-05-18,O,N,Reposição,3,2023-04-14,2023-04-21
622,622,C00204,ARCO-2023-00039,2024-06-25,2024-08-06,C,N,Urgente,25,2024-06-25,2024-06-28
623,623,C00014,ARCO-2023-00290,2024-07-13,2024-09-28,O,N,,7,2024-07-13,2024-07-24
624,624,C00042,ARCO - 2023 - 00101,2023-10-13,2023-11-03,O,N,,20,2023-10-13,2023-10-13
625,625,C00068,,2024-02-12,2024-05-03,O,N,Reposição,6,2024-02-12,2024-03-02
626,626,C00018,,2023-09-27,2023-11-25,O,N,,11,2023-09-27,2023-10-13
627,627,C00205,ARCo-2022-00204,2023-07-12,2023-07-28,C,N,,6,2023-07-12,2023-07-20
628,628,C00209,ARCO-2022-00236,2023-09-02,2023-09-25,C,N,,12,2023-09-02,2023-09-09
629,629,C00218,arco-2023-00050,2025-01-30,2025-03-02,C,N,,9,2025-01-30,2025-02-26
630,630,C00161,ARCO-2023-00126,2022-05-04,2022-05-31,C,N,,20,2022-05-04,2022-05-04
631,631,C00051,ARCO-2025-00337,2024-01-11,2024-02-25,C,Y,Reposição,5,2024-01-11,2024-02-03
632,632,C00101,ARCO-2023-00040,2025-10-08,2025-12-11,C,N,Pedido complementar,12,2025-10-08,2025-10-21
633,633,C00114,ARCO-2025-00005,2025-03-03,2025-03-29,C,N,Pedido complementar,15,2025-03-03,2025-03-15
634,634,C00007,ARCO-2024-00262,2023-09-20,2023-12-06,C,N,,5,2023-09-20,2023-09-21
635,635,C00012,ARCO-2025-00042,2022-07-24,2022-08-14,C,N,Urgente,6,2022-07-24,2022-07-27
636,636,C00223,ARCO-2022-00288,2022-02-26,2022-05-20,C,N,,21,2022-02-26,2022-03-04
637,637,C00235,ARCo-2025-00191,2025-04-11,2025-05-06,C,N,Pedido complementar,3,2025-04-11,2025-04-20
638,638,C00186,ARCO-2025-00187,2024-08-25,2024-09-27,C,N,,23,2024-08-25,2024-09-06
639,639,C00059,ARCO-2023-00233,2022-06-10,2022-07-25,C,N,Pedido complementar,17,2022-06-10,2022-07-05
640,640,C00060,ARCO-2024-00346,2024-04-30,2024-06-02,C,N,,7,2024-04-30,2024-05-12
641,641,C00055,ARCO-2024-00206,2024-02-21,2024-05-02,C,N,,19,2024-02-21,2024-03-03
642,642,C00187, ARCO-2025-00235,2024-12-10,2025-02-24,C,N,,21,2024-12-10,2024-12-15
643,643,C00072,ARCO-2022-00336,2023-08-15,2023-10-17,O,N,Urgente,6,2023-08-15,2023-09-12
644,644,C00196,ARCO-2024-00218,2023-03-24,2023-04-08,C,N,,4,2023-03-24,2023-03-26
645,645,C00235,ARCO-2023-00050,2022-12-23,2023-01-20,C,N,Reposição,3,2022-12-23,2022-12-30
646,646,C00058,ARCO-2025-00273,2023-03-01,2023-05-08,C,N,,11,2023-03-01,2023-03-13
647,647,C00161,ARCO-2023-00290,2024-11-11,2025-01-26,O,N,Reposição,20,2024-11-11,2024-11-28
648,648,C00119,ARCO-2022-00143,2024-09-23,2024-11-06,C,N,Pedido complementar,25,2024-09-23,2024-10-19
649,649,C00041,,2025-03-26,2025-05-03,O,N,Pedido complementar,11,2025-03-26,2025-04-25
650,650,C00059,ARCO-2025-00086,2022-04-29,2022-07-02,C,N,,17,2022-04-29,2022-05-01
651,651,C00023,,2022-04-13,2022-06-15,O,N,,3,2022-04-13,2022-04-30
652,652,C00232,ARCO-2025-00263,2024-09-09,2024-10-09,C,N,,6,2024-09-09,2024-09-26
653,653,C00059,ARCO-2022-00299,2024-03-31,2024-04-21,C,N,Urgente,17,2024-03-31,2024-04-16
654,654,C00130,,2024-09-04,2024-10-25,C,N,Reposição,4,2024-09-04,2024-09-23
655,655,C00030,ARCo-2024-00070,2022-08-15,2022-10-04,C,N,,25,2022-08-15,2022-08-28
656,656,C00183,ARCO-2022-00049,2024-12-30,2025-01-27,O,N,Urgente,9,2024-12-30,2025-01-05
657,657,C00161,ARCO-2022-00125 ,2023-02-14,2023-03-13,O,N,,20,2023-02-14,2023-03-12
658,658,C00181,ARCO-2023-00092,2024-04-28,2024-05-26,C,N,Reposição,10,2024-04-28,2024-05-11
659,659,C00112,ARCO-2022-00288,2022-07-01,2022-09-27,O,N,Pedido complementar,18,2022-07-01,2022-07-23
660,660,C00028,ARCO-2025-00086,2022-08-22,2022-10-02,O,N,Urgente,5,2022-08-22,2022-09-06
661,661,C00179,ARCO-2025-00350,2022-08-24,2022-10-27,O,N,Pedido complementar,21,2022-08-24,2022-08-30
662,662,C00216,,2023-05-11,2023-06-04,C,N,Reposição,18,2023-05-11,2023-05-21
663,663,C00138,ARCO-2025-00024,2025-05-18,2025-06-09,O,N,,24,2025-05-18,2025-06-06
664,664,C00183,ARCO-2025-00191,2023-11-13,2024-01-31,O,N,Urgente,9,2023-11-13,2023-12-11
665,665,C00121,ARCO-2022-00301,2022-09-11,2022-10-15,C,N,Pedido complementar,3,2022-09-11,2022-09-17
666,666,C00079,ARCO-2025-00165,2023-12-02,2023-12-30,C,N,,10,2023-12-02,2023-12-28
667,667,C00095,ARCO-2025-00035,2023-06-05,2023-08-22,C,N,,20,2023-06-05,2023-07-01
668,668,C00094,ARCO-2023-00208,2022-09-06,2022-11-29,C,N,Reposição,4,2022-09-06,2022-09-14
669,669,C00184,ARCO-2024-00107,2025-02-10,2025-03-29,C,N,,23,2025-02-10,2025-02-22
670,670,C00112,,2025-05-20,2025-07-05,O,N,Urgente,18,2025-05-20,2025-06-08
671,671,C00205,ARCO-2024-00378,2025-06-27,2025-07-17,C,N,Pedido complementar,6,2025-06-27,2025-07-06
672,672,C00186,,2025-04-01,2025-06-23,C,N,,23,2025-04-01,2025-04-30
673,673,C00017,ARCO-2022-00313,2022-12-27,2023-01-24,C,N,,10,2022-12-27,2023-01-06
674,674,C00048,arco-2023-00261,2023-03-18,2023-06-01,O,N,Urgente,9,2023-03-18,2023-03-18
675,675,C00245,ARCO-2024-00062,2023-04-09,2023-05-31,O,N,,8,2023-04-09,2023-04-18
676,676,C00068,ARCO-2024-00331,2023-07-08,2023-08-04,C,N,Pedido complementar,6,2023-07-08,2023-07-15
677,677,C00032,ARCO-2023-00126,2023-04-26,2023-07-05,C,N,,14,2023-04-26,2023-04-29
678,678,C00052,ARCO-2023-00159,2022-12-11,2023-02-01,C,N,,17,2022-12-11,2022-12-15
679,679,C00016,ARCO-2024-00144,2024-01-24,2024-02-08,C,N,Urgente,10,2024-01-24,2024-02-04
680,680,C00047,ARCO-2024-00377,2025-09-08,2025-10-01,C,N,,15,2025-09-08,2025-09-08
681,681,C00146,ARCO-2024-00254,2025-06-25,2025-09-17,C,N,,5,2025-06-25,2025-07-09
682,682,C00020,ARCO - 2024 - 00326,2022-07-11,2022-08-02,C,N,,6,2022-07-11,2022-07-23
683,683,C00039,arco-2024-00037,2023-10-14,2023-12-17,C,N,,23,2023-10-14,2023-11-06
684,684,C00090,ARCO-2025-00090,2024-02-22,2024-04-25,C,N,Urgente,2,2024-02-22,2024-03-12
685,685,C00089,,2025-03-13,2025-05-11,O,N,Urgente,19,2025-03-13,2025-03-15
686,686,C00129,ARCO-2022-00034,2025-01-14,2025-02-22,C,N,Reposição,1,2025-01-14,2025-02-08
687,687,C00119,,2023-09-18,2023-10-19,C,N,,25,2023-09-18,2023-09-27
688,688,C00002,ARCO-2024-00345,2023-01-20,2023-03-10,C,N,,20,2023-01-20,2023-02-10
689,689,C00268,ARCO-2024-00118,2023-06-12,2023-07-23,C,N,Pedido complementar,1,2023-06-12,2023-06-28
690,690,C00196,ARCO-2022-00314,2022-03-18,2022-06-05,C,N,,4,2022-03-18,2022-04-12
691,691,C00148,ARCO-2025-00128,2022-12-28,2023-03-02,C,N,Reposição,14,2022-12-28,2023-01-07
692,692,C00176,ARCO-2022-00138,2022-02-14,2022-05-13,C,N,Reposição,16,2022-02-14,2022-03-06
693,693,C00192,ARCO-2024-00246,2022-01-17,2022-03-04,C,N,Reposição,16,2022-01-17,2022-02-13
694,694,C00217,ARCO-2022-00108,2022-07-16,2022-09-29,C,N,,4,2022-07-16,2022-07-30
695,695,C00064,,2024-12-07,2025-01-16,C,Y,Reposição,6,2024-12-07,2025-01-01
696,696,C00175,ARCO-2024-00282,2024-07-21,2024-09-01,C,N,Pedido complementar,5,2024-07-21,2024-08-13
697,697,C00206,ARCO-2022-00265,2024-05-30,2024-08-10,C,N,Reposição,18,2024-05-30,2024-06-07
698,698,C00234,ARCo-2023-00359,2024-06-06,2024-09-03,O,N,,6,2024-06-06,2024-06-25
699,699,C00226,,2022-06-15,2022-07-03,O,N,,16,2022-06-15,2022-07-10
700,700,C00230,ARCO-2025-00201,2024-01-05,2024-03-13,C,N,,7,2024-01-05,2024-01-25
701,701,C00174,ARCO-2022-00373,2022-02-10,2022-03-09,C,N,,22,2022-02-10,2022-02-18
702,702,C00093,ARCO-2024-00356,2024-01-24,2024-04-03,C,N,,8,2024-01-24,2024-02-21
703,703,C00143,ARCO-2023-00009,2024-04-17,2024-06-23,C,N,,19,2024-04-17,2024-05-02
704,704,C00176,ARCO-2024-00070,2023-06-26,2023-08-02,C,N,Urgente,16,2023-06-26,2023-07-22
705,705,C00086,,2024-07-01,2024-07-31,C,N,,19,2024-07-01,2024-07-11
706,706,C00029,,2025-10-29,2025-12-13,C,N,Pedido complementar,3,2025-10-29,2025-11-13
707,707,C00220,ARCO-2022-00193,2023-09-09,2023-11-28,O,N,,17,2023-09-09,2023-09-25
708,708,C00148,ARCO-2024-00209,2022-04-17,2022-06-20,O,N,,14,2022-04-17,2022-04-24
709,709,C00010,ARCo-2023-00044,2022-10-17,2022-12-27,C,N,Reposição,16,2022-10-17,2022-10-27
710,710,C00044,,2025-06-04,2025-07-15,O,N,Pedido complementar,2,2025-06-04,2025-07-03
711,711,C00261,,2022-10-29,2023-01-14,C,N,Urgente,22,2022-10-29,2022-11-22
712,712,C00244,ARCO-2023-00111,2024-04-29,2024-06-01,O,N,Pedido complementar,9,2024-04-29,2024-05-12
713,713,C00111,ARCO-2025-00349,2025-07-11,2025-08-28,C,N,Reposição,5,2025-07-11,2025-07-23
714,714,C00126,arco-2023-00276,2023-02-06,2023-03-21,C,N,Urgente,3,2023-02-06,2023-02-08
715,715,C00245,ARCO-2023-00025,2023-03-27,2023-04-26,C,N,,8,2023-03-27,2023-04-10
716,716,C00237,,2022-12-21,2023-02-26,O,N,Urgente,2,2022-12-21,2023-01-04
717,717,C00161,ARCO-2023-00261,2025-02-09,2025-04-27,C,N,Urgente,20,2025-02-09,2025-03-11
718,718,C00192,ARCO-2024-00351,2023-05-06,2023-06-26,C,N,,16,2023-05-06,2023-05-24
719,719,C00182,,2024-07-02,2024-09-13,C,N,,3,2024-07-02,2024-08-01
720,720,C00123,ARCO-2024-00239,2024-08-31,2024-10-21,O,N,,17,2024-08-31,2024-08-31
721,721,C00246, ARCO-2024-00182,2024-06-30,2024-08-28,O,N,,20,2024-06-30,2024-07-10
722,722,C00242,,2025-08-27,2025-10-07,O,N,,19,2025-08-27,2025-09-21
723,723,C00017,ARCO-2025-00024,2023-07-23,2023-08-11,C,N,,10,2023-07-23,2023-08-15
724,724,C00263,ARCO-2024-00149,2023-12-05,2024-01-20,C,N,,17,2023-12-05,2023-12-25
725,725,C00217,ARCO-2023-00176,2023-02-15,2023-03-18,C,N,,4,2023-02-15,2023-03-07
726,726,C00007,,2022-03-17,2022-05-04,C,Y,Reposição,5,2022-03-17,2022-04-09
727,727,C00041,ARCO-2024-00377,2023-09-23,2023-12-21,C,N,,11,2023-09-23,2023-09-25
728,728,C00260,ARCO-2024-00377,2023-10-06,2023-10-31,O,N,Pedido complementar,22,2023-10-06,2023-11-03
729,729,C00163,ARCO-2024-00230,2023-07-21,2023-09-25,C,N,Pedido complementar,8,2023-07-21,2023-07-30
730,730,C00241,ARCO-2022-00048,2025-08-19,2025-10-25,C,N,,23,2025-08-19,2025-08-27
731,731,C00237,ARCO-2024-00211,2025-08-26,2025-10-29,C,N,Pedido complementar,2,2025-08-26,2025-09-14
732,732,C00009,ARCO-2025-00365 ,2023-12-04,2024-03-03,C,Y,Pedido complementar,20,2023-12-04,2023-12-23
733,733,C00035,ARCO-2023-00085,2025-11-17,2025-12-31,O,N,Reposição,22,2025-11-17,2025-12-09
734,734,C00096,ARCO-2025-00147,2023-10-09,2023-11-28,C,N,Reposição,17,2023-10-09,2023-10-26
735,735,C00217,ARCo-2024-00080,2023-12-28,2024-01-20,O,N,Reposição,4,2023-12-28,2024-01-09
736,736,C00193,ARCO-2022-00249,2023-05-14,2023-06-25,C,N,,9,2023-05-14,2023-05-22
737,737,C00233,ARCO-2023-00257,2023-06-19,2023-08-31,C,N,,5,2023-06-19,2023-06-19
738,738,C00097,ARCO-2023-00135,2022-02-04,2022-03-12,O,N,Urgente,6,2022-02-04,2022-02-24
739,739,C00116,,2022-06-18,2022-09-09,C,N,Urgente,9,2022-06-18,2022-07-03
740,740,C00155,ARCO-2023-00047,2024-01-21,2024-02-14,C,N,,13,2024-01-21,2024-01-25
741,741,C00182,ARCO-2023-00101,2024-05-06,2024-06-30,C,N,,3,2024-05-06,2024-05-12
742,742,C00187, ARCO-2024-00356,2025-05-18,2025-07-13,C,N,Reposição,21,2025-05-18,2025-05-19
743,743,C00156,ARCO-2022-00347,2022-06-05,2022-07-11,C,N,,23,2022-06-05,2022-06-16
744,744,C00057,ARCO-2024-00177,2022-12-31,2023-02-11,C,N,,20,2022-12-31,2023-01-18
745,745,C00113,ARCo-2025-00293,2022-04-24,2022-06-03,C,N,,20,2022-04-24,2022-05-21
746,746,C00198,ARCO-2023-00066,2022-12-21,2023-02-13,O,N,Reposição,4,2022-12-21,2023-01-18
747,747,C00190,ARCO-2024-00124,2022-04-17,2022-07-16,O,N,Reposição,4,2022-04-17,2022-04-27
748,748,C00080,ARCO-2025-00099,2022-06-28,2022-08-19,C,N,,13,2022-06-28,2022-06-30
749,749,C00171,,2023-12-31,2024-03-01,O,N,,6,2023-12-31,2024-01-10
750,750,C00115,ARCO-2025-00031,2023-08-31,2023-09-16,C,N,,25,2023-08-31,2023-09-21
751,751,C00052,,2025-06-16,2025-08-22,C,N,,17,2025-06-16,2025-07-07
752,752,C00161,ARCO-2024-00209,2025-12-20,2026-02-28,O,N,,20,2025-12-20,2025-12-30
753,753,C00156,ARCO-2025-00286,2023-01-12,2023-04-12,O,N,Reposição,23,2023-01-12,2023-02-08
754,754,C00137,ARCO-2022-00029,2025-11-02,2025-11-27,C,N,,17,2025-11-02,2025-11-02
755,755,C00215,,2025-11-23,2026-01-25,C,N,,21,2025-11-23,2025-11-23
756,756,C00031,,2025-12-09,2026-03-01,O,N,,15,2025-12-09,2025-12-13
757,757,C00064,ARCO-2025-00073,2024-10-28,2024-11-28,O,N,Pedido complementar,6,2024-10-28,2024-11-22
758,758,C00259,ARCO-2025-00327,2025-08-24,2025-10-26,C,N,Urgente,7,2025-08-24,2025-09-23
759,759,C00075,ARCO-2025-00100,2024-10-13,2025-01-09,O,N,,24,2024-10-13,2024-10-24
760,760,C00118,ARCO-2024-00325,2025-07-21,2025-09-19,C,N,,7,2025-07-21,2025-08-07
761,761,C00234,ARCO-2025-00104,2022-03-04,2022-03-24,C,N,,6,2022-03-04,2022-03-21
762,762,C00174,arco-2024-00377,2025-02-13,2025-04-28,O,N,,22,2025-02-13,2025-02-15
763,763,C00152,ARCO-2024-00368,2023-11-10,2024-01-29,O,N,,10,2023-11-10,2023-12-09
764,764,C00268, ARCO-2025-00195,2022-02-28,2022-04-06,O,N,Urgente,1,2022-02-28,2022-03-25
765,765,C00184,,2024-09-04,2024-10-22,C,N,Urgente,23,2024-09-04,2024-09-26
766,766,C00175,ARCo-2025-00297,2025-07-23,2025-10-10,C,N,Urgente,5,2025-07-23,2025-08-04
767,767,C00133,ARCO-2022-00049,2023-11-06,2024-01-05,C,N,,14,2023-11-06,2023-11-22
768,768,C00255,ARCO-2024-00262,2024-02-20,2024-04-19,C,N,Reposição,5,2024-02-20,2024-03-10
769,769,C00122,ARCO-2023-00200,2022-04-18,2022-06-25,O,N,,7,2022-04-18,2022-05-14
770,770,C00012,,2022-07-20,2022-08-28,C,N,,6,2022-07-20,2022-08-04
771,771,C00142,ARCO-2025-00229,2022-06-13,2022-09-09,C,Y,Reposição,19,2022-06-13,2022-06-13
772,772,C00107,ARCO-2023-00370,2024-12-03,2025-03-03,C,N,Reposição,19,2024-12-03,2024-12-08
773,773,C00149,ARCO-2024-00302,2022-09-07,2022-10-25,C,N,Pedido complementar,2,2022-09-07,2022-09-08
774,774,C00186,arco-2025-00226,2025-04-20,2025-06-19,O,N,Urgente,23,2025-04-20,2025-05-05
775,775,C00111,ARCO-2023-00289,2023-03-29,2023-04-29,C,N,Reposição,5,2023-03-29,2023-04-06
776,776,C00265,,2024-04-07,2024-06-28,C,N,,10,2024-04-07,2024-04-19
777,777,C00077,ARCO-2025-00086,2025-09-20,2025-12-12,O,N,,17,2025-09-20,2025-10-06
778,778,C00085,ARCO-2023-00001,2022-08-15,2022-11-05,O,N,,7,2022-08-15,2022-08-21
779,779,C00022,ARCO-2024-00262,2024-05-24,2024-08-15,C,N,Urgente,1,2024-05-24,2024-06-08
780,780,C00210,ARCO-2023-00258 ,2023-07-25,2023-09-19,C,N,,23,2023-07-25,2023-08-17
781,781,C00144,ARCO-2024-00295,2022-10-28,2022-11-22,O,N,,8,2022-10-28,2022-10-30
782,782,C00245,ARCO-2024-00177,2025-12-23,2026-02-18,C,N,Reposição,8,2025-12-23,2026-01-14
783,783,C00254,ARCO-2025-00363,2023-07-21,2023-08-16,O,N,,7,2023-07-21,2023-08-06
784,784,C00198,ARCO-2024-00081,2023-10-24,2023-11-23,O,N,Reposição,4,2023-10-24,2023-11-08
785,785,C00218,ARCO-2025-00115,2024-04-12,2024-06-11,C,N,,9,2024-04-12,2024-05-06
786,786,C00224,ARCO-2025-00058,2024-06-21,2024-09-11,C,N,Pedido complementar,8,2024-06-21,2024-06-21
787,787,C00026,ARCO-2023-00106,2024-10-29,2024-12-06,O,N,Urgente,20,2024-10-29,2024-11-23
788,788,C00099,,2022-06-25,2022-08-20,C,N,Pedido complementar,17,2022-06-25,2022-06-29
789,789,C00089,,2022-10-24,2022-11-24,C,N,Reposição,19,2022-10-24,2022-11-18
790,790,C00111,ARCO-2022-00340,2024-09-09,2024-11-11,C,N,Reposição,5,2024-09-09,2024-09-29
791,791,C00131,ARCo-2024-00356,2025-07-21,2025-10-08,O,N,,19,2025-07-21,2025-07-27
792,792,C00154,ARCO-2024-00037,2023-11-15,2023-12-28,C,N,,23,2023-11-15,2023-12-10
793,793,C00205,ARCO - 2022 - 00249,2023-10-31,2023-12-18,C,N,,6,2023-10-31,2023-11-11
794,794,C00126,ARCO-2024-00202 ,2024-09-19,2024-11-07,C,N,,3,2024-09-19,2024-10-04
795,795,C00070,ARCO-2022-00171,2024-03-20,2024-05-12,C,N,,10,2024-03-20,2024-04-08
796,796,C00079,ARCO-2025-00179,2025-07-07,2025-08-10,C,N,,10,2025-07-07,2025-07-12
797,797,C00044,,2024-01-02,2024-02-27,O,N,,2,2024-01-02,2024-01-23
798,798,C00258,ARCO-2025-00164,2022-07-02,2022-08-06,C,N,,14,2022-07-02,2022-07-08
799,799,C00190,ARCO-2023-00329,2023-08-14,2023-10-18,O,N,Reposição,4,2023-08-14,2023-09-07
800,800,C00012,,2023-12-05,2023-12-30,C,N,,6,2023-12-05,2023-12-24
801,801,C00262,ARCO-2023-00248,2022-05-21,2022-06-24,C,N,,11,2022-05-21,2022-05-30
802,802,C00050,,2025-05-22,2025-06-27,C,N,,7,2025-05-22,2025-06-04
803,803,C00142,ARCO-2023-00092,2025-10-10,2025-11-25,C,N,,19,2025-10-10,2025-10-31
804,804,C00244,ARCO-2023-00228,2024-02-16,2024-04-11,C,N,Urgente,9,2024-02-16,2024-02-16
805,805,C00186,ARCO-2022-00372,2025-08-21,2025-10-01,C,N,Urgente,23,2025-08-21,2025-09-07
806,806,C00242,ARCO-2022-00053,2024-04-20,2024-07-16,O,N,Pedido complementar,19,2024-04-20,2024-04-20
807,807,C00137,,2022-04-21,2022-07-07,C,N,Pedido complementar,17,2022-04-21,2022-04-28
808,808,C00153,,2023-12-10,2024-01-20,C,N,Urgente,5,2023-12-10,2023-12-13
809,809,C00027,ARCO - 2024 - 00057,2025-08-10,2025-09-26,C,N,,24,2025-08-10,2025-09-03
810,810,C00148,ARCO-2023-00135,2022-05-27,2022-07-14,C,N,,14,2022-05-27,2022-06-07
811,811,C00188,ARCO-2023-00257,2023-06-06,2023-07-04,O,N,Pedido complementar,18,2023-06-06,2023-07-06
812,812,C00250,ARCO-2024-00202,2025-08-21,2025-10-22,C,N,Pedido complementar,15,2025-08-21,2025-08-31
813,813,C00078,ARCO-2024-00075,2024-02-03,2024-04-02,C,Y,Pedido complementar,14,2024-02-03,2024-02-26
814,814,C00177,ARCO-2025-00307,2024-09-26,2024-11-26,C,N,Urgente,15,2024-09-26,2024-10-08
815,815,C00023,ARCO-2024-00272,2023-06-22,2023-07-22,O,N,,3,2023-06-22,2023-06-28
816,816,C00155,ARCo-2022-00154,2023-05-31,2023-08-05,C,N,Urgente,13,2023-05-31,2023-06-20
817,817,C00050,ARCO-2022-00253,2024-09-28,2024-11-13,C,N,,7,2024-09-28,2024-10-20
818,818,C00164,ARCO-2022-00022,2023-03-20,2023-06-06,C,N,Urgente,1,2023-03-20,2023-03-21
819,819,C00063,ARCO-2023-00098,2024-03-06,2024-04-02,O,N,,21,2024-03-06,2024-03-25
820,820,C00016,ARCO-2025-00021,2024-06-16,2024-07-05,C,N,Pedido complementar,10,2024-06-16,2024-06-24
821,821,C00018,ARCO-2023-00222,2022-12-31,2023-03-23,C,N,,11,2022-12-31,2023-01-12
822,822,C00080,ARCO-2025-00187,2023-04-30,2023-07-24,C,N,Urgente,13,2023-04-30,2023-05-21
823,823,C00128,ARCO-2023-00102,2024-09-23,2024-11-07,C,N,,11,2024-09-23,2024-10-15
824,824,C00209,ARCO-2023-00030,2022-09-30,2022-12-22,C,N,,12,2022-09-30,2022-10-30
825,825,C00110,ARCO-2024-00177,2023-02-02,2023-02-17,O,N,,18,2023-02-02,2023-02-21
826,826,C00240,,2023-09-27,2023-11-02,C,N,Reposição,1,2023-09-27,2023-10-04
827,827,C00222,ARCO-2024-00345,2023-10-05,2023-12-20,C,N,,18,2023-10-05,2023-11-04
828,828,C00138,ARCO-2023-00012,2025-09-29,2025-10-15,O,N,Pedido complementar,24,2025-09-29,2025-10-22
829,829,C00117,,2025-07-11,2025-09-19,C,N,,4,2025-07-11,2025-07-23
830,830,C00013,ARCO-2023-00176,2025-10-02,2025-12-09,O,N,Urgente,1,2025-10-02,2025-10-27
831,831,C00136, ARCO-2025-00035,2024-12-07,2025-02-09,C,N,,22,2024-12-07,2024-12-09
832,832,C00065,ARCO-2023-00101,2022-12-07,2022-12-31,C,N,,17,2022-12-07,2022-12-17
833,833,C00082,,2022-06-19,2022-07-17,C,N,Pedido complementar,24,2022-06-19,2022-07-06
834,834,C00076,,2025-06-21,2025-08-14,C,N,,17,2025-06-21,2025-07-05
835,835,C00136,ARCO-2023-00140,2024-02-02,2024-03-15,O,N,,22,2024-02-02,2024-02-10
836,836,C00147,,2022-08-13,2022-11-02,O,N,Pedido complementar,4,2022-08-13,2022-08-30
837,837,C00176,ARCO-2022-00196,2023-01-20,2023-04-10,O,N,,16,2023-01-20,2023-01-21
838,838,C00106,ARCO-2023-00332,2022-07-25,2022-10-23,O,N,Pedido complementar,24,2022-07-25,2022-08-07
839,839,C00266,ARCO-2022-00052,2023-07-27,2023-10-13,O,N,Pedido complementar,17,2023-07-27,2023-07-31
840,840,C00085,ARCO-2023-00039,2024-12-05,2025-01-20,O,N,,7,2024-12-05,2024-12-06
841,841,C00050,ARCO-2025-00227,2023-03-01,2023-05-04,O,N,Reposição,7,2023-03-01,2023-03-16
842,842,C00203,,2024-08-17,2024-11-01,O,N,,13,2024-08-17,2024-08-30
843,843,C00248,ARCO-2024-00279,2024-08-10,2024-10-12,O,N,,21,2024-08-10,2024-08-10
844,844,C00248,ARCO-2023-00248,2022-05-15,2022-07-22,O,N,Urgente,21,2022-05-15,2022-05-19
845,845,C00022,ARCO-2023-00269,2024-03-19,2024-06-13,O,N,,1,2024-03-19,2024-04-04
846,846,C00200,,2023-04-01,2023-04-21,O,N,Pedido complementar,11,2023-04-01,2023-04-06
847,847,C00199,,2025-09-02,2025-10-29,C,N,Urgente,19,2025-09-02,2025-09-16
848,848,C00153,ARCo-2022-00314,2023-10-24,2023-12-07,C,N,Urgente,5,2023-10-24,2023-11-18
849,849,C00129,,2025-03-11,2025-03-30,C,N,Urgente,1,2025-03-11,2025-03-31
850,850,C00008,ARCO-2023-00067,2025-09-17,2025-10-16,C,N,,11,2025-09-17,2025-09-20
851,851,C00036,ARCO-2022-00192,2022-07-24,2022-09-01,C,N,,11,2022-07-24,2022-08-11
852,852,C00201,ARCO-2022-00006,2022-12-25,2023-01-24,C,N,,19,2022-12-25,2023-01-13
853,853,C00128,ARCO-2022-00204,2023-11-30,2024-01-05,C,N,,11,2023-11-30,2023-12-05
854,854,C00058,ARCO-2024-00377,2022-02-21,2022-05-17,C,N,,11,2022-02-21,2022-03-09
855,855,C00006,ARCO-2025-00309,2024-01-24,2024-04-17,O,N,,10,2024-01-24,2024-01-30
856,856,C00043,ARCO-2023-00186,2023-10-31,2023-11-25,C,N,,3,2023-10-31,2023-11-12
857,857,C00112,,2025-12-16,2026-02-13,C,Y,,18,2025-12-16,2026-01-08
858,858,C00042,ARCO-2024-00046,2025-01-17,2025-03-04,O,N,,20,2025-01-17,2025-01-28
859,859,C00266,,2025-04-08,2025-06-23,C,N,,17,2025-04-08,2025-04-18
860,860,C00233,ARCO-2022-00253 ,2025-12-03,2025-12-21,C,Y,Urgente,5,2025-12-03,2025-12-19
861,861,C00232,,2025-03-19,2025-05-11,O,N,Pedido complementar,6,2025-03-19,2025-03-31
862,862,C00003,ARCO-2025-00201,2023-04-20,2023-07-15,C,N,,16,2023-04-20,2023-05-04
863,863,C00198,ARCO-2022-00060,2024-07-17,2024-09-21,C,N,Pedido complementar,4,2024-07-17,2024-07-30
864,864,C00032,ARCO-2024-00144,2023-10-27,2024-01-25,C,N,Pedido complementar,14,2023-10-27,2023-11-22
865,865,C00120,,2025-08-01,2025-10-15,C,Y,,13,2025-08-01,2025-08-06
866,866,C00136,ARCO-2025-00216,2024-07-13,2024-09-08,C,N,,22,2024-07-13,2024-08-09
867,867,C00175,ARCO-2023-00001,2023-07-30,2023-10-21,O,N,Pedido complementar,5,2023-07-30,2023-08-26
868,868,C00225,ARCO-2022-00112,2025-01-13,2025-02-08,C,N,,13,2025-01-13,2025-02-09
869,869,C00149,ARCO-2025-00027,2025-04-10,2025-06-10,C,N,,2,2025-04-10,2025-05-05
870,870,C00245,ARCo-2025-00061,2024-09-18,2024-12-15,C,N,Urgente,8,2024-09-18,2024-09-29
871,871,C00149,ARCO-2023-00180,2024-08-02,2024-09-05,C,N,Urgente,2,2024-08-02,2024-08-06
872,872,C00086,ARCO-2022-00296,2024-11-04,2025-01-01,C,N,Pedido complementar,19,2024-11-04,2024-11-04
873,873,C00105,ARCO-2025-00312,2025-11-04,2026-01-06,C,N,Pedido complementar,17,2025-11-04,2025-11-17
874,874,C00006,,2024-02-16,2024-05-16,C,N,Pedido complementar,10,2024-02-16,2024-03-09
875,875,C00209,ARCO-2023-00266 ,2025-01-27,2025-04-12,O,N,Urgente,12,2025-01-27,2025-02-24
876,876,C00226,,2024-06-18,2024-08-19,C,Y,Pedido complementar,16,2024-06-18,2024-06-24
877,877,C00209,ARCO-2025-00115,2025-04-21,2025-05-29,C,N,,12,2025-04-21,2025-04-22
878,878,C00225,,2024-01-03,2024-02-02,O,N,Urgente,13,2024-01-03,2024-01-08
879,879,C00096,ARCO-2022-00017,2025-08-30,2025-10-05,C,N,,17,2025-08-30,2025-09-05
880,880,C00124,ARCO-2025-00074,2025-04-22,2025-06-05,C,N,,25,2025-04-22,2025-05-17
881,881,C00206,,2022-02-26,2022-04-30,C,N,,18,2022-02-26,2022-03-20
882,882,C00117,ARCO-2024-00002,2023-12-06,2024-01-06,O,N,Reposição,4,2023-12-06,2024-01-03
883,883,C00201,ARCO-2025-00072,2022-07-05,2022-08-06,C,N,Urgente,19,2022-07-05,2022-07-27
884,884,C00025,ARCO-2022-00196,2023-06-27,2023-08-13,C,N,Reposição,4,2023-06-27,2023-07-07
885,885,C00148,ARCO-2025-00175,2022-08-27,2022-11-24,C,N,,14,2022-08-27,2022-09-01
886,886,C00186,ARCO-2023-00160,2024-12-20,2025-01-04,C,N,Urgente,23,2024-12-20,2025-01-02
887,887,C00155,,2024-01-18,2024-03-15,O,N,Urgente,13,2024-01-18,2024-02-04
888,888,C00229,ARCO-2023-00015,2022-03-28,2022-05-11,C,N,,1,2022-03-28,2022-03-31
889,889,C00128,,2024-09-11,2024-09-30,O,N,Pedido complementar,11,2024-09-11,2024-10-09
890,890,C00167,ARCO-2023-00213,2025-04-27,2025-07-24,O,N,Urgente,22,2025-04-27,2025-05-15
891,891,C00248,ARCO-2023-00266,2025-12-03,2025-12-27,C,N,,21,2025-12-03,2025-12-21
892,892,C00186,,2022-12-22,2023-03-20,O,N,Pedido complementar,23,2022-12-22,2023-01-09
893,893,C00201,ARCO-2024-00059,2023-04-26,2023-06-04,O,N,Reposição,19,2023-04-26,2023-04-26
894,894,C00242,ARCo-2025-00166,2023-01-02,2023-03-25,C,N,Pedido complementar,19,2023-01-02,2023-01-04
895,895,C00077,,2022-10-29,2022-12-03,O,N,Urgente,17,2022-10-29,2022-11-09
896,896,C00153,ARCO - 2023 - 00140,2024-12-21,2025-03-09,C,N,Pedido complementar,5,2024-12-21,2024-12-23
897,897,C00029,,2023-07-06,2023-09-10,C,N,Urgente,3,2023-07-06,2023-07-16
898,898,C00010,,2023-12-30,2024-02-04,C,N,Reposição,16,2023-12-30,2024-01-13
899,899,C00130,ARCO-2025-00027,2024-03-26,2024-04-17,C,N,,4,2024-03-26,2024-04-04
900,900,C00097,ARCO-2022-00294,2024-11-05,2025-01-22,O,N,Pedido complementar,6,2024-11-05,2024-11-22
901,901,C00111,ARCO-2025-00363,2024-05-22,2024-06-12,O,N,,5,2024-05-22,2024-06-05
902,902,C00079,ARCO-2024-00206,2023-07-03,2023-09-24,C,N,,10,2023-07-03,2023-07-22
903,903,C00236,ARCo-2025-00187,2025-03-04,2025-05-13,C,N,Urgente,8,2025-03-04,2025-03-25
904,904,C00068,ARCO-2023-00067,2025-03-16,2025-04-16,O,N,Reposição,6,2025-03-16,2025-03-20
905,905,C00181,ARCO-2022-00117,2025-03-03,2025-05-14,O,N,Reposição,10,2025-03-03,2025-03-23
906,906,C00102,,2025-04-14,2025-06-11,C,N,,18,2025-04-14,2025-04-24
907,907,C00191,,2022-09-13,2022-10-07,C,N,Reposição,22,2022-09-13,2022-10-03
908,908,C00228,ARCO-2023-00308,2022-02-09,2022-04-24,C,N,Urgente,23,2022-02-09,2022-02-18
909,909,C00057,,2023-09-27,2023-11-04,C,N,Urgente,20,2023-09-27,2023-10-23
910,910,C00122,ARCO-2024-00082,2023-12-10,2024-01-04,C,N,,7,2023-12-10,2024-01-01
911,911,C00036,ARCO-2023-00335,2024-08-20,2024-10-31,O,N,Pedido complementar,11,2024-08-20,2024-09-02
912,912,C00237,ARCO-2023-00133,2025-07-25,2025-09-17,O,N,,2,2025-07-25,2025-08-21
913,913,C00156,ARCO-2024-00237,2022-12-04,2023-02-05,C,N,,23,2022-12-04,2023-01-01
914,914,C00208,,2023-09-22,2023-11-04,C,N,Pedido complementar,9,2023-09-22,2023-09-23
915,915,C00081,arco-2025-00293,2023-07-08,2023-09-29,O,N,,24,2023-07-08,2023-07-17
916,916,C00242,ARCO-2025-00215,2025-07-07,2025-07-25,O,N,,19,2025-07-07,2025-07-26
917,917,C00034,ARCO-2024-00182,2024-09-05,2024-11-12,O,N,,12,2024-09-05,2024-09-17
918,918,C00196,ARCO-2024-00356,2022-09-15,2022-11-15,C,N,,4,2022-09-15,2022-09-22
919,919,C00212,,2023-04-18,2023-05-09,C,N,Pedido complementar,24,2023-04-18,2023-05-18
920,920,C00138,,2025-07-13,2025-08-04,O,N,,24,2025-07-13,2025-07-27
921,921,C00124,ARCO-2023-00364 ,2023-01-13,2023-02-20,C,N,,25,2023-01-13,2023-01-21
922,922,C00255,,2023-11-04,2024-01-11,C,N,,5,2023-11-04,2023-12-02
923,923,C00006,ARCO-2025-00268,2025-06-04,2025-07-17,O,N,Reposição,10,2025-06-04,2025-06-20
924,924,C00140,ARCO-2025-00157,2025-03-24,2025-06-15,O,N,Pedido complementar,5,2025-03-24,2025-04-17
925,925,C00166,ARCO-2024-00351,2025-11-21,2026-02-05,C,N,,12,2025-11-21,2025-12-02
926,926,C00128,,2022-02-10,2022-03-18,O,N,,11,2022-02-10,2022-03-05
927,927,C00155,ARCO-2025-00121,2022-01-22,2022-02-11,O,N,Reposição,13,2022-01-22,2022-01-22
928,928,C00020,ARCO - 2024 - 00326,2024-07-17,2024-09-22,O,N,Pedido complementar,6,2024-07-17,2024-07-26
929,929,C00155,ARCO-2023-00258,2025-12-16,2026-02-10,C,N,,13,2025-12-16,2026-01-07
930,930,C00146, ARCO-2025-00128,2024-10-06,2024-11-08,O,N,Urgente,5,2024-10-06,2024-11-05
931,931,C00187,,2023-07-03,2023-09-29,O,N,,21,2023-07-03,2023-08-02
932,932,C00119,ARCO-2023-00205,2023-07-22,2023-09-15,O,N,Pedido complementar,25,2023-07-22,2023-08-09
933,933,C00094,,2025-11-11,2026-01-09,O,N,Reposição,4,2025-11-11,2025-12-03
934,934,C00114,ARCO-2023-00102,2024-11-12,2024-12-09,O,N,Urgente,15,2024-11-12,2024-11-19
935,935,C00142,ARCO-2023-00323,2025-10-23,2025-12-03,O,N,,19,2025-10-23,2025-11-05
936,936,C00159,ARCO-2023-00092,2024-09-01,2024-10-18,O,N,Reposição,3,2024-09-01,2024-09-12
937,937,C00098,ARCO-2025-00235,2023-05-11,2023-06-24,C,Y,,9,2023-05-11,2023-05-23
938,938,C00025,ARCO-2023-00068,2022-02-28,2022-05-16,O,N,,4,2022-02-28,2022-03-10
939,939,C00259,ARCO-2022-00301,2023-07-01,2023-07-22,C,N,Pedido complementar,7,2023-07-01,2023-07-27
940,940,C00154,,2024-03-16,2024-05-09,O,N,Reposição,23,2024-03-16,2024-03-21
941,941,C00191,,2022-06-29,2022-07-30,C,N,,22,2022-06-29,2022-07-29
942,942,C00249,,2022-06-04,2022-09-02,O,N,Pedido complementar,25,2022-06-04,2022-07-02
943,943,C00177,,2023-12-17,2024-01-29,C,N,,15,2023-12-17,2024-01-15
944,944,C00036,ARCO-2022-00241 ,2023-10-06,2023-12-05,C,N,Urgente,11,2023-10-06,2023-10-19
945,945,C00119,ARCO-2024-00264,2022-09-27,2022-11-16,C,N,Urgente,25,2022-09-27,2022-09-30
946,946,C00211,ARCO-2023-00039,2025-01-03,2025-03-05,C,N,,25,2025-01-03,2025-01-03
947,947,C00001,ARCO-2023-00038,2023-08-16,2023-09-19,O,N,Reposição,9,2023-08-16,2023-09-06
948,948,C00198,ARCO-2022-00184,2024-05-10,2024-07-21,C,N,,4,2024-05-10,2024-05-16
949,949,C00111, ARCO-2025-00217,2022-03-28,2022-06-26,O,N,,5,2022-03-28,2022-04-26
950,950,C00146,,2024-05-05,2024-06-01,O,N,Reposição,5,2024-05-05,2024-05-09
951,951,C00249,,2024-12-10,2025-02-27,C,N,Reposição,25,2024-12-10,2024-12-16
952,952,C00020,ARCO-2025-00201,2024-03-01,2024-04-16,C,N,Urgente,6,2024-03-01,2024-03-31
953,953,C00264,ARCO-2023-00275,2022-07-01,2022-09-21,C,N,Reposição,24,2022-07-01,2022-07-02
954,954,C00180,ARCO-2023-00339,2023-11-16,2024-01-21,C,N,,1,2023-11-16,2023-11-28
955,955,C00246,arco-2025-00018,2024-09-26,2024-10-31,O,N,Reposição,20,2024-09-26,2024-09-29
956,956,C00149,ARCO-2023-00324,2023-03-08,2023-05-07,C,N,Urgente,2,2023-03-08,2023-03-24
957,957,C00115,ARCO-2025-00365,2024-12-28,2025-02-09,O,N,Reposição,25,2024-12-28,2025-01-11
958,958,C00191,ARCO-2025-00131,2023-08-05,2023-10-29,O,N,,22,2023-08-05,2023-08-13
959,959,C00199,ARCO-2023-00289 ,2024-02-16,2024-05-08,C,N,Urgente,19,2024-02-16,2024-02-27
960,960,C00036,,2023-11-23,2024-02-08,O,N,,11,2023-11-23,2023-12-04
961,961,C00221,ARCO-2025-00343,2024-01-19,2024-03-25,O,N,,17,2024-01-19,2024-02-17
962,962,C00046,ARCO-2024-00321,2023-03-06,2023-06-04,C,Y,,10,2023-03-06,2023-03-10
963,963,C00179,ARCO-2024-00178,2023-03-15,2023-04-29,C,N,Urgente,21,2023-03-15,2023-04-09
964,964,C00124,ARCO-2025-00103 ,2025-11-09,2026-02-03,C,N,,25,2025-11-09,2025-12-05
965,965,C00213,ARCO-2025-00145,2025-10-10,2025-11-13,O,N,,16,2025-10-10,2025-10-18
966,966,C00030,ARCO-2022-00192,2023-08-18,2023-10-15,C,Y,,25,2023-08-18,2023-08-28
967,967,C00152,ARCO-2022-00017,2022-03-16,2022-06-11,C,N,,10,2022-03-16,2022-04-03
968,968,C00257,ARCO-2025-00235,2024-11-10,2025-01-25,O,N,,11,2024-11-10,2024-11-22
969,969,C00110,ARCO-2025-00145,2023-03-27,2023-04-18,C,Y,,18,2023-03-27,2023-04-05
970,970,C00115,ARCO-2023-00315,2023-04-08,2023-04-25,C,N,Pedido complementar,25,2023-04-08,2023-04-16
971,971,C00055,ARCO-2023-00291,2025-08-11,2025-10-17,C,N,Urgente,19,2025-08-11,2025-09-04
972,972,C00199,ARCO-2025-00318,2023-02-03,2023-04-04,O,N,Urgente,19,2023-02-03,2023-02-08
973,973,C00075,ARCO-2022-00232,2025-07-18,2025-09-22,C,Y,,24,2025-07-18,2025-07-25
974,974,C00020,ARCO-2025-00147 ,2024-08-16,2024-10-27,O,N,,6,2024-08-16,2024-09-06
975,975,C00189,ARCO - 2024 - 00378,2022-07-29,2022-10-18,O,N,Reposição,9,2022-07-29,2022-08-26
976,976,C00007,ARCO-2022-00212,2022-03-30,2022-06-22,O,N,,5,2022-03-30,2022-04-17
977,977,C00066,ARCO-2025-00284,2023-07-19,2023-10-04,C,Y,Reposição,18,2023-07-19,2023-07-31
978,978,C00100,ARCO-2022-00168 ,2025-06-06,2025-08-01,C,N,,25,2025-06-06,2025-06-15
979,979,C00156,ARCO-2024-00075,2023-06-16,2023-09-10,O,N,Reposição,23,2023-06-16,2023-07-12
980,980,C00202,ARCO-2024-00037,2024-08-03,2024-09-17,C,N,,2,2024-08-03,2024-08-04
981,981,C00116,,2022-08-14,2022-11-05,O,N,Urgente,9,2022-08-14,2022-09-04
982,982,C00195,ARCO-2022-00063,2022-09-06,2022-10-22,C,N,Urgente,5,2022-09-06,2022-09-08
983,983,C00013,ARCO-2022-00048,2025-03-08,2025-04-07,O,N,Reposição,1,2025-03-08,2025-03-12
984,984,C00162,,2024-02-14,2024-03-18,C,N,Urgente,8,2024-02-14,2024-03-02
985,985,C00109,ARCO-2025-00024,2022-06-10,2022-07-30,O,N,,24,2022-06-10,2022-06-26
986,986,C00054,ARCO-2022-00288,2023-10-02,2023-10-18,C,N,Pedido complementar,19,2023-10-02,2023-10-24
987,987,C00119, ARCO-2024-00326,2025-10-01,2025-10-16,C,N,,25,2025-10-01,2025-10-17
988,988,C00185,ARCO-2022-00294,2022-04-08,2022-06-11,C,N,Pedido complementar,2,2022-04-08,2022-05-04
989,989,C00261,arco-2024-00109,2022-08-03,2022-09-20,C,N,Urgente,22,2022-08-03,2022-08-11
990,990,C00162,ARCO-2025-00079,2025-09-16,2025-11-30,C,N,,8,2025-09-16,2025-09-30
991,991,C00138,ARCO-2022-00110,2024-07-10,2024-08-27,C,N,Reposição,24,2024-07-10,2024-07-29
992,992,C00231,ARCO-2024-00118,2022-08-07,2022-09-20,C,N,Reposição,21,2022-08-07,2022-08-16
993,993,C00046,ARCO-2023-00323,2023-09-08,2023-10-02,O,N,,10,2023-09-08,2023-09-15
994,994,C00086,ARCO-2023-00231,2022-05-14,2022-08-08,O,N,Urgente,19,2022-05-14,2022-05-21
995,995,C00045, ARCO-2022-00019,2025-05-19,2025-07-24,C,N,,21,2025-05-19,2025-05-24
996,996,C00165,ARCO-2025-00020,2023-08-15,2023-09-01,O,N,,11,2023-08-15,2023-09-14
997,997,C00205,ARCO-2022-00154,2024-02-15,2024-05-14,C,N,Reposição,6,2024-02-15,2024-02-23
998,998,C00268,ARCO-2025-00007,2023-05-20,2023-07-25,C,Y,,1,2023-05-20,2023-06-18
999,999,C00234,,2022-01-09,2022-02-02,C,N,,6,2022-01-09,2022-01-29
1000,1000,C00247,ARCO-2023-00159,2023-02-18,2023-03-09,C,N,,20,2023-02-18,2023-03-19
1001,1001,C00038,ARCO-2022-00294,2024-05-16,2024-06-06,O,N,,22,2024-05-16,2024-05-21
1002,1002,C00048,ARCO - 2024 - 00151,2023-11-16,2024-02-14,C,N,,9,2023-11-16,2023-11-23
1003,1003,C00120,ARCO-2023-00266,2025-03-02,2025-05-08,C,N,,13,2025-03-02,2025-03-09
1004,1004,C00056,arco-2025-00349,2023-04-25,2023-06-25,O,N,,9,2023-04-25,2023-05-04
1005,1005,C00093,ARCO-2022-00207,2023-03-16,2023-05-19,O,N,Reposição,8,2023-03-16,2023-03-31
1006,1006,C00234,ARCO-2023-00233,2025-03-09,2025-05-01,C,N,,6,2025-03-09,2025-03-17
1007,1007,C00263,ARCO-2022-00371,2023-02-06,2023-05-03,C,N,Urgente,17,2023-02-06,2023-03-05
1008,1008,C00169,,2023-05-14,2023-06-17,C,N,Urgente,13,2023-05-14,2023-05-31
1009,1009,C00233,ARCO-2024-00134,2023-05-10,2023-06-29,C,N,,5,2023-05-10,2023-06-07
1010,1010,C00247,,2024-03-10,2024-05-20,O,N,,20,2024-03-10,2024-03-21
1011,1011,C00052,ARCO-2024-00118,2024-08-05,2024-09-05,O,N,,17,2024-08-05,2024-08-17
1012,1012,C00070,ARCO-2024-00202,2025-04-18,2025-07-13,C,N,,10,2025-04-18,2025-05-12
1013,1013,C00135,ARCO-2024-00206,2025-04-28,2025-07-20,C,N,,12,2025-04-28,2025-05-28
1014,1014,C00152,ARCO-2024-00322,2024-01-09,2024-03-26,O,N,,10,2024-01-09,2024-01-28
1015,1015,C00122,ARCO-2023-00068,2022-07-22,2022-10-14,C,N,Pedido complementar,7,2022-07-22,2022-08-09
1016,1016,C00078,ARCO-2023-00065,2025-08-21,2025-09-12,C,Y,,14,2025-08-21,2025-09-02
1017,1017,C00028,ARCo-2025-00342,2025-09-28,2025-10-20,O,N,Urgente,5,2025-09-28,2025-09-30
1018,1018,C00213,ARCO-2022-00300,2025-02-24,2025-04-13,C,N,Pedido complementar,16,2025-02-24,2025-03-15
1019,1019,C00267,ARCO-2025-00045,2022-01-03,2022-01-24,C,N,Pedido complementar,5,2022-01-03,2022-01-27
1020,1020,C00099,ARCO-2023-00156,2024-02-08,2024-05-06,C,N,Pedido complementar,17,2024-02-08,2024-02-29
1021,1021,C00208,ARCO-2023-00101,2023-03-23,2023-04-16,O,N,,9,2023-03-23,2023-04-08
1022,1022,C00064,ARCO-2024-00239,2023-05-17,2023-07-23,C,N,Pedido complementar,6,2023-05-17,2023-05-30
1023,1023,C00036,ARCO-2023-00065,2024-12-22,2025-03-17,O,N,,11,2024-12-22,2025-01-04
1024,1024,C00110,,2024-12-13,2025-02-16,C,N,Urgente,18,2024-12-13,2024-12-15
1025,1025,C00115,,2022-11-15,2022-12-24,C,N,,25,2022-11-15,2022-12-07
1026,1026,C00224,ARCO-2025-00217,2023-10-11,2024-01-09,O,N,Urgente,8,2023-10-11,2023-10-24
1027,1027,C00141, ARCO-2022-00125,2025-09-26,2025-10-19,C,N,Pedido complementar,24,2025-09-26,2025-10-01
1028,1028,C00176,ARCO-2022-00274 ,2024-07-19,2024-08-16,O,N,Reposição,16,2024-07-19,2024-07-26
1029,1029,C00237,ARCO-2022-00310,2025-03-08,2025-05-03,O,N,,2,2025-03-08,2025-03-13
1030,1030,C00213,,2023-06-13,2023-08-05,C,N,,16,2023-06-13,2023-07-08
1031,1031,C00220,,2025-01-15,2025-03-26,C,N,,17,2025-01-15,2025-01-17
1032,1032,C00159,,2023-04-01,2023-05-14,O,N,,3,2023-04-01,2023-04-20
1033,1033,C00013,ARCO-2024-00256,2023-11-15,2024-01-09,C,N,Pedido complementar,1,2023-11-15,2023-12-10
1034,1034,C00029,,2024-03-06,2024-04-11,C,N,Reposição,3,2024-03-06,2024-03-07
1035,1035,C00088,,2025-03-27,2025-04-23,C,Y,Pedido complementar,11,2025-03-27,2025-04-04
1036,1036,C00200,,2024-08-16,2024-09-21,O,N,Pedido complementar,11,2024-08-16,2024-09-15
1037,1037,C00204,ARCO-2023-00012,2023-01-25,2023-03-22,C,N,Reposição,25,2023-01-25,2023-02-19
1038,1038,C00004,ARCO-2025-00164,2025-06-22,2025-09-20,C,N,Urgente,11,2025-06-22,2025-07-16
1039,1039,C00117,ARCO-2025-00293,2024-01-06,2024-03-23,C,N,,4,2024-01-06,2024-01-08
1040,1040,C00075,ARCO-2022-00232,2022-06-24,2022-07-18,O,N,,24,2022-06-24,2022-07-06
1041,1041,C00234,ARCO-2023-00364,2022-10-31,2022-12-30,C,N,Urgente,6,2022-10-31,2022-11-27
1042,1042,C00221,ARCO-2023-00083,2025-02-11,2025-04-04,O,N,,17,2025-02-11,2025-03-08
1043,1043,C00008,ARCO-2023-00186,2023-05-26,2023-06-14,C,N,Reposição,11,2023-05-26,2023-06-25
1044,1044,C00086,ARCO-2025-00327,2024-11-13,2025-01-26,O,N,,19,2024-11-13,2024-12-08
1045,1045,C00057,ARCO-2025-00242,2024-12-04,2025-02-24,O,N,Pedido complementar,20,2024-12-04,2024-12-18
1046,1046,C00118,ARCO-2025-00181,2023-08-19,2023-11-11,C,N,,7,2023-08-19,2023-09-03
1047,1047,C00069,ARCO-2023-00316,2022-02-16,2022-05-12,C,N,Urgente,16,2022-02-16,2022-02-24
1048,1048,C00036,ARCO-2023-00367,2025-06-09,2025-08-18,O,N,,11,2025-06-09,2025-06-11
1049,1049,C00081,ARCO-2025-00375,2023-11-11,2023-12-07,C,Y,,24,2023-11-11,2023-12-09
1050,1050,C00042,ARCO-2024-00059,2025-11-11,2026-02-02,C,N,,20,2025-11-11,2025-11-24
1051,1051,C00089,ARCO-2023-00025 ,2022-01-22,2022-04-04,O,N,,19,2022-01-22,2022-01-23
1052,1052,C00079,ARCO-2023-00271,2025-12-15,2026-01-23,C,N,Pedido complementar,10,2025-12-15,2025-12-23
1053,1053,C00102,,2023-11-09,2023-12-20,C,N,Urgente,18,2023-11-09,2023-12-03
1054,1054,C00073,,2025-02-21,2025-03-11,C,N,Urgente,23,2025-02-21,2025-03-15
1055,1055,C00203,ARCO-2025-00217,2024-05-23,2024-07-26,C,N,Pedido complementar,13,2024-05-23,2024-06-01
1056,1056,C00005,ARCO-2023-00001,2023-07-25,2023-09-10,O,N,Urgente,13,2023-07-25,2023-07-28
1057,1057,C00224,ARCO-2022-00298,2022-03-04,2022-05-27,C,N,Pedido complementar,8,2022-03-04,2022-03-14
1058,1058,C00015,ARCO-2023-00374,2024-09-30,2024-12-06,C,N,Urgente,1,2024-09-30,2024-10-26
1059,1059,C00088,ARCo-2022-00301,2022-09-01,2022-10-31,O,N,,11,2022-09-01,2022-09-21
1060,1060,C00209,ARCO-2022-00362,2023-02-04,2023-03-06,C,N,Pedido complementar,12,2023-02-04,2023-02-14
1061,1061,C00191,ARCO-2023-00126,2022-09-30,2022-12-24,O,N,Reposição,22,2022-09-30,2022-10-06
1062,1062,C00234,ARCO-2024-00326,2023-12-18,2024-02-05,O,N,Pedido complementar,6,2023-12-18,2023-12-27
1063,1063,C00258,,2022-12-24,2023-02-20,O,N,,14,2022-12-24,2023-01-17
1064,1064,C00055,ARCO-2023-00169,2023-10-27,2023-12-21,C,N,,19,2023-10-27,2023-11-10
1065,1065,C00229,ARCO-2024-00283,2024-04-03,2024-04-23,O,N,Urgente,1,2024-04-03,2024-04-11
1066,1066,C00010,,2022-02-10,2022-03-29,C,N,Reposição,16,2022-02-10,2022-03-10
1067,1067,C00263,ARCO-2025-00304,2025-01-18,2025-03-29,O,N,,17,2025-01-18,2025-02-13
1068,1068,C00068,ARCO-2024-00113,2025-12-09,2026-02-04,C,N,,6,2025-12-09,2025-12-28
1069,1069,C00093,ARCO-2024-00378,2025-02-28,2025-05-06,C,N,Urgente,8,2025-02-28,2025-03-19
1070,1070,C00046,ARCO-2022-00097,2025-04-28,2025-07-22,C,Y,,10,2025-04-28,2025-05-22
1071,1071,C00170,ARCO-2025-00074,2023-05-28,2023-07-23,O,N,Urgente,19,2023-05-28,2023-05-28
1072,1072,C00183,,2025-03-14,2025-05-27,O,N,,9,2025-03-14,2025-04-11
1073,1073,C00179,ARCO-2025-00086,2023-02-25,2023-04-06,C,N,Reposição,21,2023-02-25,2023-03-21
1074,1074,C00193,ARCO-2024-00264,2024-07-28,2024-10-06,O,N,Reposição,9,2024-07-28,2024-08-17
1075,1075,C00268,ARCO-2023-00370,2025-11-07,2026-01-24,C,N,,1,2025-11-07,2025-11-30
1076,1076,C00060,ARCO-2025-00375,2025-05-22,2025-08-06,C,N,Reposição,7,2025-05-22,2025-05-26
1077,1077,C00239,ARCO-2023-00169,2022-04-10,2022-05-23,O,N,Urgente,9,2022-04-10,2022-05-03
1078,1078,C00181,,2022-10-26,2023-01-14,C,N,Reposição,10,2022-10-26,2022-11-22
1079,1079,C00266,ARCO - 2022 - 00334,2023-04-26,2023-07-23,C,N,,17,2023-04-26,2023-04-27
1080,1080,C00005,ARCO-2022-00241,2025-04-17,2025-06-07,C,N,Reposição,13,2025-04-17,2025-05-14
1081,1081,C00153,,2023-10-03,2023-12-16,C,N,,5,2023-10-03,2023-10-11
1082,1082,C00057,,2022-03-30,2022-06-10,C,N,,20,2022-03-30,2022-04-22
1083,1083,C00219,ARCO-2022-00328,2023-12-05,2024-01-25,O,N,Urgente,10,2023-12-05,2023-12-31
1084,1084,C00182,,2022-08-12,2022-10-16,O,N,Pedido complementar,3,2022-08-12,2022-08-20
1085,1085,C00128,ARCO-2022-00334,2023-03-05,2023-05-25,C,N,Pedido complementar,11,2023-03-05,2023-03-27
1086,1086,C00028,ARCO-2025-00311,2025-03-18,2025-05-26,C,N,,5,2025-03-18,2025-04-01
1087,1087,C00263,,2025-10-08,2025-12-25,C,N,Reposição,17,2025-10-08,2025-10-10
1088,1088,C00194,ARCO-2023-00159,2023-03-23,2023-05-16,O,N,Pedido complementar,14,2023-03-23,2023-03-29
1089,1089,C00030,,2025-08-28,2025-09-24,C,N,Urgente,25,2025-08-28,2025-08-31
1090,1090,C00099,ARCO-2025-00014,2022-01-06,2022-03-24,C,N,Urgente,17,2022-01-06,2022-01-24
1091,1091,C00081,ARCO-2023-00102,2024-10-23,2024-12-18,C,Y,,24,2024-10-23,2024-11-05
1092,1092,C00175,ARCO-2025-00284,2022-03-30,2022-05-07,O,N,,5,2022-03-30,2022-04-28
1093,1093,C00202,ARCO-2024-00082,2023-10-05,2023-12-01,O,N,Urgente,2,2023-10-05,2023-10-09
1094,1094,C00135,ARCO-2022-00028,2022-09-20,2022-11-05,C,N,,12,2022-09-20,2022-09-29
1095,1095,C00218,,2023-11-07,2023-11-26,C,N,,9,2023-11-07,2023-11-17
1096,1096,C00189,ARCO-2022-00232,2022-03-27,2022-04-30,C,Y,,9,2022-03-27,2022-04-11
1097,1097,C00129,ARCO-2025-00215,2023-06-28,2023-08-28,C,N,Urgente,1,2023-06-28,2023-07-23
1098,1098,C00201, ARCO-2024-00082,2023-05-26,2023-06-21,O,N,Pedido complementar,19,2023-05-26,2023-06-19
1099,1099,C00008,,2023-10-28,2023-11-15,C,N,,11,2023-10-28,2023-11-25
1100,1100,C00079,ARCO-2022-00077,2025-01-13,2025-02-27,O,N,,10,2025-01-13,2025-01-22
1101,1101,C00215,ARCO-2025-00181,2022-01-09,2022-02-25,C,N,,21,2022-01-09,2022-01-27
1102,1102,C00171,ARCO-2024-00209,2023-11-13,2024-01-21,O,N,Urgente,6,2023-11-13,2023-12-07
1103,1103,C00160,,2023-03-20,2023-05-03,O,N,,12,2023-03-20,2023-04-07
1104,1104,C00032, ARCO-2024-00211,2022-12-31,2023-02-15,C,N,Pedido complementar,14,2022-12-31,2023-01-21
1105,1105,C00073,,2024-05-18,2024-08-13,O,N,Pedido complementar,23,2024-05-18,2024-05-23
1106,1106,C00077,ARCO-2023-00228,2023-11-22,2023-12-09,C,N,Reposição,17,2023-11-22,2023-11-23
1107,1107,C00222,ARCo-2024-00237,2023-11-29,2023-12-27,C,Y,,18,2023-11-29,2023-12-17
1108,1108,C00107,ARCO-2022-00314 ,2025-05-12,2025-07-26,O,N,Urgente,19,2025-05-12,2025-05-17
1109,1109,C00038,ARCO-2025-00100,2025-11-06,2025-12-20,C,N,,22,2025-11-06,2025-11-29
1110,1110,C00081,ARCO-2023-00194,2025-06-02,2025-07-05,C,Y,,24,2025-06-02,2025-06-09
1111,1111,C00013,ARCO-2024-00082,2024-05-05,2024-05-25,O,N,,1,2024-05-05,2024-06-02
1112,1112,C00075,ARCO-2023-00335,2023-07-27,2023-09-03,C,N,,24,2023-07-27,2023-08-05
1113,1113,C00166,ARCO-2024-00278,2024-06-30,2024-08-05,C,N,,12,2024-06-30,2024-07-12
1114,1114,C00100,ARCO-2023-00355,2025-11-21,2025-12-09,O,N,,25,2025-11-21,2025-12-04
1115,1115,C00028,,2023-06-14,2023-08-21,C,N,Reposição,5,2023-06-14,2023-06-24
1116,1116,C00071,ARCO-2024-00139,2022-01-27,2022-04-24,C,N,,11,2022-01-27,2022-02-16
1117,1117,C00219,,2023-06-28,2023-09-07,O,N,,10,2023-06-28,2023-07-27
1118,1118,C00176,ARCO-2024-00237,2025-01-31,2025-04-15,C,N,Reposição,16,2025-01-31,2025-02-28
1119,1119,C00134,ARCO-2024-00002,2025-12-02,2026-01-20,C,N,Urgente,7,2025-12-02,2025-12-16
1120,1120,C00028,,2022-06-26,2022-07-29,C,N,Reposição,5,2022-06-26,2022-07-10
1121,1121,C00079,ARCO-2024-00080,2022-05-06,2022-06-07,C,N,,10,2022-05-06,2022-06-03
1122,1122,C00206,ARCO-2024-00037,2024-02-13,2024-03-31,O,N,,18,2024-02-13,2024-02-23
1123,1123,C00101,,2022-06-02,2022-08-22,C,Y,Urgente,12,2022-06-02,2022-06-25
1124,1124,C00204,ARCO-2022-00006,2022-06-02,2022-08-07,C,N,Urgente,25,2022-06-02,2022-06-29
1125,1125,C00189,ARCO-2025-00074,2024-12-08,2025-01-16,O,N,,9,2024-12-08,2024-12-12
1126,1126,C00185,ARCO-2022-00192,2023-07-08,2023-08-02,C,N,,2,2023-07-08,2023-07-26
1127,1127,C00044,,2025-02-13,2025-04-02,C,Y,Urgente,2,2025-02-13,2025-02-13
1128,1128,C00061,ARCO-2023-00355,2025-11-04,2026-01-09,C,N,,7,2025-11-04,2025-11-15
1129,1129,C00088,ARCO-2022-00240,2022-04-23,2022-07-07,C,N,,11,2022-04-23,2022-04-30
1130,1130,C00218,,2025-03-31,2025-06-01,C,N,Urgente,9,2025-03-31,2025-04-22
1131,1131,C00078,ARCO-2024-00151,2025-10-03,2025-10-24,C,N,,14,2025-10-03,2025-10-04
1132,1132,C00001,ARCo-2022-00241,2024-10-13,2025-01-07,C,Y,,9,2024-10-13,2024-10-13
1133,1133,C00191,ARCO-2025-00179,2025-03-03,2025-05-17,O,N,Pedido complementar,22,2025-03-03,2025-03-10
1134,1134,C00090,ARCO-2025-00007,2022-12-19,2023-03-04,C,N,Reposição,2,2022-12-19,2023-01-03
1135,1135,C00138,ARCO-2024-00346,2025-09-21,2025-11-17,O,N,Urgente,24,2025-09-21,2025-10-01
1136,1136,C00232,ARCO-2025-00131,2022-12-09,2023-02-06,O,N,Pedido complementar,6,2022-12-09,2022-12-30
1137,1137,C00133,ARCo-2023-00085,2024-04-08,2024-05-29,O,N,Pedido complementar,14,2024-04-08,2024-04-14
1138,1138,C00226,ARCO-2025-00349,2022-07-10,2022-08-18,O,N,Reposição,16,2022-07-10,2022-08-03
1139,1139,C00118,,2024-05-17,2024-07-21,C,N,Pedido complementar,7,2024-05-17,2024-06-05
1140,1140,C00230,ARCO-2024-00059,2024-02-11,2024-02-26,C,N,Urgente,7,2024-02-11,2024-03-06
1141,1141,C00046,,2024-07-26,2024-09-17,C,N,,10,2024-07-26,2024-08-11
1142,1142,C00153,ARCO-2025-00201,2022-06-11,2022-07-31,C,N,,5,2022-06-11,2022-06-27
1143,1143,C00030,ARCO-2024-00173,2022-12-17,2023-02-06,O,N,Urgente,25,2022-12-17,2022-12-25
1144,1144,C00136,ARCO-2023-00290,2025-02-16,2025-04-27,O,N,,22,2025-02-16,2025-03-12
1145,1145,C00125,ARCO-2025-00226,2022-08-12,2022-09-08,O,N,,18,2022-08-12,2022-09-10
1146,1146,C00191,,2022-05-26,2022-08-17,C,N,Urgente,22,2022-05-26,2022-06-23
1147,1147,C00265,ARCO-2025-00343,2023-10-21,2023-12-03,O,N,,10,2023-10-21,2023-11-16
1148,1148,C00211,ARCO-2024-00341,2025-09-11,2025-11-23,O,N,Pedido complementar,25,2025-09-11,2025-10-10
1149,1149,C00005,,2022-03-23,2022-04-26,O,N,Urgente,13,2022-03-23,2022-03-31
1150,1150,C00080,ARCO-2024-00254,2022-10-02,2022-10-18,C,N,,13,2022-10-02,2022-10-19
1151,1151,C00084,,2024-11-24,2025-02-08,C,N,Pedido complementar,3,2024-11-24,2024-12-13
1152,1152,C00073,,2023-08-01,2023-10-15,C,N,Reposição,23,2023-08-01,2023-08-09
1153,1153,C00229,ARCO-2025-00003,2025-04-10,2025-05-26,C,N,Urgente,1,2025-04-10,2025-05-03
1154,1154,C00130,ARCO-2023-00093 ,2022-06-10,2022-08-22,O,N,Reposição,4,2022-06-10,2022-06-11
1155,1155,C00139,ARCO-2025-00074,2023-01-06,2023-03-16,C,N,Urgente,1,2023-01-06,2023-01-25
1156,1156,C00261,ARCO-2025-00317,2025-01-14,2025-04-06,C,N,,22,2025-01-14,2025-01-23
1157,1157,C00143,ARCO-2023-00133,2023-08-27,2023-09-19,O,N,,19,2023-08-27,2023-09-25
1158,1158,C00070,ARCO-2022-00298,2023-03-13,2023-05-20,O,N,Reposição,10,2023-03-13,2023-03-26
1159,1159,C00094,ARCO-2022-00171,2022-05-12,2022-08-09,O,N,,4,2022-05-12,2022-05-28
1160,1160,C00014,ARCO-2022-00143,2024-12-17,2025-02-06,C,N,,7,2024-12-17,2024-12-30
1161,1161,C00179,ARCO-2025-00036,2024-04-18,2024-07-12,C,N,,21,2024-04-18,2024-05-10
1162,1162,C00123,,2022-05-08,2022-07-21,O,N,,17,2022-05-08,2022-05-27
1163,1163,C00130,ARCO-2022-00162,2022-07-29,2022-09-30,O,N,,4,2022-07-29,2022-08-12
1164,1164,C00154,ARCO-2022-00028,2024-06-20,2024-07-27,C,N,Urgente,23,2024-06-20,2024-07-10
1165,1165,C00083,ARCO-2022-00234,2023-12-23,2024-02-29,O,N,,19,2023-12-23,2023-12-27
1166,1166,C00040, ARCO-2025-00358,2023-01-16,2023-04-12,C,N,,13,2023-01-16,2023-02-13
1167,1167,C00203,ARCO-2025-00164,2023-09-04,2023-11-02,C,N,,13,2023-09-04,2023-09-20
1168,1168,C00206,ARCO-2024-00182,2025-12-22,2026-02-12,O,N,,18,2025-12-22,2025-12-27
1169,1169,C00091,ARCO-2023-00039,2025-09-19,2025-12-09,C,N,Reposição,18,2025-09-19,2025-09-20
1170,1170,C00162,,2025-06-10,2025-07-29,C,N,Pedido complementar,8,2025-06-10,2025-06-29
1171,1171,C00159,ARCO-2023-00257,2025-11-19,2026-02-10,C,N,,3,2025-11-19,2025-11-29
1172,1172,C00079,ARCO-2022-00041,2025-10-13,2025-11-18,C,N,Urgente,10,2025-10-13,2025-10-15
1173,1173,C00086,ARCO-2024-00082,2023-03-02,2023-05-11,C,N,,19,2023-03-02,2023-03-06
1174,1174,C00227,,2024-09-11,2024-12-04,C,N,Reposição,9,2024-09-11,2024-10-03
1175,1175,C00174,ARCO-2025-00074,2024-02-15,2024-03-04,O,N,Reposição,22,2024-02-15,2024-03-15
1176,1176,C00248,ARCO-2023-00116,2024-06-15,2024-07-10,O,N,Pedido complementar,21,2024-06-15,2024-07-02
1177,1177,C00117,,2023-06-29,2023-08-27,C,N,,4,2023-06-29,2023-07-27
1178,1178,C00218,ARCO-2022-00333 ,2024-10-20,2024-11-08,O,N,,9,2024-10-20,2024-10-30
1179,1179,C00183,ARCO-2022-00241,2022-09-15,2022-11-28,O,N,Pedido complementar,9,2022-09-15,2022-10-11
1180,1180,C00065,ARCO-2024-00177,2024-07-06,2024-07-23,C,N,,17,2024-07-06,2024-07-07
1181,1181,C00079,ARCO-2024-00173,2024-04-20,2024-07-10,C,N,Pedido complementar,10,2024-04-20,2024-05-11
1182,1182,C00115,,2024-07-10,2024-09-21,O,N,,25,2024-07-10,2024-07-23
1183,1183,C00245,,2025-01-05,2025-01-28,C,N,Urgente,8,2025-01-05,2025-01-25
1184,1184,C00147,ARCO-2024-00331,2024-12-16,2025-02-19,C,N,,4,2024-12-16,2024-12-25
1185,1185,C00143,ARCO-2022-00136,2024-06-02,2024-08-19,O,N,Pedido complementar,19,2024-06-02,2024-06-07
1186,1186,C00037,,2022-11-30,2023-01-20,C,N,,19,2022-11-30,2022-12-17
1187,1187,C00239,,2024-06-15,2024-07-03,O,N,Urgente,9,2024-06-15,2024-07-13
1188,1188,C00083,ARCO-2023-00315,2023-10-03,2023-12-31,C,N,,19,2023-10-03,2023-11-02
1189,1189,C00082,ARCO-2022-00017,2022-02-19,2022-05-16,C,N,,24,2022-02-19,2022-02-21
1190,1190,C00066,,2022-04-07,2022-05-20,O,N,,18,2022-04-07,2022-04-29
1191,1191,C00061,ARCO-2022-00259,2024-02-09,2024-03-13,C,N,,7,2024-02-09,2024-02-22
1192,1192,C00028,ARCO-2025-00281,2022-06-05,2022-06-24,C,N,,5,2022-06-05,2022-06-16
1193,1193,C00112,ARCO-2024-00144,2023-02-09,2023-04-06,C,N,,18,2023-02-09,2023-03-01
1194,1194,C00231,ARCO-2024-00262,2022-05-26,2022-07-20,C,N,Urgente,21,2022-05-26,2022-06-16
1195,1195,C00189,ARCO-2022-00298,2023-08-29,2023-10-28,C,N,,9,2023-08-29,2023-09-17
1196,1196,C00190,,2022-02-22,2022-04-21,C,N,,4,2022-02-22,2022-03-16
1197,1197,C00199,ARCO-2023-00364,2024-06-26,2024-07-25,C,N,,19,2024-06-26,2024-07-24
1198,1198,C00039,ARCO-2025-00320,2022-11-25,2023-01-19,O,N,Pedido complementar,23,2022-11-25,2022-12-23
1199,1199,C00188,ARCO-2025-00032,2025-10-01,2025-12-22,C,N,,18,2025-10-01,2025-10-13
1200,1200,C00161,ARCO-2025-00035,2025-12-24,2026-01-31,O,N,,20,2025-12-24,2026-01-08
1201,1201,C00152,arco-2025-00164,2022-03-24,2022-04-25,C,N,Reposição,10,2022-03-24,2022-04-21
1202,1202,C00135,ARCO-2025-00014,2025-01-25,2025-02-27,C,N,,12,2025-01-25,2025-02-20
1203,1203,C00186,ARCO-2024-00124,2022-07-07,2022-08-12,C,N,,23,2022-07-07,2022-07-07
1204,1204,C00089,ARCO-2023-00224,2025-08-11,2025-08-28,C,N,,19,2025-08-11,2025-09-05
1205,1205,C00046,,2022-03-21,2022-05-21,O,N,Reposição,10,2022-03-21,2022-03-31
1206,1206,C00032,ARCO-2025-00145,2024-09-06,2024-10-23,O,N,Pedido complementar,14,2024-09-06,2024-09-13
1207,1207,C00079, ARCO-2024-00209,2025-05-02,2025-05-28,O,N,,10,2025-05-02,2025-05-25
1208,1208,C00120,ARCO-2023-00258,2024-08-26,2024-09-18,O,N,Pedido complementar,13,2024-08-26,2024-09-14
1209,1209,C00222,ARCO-2024-00237,2024-05-01,2024-05-27,O,N,,18,2024-05-01,2024-05-27
1210,1210,C00066,ARCO-2022-00060,2022-12-05,2022-12-31,O,N,,18,2022-12-05,2022-12-06
1211,1211,C00048,ARCO-2025-00157,2022-11-30,2023-02-20,C,N,Reposição,9,2022-11-30,2022-12-20
1212,1212,C00036,ARCO-2022-00347,2024-01-09,2024-02-13,O,N,Reposição,11,2024-01-09,2024-01-12
1213,1213,C00019,ARCO-2025-00036,2023-01-29,2023-03-26,C,N,Pedido complementar,8,2023-01-29,2023-02-24
1214,1214,C00106,ARCO-2023-00078,2024-06-01,2024-08-06,C,N,,24,2024-06-01,2024-06-30
1215,1215,C00036,,2022-06-24,2022-07-10,O,N,Reposição,11,2022-06-24,2022-06-26
1216,1216,C00059,,2024-09-08,2024-10-30,O,N,,17,2024-09-08,2024-09-11
1217,1217,C00123,arco-2024-00082,2023-07-12,2023-08-29,C,N,,17,2023-07-12,2023-08-11
1218,1218,C00256,ARCO-2023-00266,2024-03-11,2024-05-09,O,N,Urgente,4,2024-03-11,2024-03-25
1219,1219,C00178,,2022-11-11,2023-01-10,C,N,,6,2022-11-11,2022-12-07
1220,1220,C00194,,2023-03-04,2023-04-03,C,Y,,14,2023-03-04,2023-03-25
1221,1221,C00258,,2024-10-28,2024-11-21,O,N,Pedido complementar,14,2024-10-28,2024-11-20
1222,1222,C00029,ARCO-2023-00354,2022-03-05,2022-04-13,C,N,,3,2022-03-05,2022-03-06
1223,1223,C00218,ARCO - 2024 - 00237,2025-05-01,2025-06-20,C,N,Urgente,9,2025-05-01,2025-05-13
1224,1224,C00126,,2022-10-08,2022-11-23,O,N,,3,2022-10-08,2022-10-08
1225,1225,C00256,ARCO-2025-00349,2022-01-19,2022-02-06,C,N,,4,2022-01-19,2022-01-27
1226,1226,C00025,ARCO-2023-00102,2023-03-19,2023-05-11,O,N,Urgente,4,2023-03-19,2023-03-29
1227,1227,C00255,ARCO-2023-00357,2024-12-13,2025-03-08,O,N,Pedido complementar,5,2024-12-13,2024-12-18
1228,1228,C00125,ARCO-2023-00308,2025-03-29,2025-06-15,O,N,,18,2025-03-29,2025-04-27
1229,1229,C00073,ARCO-2024-00282,2023-07-16,2023-09-14,C,N,,23,2023-07-16,2023-07-22
1230,1230,C00059,,2024-05-11,2024-05-29,O,N,Reposição,17,2024-05-11,2024-06-07
1231,1231,C00085,,2023-04-27,2023-07-05,C,N,,7,2023-04-27,2023-05-14
1232,1232,C00254,ARCO-2023-00289,2023-01-30,2023-03-04,O,N,,7,2023-01-30,2023-02-07
1233,1233,C00121,ARCO-2022-00225,2023-09-30,2023-12-06,C,N,,3,2023-09-30,2023-10-16
1234,1234,C00221,ARCO-2025-00365,2024-03-15,2024-04-28,C,N,,17,2024-03-15,2024-03-16
1235,1235,C00205,ARCO-2025-00235,2022-12-12,2023-03-10,C,N,,6,2022-12-12,2022-12-15
1236,1236,C00134,ARCo-2023-00155,2022-08-16,2022-10-04,C,N,,7,2022-08-16,2022-08-30
1237,1237,C00092,ARCO-2022-00362,2023-03-15,2023-05-17,O,N,Reposição,8,2023-03-15,2023-03-27
1238,1238,C00061,ARCO-2023-00198,2023-02-11,2023-04-15,O,N,Reposição,7,2023-02-11,2023-02-16
1239,1239,C00205,ARCO-2023-00012,2023-12-01,2024-01-28,C,N,,6,2023-12-01,2023-12-30
1240,1240,C00133,ARCO-2022-00204,2023-05-21,2023-07-23,C,N,,14,2023-05-21,2023-06-05
1241,1241,C00232,ARCO-2025-00137,2023-02-11,2023-04-04,C,N,,6,2023-02-11,2023-02-19
1242,1242,C00174,,2023-12-27,2024-03-03,C,Y,,22,2023-12-27,2023-12-27
1243,1243,C00045,ARCO-2022-00212,2022-10-09,2022-11-12,C,N,,21,2022-10-09,2022-11-08
1244,1244,C00193,,2024-08-23,2024-10-11,O,N,Pedido complementar,9,2024-08-23,2024-09-19
1245,1245,C00228,ARCO-2024-00107,2024-12-22,2025-02-04,C,N,,23,2024-12-22,2025-01-21
1246,1246,C00167,,2025-07-16,2025-09-26,O,N,Reposição,22,2025-07-16,2025-07-22
1247,1247,C00133,ARCO-2023-00367,2022-06-24,2022-08-30,C,Y,,14,2022-06-24,2022-06-26
1248,1248,C00097,ARCO-2023-00355,2022-02-09,2022-03-26,C,N,Pedido complementar,6,2022-02-09,2022-02-17
1249,1249,C00140,ARCO-2022-00243,2022-03-11,2022-03-27,C,N,Urgente,5,2022-03-11,2022-04-09
1250,1250,C00170,ARCO-2022-00296,2025-12-24,2026-01-23,C,N,Reposição,19,2025-12-24,2026-01-23
1251,1251,C00182,ARCO-2022-00314,2024-05-26,2024-08-22,C,N,,3,2024-05-26,2024-06-18
1252,1252,C00244,,2025-11-30,2026-01-29,C,N,,9,2025-11-30,2025-12-05
1253,1253,C00260,ARCo-2025-00007,2025-08-20,2025-10-31,O,N,Urgente,22,2025-08-20,2025-09-07
1254,1254,C00146,ARCO-2025-00164,2023-04-25,2023-06-19,O,N,Pedido complementar,5,2023-04-25,2023-05-01
1255,1255,C00117,,2024-05-15,2024-07-04,C,N,Pedido complementar,4,2024-05-15,2024-05-17
1256,1256,C00024, ARCO-2023-00228,2022-07-31,2022-08-31,C,N,Pedido complementar,11,2022-07-31,2022-08-10
1257,1257,C00230,ARCO-2023-00039,2023-05-06,2023-05-26,C,N,Reposição,7,2023-05-06,2023-05-15
1258,1258,C00145,ARCO-2022-00148,2025-12-16,2026-01-31,C,N,,19,2025-12-16,2026-01-10
1259,1259,C00104,ARCO-2023-00248,2024-12-31,2025-03-16,C,N,Pedido complementar,21,2024-12-31,2025-01-15
1260,1260,C00064,ARCO-2023-00025,2024-04-29,2024-06-24,C,N,Urgente,6,2024-04-29,2024-05-29
1261,1261,C00242,ARCO-2025-00043,2025-02-21,2025-03-24,O,N,Urgente,19,2025-02-21,2025-03-23
1262,1262,C00020,ARCO-2025-00268,2023-07-23,2023-08-16,O,N,Reposição,6,2023-07-23,2023-07-26
1263,1263,C00060,,2022-09-02,2022-09-26,C,N,,7,2022-09-02,2022-09-10
1264,1264,C00196,ARCO-2025-00042,2025-04-08,2025-06-26,O,N,Reposição,4,2025-04-08,2025-04-22
1265,1265,C00186,,2022-12-20,2023-02-11,C,N,Pedido complementar,23,2022-12-20,2023-01-15
1266,1266,C00268,,2025-08-27,2025-10-24,O,N,Pedido complementar,1,2025-08-27,2025-09-17
1267,1267,C00248,,2025-02-19,2025-05-08,C,Y,Urgente,21,2025-02-19,2025-03-08
1268,1268,C00062,ARCO-2025-00175,2023-11-16,2023-12-13,O,N,Pedido complementar,3,2023-11-16,2023-12-09
1269,1269,C00016,ARCO-2023-00084,2024-04-11,2024-06-26,C,N,,10,2024-04-11,2024-04-30
1270,1270,C00210,ARCO-2024-00211,2022-10-31,2023-01-23,C,N,Pedido complementar,23,2022-10-31,2022-11-26
1271,1271,C00105,ARCO-2023-00111,2025-08-17,2025-10-17,C,N,,17,2025-08-17,2025-08-29
1272,1272,C00069,,2022-01-03,2022-01-19,O,N,Pedido complementar,16,2022-01-03,2022-01-18
1273,1273,C00005,,2025-04-30,2025-05-17,C,Y,,13,2025-04-30,2025-05-15
1274,1274,C00032,ARCO-2025-00263,2024-05-03,2024-07-12,C,N,,14,2024-05-03,2024-05-18
1275,1275,C00018,ARCO-2024-00264,2024-10-30,2024-12-18,C,N,Pedido complementar,11,2024-10-30,2024-11-21
1276,1276,C00223,ARCO-2023-00156,2024-04-18,2024-05-25,C,N,,21,2024-04-18,2024-05-15
1277,1277,C00244,,2025-10-10,2025-11-28,C,N,Urgente,9,2025-10-10,2025-10-14
1278,1278,C00219,ARCO-2025-00185,2022-07-03,2022-09-21,O,N,Urgente,10,2022-07-03,2022-07-21
1279,1279,C00139,ARCO-2022-00296,2022-03-24,2022-05-02,C,N,,1,2022-03-24,2022-04-17
1280,1280,C00077,ARCO-2023-00224,2024-03-24,2024-05-06,O,N,Pedido complementar,17,2024-03-24,2024-04-05
1281,1281,C00131,ARCO-2025-00191,2023-04-02,2023-05-17,O,N,Pedido complementar,19,2023-04-02,2023-04-26
1282,1282,C00017,,2024-08-03,2024-09-20,O,N,,10,2024-08-03,2024-08-13
1283,1283,C00045,arco-2023-00176,2023-07-11,2023-09-23,C,N,,21,2023-07-11,2023-07-14
1284,1284,C00065,ARCO-2025-00286,2025-07-20,2025-10-16,C,N,,17,2025-07-20,2025-08-12
1285,1285,C00184,,2023-03-06,2023-05-11,C,N,,23,2023-03-06,2023-03-12
1286,1286,C00070,ARCO-2025-00119,2023-06-13,2023-07-14,O,N,,10,2023-06-13,2023-07-05
1287,1287,C00205,ARCO-2023-00267,2022-10-14,2022-11-26,C,N,,6,2022-10-14,2022-10-24
1288,1288,C00107,ARCO-2023-00120,2024-08-23,2024-09-13,O,N,Reposição,19,2024-08-23,2024-09-01
1289,1289,C00073,ARCO-2024-00129,2022-03-11,2022-04-21,C,Y,,23,2022-03-11,2022-03-17
1290,1290,C00120,,2023-02-07,2023-03-09,C,N,Reposição,13,2023-02-07,2023-02-13
1291,1291,C00144,ARCO-2024-00325,2022-06-18,2022-07-19,C,N,Reposição,8,2022-06-18,2022-07-08
1292,1292,C00007,ARCO-2024-00113,2025-04-28,2025-07-19,C,N,Pedido complementar,5,2025-04-28,2025-05-19
1293,1293,C00059,ARCO-2025-00216,2024-02-29,2024-05-23,O,N,Pedido complementar,17,2024-02-29,2024-03-20
1294,1294,C00198,ARCO-2022-00362,2023-09-12,2023-10-15,O,N,Pedido complementar,4,2023-09-12,2023-10-04
1295,1295,C00114,ARCO-2025-00343,2023-08-16,2023-09-03,C,N,,15,2023-08-16,2023-09-05
1296,1296,C00231,ARCO-2025-00309,2024-12-20,2025-02-19,C,N,Pedido complementar,21,2024-12-20,2025-01-19
1297,1297,C00068,ARCO-2023-00285,2025-03-17,2025-04-05,O,N,Reposição,6,2025-03-17,2025-04-15
1298,1298,C00240,,2025-10-18,2026-01-07,O,N,,1,2025-10-18,2025-11-09
1299,1299,C00191, ARCO-2023-00085,2024-02-06,2024-05-05,C,N,,22,2024-02-06,2024-03-01
1300,1300,C00042,ARCO - 2022 - 00373,2022-01-24,2022-03-30,C,N,Pedido complementar,20,2022-01-24,2022-02-13
1301,1301,C00208,ARCO-2022-00019,2024-07-26,2024-09-07,C,N,Urgente,9,2024-07-26,2024-07-28
1302,1302,C00153,,2025-03-27,2025-06-18,C,N,Reposição,5,2025-03-27,2025-04-14
1303,1303,C00184,ARCO-2024-00046,2022-01-02,2022-02-15,C,N,,23,2022-01-02,2022-01-06
1304,1304,C00241,ARCO - 2025 - 00079,2025-03-05,2025-05-10,O,N,Urgente,23,2025-03-05,2025-03-14
1305,1305,C00106,ARCO-2023-00213,2025-05-21,2025-07-07,C,N,Reposição,24,2025-05-21,2025-05-30
1306,1306,C00004,ARCO-2023-00289,2023-08-09,2023-10-16,C,N,Pedido complementar,11,2023-08-09,2023-08-29
1307,1307,C00189,ARCO-2022-00241 ,2023-03-21,2023-04-09,O,N,,9,2023-03-21,2023-03-21
1308,1308,C00075,ARCO-2022-00240,2024-02-18,2024-04-21,O,N,,24,2024-02-18,2024-02-29
1309,1309,C00200,ARCO-2024-00237,2025-12-13,2026-01-20,O,N,,11,2025-12-13,2025-12-22
1310,1310,C00262,ARCO-2023-00289,2022-05-14,2022-07-22,C,Y,,11,2022-05-14,2022-06-01
1311,1311,C00064,ARCO-2022-00006,2024-11-29,2025-02-07,C,N,Pedido complementar,6,2024-11-29,2024-11-29
1312,1312,C00227,ARCO-2025-00079,2023-09-16,2023-11-27,C,N,Pedido complementar,9,2023-09-16,2023-10-08
1313,1313,C00102,ARCO-2024-00264,2024-01-14,2024-03-04,O,N,Urgente,18,2024-01-14,2024-02-08
1314,1314,C00030,,2025-06-16,2025-07-03,C,N,,25,2025-06-16,2025-07-15
1315,1315,C00213,ARCO-2025-00363,2024-01-20,2024-04-15,C,Y,,16,2024-01-20,2024-02-13
1316,1316,C00255,,2023-07-11,2023-09-17,C,N,,5,2023-07-11,2023-07-19
1317,1317,C00256,,2025-11-11,2025-12-25,C,N,Reposição,4,2025-11-11,2025-12-09
1318,1318,C00030,ARCO-2025-00365,2024-10-23,2025-01-19,O,N,Urgente,25,2024-10-23,2024-11-05
1319,1319,C00177,,2022-06-29,2022-09-22,O,N,,15,2022-06-29,2022-07-22
1320,1320,C00231,ARCO-2025-00304,2025-01-10,2025-03-30,O,N,,21,2025-01-10,2025-01-17
1321,1321,C00136,ARCO-2025-00311,2024-11-06,2024-12-31,C,N,,22,2024-11-06,2024-11-18
1322,1322,C00081,ARCo-2023-00030,2024-11-13,2025-02-09,C,N,Urgente,24,2024-11-13,2024-11-21
1323,1323,C00202,,2025-08-03,2025-09-08,C,N,,2,2025-08-03,2025-08-27
1324,1324,C00119,ARCO-2023-00271,2023-11-07,2023-12-14,O,N,,25,2023-11-07,2023-11-28
1325,1325,C00183,ARCO-2025-00121,2022-05-11,2022-05-26,C,N,,9,2022-05-11,2022-05-21
1326,1326,C00159,ARCO-2024-00149,2022-01-02,2022-02-24,C,N,,3,2022-01-02,2022-01-17
1327,1327,C00207,ARCO-2022-00142,2025-04-08,2025-05-08,O,N,,17,2025-04-08,2025-04-13
1328,1328,C00060,,2022-04-01,2022-05-16,C,N,Urgente,7,2022-04-01,2022-04-23
1329,1329,C00161,,2025-02-02,2025-04-10,C,N,Pedido complementar,20,2025-02-02,2025-02-04
1330,1330,C00023, ARCO-2023-00155,2025-05-18,2025-06-30,O,N,,3,2025-05-18,2025-06-14
1331,1331,C00213,ARCO-2023-00339,2022-07-25,2022-09-06,C,N,Pedido complementar,16,2022-07-25,2022-07-25
1332,1332,C00014,ARCO-2022-00174,2024-09-13,2024-10-22,C,Y,,7,2024-09-13,2024-09-15
1333,1333,C00095,,2023-12-26,2024-03-09,O,N,,20,2023-12-26,2024-01-24
1334,1334,C00192,ARCO-2023-00198,2025-09-01,2025-09-27,C,N,Reposição,16,2025-09-01,2025-09-25
1335,1335,C00060,ARCO-2024-00206,2024-02-05,2024-02-24,C,N,Reposição,7,2024-02-05,2024-02-08
1336,1336,C00114,,2025-03-26,2025-06-01,C,N,Reposição,15,2025-03-26,2025-04-08
1337,1337,C00256,ARCO-2024-00004,2025-08-07,2025-09-30,C,N,Reposição,4,2025-08-07,2025-09-03
1338,1338,C00105,ARCO-2025-00286,2024-01-19,2024-02-05,C,N,Pedido complementar,17,2024-01-19,2024-01-22
1339,1339,C00217,ARCO-2024-00303,2022-10-15,2022-11-08,O,N,,4,2022-10-15,2022-10-20
1340,1340,C00070,ARCo-2022-00136,2023-03-13,2023-05-28,O,N,Urgente,10,2023-03-13,2023-03-28
1341,1341,C00186,ARCO-2025-00179,2024-07-08,2024-08-24,C,Y,Urgente,23,2024-07-08,2024-07-11
1342,1342,C00035,ARCO-2023-00093,2022-09-26,2022-10-15,O,N,Urgente,22,2022-09-26,2022-10-14
1343,1343,C00190,,2024-05-29,2024-07-23,C,N,,4,2024-05-29,2024-06-01
1344,1344,C00061,ARCO-2023-00025,2022-05-10,2022-08-02,O,N,Pedido complementar,7,2022-05-10,2022-06-02
1345,1345,C00068,,2025-12-26,2026-02-08,C,N,,6,2025-12-26,2026-01-01
1346,1346,C00031,ARCO-2024-00183,2024-11-06,2025-01-23,C,N,,15,2024-11-06,2024-11-07
1347,1347,C00220,,2023-03-29,2023-04-27,C,N,,17,2023-03-29,2023-04-17
1348,1348,C00221,ARCO-2023-00353,2025-05-24,2025-06-21,O,N,Pedido complementar,17,2025-05-24,2025-06-05
1349,1349,C00056,ARCO-2023-00208,2022-04-10,2022-05-31,C,Y,,9,2022-04-10,2022-04-12
1350,1350,C00034,ARCO-2025-00026,2024-05-14,2024-05-29,C,N,,12,2024-05-14,2024-06-07
1351,1351,C00053,,2025-02-14,2025-03-02,C,N,Urgente,15,2025-02-14,2025-03-12
1352,1352,C00022,,2025-12-07,2025-12-31,C,N,,1,2025-12-07,2025-12-15
1353,1353,C00020,,2025-02-04,2025-03-21,C,N,,6,2025-02-04,2025-02-12
1354,1354,C00144,ARCO-2025-00181 ,2022-01-24,2022-04-24,C,N,Reposição,8,2022-01-24,2022-01-25
1355,1355,C00212,,2025-11-18,2026-01-30,C,N,Urgente,24,2025-11-18,2025-12-07
1356,1356,C00113,ARCO-2025-00327,2023-12-15,2024-03-12,O,N,,20,2023-12-15,2024-01-03
1357,1357,C00141,ARCO-2025-00074,2025-09-09,2025-09-26,C,N,Urgente,24,2025-09-09,2025-10-08
1358,1358,C00227,,2023-01-02,2023-02-26,O,N,Pedido complementar,9,2023-01-02,2023-01-19
1359,1359,C00148,ARCO-2023-00200,2025-05-14,2025-07-12,C,Y,Urgente,14,2025-05-14,2025-06-13
1360,1360,C00147,ARCO-2023-00269,2024-03-31,2024-04-30,C,N,Pedido complementar,4,2024-03-31,2024-04-22
1361,1361,C00193,,2023-10-18,2024-01-15,O,N,Pedido complementar,9,2023-10-18,2023-10-30
1362,1362,C00067,ARCO-2025-00229,2022-06-23,2022-07-23,C,N,Pedido complementar,18,2022-06-23,2022-07-10
1363,1363,C00205,ARCO-2023-00098,2024-12-05,2025-01-05,C,N,Urgente,6,2024-12-05,2025-01-02
1364,1364,C00212,ARCO - 2025 - 00024,2024-02-15,2024-03-21,C,N,Pedido complementar,24,2024-02-15,2024-02-24
1365,1365,C00023,ARCO-2025-00187,2024-10-15,2024-11-15,O,N,,3,2024-10-15,2024-10-25
1366,1366,C00076,ARCO-2025-00104,2023-12-01,2024-02-03,C,Y,,17,2023-12-01,2023-12-24
1367,1367,C00159,ARCO-2025-00033,2022-08-10,2022-10-10,O,N,,3,2022-08-10,2022-08-10
1368,1368,C00185,,2023-04-12,2023-06-08,O,N,,2,2023-04-12,2023-05-05
1369,1369,C00061,ARCO-2025-00191,2022-02-04,2022-04-02,C,N,Reposição,7,2022-02-04,2022-02-11
1370,1370,C00148,ARCo-2022-00125,2022-01-14,2022-02-08,O,N,Reposição,14,2022-01-14,2022-01-22
1371,1371,C00133,,2023-04-09,2023-05-07,C,N,Pedido complementar,14,2023-04-09,2023-05-04
1372,1372,C00039,ARCO-2023-00016,2025-01-07,2025-03-25,C,N,Pedido complementar,23,2025-01-07,2025-02-05
1373,1373,C00101,ARCO-2024-00326,2024-09-13,2024-12-12,C,N,,12,2024-09-13,2024-09-14
1374,1374,C00077,ARCO-2024-00059,2024-12-23,2025-01-25,O,N,Urgente,17,2024-12-23,2025-01-11
1375,1375,C00268,ARCO-2025-00056,2022-03-29,2022-06-24,C,N,,1,2022-03-29,2022-04-03
1376,1376,C00210,ARCO-2024-00238,2025-06-16,2025-08-25,O,N,,23,2025-06-16,2025-07-02
1377,1377,C00243,ARCO-2025-00145,2023-12-12,2024-01-12,C,N,Pedido complementar,19,2023-12-12,2023-12-21
1378,1378,C00261,ARCO-2025-00273 ,2025-07-07,2025-08-10,C,N,Pedido complementar,22,2025-07-07,2025-07-12
1379,1379,C00066,ARCO-2025-00104,2022-05-19,2022-08-01,C,N,,18,2022-05-19,2022-06-05
1380,1380,C00013,ARCO-2025-00128,2024-01-19,2024-03-03,C,N,,1,2024-01-19,2024-02-04
1381,1381,C00242,ARCO-2023-00135,2024-08-26,2024-11-04,C,N,Pedido complementar,19,2024-08-26,2024-08-27
1382,1382,C00066,ARCO-2024-00254,2025-12-18,2026-03-07,C,N,Pedido complementar,18,2025-12-18,2025-12-22
1383,1383,C00029,ARCO-2022-00161,2025-11-01,2025-12-13,C,N,Reposição,3,2025-11-01,2025-11-07
1384,1384,C00053,arco-2023-00364,2022-07-15,2022-08-03,C,N,Pedido complementar,15,2022-07-15,2022-08-12
1385,1385,C00043,ARCO-2023-00135,2025-07-25,2025-08-24,O,N,,3,2025-07-25,2025-08-02
1386,1386,C00147,ARCO-2024-00303,2025-05-08,2025-07-10,C,N,Urgente,4,2025-05-08,2025-05-17
1387,1387,C00139,,2023-03-14,2023-04-06,C,N,Urgente,1,2023-03-14,2023-03-17
1388,1388,C00063,ARCO-2023-00186,2023-05-13,2023-07-02,C,N,,21,2023-05-13,2023-06-01
1389,1389,C00222,,2024-08-15,2024-09-02,C,Y,,18,2024-08-15,2024-09-07
1390,1390,C00106,,2023-09-12,2023-10-25,C,N,Reposição,24,2023-09-12,2023-09-27
1391,1391,C00187,ARCO-2024-00278,2025-02-03,2025-04-11,O,N,Reposição,21,2025-02-03,2025-02-19
1392,1392,C00048,,2024-09-02,2024-11-21,C,N,Pedido complementar,9,2024-09-02,2024-10-01
1393,1393,C00067,ARCO-2022-00294,2024-10-19,2024-12-05,O,N,,18,2024-10-19,2024-11-04
1394,1394,C00066,ARCO-2022-00148,2022-04-03,2022-05-14,O,N,,18,2022-04-03,2022-04-08
1395,1395,C00118,,2023-10-21,2023-12-08,C,Y,Urgente,7,2023-10-21,2023-10-21
1396,1396,C00149,ARCO - 2025 - 00352,2024-12-11,2025-01-22,C,N,,2,2024-12-11,2024-12-25
1397,1397,C00242,ARCO-2025-00255,2024-07-29,2024-08-15,O,N,Urgente,19,2024-07-29,2024-08-25
1398,1398,C00181,ARCO-2024-00002,2024-07-09,2024-09-10,O,N,Reposição,10,2024-07-09,2024-08-05
1399,1399,C00080,ARCO-2023-00093,2025-08-13,2025-11-04,O,N,,13,2025-08-13,2025-09-09
1400,1400,C00261,ARCO-2023-00276,2025-02-11,2025-03-31,C,N,,22,2025-02-11,2025-03-05
1401,1401,C00111,ARCO-2023-00102,2023-09-06,2023-11-06,C,N,Urgente,5,2023-09-06,2023-09-24
1402,1402,C00086,ARCO-2022-00019,2024-04-01,2024-06-05,O,N,Reposição,19,2024-04-01,2024-04-12
1403,1403,C00119,ARCO-2025-00104,2023-06-26,2023-08-06,C,N,Pedido complementar,25,2023-06-26,2023-07-04
1404,1404,C00047,ARCO-2023-00267,2024-06-05,2024-08-03,O,N,,15,2024-06-05,2024-06-10
1405,1405,C00061,ARCO-2023-00200,2024-08-15,2024-11-09,O,N,Pedido complementar,7,2024-08-15,2024-08-15
1406,1406,C00158,ARCO-2022-00372,2024-02-10,2024-03-28,C,N,Pedido complementar,13,2024-02-10,2024-02-23
1407,1407,C00174,ARCO-2023-00186,2025-02-05,2025-04-08,C,N,,22,2025-02-05,2025-02-07
1408,1408,C00127,ARCO-2023-00102,2023-03-04,2023-05-10,O,N,Urgente,16,2023-03-04,2023-03-14
1409,1409,C00258,ARCO-2023-00205,2024-11-30,2025-02-16,C,N,Reposição,14,2024-11-30,2024-12-06
1410,1410,C00185,,2024-05-20,2024-06-13,O,N,,2,2024-05-20,2024-05-22
1411,1411,C00249,ARCO - 2023 - 00305,2023-03-27,2023-06-21,O,N,Pedido complementar,25,2023-03-27,2023-04-13
1412,1412,C00153,ARCO-2024-00252,2023-01-29,2023-03-10,C,N,Pedido complementar,5,2023-01-29,2023-02-23
1413,1413,C00254,,2022-08-24,2022-10-24,C,Y,,7,2022-08-24,2022-08-26
1414,1414,C00115,ARCO-2023-00172,2022-01-01,2022-02-24,C,N,,25,2022-01-01,2022-01-14
1415,1415,C00129,ARCO-2024-00081,2023-06-20,2023-09-17,C,Y,,1,2023-06-20,2023-07-17
1416,1416,C00202,ARCO-2022-00197,2023-05-28,2023-08-09,C,Y,Pedido complementar,2,2023-05-28,2023-06-22
1417,1417,C00046,ARCO-2022-00247,2025-09-16,2025-10-04,C,N,Reposição,10,2025-09-16,2025-09-28
1418,1418,C00237,ARCO-2025-00199,2022-03-16,2022-06-13,C,N,,2,2022-03-16,2022-04-09
1419,1419,C00100,ARCO-2023-00222,2025-10-13,2025-11-19,O,N,Urgente,25,2025-10-13,2025-10-31
1420,1420,C00225,,2023-07-01,2023-08-31,C,N,,13,2023-07-01,2023-07-22
1421,1421,C00187,ARCO-2025-00350,2023-02-05,2023-03-12,C,N,,21,2023-02-05,2023-02-08
1422,1422,C00172,ARCO-2025-00317 ,2025-10-16,2026-01-02,O,N,,4,2025-10-16,2025-11-08
1423,1423,C00212,ARCO-2022-00301,2023-11-28,2024-02-03,C,N,Reposição,24,2023-11-28,2023-12-25
1424,1424,C00216,,2022-03-13,2022-06-03,C,N,Urgente,18,2022-03-13,2022-03-19
1425,1425,C00178,ARCO-2024-00246,2025-04-25,2025-06-16,O,N,,6,2025-04-25,2025-05-22
1426,1426,C00211,ARCO-2025-00255 ,2023-02-16,2023-03-22,C,N,Urgente,25,2023-02-16,2023-03-09
1427,1427,C00218,,2023-12-20,2024-02-23,C,N,Reposição,9,2023-12-20,2024-01-03
1428,1428,C00199,ARCO-2023-00133,2025-07-20,2025-09-06,C,N,,19,2025-07-20,2025-07-31
1429,1429,C00123,ARCO-2025-00227,2023-10-17,2023-11-05,O,N,,17,2023-10-17,2023-10-24
1430,1430,C00227,ARCO-2023-00308,2025-02-19,2025-04-09,C,N,,9,2025-02-19,2025-03-19
1431,1431,C00117,ARCO-2023-00133,2022-02-25,2022-04-11,C,N,,4,2022-02-25,2022-03-05
1432,1432,C00017,,2024-09-14,2024-12-05,O,N,Reposição,10,2024-09-14,2024-09-20
1433,1433,C00102,ARCO-2025-00191,2025-04-03,2025-05-12,O,N,,18,2025-04-03,2025-04-10
1434,1434,C00209,ARCO-2023-00156,2024-12-10,2024-12-30,C,N,,12,2024-12-10,2024-12-25
1435,1435,C00114,ARCO-2022-00029,2023-07-17,2023-08-12,C,Y,Urgente,15,2023-07-17,2023-07-23
1436,1436,C00091,,2025-12-17,2026-02-02,O,N,,18,2025-12-17,2026-01-11
1437,1437,C00073,ARCO-2022-00265,2024-12-27,2025-03-09,C,N,,23,2024-12-27,2025-01-24
1438,1438,C00150,,2024-08-14,2024-10-03,C,N,Urgente,18,2024-08-14,2024-09-10
1439,1439,C00222,ARCO-2023-00127,2022-10-07,2022-12-23,O,N,Reposição,18,2022-10-07,2022-10-26
1440,1440,C00243,ARCO-2023-00172,2022-04-20,2022-07-17,C,N,,19,2022-04-20,2022-04-21
1441,1441,C00046,ARCO-2024-00322,2022-04-02,2022-06-17,C,N,Reposição,10,2022-04-02,2022-04-12
1442,1442,C00059,ARCO-2023-00266,2024-08-03,2024-10-17,C,N,,17,2024-08-03,2024-08-19
1443,1443,C00101,,2022-02-14,2022-04-24,O,N,,12,2022-02-14,2022-03-14
1444,1444,C00165,ARCO-2022-00336,2025-12-16,2026-03-01,C,N,,11,2025-12-16,2025-12-16
1445,1445,C00177,ARCO-2023-00329,2024-04-19,2024-05-08,O,N,,15,2024-04-19,2024-05-12
1446,1446,C00207,,2024-08-21,2024-10-17,C,N,,17,2024-08-21,2024-09-05
1447,1447,C00044,ARCO-2023-00359,2022-09-03,2022-10-08,C,N,Pedido complementar,2,2022-09-03,2022-09-15
1448,1448,C00049,,2025-03-13,2025-04-11,O,N,Urgente,25,2025-03-13,2025-03-21
1449,1449,C00187,ARCO-2024-00302,2023-09-02,2023-09-30,O,N,,21,2023-09-02,2023-09-17
1450,1450,C00211,,2024-07-02,2024-07-18,C,N,Reposição,25,2024-07-02,2024-07-26
1451,1451,C00006,ARCO-2022-00034,2025-07-10,2025-09-14,C,N,,10,2025-07-10,2025-08-05
1452,1452,C00219,ARCO-2024-00254 ,2024-12-16,2025-01-26,C,N,,10,2024-12-16,2024-12-30
1453,1453,C00138,ARCO-2023-00101,2023-04-12,2023-05-29,C,N,,24,2023-04-12,2023-04-26
1454,1454,C00110,ARCO-2023-00169,2025-11-14,2025-11-29,C,N,Reposição,18,2025-11-14,2025-11-18
1455,1455,C00246,ARCO-2023-00030,2023-01-23,2023-02-22,C,N,Reposição,20,2023-01-23,2023-01-30
1456,1456,C00200,,2023-06-09,2023-07-25,O,N,Pedido complementar,11,2023-06-09,2023-06-25
1457,1457,C00167,ARCO-2023-00258,2023-06-19,2023-08-07,O,N,Pedido complementar,22,2023-06-19,2023-07-07
1458,1458,C00162,,2025-04-18,2025-05-30,O,N,,8,2025-04-18,2025-05-08
1459,1459,C00018,ARCO-2025-00191,2025-12-31,2026-02-27,O,N,Reposição,11,2025-12-31,2026-01-24
1460,1460,C00028,ARCO-2023-00186,2025-08-22,2025-09-10,O,N,Reposição,5,2025-08-22,2025-09-12
1461,1461,C00206, ARCO-2024-00113,2022-12-05,2023-01-20,C,N,Urgente,18,2022-12-05,2022-12-16
1462,1462,C00136,,2023-05-17,2023-06-04,C,N,Reposição,22,2023-05-17,2023-05-20
1463,1463,C00181,ARCO-2025-00031,2025-10-30,2026-01-12,O,N,,10,2025-10-30,2025-11-02
1464,1464,C00075,,2025-07-10,2025-09-08,O,N,,24,2025-07-10,2025-07-10
1465,1465,C00012, ARCO-2025-00103,2022-10-14,2022-11-02,C,N,,6,2022-10-14,2022-11-08
1466,1466,C00029,ARCO-2022-00064,2022-03-08,2022-06-03,O,N,,3,2022-03-08,2022-04-06
1467,1467,C00178,ARCO-2022-00148,2023-03-22,2023-06-11,C,N,Urgente,6,2023-03-22,2023-04-10
1468,1468,C00229,,2025-04-16,2025-07-07,O,N,Pedido complementar,1,2025-04-16,2025-04-26
1469,1469,C00168,ARCO-2024-00054,2022-06-23,2022-09-14,O,N,Pedido complementar,21,2022-06-23,2022-06-29
1470,1470,C00267,,2024-06-13,2024-08-02,O,N,,5,2024-06-13,2024-06-29
1471,1471,C00176,ARCO-2023-00186,2024-08-14,2024-10-21,C,N,Pedido complementar,16,2024-08-14,2024-09-06
1472,1472,C00041,ARCO-2022-00174,2023-05-15,2023-06-05,C,N,Urgente,11,2023-05-15,2023-06-07
1473,1473,C00169,,2023-06-21,2023-09-08,C,N,Pedido complementar,13,2023-06-21,2023-07-16
1474,1474,C00174,ARCO-2025-00363,2024-11-15,2025-02-08,C,N,,22,2024-11-15,2024-12-13
1475,1475,C00167,ARCO-2024-00262,2025-09-02,2025-10-19,C,N,,22,2025-09-02,2025-09-03
1476,1476,C00122,,2022-02-24,2022-05-06,C,N,,7,2022-02-24,2022-03-07
1477,1477,C00181,ARCO-2022-00108,2023-11-13,2024-02-01,C,N,,10,2023-11-13,2023-11-29
1478,1478,C00069,ARCO-2025-00229,2023-11-07,2023-12-30,C,N,Urgente,16,2023-11-07,2023-11-27
1479,1479,C00258,,2023-07-11,2023-09-11,C,N,,14,2023-07-11,2023-07-20
1480,1480,C00061,ARCO-2024-00264,2023-08-14,2023-11-12,O,N,Urgente,7,2023-08-14,2023-09-02
1481,1481,C00020,ARCO-2025-00032,2023-11-09,2024-01-09,C,N,Reposição,6,2023-11-09,2023-12-05
1482,1482,C00159,ARCO-2024-00378,2023-06-28,2023-07-26,C,N,,3,2023-06-28,2023-07-19
1483,1483,C00175,,2025-09-11,2025-11-27,O,N,,5,2025-09-11,2025-09-29
1484,1484,C00114,ARCO-2023-00016,2024-07-11,2024-09-19,C,N,Pedido complementar,15,2024-07-11,2024-08-05
1485,1485,C00011,ARCO-2022-00064,2022-11-10,2023-01-26,O,N,Urgente,14,2022-11-10,2022-11-21
1486,1486,C00102,,2023-08-03,2023-10-04,O,N,,18,2023-08-03,2023-08-11
1487,1487,C00053,ARCO-2025-00327,2022-04-25,2022-06-22,C,N,,15,2022-04-25,2022-05-12
1488,1488,C00124,,2023-12-25,2024-02-23,C,N,,25,2023-12-25,2024-01-23
1489,1489,C00223,,2022-09-09,2022-11-17,C,N,Pedido complementar,21,2022-09-09,2022-09-15
1490,1490,C00105,ARCO-2025-00337,2024-04-29,2024-07-06,C,N,Reposição,17,2024-04-29,2024-05-10
1491,1491,C00004, ARCO-2022-00298,2024-05-04,2024-05-25,C,N,Urgente,11,2024-05-04,2024-05-06
1492,1492,C00190,,2025-10-25,2026-01-08,C,N,,4,2025-10-25,2025-10-27
1493,1493,C00234,ARCO-2025-00115,2024-02-25,2024-03-16,C,N,,6,2024-02-25,2024-03-23
1494,1494,C00036, ARCO-2025-00216,2024-11-26,2025-02-13,C,N,Pedido complementar,11,2024-11-26,2024-11-26
1495,1495,C00046,ARCO-2025-00191,2025-02-04,2025-03-16,C,N,,10,2025-02-04,2025-02-15
1496,1496,C00105,ARCO-2023-00083,2022-04-10,2022-04-29,C,N,Pedido complementar,17,2022-04-10,2022-05-01
1497,1497,C00122,ARCO-2025-00293,2024-10-20,2025-01-18,O,N,,7,2024-10-20,2024-11-10
1498,1498,C00121,ARCO-2024-00326,2022-12-14,2023-01-06,C,N,,3,2022-12-14,2022-12-30
1499,1499,C00153,ARCO-2023-00231,2024-04-24,2024-07-05,C,N,Pedido complementar,5,2024-04-24,2024-05-22
1500,1500,C00140,,2022-10-04,2022-10-20,C,N,Reposição,5,2022-10-04,2022-10-26
1501,1501,C00048,ARCO-2025-00096,2024-04-08,2024-06-17,C,N,,9,2024-04-08,2024-05-01
1502,1502,C00212,ARCO-2023-00016,2025-08-20,2025-11-14,O,N,,24,2025-08-20,2025-09-13
1503,1503,C00257,ARCO-2025-00223,2024-06-24,2024-08-19,C,N,Pedido complementar,11,2024-06-24,2024-07-11
1504,1504,C00243,ARCO-2023-00155,2025-03-06,2025-04-11,C,N,Urgente,19,2025-03-06,2025-03-27
1505,1505,C00046,ARCO-2025-00132,2025-06-02,2025-07-14,C,N,,10,2025-06-02,2025-06-09
1506,1506,C00048,,2023-11-08,2024-01-17,C,N,,9,2023-11-08,2023-11-14
1507,1507,C00143,ARCO-2025-00079,2025-04-09,2025-04-25,C,N,Urgente,19,2025-04-09,2025-04-17
1508,1508,C00199,ARCO-2025-00342,2024-11-29,2024-12-22,O,N,Reposição,19,2024-11-29,2024-12-04
1509,1509,C00072,ARCO-2024-00075,2025-08-24,2025-09-25,C,N,Urgente,6,2025-08-24,2025-08-28
1510,1510,C00096,,2023-04-09,2023-06-22,O,N,Pedido complementar,17,2023-04-09,2023-04-26
1511,1511,C00139,ARCO-2025-00199,2022-05-12,2022-06-22,C,N,,1,2022-05-12,2022-06-03
1512,1512,C00168,ARCO - 2023 - 00126,2023-11-07,2024-01-02,C,N,,21,2023-11-07,2023-11-28
1513,1513,C00231,ARCO-2022-00334,2024-02-01,2024-04-14,C,N,Pedido complementar,21,2024-02-01,2024-02-01
1514,1514,C00028,,2023-11-22,2023-12-15,O,N,Pedido complementar,5,2023-11-22,2023-12-15
1515,1515,C00246,ARCO-2024-00134,2025-05-17,2025-07-04,O,N,,20,2025-05-17,2025-05-22
1516,1516,C00240,ARCO-2024-00211 ,2023-12-29,2024-02-06,C,N,,1,2023-12-29,2023-12-30
1517,1517,C00032,ARCO-2025-00045,2024-11-10,2025-01-19,C,N,Pedido complementar,14,2024-11-10,2024-11-13
1518,1518,C00189,ARCO-2025-00128,2025-07-17,2025-10-13,O,N,Reposição,9,2025-07-17,2025-07-28
1519,1519,C00012,,2024-04-17,2024-06-18,O,N,,6,2024-04-17,2024-05-15
1520,1520,C00164,ARCO-2025-00045,2023-01-20,2023-02-27,O,N,Reposição,1,2023-01-20,2023-02-16
1521,1521,C00244,,2024-04-21,2024-06-01,O,N,Pedido complementar,9,2024-04-21,2024-05-09
1522,1522,C00025,,2022-09-21,2022-11-01,O,N,,4,2022-09-21,2022-10-03
1523,1523,C00021,,2024-11-01,2024-11-25,C,Y,,8,2024-11-01,2024-11-05
1524,1524,C00065,ARCO-2023-00271,2024-07-29,2024-09-19,C,N,Urgente,17,2024-07-29,2024-08-09
1525,1525,C00011,ARCO-2023-00068,2025-12-11,2026-01-18,C,N,Urgente,14,2025-12-11,2025-12-14
1526,1526,C00058,,2023-03-18,2023-05-12,C,N,,11,2023-03-18,2023-03-27
1527,1527,C00004,ARCO-2024-00246,2024-01-21,2024-02-20,C,Y,,11,2024-01-21,2024-01-21
1528,1528,C00079,,2022-10-14,2022-11-11,C,N,Urgente,10,2022-10-14,2022-10-23
1529,1529,C00174,,2023-02-16,2023-04-30,O,N,Urgente,22,2023-02-16,2023-02-23
1530,1530,C00080,arco-2023-00126,2024-06-27,2024-08-17,O,N,,13,2024-06-27,2024-07-10
1531,1531,C00218,ARCO-2022-00204,2022-12-26,2023-02-07,O,N,Urgente,9,2022-12-26,2023-01-25
1532,1532,C00183,ARCO-2023-00012,2022-10-26,2022-12-12,C,N,,9,2022-10-26,2022-10-30
1533,1533,C00216,ARCO-2025-00072,2025-10-13,2025-11-27,C,N,Urgente,18,2025-10-13,2025-11-05
1534,1534,C00030,ARCO-2022-00371,2022-01-16,2022-01-31,C,N,Pedido complementar,25,2022-01-16,2022-02-14
1535,1535,C00224,ARCO-2022-00022,2022-01-06,2022-03-02,C,N,,8,2022-01-06,2022-01-11
1536,1536,C00043,ARCO-2023-00047,2024-07-18,2024-08-27,O,N,,3,2024-07-18,2024-08-12
1537,1537,C00097,ARCO-2024-00118,2023-04-19,2023-05-06,C,N,,6,2023-04-19,2023-05-12
1538,1538,C00164,,2024-05-07,2024-07-03,C,N,Urgente,1,2024-05-07,2024-05-25
1539,1539,C00152,ARCO-2025-00056,2023-04-11,2023-04-30,O,N,Urgente,10,2023-04-11,2023-05-02
1540,1540,C00136,ARCO-2023-00271,2025-07-10,2025-09-05,O,N,,22,2025-07-10,2025-08-02
1541,1541,C00018,ARCO-2023-00335,2023-10-24,2023-12-17,C,N,,11,2023-10-24,2023-10-27
1542,1542,C00026,ARCO-2023-00098,2024-01-18,2024-03-04,O,N,,20,2024-01-18,2024-02-11
1543,1543,C00122,ARCO-2022-00247,2024-01-25,2024-03-18,O,N,,7,2024-01-25,2024-01-25
1544,1544,C00145,ARCO-2023-00135,2024-07-08,2024-07-27,O,N,Urgente,19,2024-07-08,2024-07-08
1545,1545,C00139,ARCO-2024-00057,2023-11-30,2024-01-05,C,N,,1,2023-11-30,2023-12-27
1546,1546,C00109,,2025-07-09,2025-10-04,C,N,Pedido complementar,24,2025-07-09,2025-08-04
1547,1547,C00192,ARCO-2025-00056,2025-05-24,2025-08-03,C,Y,Reposição,16,2025-05-24,2025-05-27
1548,1548,C00256,,2023-04-30,2023-07-26,C,Y,Pedido complementar,4,2023-04-30,2023-05-02
1549,1549,C00030,ARCO-2023-00370,2025-04-22,2025-05-17,C,N,Reposição,25,2025-04-22,2025-04-28
1550,1550,C00127,ARCO-2023-00038,2023-03-10,2023-05-12,C,N,,16,2023-03-10,2023-03-26
1551,1551,C00132,ARCO-2024-00023,2025-12-13,2026-02-03,C,N,Pedido complementar,11,2025-12-13,2025-12-23
1552,1552,C00104,,2024-01-25,2024-04-08,O,N,Urgente,21,2024-01-25,2024-02-21
1553,1553,C00189,ARCO-2024-00134,2022-01-26,2022-04-11,C,N,,9,2022-01-26,2022-02-08
1554,1554,C00076,ARCO-2023-00370,2022-08-15,2022-11-12,O,N,,17,2022-08-15,2022-09-13
1555,1555,C00197,,2022-05-13,2022-06-12,C,N,,9,2022-05-13,2022-06-05
1556,1556,C00061,ARCO-2025-00311,2023-03-28,2023-06-06,O,N,,7,2023-03-28,2023-04-15
1557,1557,C00143,,2022-01-08,2022-04-04,O,N,,19,2022-01-08,2022-01-09
1558,1558,C00101,,2024-10-20,2024-12-25,O,N,,12,2024-10-20,2024-11-18
1559,1559,C00237,ARCO-2024-00252,2022-04-12,2022-05-07,C,N,Urgente,2,2022-04-12,2022-04-16
1560,1560,C00198,ARCO - 2022 - 00052,2024-05-24,2024-07-29,C,N,Urgente,4,2024-05-24,2024-06-07
1561,1561,C00104,ARCO-2023-00305,2025-11-25,2026-02-20,O,N,,21,2025-11-25,2025-11-29
1562,1562,C00019,ARCO-2024-00062,2024-01-25,2024-03-31,O,N,Pedido complementar,8,2024-01-25,2024-02-20
1563,1563,C00236,,2024-12-22,2025-01-28,C,Y,Urgente,8,2024-12-22,2025-01-02
1564,1564,C00055,ARCO-2025-00137,2024-12-11,2025-02-17,C,N,Reposição,19,2024-12-11,2024-12-14
1565,1565,C00067,ARCO-2024-00251,2023-06-21,2023-09-09,C,N,,18,2023-06-21,2023-07-06
1566,1566,C00231,ARCO-2022-00192,2025-06-11,2025-08-07,C,N,Reposição,21,2025-06-11,2025-06-18
1567,1567,C00191,ARCO-2025-00297,2022-09-12,2022-10-19,C,N,,22,2022-09-12,2022-10-08
1568,1568,C00042,ARCO-2025-00032,2023-06-05,2023-08-13,C,N,Urgente,20,2023-06-05,2023-06-30
1569,1569,C00255,ARCO-2024-00046,2025-04-13,2025-07-10,O,N,,5,2025-04-13,2025-05-04
1570,1570,C00020,ARCO-2023-00040,2025-02-10,2025-04-27,C,N,,6,2025-02-10,2025-03-02
1571,1571,C00202,ARCO-2024-00264,2024-09-04,2024-11-05,O,N,,2,2024-09-04,2024-09-09
1572,1572,C00217,ARCO - 2022 - 00028,2025-01-29,2025-04-16,C,N,,4,2025-01-29,2025-02-01
1573,1573,C00096,ARCO-2022-00207,2025-09-22,2025-12-21,O,N,,17,2025-09-22,2025-09-25
1574,1574,C00232,ARCO-2023-00085,2022-10-09,2023-01-06,O,N,Pedido complementar,6,2022-10-09,2022-10-23
1575,1575,C00265,ARCO-2025-00005,2025-03-08,2025-04-27,C,N,Pedido complementar,10,2025-03-08,2025-03-28
1576,1576,C00029,ARCO-2022-00247,2024-10-10,2024-12-25,C,N,,3,2024-10-10,2024-10-16
1577,1577,C00038,,2025-10-02,2025-11-24,O,N,,22,2025-10-02,2025-10-08
1578,1578,C00180,ARCO - 2023 - 00357,2024-10-10,2024-12-09,O,N,,1,2024-10-10,2024-11-07
1579,1579,C00236,ARCO-2025-00317,2022-03-12,2022-04-20,C,N,,8,2022-03-12,2022-03-26
1580,1580,C00181,,2023-01-17,2023-03-05,O,N,,10,2023-01-17,2023-01-30
1581,1581,C00194,,2024-08-01,2024-08-16,C,N,,14,2024-08-01,2024-08-01
1582,1582,C00205,ARCO-2023-00140,2025-04-01,2025-05-20,C,N,,6,2025-04-01,2025-04-26
1583,1583,C00035,ARCO-2024-00075,2025-04-29,2025-07-13,C,N,,22,2025-04-29,2025-05-07
1584,1584,C00077, ARCO-2023-00001,2022-05-26,2022-08-13,C,N,Reposição,17,2022-05-26,2022-06-08
1585,1585,C00059,ARCO-2024-00080,2025-07-09,2025-10-07,O,N,,17,2025-07-09,2025-07-15
1586,1586,C00158,,2025-07-22,2025-08-15,O,N,Pedido complementar,13,2025-07-22,2025-08-06
1587,1587,C00020,,2023-09-06,2023-11-18,C,N,Pedido complementar,6,2023-09-06,2023-09-08
1588,1588,C00211,ARCO-2025-00352,2023-01-19,2023-03-13,C,N,,25,2023-01-19,2023-02-01
1589,1589,C00084,ARCO-2023-00092,2023-04-18,2023-06-15,C,N,Reposição,3,2023-04-18,2023-05-10
1590,1590,C00087,ARCO-2025-00128,2022-01-09,2022-03-27,O,N,,13,2022-01-09,2022-01-30
1591,1591,C00152,ARCO-2023-00198,2022-05-08,2022-07-05,C,N,,10,2022-05-08,2022-05-31
1592,1592,C00026,ARCO-2025-00128,2024-12-12,2025-01-05,O,N,,20,2024-12-12,2024-12-15
1593,1593,C00201,ARCo-2025-00069,2022-12-30,2023-01-14,O,N,Pedido complementar,19,2022-12-30,2023-01-02
1594,1594,C00250,ARCO-2025-00035,2022-03-27,2022-05-24,C,N,,15,2022-03-27,2022-04-12
1595,1595,C00172,ARCO-2025-00099,2023-02-08,2023-04-19,C,N,,4,2023-02-08,2023-02-12
1596,1596,C00175,,2025-05-08,2025-05-31,C,N,Pedido complementar,5,2025-05-08,2025-06-01
1597,1597,C00164,ARCO-2022-00225,2022-07-22,2022-09-22,C,N,Reposição,1,2022-07-22,2022-07-23
1598,1598,C00169,ARCO-2023-00156,2022-12-15,2023-01-09,C,N,Pedido complementar,13,2022-12-15,2023-01-05
1599,1599,C00053,ARCO-2024-00082,2025-05-29,2025-07-17,C,N,,15,2025-05-29,2025-06-07
1600,1600,C00004,,2023-03-20,2023-06-08,C,N,Urgente,11,2023-03-20,2023-04-17
1601,1601,C00098,ARCO-2023-00146,2024-04-24,2024-06-19,C,Y,,9,2024-04-24,2024-05-20
1602,1602,C00084,,2022-03-04,2022-04-01,C,N,,3,2022-03-04,2022-03-08
1603,1603,C00027,ARCO-2024-00260,2025-12-08,2026-01-31,C,N,Reposição,24,2025-12-08,2025-12-24
1604,1604,C00201,ARCO-2025-00320,2022-06-01,2022-08-24,O,N,Reposição,19,2022-06-01,2022-06-04
1605,1605,C00127,ARCO-2025-00235,2023-11-01,2023-11-29,C,N,,16,2023-11-01,2023-11-23
1606,1606,C00064,,2023-10-04,2023-11-12,O,N,Reposição,6,2023-10-04,2023-10-24
1607,1607,C00014,,2022-07-21,2022-08-29,O,N,,7,2022-07-21,2022-07-27
1608,1608,C00053,ARCO-2022-00274,2023-04-28,2023-06-19,O,N,Pedido complementar,15,2023-04-28,2023-04-28
1609,1609,C00065,ARCO-2022-00372,2023-05-31,2023-08-04,O,N,Urgente,17,2023-05-31,2023-06-26
1610,1610,C00042,arco-2024-00081,2023-10-04,2023-11-19,C,N,Reposição,20,2023-10-04,2023-10-17
1611,1611,C00226,,2024-07-06,2024-09-19,C,Y,,16,2024-07-06,2024-07-25
1612,1612,C00102,ARCO-2024-00325,2025-09-15,2025-12-14,C,N,Pedido complementar,18,2025-09-15,2025-10-14
1613,1613,C00219,ARCO-2022-00241,2025-01-09,2025-03-28,C,N,,10,2025-01-09,2025-01-10
1614,1614,C00230,ARCO-2023-00092,2025-11-10,2025-12-01,O,N,,7,2025-11-10,2025-12-02
1615,1615,C00019,,2024-01-29,2024-02-22,O,N,Reposição,8,2024-01-29,2024-02-20
1616,1616,C00256,,2022-10-24,2022-12-14,C,N,,4,2022-10-24,2022-11-04
1617,1617,C00142,ARCO-2024-00178,2022-05-13,2022-07-22,C,N,,19,2022-05-13,2022-05-31
1618,1618,C00092,ARCO-2025-00223,2025-12-24,2026-02-06,C,N,Pedido complementar,8,2025-12-24,2025-12-29
1619,1619,C00113,ARCO-2022-00053,2022-12-13,2023-03-03,C,N,Urgente,20,2022-12-13,2023-01-02
1620,1620,C00099,,2025-07-07,2025-08-12,C,N,Urgente,17,2025-07-07,2025-07-23
1621,1621,C00011,ARCO-2024-00378,2023-07-16,2023-08-23,O,N,Urgente,14,2023-07-16,2023-08-09
1622,1622,C00119,ARCO-2023-00315,2025-03-31,2025-05-15,O,N,Pedido complementar,25,2025-03-31,2025-04-13
1623,1623,C00096,ARCO-2022-00334,2023-05-26,2023-07-19,C,N,,17,2023-05-26,2023-05-26
1624,1624,C00241,,2025-09-04,2025-09-19,C,N,,23,2025-09-04,2025-09-27
1625,1625,C00153,ARCO-2025-00338,2025-06-07,2025-08-12,O,N,Urgente,5,2025-06-07,2025-06-19
1626,1626,C00262,ARCo-2023-00213,2023-05-02,2023-07-25,O,N,Reposição,11,2023-05-02,2023-05-13
1627,1627,C00038,ARCO-2025-00132,2024-01-06,2024-02-25,O,N,,22,2024-01-06,2024-01-24
1628,1628,C00171,ARCO-2023-00101,2023-01-22,2023-02-10,C,N,,6,2023-01-22,2023-01-31
1629,1629,C00050,ARCO-2024-00107,2023-12-27,2024-01-25,C,Y,Urgente,7,2023-12-27,2024-01-11
1630,1630,C00159,ARCO-2024-00345,2024-05-28,2024-07-11,C,N,Pedido complementar,3,2024-05-28,2024-06-16
1631,1631,C00006,,2023-11-18,2023-12-06,C,N,,10,2023-11-18,2023-12-03
1632,1632,C00073,ARCO-2024-00134 ,2024-10-25,2025-01-07,O,N,,23,2024-10-25,2024-11-22
1633,1633,C00089, ARCO-2024-00280,2022-06-14,2022-08-24,O,N,Reposição,19,2022-06-14,2022-07-10
1634,1634,C00118,ARCO-2024-00158,2025-10-28,2025-12-22,O,N,,7,2025-10-28,2025-10-30
1635,1635,C00083,ARCO-2024-00163,2024-05-16,2024-07-01,C,N,,19,2024-05-16,2024-05-18
1636,1636,C00045,ARCO-2023-00106,2022-08-04,2022-08-21,C,N,,21,2022-08-04,2022-08-11
1637,1637,C00028,,2023-11-16,2024-02-13,C,N,,5,2023-11-16,2023-11-16
1638,1638,C00121,,2024-12-26,2025-01-22,C,N,,3,2024-12-26,2025-01-17
1639,1639,C00214,ARCO-2025-00191,2025-10-19,2025-11-07,O,N,Reposição,9,2025-10-19,2025-10-23
1640,1640,C00156,ARCo-2023-00130,2024-07-05,2024-07-25,O,N,Urgente,23,2024-07-05,2024-07-07
1641,1641,C00218,ARCO-2022-00241,2025-08-06,2025-09-14,O,N,,9,2025-08-06,2025-08-24
1642,1642,C00245,,2022-01-23,2022-03-05,O,N,,8,2022-01-23,2022-01-29
1643,1643,C00160,ARCO-2025-00131,2023-02-24,2023-04-19,C,N,,12,2023-02-24,2023-03-09
1644,1644,C00185,ARCO-2025-00024,2023-08-26,2023-10-30,O,N,Pedido complementar,2,2023-08-26,2023-09-04
1645,1645,C00057,ARCO-2025-00121,2023-11-15,2024-01-27,C,N,,20,2023-11-15,2023-12-08
1646,1646,C00242,,2022-10-28,2022-11-28,O,N,,19,2022-10-28,2022-11-10
1647,1647,C00238,ARCO-2023-00044,2022-06-07,2022-08-27,C,N,Reposição,15,2022-06-07,2022-07-07
1648,1648,C00258,ARCO-2023-00233,2024-09-02,2024-11-12,C,N,,14,2024-09-02,2024-09-18
1649,1649,C00246,arco-2023-00040,2025-05-27,2025-08-18,O,N,Reposição,20,2025-05-27,2025-06-03
1650,1650,C00234, ARCO-2023-00083,2024-09-02,2024-10-15,O,N,,6,2024-09-02,2024-09-20
1651,1651,C00130,ARCO-2024-00379,2024-11-10,2024-12-05,C,N,,4,2024-11-10,2024-11-18
1652,1652,C00059, ARCO-2025-00352,2025-09-08,2025-11-13,C,N,,17,2025-09-08,2025-09-15
1653,1653,C00055,ARCO-2022-00249,2024-11-10,2025-01-06,C,N,Reposição,19,2024-11-10,2024-11-13
1654,1654,C00167,ARCO-2025-00201,2022-03-09,2022-05-09,C,N,Reposição,22,2022-03-09,2022-03-15
1655,1655,C00121, ARCO-2024-00230,2023-10-10,2023-11-26,O,N,,3,2023-10-10,2023-10-26
1656,1656,C00161,,2024-07-23,2024-08-08,O,N,Pedido complementar,20,2024-07-23,2024-08-06
1657,1657,C00039,,2023-02-08,2023-04-22,C,N,,23,2023-02-08,2023-02-09
1658,1658,C00178,ARCO-2022-00333,2023-11-21,2024-01-03,C,N,,6,2023-11-21,2023-12-05
1659,1659,C00268,ARCO-2022-00347,2024-08-16,2024-11-03,C,N,Reposição,1,2024-08-16,2024-09-14
1660,1660,C00085,ARCo-2023-00374,2022-03-06,2022-03-25,C,N,Pedido complementar,7,2022-03-06,2022-03-27
1661,1661,C00005,,2022-02-14,2022-04-09,C,N,,13,2022-02-14,2022-02-17
1662,1662,C00089,ARCO-2023-00055,2024-01-22,2024-04-08,C,N,,19,2024-01-22,2024-01-25
1663,1663,C00012,,2023-09-29,2023-12-23,C,N,,6,2023-09-29,2023-10-15
1664,1664,C00215,ARCO-2023-00140 ,2022-09-16,2022-11-07,C,N,Urgente,21,2022-09-16,2022-09-17
1665,1665,C00133,ARCO-2023-00213,2022-08-24,2022-09-10,O,N,Urgente,14,2022-08-24,2022-09-17
1666,1666,C00008,ARCO-2024-00081,2022-04-07,2022-05-28,C,N,,11,2022-04-07,2022-04-21
1667,1667,C00126,ARCO-2022-00193,2024-12-21,2025-03-18,C,N,Pedido complementar,3,2024-12-21,2025-01-18
1668,1668,C00132,arco-2024-00348,2025-08-01,2025-08-23,C,N,,11,2025-08-01,2025-08-17
1669,1669,C00052,,2024-06-24,2024-09-11,C,N,,17,2024-06-24,2024-07-06
1670,1670,C00083,ARCO-2023-00012,2024-12-16,2025-01-15,O,N,Pedido complementar,19,2024-12-16,2024-12-22
1671,1671,C00031,ARCO-2025-00219,2023-08-14,2023-09-29,O,N,,15,2023-08-14,2023-09-12
1672,1672,C00183,ARCo-2025-00191,2022-12-07,2023-02-19,C,N,Urgente,9,2022-12-07,2022-12-08
1673,1673,C00012,ARCO-2024-00124,2024-07-31,2024-09-18,O,N,,6,2024-07-31,2024-08-11
1674,1674,C00196,,2024-08-18,2024-10-09,O,N,Pedido complementar,4,2024-08-18,2024-08-28
1675,1675,C00108,arco-2022-00162,2023-02-25,2023-03-27,O,N,,5,2023-02-25,2023-02-28
1676,1676,C00035,ARCO-2025-00014,2022-02-26,2022-04-30,O,N,,22,2022-02-26,2022-03-21
1677,1677,C00206,ARCo-2022-00105,2024-01-09,2024-02-09,O,N,Pedido complementar,18,2024-01-09,2024-01-18
1678,1678,C00136,ARCO-2024-00218,2024-06-15,2024-07-31,C,N,Reposição,22,2024-06-15,2024-06-23
1679,1679,C00070,ARCO-2024-00218 ,2022-08-11,2022-10-05,C,N,Reposição,10,2022-08-11,2022-08-20
1680,1680,C00139,ARCO-2022-00212,2022-06-24,2022-09-15,C,N,,1,2022-06-24,2022-07-04
1681,1681,C00108,ARCO-2024-00163,2022-11-12,2023-01-17,C,N,Pedido complementar,5,2022-11-12,2022-12-01
1682,1682,C00189,ARCO-2023-00055,2025-06-07,2025-09-04,C,N,,9,2025-06-07,2025-07-02
1683,1683,C00099,ARCO-2024-00178,2025-04-29,2025-06-12,C,N,Pedido complementar,17,2025-04-29,2025-05-05
1684,1684,C00171,,2022-12-18,2023-03-08,C,Y,,6,2022-12-18,2023-01-16
1685,1685,C00257,ARCO-2025-00255,2024-11-07,2024-12-03,C,N,Pedido complementar,11,2024-11-07,2024-12-03
1686,1686,C00231,,2024-01-09,2024-02-26,C,N,,21,2024-01-09,2024-01-14
1687,1687,C00144,ARCO-2022-00243,2024-09-15,2024-11-01,C,N,,8,2024-09-15,2024-10-03
1688,1688,C00200,ARCO-2022-00301,2023-09-19,2023-11-27,C,N,,11,2023-09-19,2023-10-02
1689,1689,C00005,ARCO-2025-00273,2022-10-05,2022-12-08,C,N,,13,2022-10-05,2022-11-04
1690,1690,C00235,ARCO-2025-00187,2024-10-14,2024-12-27,C,N,Reposição,3,2024-10-14,2024-10-25
1691,1691,C00149,ARCo-2025-00195,2022-10-14,2022-11-13,O,N,,2,2022-10-14,2022-10-14
1692,1692,C00240,ARCO-2025-00185,2023-12-27,2024-02-05,C,N,,1,2023-12-27,2024-01-20
1693,1693,C00223,ARCO-2023-00315,2023-04-01,2023-05-04,C,N,Urgente,21,2023-04-01,2023-04-19
1694,1694,C00074,ARCO-2024-00070,2022-08-02,2022-10-17,C,N,Pedido complementar,11,2022-08-02,2022-08-14
1695,1695,C00030,arco-2025-00191,2025-10-25,2026-01-22,C,N,Pedido complementar,25,2025-10-25,2025-11-13
1696,1696,C00264,,2023-06-14,2023-08-02,O,N,Reposição,24,2023-06-14,2023-06-25
1697,1697,C00080,ARCO-2022-00125,2024-10-19,2025-01-17,C,N,Pedido complementar,13,2024-10-19,2024-10-27
1698,1698,C00173,,2023-09-20,2023-11-19,C,N,Urgente,10,2023-09-20,2023-10-13
1699,1699,C00263,,2022-12-21,2023-03-03,O,N,Urgente,17,2022-12-21,2023-01-12
1700,1700,C00148,ARCO-2025-00338,2024-06-18,2024-07-16,C,N,,14,2024-06-18,2024-07-17
1701,1701,C00144,,2022-11-27,2023-01-08,C,N,Urgente,8,2022-11-27,2022-12-24
1702,1702,C00067,ARCO-2022-00053,2023-07-09,2023-07-27,C,N,,18,2023-07-09,2023-08-01
1703,1703,C00200,arco-2025-00188,2025-02-05,2025-04-09,O,N,,11,2025-02-05,2025-03-07
1704,1704,C00009,ARCO-2024-00070,2022-09-26,2022-12-18,C,N,Urgente,20,2022-09-26,2022-10-20
1705,1705,C00150,ARCO-2022-00174,2022-12-14,2023-03-06,O,N,Urgente,18,2022-12-14,2022-12-29
1706,1706,C00247,,2023-01-09,2023-02-19,C,N,Pedido complementar,20,2023-01-09,2023-01-17
1707,1707,C00112,,2023-04-15,2023-06-27,O,N,,18,2023-04-15,2023-05-07
1708,1708,C00226,ARCO-2023-00111,2025-03-30,2025-05-07,O,N,,16,2025-03-30,2025-04-02
1709,1709,C00022,ARCO-2025-00195 ,2022-12-05,2022-12-28,C,N,Pedido complementar,1,2022-12-05,2022-12-25
1710,1710,C00129,,2025-11-28,2026-02-17,C,N,Reposição,1,2025-11-28,2025-12-19
1711,1711,C00196,,2023-12-05,2024-01-16,C,N,,4,2023-12-05,2023-12-20
1712,1712,C00128,ARCO-2025-00014,2022-01-09,2022-04-05,C,N,,11,2022-01-09,2022-01-26
1713,1713,C00233,ARCO-2024-00341,2024-01-11,2024-02-01,C,N,,5,2024-01-11,2024-01-25
1714,1714,C00231,,2023-04-12,2023-05-10,O,N,,21,2023-04-12,2023-05-10
1715,1715,C00141,,2023-09-30,2023-12-20,C,N,,24,2023-09-30,2023-10-21
1716,1716,C00233,ARCO-2022-00192,2025-11-27,2025-12-15,C,N,Reposição,5,2025-11-27,2025-12-19
1717,1717,C00010,ARCO-2025-00031,2022-12-20,2023-01-07,C,N,Urgente,16,2022-12-20,2022-12-22
1718,1718,C00081,,2022-09-06,2022-11-26,C,N,,24,2022-09-06,2022-09-17
1719,1719,C00093,ARCO-2022-00330,2025-03-13,2025-05-19,O,N,,8,2025-03-13,2025-03-15
1720,1720,C00168,,2025-07-01,2025-09-20,C,N,,21,2025-07-01,2025-07-15
1721,1721,C00185,arco-2025-00318,2023-02-07,2023-02-23,C,N,,2,2023-02-07,2023-03-04
1722,1722,C00223,,2025-05-24,2025-07-14,O,N,,21,2025-05-24,2025-05-29
1723,1723,C00144,ARCO-2025-00114,2022-04-07,2022-06-17,C,N,Urgente,8,2022-04-07,2022-04-22
1724,1724,C00179,ARCO-2022-00249,2025-10-30,2026-01-22,C,N,,21,2025-10-30,2025-11-17
1725,1725,C00174,ARCO-2023-00050,2022-03-30,2022-05-21,C,N,Urgente,22,2022-03-30,2022-04-04
1726,1726,C00128,ARCO-2022-00319,2024-03-16,2024-04-16,C,N,Urgente,11,2024-03-16,2024-04-15
1727,1727,C00174,ARCO-2022-00064,2025-11-13,2025-12-15,O,N,,22,2025-11-13,2025-12-03
1728,1728,C00139,,2023-10-26,2023-11-15,C,N,,1,2023-10-26,2023-10-29
1729,1729,C00250,,2023-06-19,2023-07-28,C,N,,15,2023-06-19,2023-07-16
1730,1730,C00147,ARCO-2023-00367,2024-02-13,2024-04-25,C,N,Urgente,4,2024-02-13,2024-03-01
1731,1731,C00215,ARCO-2024-00377,2025-11-27,2026-01-27,C,N,,21,2025-11-27,2025-12-16
1732,1732,C00039,,2022-06-26,2022-07-17,C,N,Urgente,23,2022-06-26,2022-07-10
1733,1733,C00078,,2023-08-17,2023-09-12,C,N,,14,2023-08-17,2023-09-06
1734,1734,C00231,ARCO-2024-00163,2024-08-26,2024-09-16,O,N,,21,2024-08-26,2024-09-13
1735,1735,C00109,,2022-08-13,2022-10-22,C,N,Pedido complementar,24,2022-08-13,2022-09-01
1736,1736,C00076,,2023-06-14,2023-07-30,C,N,,17,2023-06-14,2023-06-28
1737,1737,C00002,ARCO-2023-00248,2023-02-16,2023-04-21,C,N,Reposição,20,2023-02-16,2023-03-14
1738,1738,C00229,ARCO-2025-00297,2024-06-03,2024-09-01,O,N,,1,2024-06-03,2024-06-24
1739,1739,C00082,ARCO-2024-00107,2024-10-13,2024-11-12,O,N,Urgente,24,2024-10-13,2024-10-18
1740,1740,C00038, ARCO-2025-00128,2023-12-01,2024-02-12,C,N,,22,2023-12-01,2023-12-26
1741,1741,C00059,ARCO-2025-00073,2023-01-07,2023-03-06,C,N,,17,2023-01-07,2023-01-25
1742,1742,C00001,,2023-11-15,2024-01-31,C,N,Pedido complementar,9,2023-11-15,2023-12-04
1743,1743,C00024,ARCO - 2023 - 00106,2022-05-30,2022-07-15,C,N,,11,2022-05-30,2022-06-03
1744,1744,C00267,ARCO-2025-00375,2023-07-01,2023-09-10,C,N,,5,2023-07-01,2023-07-24
1745,1745,C00259,,2024-05-22,2024-06-11,O,N,Urgente,7,2024-05-22,2024-05-25
1746,1746,C00143,,2023-05-22,2023-08-01,O,N,,19,2023-05-22,2023-06-14
1747,1747,C00041,ARCO-2023-00339,2023-09-25,2023-11-15,O,N,Urgente,11,2023-09-25,2023-09-27
1748,1748,C00196,ARCO-2025-00360,2023-01-17,2023-02-11,C,N,Pedido complementar,4,2023-01-17,2023-02-01
1749,1749,C00155,,2023-10-28,2023-12-14,C,N,Urgente,13,2023-10-28,2023-11-10
1750,1750,C00063,ARCO-2024-00149,2024-10-19,2024-12-12,O,N,Urgente,21,2024-10-19,2024-11-04
1751,1751,C00186,,2025-07-09,2025-08-01,C,N,Pedido complementar,23,2025-07-09,2025-07-28
1752,1752,C00261,ARCO-2025-00089,2025-12-22,2026-02-08,C,N,Pedido complementar,22,2025-12-22,2025-12-27
1753,1753,C00070,ARCO-2024-00113,2025-04-13,2025-07-04,O,N,Reposição,10,2025-04-13,2025-05-08
1754,1754,C00013,ARCO-2025-00358,2023-03-10,2023-04-11,O,N,,1,2023-03-10,2023-04-09
1755,1755,C00265,ARCO-2023-00180,2024-09-16,2024-10-10,C,N,Pedido complementar,10,2024-09-16,2024-09-24
1756,1756,C00057,ARCO-2024-00238,2024-02-17,2024-04-21,O,N,Urgente,20,2024-02-17,2024-03-05
1757,1757,C00119,ARCO-2025-00051,2023-09-28,2023-11-29,C,N,Urgente,25,2023-09-28,2023-10-27
1758,1758,C00231,,2024-03-29,2024-05-30,C,N,Urgente,21,2024-03-29,2024-04-10
1759,1759,C00129,ARCO - 2024 - 00202,2022-09-15,2022-10-01,C,N,,1,2022-09-15,2022-10-12
1760,1760,C00072,ARCO-2023-00160,2023-10-19,2023-11-26,O,N,,6,2023-10-19,2023-10-28
1761,1761,C00257,ARCO-2025-00304,2024-09-25,2024-10-28,C,N,Pedido complementar,11,2024-09-25,2024-10-03
1762,1762,C00073, ARCO-2023-00221,2024-01-11,2024-01-31,C,N,,23,2024-01-11,2024-01-30
1763,1763,C00240,,2023-04-21,2023-07-12,C,N,,1,2023-04-21,2023-04-22
1764,1764,C00032,ARCO-2024-00246 ,2024-06-03,2024-07-13,C,Y,,14,2024-06-03,2024-06-28
1765,1765,C00045,ARCO-2022-00029,2025-01-19,2025-02-27,C,N,,21,2025-01-19,2025-01-26
1766,1766,C00011,,2022-08-11,2022-09-09,C,N,,14,2022-08-11,2022-08-23
1767,1767,C00182,ARCO-2025-00273,2024-12-07,2025-02-23,C,N,Pedido complementar,3,2024-12-07,2024-12-16
1768,1768,C00183,ARCo-2024-00202,2023-07-21,2023-08-29,C,N,,9,2023-07-21,2023-08-01
1769,1769,C00233,ARCO-2025-00268,2022-05-30,2022-08-10,C,N,,5,2022-05-30,2022-06-19
1770,1770,C00260,ARCO-2024-00046,2023-11-04,2024-01-02,C,N,Reposição,22,2023-11-04,2023-11-17
1771,1771,C00127,ARCO-2022-00105,2025-01-16,2025-04-14,C,N,Pedido complementar,16,2025-01-16,2025-02-02
1772,1772,C00224,ARCO-2025-00035,2024-12-29,2025-01-31,C,N,Urgente,8,2024-12-29,2025-01-26
1773,1773,C00024,ARCO-2023-00308,2025-04-09,2025-05-08,C,N,Urgente,11,2025-04-09,2025-05-08
1774,1774,C00157,ARCO-2025-00216,2022-12-11,2023-03-11,O,N,Pedido complementar,7,2022-12-11,2023-01-09
1775,1775,C00146,ARCO-2023-00269,2022-08-28,2022-11-13,C,N,Urgente,5,2022-08-28,2022-09-12
1776,1776,C00025,ARCO-2025-00003 ,2022-06-07,2022-06-29,C,N,Pedido complementar,4,2022-06-07,2022-06-30
1777,1777,C00066,,2023-01-20,2023-04-14,C,N,,18,2023-01-20,2023-01-23
1778,1778,C00188,ARCO - 2025 - 00293,2023-12-22,2024-02-23,O,N,Pedido complementar,18,2023-12-22,2023-12-30
1779,1779,C00214,ARCO-2023-00078 ,2023-11-21,2024-01-29,C,N,,9,2023-11-21,2023-12-10
1780,1780,C00109,,2023-12-24,2024-01-12,C,N,,24,2023-12-24,2024-01-16
1781,1781,C00068,ARCO-2025-00166,2025-01-07,2025-02-02,C,Y,,6,2025-01-07,2025-01-27
1782,1782,C00257,ARCO-2023-00305,2023-08-05,2023-08-28,C,N,,11,2023-08-05,2023-08-09
1783,1783,C00145,ARCO-2023-00098,2023-12-11,2024-01-01,C,N,,19,2023-12-11,2024-01-04
1784,1784,C00109,ARCO-2023-00127,2024-11-21,2024-12-12,C,N,Reposição,24,2024-11-21,2024-12-10
1785,1785,C00239,ARCO-2022-00136,2023-09-12,2023-10-22,C,Y,Reposição,9,2023-09-12,2023-09-12
1786,1786,C00240,ARCO-2025-00343,2023-04-28,2023-06-24,O,N,,1,2023-04-28,2023-05-22
1787,1787,C00254,ARCO-2022-00330,2024-06-12,2024-08-11,C,N,Urgente,7,2024-06-12,2024-06-14
1788,1788,C00225,ARCO-2024-00183,2023-04-07,2023-06-04,C,N,,13,2023-04-07,2023-04-16
1789,1789,C00240,,2023-01-04,2023-03-09,C,N,,1,2023-01-04,2023-02-01
1790,1790,C00127,ARCO-2022-00296,2022-09-19,2022-11-07,O,N,,16,2022-09-19,2022-10-15
1791,1791,C00072,,2023-12-10,2024-01-01,O,N,,6,2023-12-10,2024-01-05
1792,1792,C00114,arco-2025-00292,2024-08-25,2024-11-17,C,N,,15,2024-08-25,2024-09-10
1793,1793,C00093,,2024-07-03,2024-09-16,O,N,Reposição,8,2024-07-03,2024-07-05
1794,1794,C00068,ARCO-2022-00310,2023-03-29,2023-06-09,O,N,,6,2023-03-29,2023-04-02
1795,1795,C00227,ARCO-2022-00125,2024-01-13,2024-03-08,C,N,,9,2024-01-13,2024-02-12
1796,1796,C00148,,2022-06-22,2022-07-18,C,N,,14,2022-06-22,2022-06-27
1797,1797,C00018,,2025-12-17,2026-02-20,C,N,,11,2025-12-17,2025-12-17
1798,1798,C00142,,2023-01-24,2023-03-30,C,N,Urgente,19,2023-01-24,2023-02-01
1799,1799,C00149,ARCO-2023-00083,2025-02-27,2025-05-06,C,N,,2,2025-02-27,2025-03-04
1800,1800,C00004,ARCO-2024-00238,2022-12-05,2023-02-14,C,N,,11,2022-12-05,2022-12-15
