DocEntry,LineNum,ItemCode,ItemName,Quantity,DelivrdQty,OpenQty,ShipDate,LineStatus,Price,LineTotal
1,0,SKU-0057,Material PGS 9 EF,246,216,30,2023-10-10,O,162.04,39861.84
1,1,SKU-0014,Material COC 9 EF,173,27,146,2023-09-03,O,188.44,32600.12
2,0,SKU-0004,Material PGS 4 EF,121,5,116,2025-04-25,O,32.15,3890.15
2,1,SKU-0060,Material PGS 6 EF,81,54,27,2025-04-29,O,288.06,23332.86
2,2,SKU-0011,Material NSE 2 EM,155,141,14,2025-04-14,O,53.77,8334.35
3,0,SKU-0027,Material COC 4 EF,246,61,185,2025-08-06,O,96.78,23807.88
3,1,SKU-0051,Material PGS 9 EF,104,104,0,2025-08-12,C,119.04,12380.16
3,2,SKU-0027,Material COC 6 EF,155,16,139,2025-08-09,O,103.07,15975.85
4,0,SKU-0049,Material Isaac 9 EF,248,52,196,2025-04-27,O,292.4,72515.2
5,0,SKU-0025,Material SAE 3 EM,65,63,2,2025-03-02,O,179.29,11653.85
5,1,SKU-0027,Material Isaac 1 EF,299,296,3,2025-03-03,O,111.62,33374.38
5,2,SKU-0012,Material NSE 7 EF,127,114,13,2025-03-24,O,108.14,13733.78
6,0,SKU-0011,Material COC 3 EF,274,71,203,2025-05-07,O,22.44,6148.56
6,1,SKU-0059,Material NSE 2 EM,176,67,109,2025-05-23,O,118.88,20922.88
6,2,SKU-0015,Material PGS 7 EF,198,50,148,2025-05-31,O,199.53,39506.94
7,0,SKU-0020,Material COC 1 EF,33,18,15,2023-06-04,O,282.0,9306.0
7,1,SKU-0015,Material PGS 3 EF,104,60,44,2023-05-28,O,172.63,17953.52
7,2,SKU-0050,Material COC 6 EF,101,18,83,2023-06-02,O,24.52,2476.52
7,3,SKU-0011,Material NSE 2 EM,86,85,1,2023-06-07,O,189.71,16315.06
8,0,SKU-0020,Material NSE 7 EF,26,21,5,2025-10-06,O,284.37,7393.62
8,1,SKU-0044,Material NSE 6 EF,78,3,75,2025-09-23,O,245.47,19146.66
8,2,SKU-0014,Material SAE 8 EF,111,69,42,2025-09-23,O,170.78,18956.58
9,0,SKU-0029,Material NSE 3 EF,244,6,238,2023-06-30,O,286.25,69845.0
9,1,SKU-0020,Material NSE 4 EF,169,110,59,2023-07-22,O,125.64,21233.16
9,2,SKU-0037,Material SAE 4 EF,230,209,21,2023-06-27,O,210.4,48392.0
9,3,SKU-0058,Material Isaac 9 EF,275,81,194,2023-08-09,O,228.15,62741.25
10,0,SKU-0011,Material NSE 8 EF,181,85,96,2024-04-08,O,197.3,35711.3
10,1,SKU-0014,Material COC 6 EF,104,72,32,2024-04-06,O,258.08,26840.32
10,2,SKU-0020,Material PGS 9 EF,239,40,199,2024-03-20,O,88.61,21177.79
11,0,SKU-0030,Material COC 4 EF,94,7,87,2024-07-29,O,210.97,19831.18
11,1,SKU-0007,Material Isaac 6 EF,133,64,69,2024-07-10,O,136.53,18158.49
11,2,SKU-0025,Material Isaac 9 EF,61,19,42,2024-07-21,O,224.08,13668.88
11,3,SKU-0053,Material NSE 7 EF,34,32,2,2024-07-08,O,67.27,2287.18
11,4,SKU-0018,Material SAE 1 EM,276,241,35,2024-07-22,O,290.75,80247.0
12,0,SKU-0028,Material NSE 3 EM,19,19,0,2022-11-15,C,43.35,823.65
12,1,SKU-0018,Material Isaac 9 EF,175,22,153,2022-11-06,O,206.82,36193.5
12,2,SKU-0035,Material Isaac 2 EF,286,120,166,2022-10-29,O,172.45,49320.7
13,0,SKU-0009,Material COC 8 EF,107,53,54,2023-10-01,O,39.07,4180.49
13,1,SKU-0036,Material Isaac 2 EF,262,126,136,2023-10-04,O,291.52,76378.24
13,2,SKU-0007,Material NSE 6 EF,90,3,87,2023-08-29,O,127.96,11516.4
13,3,SKU-0007,Material SAE 3 EF,102,80,22,2023-09-03,O,87.33,8907.66
14,0,SKU-0044,Material COC 2 EM,47,15,32,2024-11-18,O,198.4,9324.8
14,1,SKU-0006,Material COC 8 EF,44,0,44,2024-11-30,O,174.93,7696.92
15,0,SKU-0031,Material COC 1 EF,103,70,33,2023-01-11,O,276.24,28452.72
16,0,SKU-0016,Material Isaac 2 EM,103,77,26,2022-10-24,O,271.32,27945.96
17,0,SKU-0001,Material Isaac 3 EM,258,204,54,2025-08-25,O,215.3,55547.4
17,1,SKU-0049,Material Isaac 8 EF,12,10,2,2025-08-26,O,198.88,2386.56
17,2,SKU-0019,Material SAE 9 EF,202,54,148,2025-09-06,O,68.77,13891.54
17,3,SKU-0059,Material PGS 2 EF,132,55,77,2025-09-08,O,261.88,34568.16
18,0,SKU-0040,Material Isaac 2 EF,47,46,1,2023-01-31,O,105.24,4946.28
18,1,SKU-0029,Material Isaac 3 EF,248,14,234,2023-02-14,O,213.19,52871.12
18,2,SKU-0004,Material Isaac 1 EM,257,95,162,2023-01-02,O,256.25,65856.25
19,0,SKU-0041,Material NSE 2 EM,276,311,0,2022-12-16,C,76.59,21138.84
19,1,SKU-0043,Material Isaac 1 EF,68,26,42,2022-11-10,O,51.71,3516.28
20,0,SKU-0009,Material SAE 3 EF,119,89,30,2025-07-22,O,172.99,20585.81
20,1,SKU-0003,Material COC 2 EF,240,92,148,2025-07-27,O,203.55,48852.0
20,2,SKU-0047,Material SAE 3 EF,122,55,67,2025-08-16,O,177.92,21706.24
21,0,SKU-0007,Material Isaac 7 EF,120,49,71,2024-03-18,O,210.3,25236.0
21,1,SKU-0030,Material NSE 7 EF,238,28,210,2024-03-14,O,296.42,70547.96
21,2,SKU-0022,Material COC 9 EF,79,0,79,2024-02-27,O,109.56,8655.24
21,3,SKU-0015,Material Isaac 3 EF,213,193,20,2024-02-26,O,141.05,30043.65
21,4,SKU-0044,Material SAE 4 EF,97,73,24,2024-03-06,O,43.43,4212.71
22,0,SKU-0005,Material NSE 9 EF,154,3,151,2023-07-17,O,241.74,37227.96
23,0,SKU-0051,Material SAE 1 EF,48,21,27,2024-06-30,O,145.26,6972.48
23,1,SKU-0027,Material PGS 8 EF,280,163,117,2024-07-09,O,173.37,48543.6
23,2,SKU-0029,Material NSE 8 EF,41,31,10,2024-07-31,O,90.14,3695.74
24,0,SKU-0042,Material PGS 7 EF,13,11,2,2022-02-08,O,298.93,3886.09
25,0,SKU-0021,Material Isaac 2 EF,160,86,74,2024-01-29,O,85.04,13606.4
25,1,SKU-0039,Material PGS 4 EF,264,226,38,2024-01-07,O,147.28,38881.92
25,2,SKU-0045,Material NSE 4 EF,80,72,8,2023-12-29,O,52.99,4239.2
26,0,SKU-0053,Material COC 5 EF,15,2,13,2025-12-20,O,64.14,962.1
26,1,SKU-0005,Material NSE 1 EM,24,6,18,2025-11-26,O,169.57,4069.68
27,0,SKU-0005,Material Isaac 2 EM,196,216,0,2024-11-21,C,132.34,25938.64
28,0,SKU-0030,Material Isaac 2 EM,149,121,28,2024-04-13,O,221.32,32976.68
28,1,SKU-0059,Material NSE 9 EF,211,90,121,2024-05-07,O,178.69,37703.59
28,2,SKU-0058,Material SAE 1 EF,217,161,56,2024-05-21,O,45.08,9782.36
28,3,SKU-0020,Material NSE 2 EM,239,154,85,2024-04-10,O,106.21,25384.19
29,0,SKU-0059,Material Isaac 2 EF,136,133,3,2024-05-04,O,181.71,24712.56
30,0,SKU-0030,Material PGS 7 EF,181,127,54,2025-05-29,O,214.66,38853.46
30,1,SKU-0026,Material Isaac 2 EF,46,21,25,2025-04-17,O,95.03,4371.38
30,2,SKU-0028,Material SAE 6 EF,257,78,179,2025-05-29,O,46.48,11945.36
31,0,SKU-0009,Material COC 2 EM,257,238,19,2023-11-11,O,243.59,62602.63
32,0,SKU-0020,Material PGS 9 EF,294,340,0,2023-10-24,C,288.03,84680.82
32,1,SKU-0013,Material COC 1 EF,93,84,9,2023-10-10,O,110.33,10260.69
33,0,SKU-0018,Material NSE 1 EM,190,164,26,2024-01-13,O,71.12,13512.8
33,1,SKU-0032,Material COC 8 EF,294,120,174,2023-12-23,O,218.45,64224.3
33,2,SKU-0022,Material PGS 2 EM,97,24,73,2023-12-13,O,196.01,19012.97
33,3,SKU-0040,Material COC 1 EM,18,8,10,2023-12-01,O,270.4,4867.2
33,4,SKU-0052,Material NSE 5 EF,267,216,51,2023-12-12,O,219.88,58707.96
34,0,SKU-0016,Material NSE 9 EF,156,68,88,2025-10-01,O,209.65,32705.4
34,1,SKU-0009,Material COC 1 EM,129,100,29,2025-11-12,O,209.57,27034.53
34,2,SKU-0026,Material COC 3 EF,49,35,14,2025-10-19,O,205.22,10055.78
34,3,SKU-0055,Material SAE 1 EF,252,249,3,2025-10-07,O,252.52,63635.04
35,0,SKU-0016,Material SAE 1 EF,90,13,77,2023-03-13,O,138.76,12488.4
35,1,SKU-0045,Material COC 5 EF,69,17,52,2023-02-20,O,124.83,8613.27
35,2,SKU-0052,Material NSE 9 EF,185,106,79,2023-02-28,O,132.32,24479.2
35,3,SKU-0003,Material SAE 5 EF,224,55,169,2023-02-27,O,122.04,27336.96
36,0,SKU-0057,Material SAE 4 EF,196,183,13,2023-10-08,O,227.26,44542.96
36,1,SKU-0030,Material SAE 5 EF,148,37,111,2023-10-06,O,41.7,6171.6
36,2,SKU-0019,Material COC 2 EF,145,145,0,2023-10-22,C,153.85,22308.25
37,0,SKU-0025,Material COC 9 EF,282,91,191,2022-07-02,O,235.12,66303.84
37,1,SKU-0008,Material PGS 5 EF,66,9,57,2022-06-02,O,194.73,12852.18
37,2,SKU-0019,Material COC 1 EM,261,88,173,2022-06-08,O,204.98,53499.78
37,3,SKU-0014,Material SAE 4 EF,266,88,178,2022-06-08,O,143.46,38160.36
37,4,SKU-0052,Material Isaac 6 EF,280,191,89,2022-07-10,O,200.64,56179.2
38,0,SKU-0042,Material Isaac 9 EF,11,5,6,2024-04-26,O,93.11,1024.21
38,1,SKU-0044,Material COC 1 EF,122,61,61,2024-05-25,O,69.68,8500.96
39,0,SKU-0048,Material COC 2 EF,248,142,106,2023-01-28,O,92.82,23019.36
39,1,SKU-0020,Material COC 3 EM,23,2,21,2023-01-26,O,90.28,2076.44
39,2,SKU-0020,Material COC 3 EM,254,174,80,2023-02-11,O,283.14,71917.56
40,0,SKU-0027,Material NSE 7 EF,46,40,6,2023-06-27,O,23.71,1090.66
41,0,SKU-0048,Material PGS 5 EF,23,19,4,2022-09-13,O,135.7,3121.1
42,0,SKU-0059,Material PGS 1 EM,62,9,53,2025-07-01,O,37.88,2348.56
42,1,SKU-0050,Material SAE 8 EF,28,0,28,2025-06-08,O,41.71,1167.88
42,2,SKU-0011,Material SAE 1 EF,52,0,52,2025-05-18,O,50.09,2604.68
42,3,SKU-0001,Material SAE 1 EF,81,24,57,2025-05-17,O,136.29,11039.49
42,4,SKU-0052,Material NSE 9 EF,105,61,44,2025-05-22,O,176.22,18503.1
43,0,SKU-0004,Material NSE 7 EF,271,68,203,2023-03-23,O,279.14,75646.94
43,1,SKU-0010,Material SAE 1 EF,50,44,6,2023-04-24,O,173.44,8672.0
43,2,SKU-0053,Material PGS 9 EF,246,195,51,2023-04-09,O,193.01,47480.46
43,3,SKU-0006,Material SAE 5 EF,143,15,128,2023-04-26,O,38.89,5561.27
44,0,SKU-0011,Material COC 3 EM,141,121,20,2025-09-21,O,255.81,36069.21
44,1,SKU-0038,Material SAE 3 EF,283,34,249,2025-10-22,O,294.33,83295.39
45,0,SKU-0021,Material PGS 3 EM,174,153,21,2022-12-12,O,147.95,25743.3
45,1,SKU-0039,Material NSE 3 EF,233,192,41,2022-12-26,O,216.65,50479.45
45,2,SKU-0031,Material NSE 2 EM,127,148,0,2022-12-26,C,153.8,19532.6
45,3,SKU-0002,Material PGS 5 EF,283,106,177,2022-12-19,O,144.2,40808.6
45,4,SKU-0047,Material NSE 2 EF,61,37,24,2022-12-08,O,189.47,11557.67
46,0,SKU-0016,Material SAE 7 EF,12,3,9,2025-09-10,O,35.59,427.08
46,1,SKU-0041,Material PGS 1 EM,23,16,7,2025-08-27,O,234.9,5402.7
46,2,SKU-0023,Material SAE 2 EM,206,3,203,2025-09-13,O,137.36,28296.16
47,0,SKU-0052,Material COC 2 EF,211,243,0,2024-07-15,C,256.67,54157.37
47,1,SKU-0043,Material COC 7 EF,39,18,21,2024-07-03,O,129.04,5032.56
47,2,SKU-0057,Material COC 5 EF,169,73,96,2024-07-01,O,167.39,28288.91
47,3,SKU-0051,Material NSE 2 EM,186,15,171,2024-07-27,O,117.73,21897.78
48,0,SKU-0018,Material COC 8 EF,174,61,113,2025-11-16,O,64.09,11151.66
48,1,SKU-0053,Material PGS 3 EM,242,241,1,2025-12-02,O,112.64,27258.88
49,0,SKU-0032,Material SAE 9 EF,195,82,113,2024-09-24,O,270.89,52823.55
49,1,SKU-0011,Material SAE 3 EM,190,39,151,2024-09-16,O,41.29,7845.1
49,2,SKU-0055,Material Isaac 2 EF,292,214,78,2024-09-24,O,242.07,70684.44
49,3,SKU-0038,Material COC 1 EM,261,86,175,2024-09-05,O,258.54,67478.94
50,0,SKU-0014,Material NSE 7 EF,298,219,79,2022-12-13,O,265.66,79166.68
50,1,SKU-0015,Material NSE 6 EF,264,27,237,2022-12-02,O,36.86,9731.04
50,2,SKU-0049,Material Isaac 6 EF,147,0,147,2022-11-26,O,176.88,26001.36
51,0,SKU-0048,Material SAE 8 EF,52,18,34,2025-01-20,O,136.16,7080.32
51,1,SKU-0013,Material NSE 8 EF,173,139,34,2025-02-01,O,39.37,6811.01
51,2,SKU-0027,Material Isaac 5 EF,202,85,117,2025-01-21,O,192.21,38826.42
51,3,SKU-0033,Material SAE 3 EF,76,21,55,2025-01-12,O,95.91,7289.16
51,4,SKU-0027,Material Isaac 2 EF,21,7,14,2025-01-24,O,93.77,1969.17
52,0,SKU-0012,Material PGS 6 EF,265,96,169,2025-03-30,O,60.3,15979.5
52,1,SKU-0007,Material NSE 2 EF,106,88,18,2025-04-03,O,31.5,3339.0
52,2,SKU-0013,Material COC 1 EF,256,196,60,2025-03-05,O,297.87,76254.72
52,3,SKU-0042,Material SAE 4 EF,268,149,119,2025-03-20,O,44.31,11875.08
52,4,SKU-0012,Material Isaac 2 EM,224,221,3,2025-03-29,O,35.18,7880.32
53,0,SKU-0047,Material COC 2 EM,111,60,51,2024-02-05,O,171.28,19012.08
53,1,SKU-0047,Material PGS 8 EF,44,15,29,2024-01-27,O,155.95,6861.8
53,2,SKU-0022,Material PGS 7 EF,244,116,128,2024-01-16,O,258.93,63178.92
53,3,SKU-0004,Material COC 5 EF,169,76,93,2024-01-22,O,192.89,32598.41
53,4,SKU-0023,Material Isaac 2 EF,268,169,99,2024-02-14,O,90.03,24128.04
54,0,SKU-0014,Material COC 1 EF,81,26,55,2022-11-19,O,108.24,8767.44
55,0,SKU-0057,Material Isaac 4 EF,79,31,48,2024-03-20,O,202.78,16019.62
55,1,SKU-0034,Material SAE 6 EF,196,17,179,2024-03-27,O,292.67,57363.32
55,2,SKU-0028,Material COC 7 EF,24,4,20,2024-04-01,O,90.11,2162.64
55,3,SKU-0041,Material Isaac 3 EM,17,9,8,2024-04-22,O,49.71,845.07
55,4,SKU-0007,Material PGS 5 EF,162,129,33,2024-04-07,O,142.35,23060.7
56,0,SKU-0045,Material NSE 8 EF,135,65,70,2024-08-16,O,58.03,7834.05
56,1,SKU-0021,Material PGS 3 EF,137,72,65,2024-07-08,O,142.3,19495.1
56,2,SKU-0052,Material SAE 9 EF,186,8,178,2024-07-15,O,84.09,15640.74
56,3,SKU-0035,Material COC 9 EF,115,98,17,2024-07-12,O,65.03,7478.45
56,4,SKU-0038,Material NSE 5 EF,145,143,2,2024-08-12,O,270.32,39196.4
57,0,SKU-0040,Material NSE 2 EF,193,98,95,2022-12-10,O,223.06,43050.58
57,1,SKU-0020,Material PGS 5 EF,151,100,51,2022-12-09,O,299.94,45290.94
57,2,SKU-0005,Material SAE 3 EF,174,149,25,2022-10-28,O,28.45,4950.3
57,3,SKU-0024,Material SAE 5 EF,165,134,31,2022-11-21,O,158.74,26192.1
57,4,SKU-0049,Material PGS 1 EM,262,35,227,2022-11-29,O,184.62,48370.44
58,0,SKU-0003,Material NSE 2 EM,33,19,14,2022-11-28,O,146.4,4831.2
58,1,SKU-0022,Material Isaac 3 EM,126,18,108,2022-12-22,O,199.67,25158.42
58,2,SKU-0020,Material Isaac 8 EF,75,3,72,2022-11-07,O,243.29,18246.75
59,0,SKU-0055,Material PGS 1 EF,26,15,11,2023-07-08,O,95.56,2484.56
59,1,SKU-0001,Material PGS 1 EM,137,25,112,2023-07-07,O,205.81,28195.97
59,2,SKU-0023,Material PGS 6 EF,75,11,64,2023-07-17,O,267.87,20090.25
59,3,SKU-0033,Material COC 3 EF,100,36,64,2023-08-03,O,70.17,7017.0
60,0,SKU-0023,Material Isaac 7 EF,214,128,86,2023-09-14,O,277.72,59432.08
60,1,SKU-0048,Material PGS 2 EF,210,130,80,2023-08-28,O,117.31,24635.1
60,2,SKU-0056,Material PGS 7 EF,176,106,70,2023-10-06,O,136.59,24039.84
60,3,SKU-0027,Material COC 7 EF,296,154,142,2023-08-26,O,178.39,52803.44
60,4,SKU-0024,Material SAE 2 EF,138,3,135,2023-09-14,O,179.23,24733.74
61,0,SKU-0022,Material PGS 4 EF,69,9,60,2025-06-08,O,77.97,5379.93
61,1,SKU-0024,Material PGS 1 EM,105,47,58,2025-05-29,O,163.01,17116.05
61,2,SKU-0042,Material PGS 1 EM,216,32,184,2025-05-30,O,285.66,61702.56
61,3,SKU-0049,Material PGS 1 EM,240,228,12,2025-06-13,O,176.25,42300.0
62,0,SKU-0033,Material NSE 7 EF,293,246,47,2024-03-03,O,231.03,67691.79
62,1,SKU-0011,Material PGS 2 EM,111,54,57,2024-02-10,O,36.37,4037.07
62,2,SKU-0054,Material COC 3 EF,36,13,23,2024-02-20,O,179.8,6472.8
62,3,SKU-0009,Material COC 1 EF,187,187,0,2024-02-01,C,138.15,25834.05
63,0,SKU-0050,Material Isaac 2 EF,78,51,27,2023-06-08,O,276.68,21581.04
64,0,SKU-0037,Material NSE 7 EF,209,27,182,2023-09-16,O,189.66,39638.94
64,1,SKU-0023,Material COC 7 EF,134,4,130,2023-09-01,O,121.59,16293.06
64,2,SKU-0027,Material COC 6 EF,12,2,10,2023-08-10,O,73.94,887.28
64,3,SKU-0030,Material SAE 7 EF,223,164,59,2023-09-15,O,118.78,26487.94
65,0,SKU-0005,Material Isaac 5 EF,158,155,3,2025-05-26,O,106.63,16847.54
65,1,SKU-0048,Material COC 8 EF,14,11,3,2025-04-25,O,80.78,1130.92
65,2,SKU-0034,Material COC 3 EM,114,163,0,2025-05-01,C,106.39,12128.46
65,3,SKU-0051,Material SAE 3 EF,237,177,60,2025-05-17,O,77.97,18478.89
65,4,SKU-0033,Material COC 1 EF,127,105,22,2025-04-28,O,52.46,6662.42
66,0,SKU-0038,Material SAE 9 EF,286,314,0,2024-08-30,C,217.0,62062.0
66,1,SKU-0013,Material Isaac 3 EM,221,169,52,2024-07-22,O,177.41,39207.61
67,0,SKU-0030,Material PGS 1 EM,58,10,48,2024-11-27,O,233.39,13536.62
68,0,SKU-0026,Material NSE 5 EF,117,54,63,2025-09-05,O,130.11,15222.87
69,0,SKU-0055,Material SAE 1 EM,99,83,16,2024-07-05,O,64.34,6369.66
69,1,SKU-0044,Material PGS 1 EM,273,5,268,2024-07-02,O,76.29,20827.17
69,2,SKU-0032,Material SAE 4 EF,35,17,18,2024-06-21,O,253.13,8859.55
69,3,SKU-0043,Material COC 3 EF,186,50,136,2024-08-01,O,227.83,42376.38
70,0,SKU-0022,Material PGS 8 EF,185,176,9,2022-04-04,O,286.8,53058.0
70,1,SKU-0054,Material COC 1 EF,60,21,39,2022-03-10,O,247.72,14863.2
70,2,SKU-0051,Material Isaac 3 EF,199,116,83,2022-04-11,O,37.24,7410.76
71,0,SKU-0039,Material Isaac 9 EF,178,159,19,2024-10-09,O,242.74,43207.72
71,1,SKU-0016,Material NSE 9 EF,192,185,7,2024-10-29,O,287.74,55246.08
71,2,SKU-0018,Material NSE 8 EF,96,91,5,2024-09-25,O,111.84,10736.64
71,3,SKU-0026,Material Isaac 7 EF,236,68,168,2024-10-27,O,44.99,10617.64
72,0,SKU-0011,Material COC 3 EM,235,88,147,2023-05-01,O,162.28,38135.8
72,1,SKU-0018,Material NSE 2 EM,208,145,63,2023-06-03,O,111.78,23250.24
72,2,SKU-0055,Material SAE 1 EM,22,4,18,2023-05-29,O,105.38,2318.36
73,0,SKU-0021,Material PGS 8 EF,107,95,12,2024-11-22,O,227.3,24321.1
73,1,SKU-0059,Material NSE 9 EF,219,19,200,2024-12-22,O,266.79,58427.01
73,2,SKU-0057,Material Isaac 3 EM,233,87,146,2024-11-07,O,237.54,55346.82
74,0,SKU-0048,Material PGS 9 EF,56,38,18,2024-04-19,O,221.67,12413.52
74,1,SKU-0048,Material SAE 1 EM,106,26,80,2024-05-03,O,215.15,22805.9
74,2,SKU-0019,Material Isaac 3 EF,106,1,105,2024-04-04,O,182.17,19310.02
74,3,SKU-0021,Material COC 7 EF,245,98,147,2024-04-03,O,177.34,43448.3
74,4,SKU-0060,Material PGS 3 EF,27,15,12,2024-05-01,O,31.64,854.28
75,0,SKU-0036,Material NSE 2 EF,81,96,0,2022-05-24,C,219.35,17767.35
76,0,SKU-0055,Material PGS 7 EF,90,127,0,2022-12-10,C,139.54,12558.6
77,0,SKU-0015,Material SAE 5 EF,236,4,232,2024-04-23,O,201.12,47464.32
77,1,SKU-0001,Material PGS 2 EM,267,192,75,2024-05-04,O,137.75,36779.25
78,0,SKU-0019,Material COC 1 EM,11,10,1,2024-11-28,O,157.31,1730.41
79,0,SKU-0029,Material COC 1 EM,260,162,98,2024-12-20,O,129.51,33672.6
79,1,SKU-0038,Material SAE 5 EF,134,64,70,2025-01-19,O,187.16,25079.44
79,2,SKU-0016,Material Isaac 6 EF,227,167,60,2025-01-07,O,158.64,36011.28
79,3,SKU-0055,Material COC 6 EF,274,219,55,2025-01-07,O,54.86,15031.64
80,0,SKU-0057,Material PGS 3 EF,58,37,21,2023-07-07,O,138.28,8020.24
80,1,SKU-0004,Material Isaac 1 EM,171,126,45,2023-08-14,O,162.35,27761.85
81,0,SKU-0025,Material Isaac 6 EF,274,7,267,2022-07-06,O,238.28,65288.72
81,1,SKU-0059,Material NSE 2 EM,249,3,246,2022-07-03,O,27.16,6762.84
81,2,SKU-0033,Material SAE 5 EF,38,2,36,2022-07-29,O,78.7,2990.6
82,0,SKU-0047,Material PGS 5 EF,235,181,54,2023-10-30,O,196.63,46208.05
82,1,SKU-0003,Material NSE 1 EM,134,59,75,2023-11-21,O,198.14,26550.76
82,2,SKU-0037,Material PGS 8 EF,151,27,124,2023-11-21,O,168.72,25476.72
82,3,SKU-0001,Material SAE 5 EF,44,9,35,2023-10-22,O,76.32,3358.08
83,0,SKU-0007,Material Isaac 1 EM,287,89,198,2023-12-28,O,196.47,56386.89
83,1,SKU-0048,Material Isaac 1 EM,31,22,9,2024-01-13,O,104.06,3225.86
84,0,SKU-0021,Material NSE 8 EF,95,36,59,2023-01-20,O,251.19,23863.05
84,1,SKU-0016,Material NSE 9 EF,28,7,21,2023-03-05,O,236.05,6609.4
84,2,SKU-0003,Material PGS 3 EF,239,119,120,2023-02-09,O,258.72,61834.08
85,0,SKU-0054,Material SAE 1 EF,173,18,155,2026-01-08,O,238.71,41296.83
85,1,SKU-0035,Material PGS 5 EF,118,104,14,2026-01-26,O,174.03,20535.54
85,2,SKU-0033,Material COC 7 EF,158,49,109,2025-12-28,O,167.85,26520.3
85,3,SKU-0044,Material PGS 3 EM,132,52,80,2026-02-05,O,194.58,25684.56
85,4,SKU-0011,Material Isaac 8 EF,14,12,2,2026-01-20,O,87.86,1230.04
86,0,SKU-0008,Material COC 4 EF,188,143,45,2024-02-14,O,174.26,32760.88
87,0,SKU-0029,Material PGS 7 EF,49,32,17,2025-02-22,O,35.81,1754.69
88,0,SKU-0053,Material NSE 9 EF,262,69,193,2024-07-14,O,239.03,62625.86
88,1,SKU-0034,Material PGS 6 EF,79,29,50,2024-06-02,O,278.12,21971.48
88,2,SKU-0059,Material COC 4 EF,234,91,143,2024-07-01,O,194.79,45580.86
88,3,SKU-0034,Material PGS 2 EF,16,0,16,2024-06-23,O,142.61,2281.76
89,0,SKU-0012,Material PGS 6 EF,96,76,20,2024-06-05,O,205.47,19725.12
89,1,SKU-0026,Material SAE 1 EM,184,119,65,2024-05-10,O,73.02,13435.68
89,2,SKU-0045,Material SAE 6 EF,222,66,156,2024-06-19,O,121.78,27035.16
89,3,SKU-0020,Material SAE 2 EM,127,45,82,2024-05-28,O,144.15,18307.05
89,4,SKU-0042,Material NSE 1 EM,275,165,110,2024-05-14,O,221.68,60962.0
90,0,SKU-0007,Material Isaac 6 EF,67,46,21,2022-03-09,O,233.33,15633.11
91,0,SKU-0023,Material Isaac 6 EF,253,201,52,2022-07-08,O,172.16,43556.48
91,1,SKU-0003,Material SAE 1 EF,245,188,57,2022-07-20,O,158.44,38817.8
91,2,SKU-0039,Material NSE 4 EF,221,216,5,2022-07-28,O,22.59,4992.39
91,3,SKU-0028,Material SAE 3 EM,268,34,234,2022-07-31,O,82.54,22120.72
92,0,SKU-0004,Material COC 2 EM,100,40,60,2023-03-25,O,286.86,28686.0
93,0,SKU-0050,Material NSE 1 EM,186,176,10,2024-03-07,O,259.15,48201.9
93,1,SKU-0050,Material SAE 8 EF,87,79,8,2024-03-15,O,58.75,5111.25
93,2,SKU-0055,Material NSE 2 EM,37,20,17,2024-03-13,O,222.29,8224.73
94,0,SKU-0013,Material COC 5 EF,216,139,77,2024-06-16,O,250.69,54149.04
94,1,SKU-0048,Material PGS 3 EF,84,48,36,2024-06-23,O,206.23,17323.32
95,0,SKU-0027,Material COC 4 EF,203,118,85,2023-01-13,O,90.26,18322.78
95,1,SKU-0018,Material PGS 9 EF,250,294,0,2023-01-01,C,116.47,29117.5
95,2,SKU-0007,Material NSE 4 EF,237,177,60,2022-12-08,O,135.7,32160.9
95,3,SKU-0018,Material Isaac 3 EM,72,19,53,2022-12-08,O,222.69,16033.68
95,4,SKU-0049,Material Isaac 7 EF,99,89,10,2022-12-11,O,59.06,5846.94
96,0,SKU-0007,Material NSE 6 EF,188,148,40,2023-05-02,O,262.91,49427.08
96,1,SKU-0040,Material COC 6 EF,150,71,79,2023-04-20,O,256.13,38419.5
97,0,SKU-0001,Material Isaac 4 EF,281,122,159,2023-04-16,O,93.16,26177.96
97,1,SKU-0011,Material NSE 3 EF,187,7,180,2023-04-23,O,273.28,51103.36
97,2,SKU-0040,Material Isaac 5 EF,230,83,147,2023-05-23,O,104.77,24097.1
97,3,SKU-0024,Material PGS 2 EF,238,193,45,2023-05-15,O,286.34,68148.92
97,4,SKU-0042,Material COC 2 EF,228,128,100,2023-05-18,O,219.86,50128.08
98,0,SKU-0012,Material NSE 7 EF,85,46,39,2024-07-28,O,166.86,14183.1
98,1,SKU-0029,Material PGS 1 EF,284,149,135,2024-09-03,O,78.89,22404.76
99,0,SKU-0024,Material NSE 8 EF,285,10,275,2023-04-12,O,67.6,19266.0
99,1,SKU-0030,Material COC 7 EF,100,83,17,2023-04-16,O,101.05,10105.0
99,2,SKU-0036,Material SAE 7 EF,117,25,92,2023-03-22,O,24.6,2878.2
99,3,SKU-0058,Material COC 9 EF,31,10,21,2023-04-23,O,130.36,4041.16
99,4,SKU-0020,Material NSE 1 EF,17,6,11,2023-04-20,O,269.35,4578.95
100,0,SKU-0041,Material Isaac 7 EF,155,127,28,2024-07-07,O,179.87,27879.85
100,1,SKU-0007,Material Isaac 3 EM,132,56,76,2024-08-01,O,29.68,3917.76
100,2,SKU-0012,Material COC 9 EF,60,15,45,2024-08-07,O,125.1,7506.0
100,3,SKU-0049,Material Isaac 9 EF,150,81,69,2024-07-08,O,40.26,6039.0
100,4,SKU-0037,Material SAE 2 EF,179,96,83,2024-06-28,O,65.6,11742.4
101,0,SKU-0025,Material PGS 3 EM,10,8,2,2022-03-23,O,42.34,423.4
102,0,SKU-0038,Material Isaac 2 EM,40,24,16,2022-12-16,O,102.93,4117.2
103,0,SKU-0054,Material NSE 2 EF,236,168,68,2025-04-18,O,75.79,17886.44
104,0,SKU-0027,Material PGS 2 EM,78,35,43,2023-05-31,O,290.03,22622.34
104,1,SKU-0056,Material COC 3 EF,261,147,114,2023-06-16,O,296.29,77331.69
104,2,SKU-0018,Material COC 4 EF,48,3,45,2023-06-07,O,275.13,13206.24
104,3,SKU-0055,Material Isaac 8 EF,278,177,101,2023-06-13,O,227.91,63358.98
105,0,SKU-0011,Material NSE 9 EF,44,0,44,2024-01-15,O,149.94,6597.36
106,0,SKU-0023,Material Isaac 7 EF,22,21,1,2025-04-02,O,27.15,597.3
106,1,SKU-0060,Material COC 2 EM,232,64,168,2025-03-25,O,115.15,26714.8
106,2,SKU-0030,Material NSE 6 EF,111,63,48,2025-04-08,O,42.56,4724.16
107,0,SKU-0052,Material NSE 3 EM,140,16,124,2023-06-07,O,177.61,24865.4
107,1,SKU-0053,Material COC 9 EF,94,74,20,2023-06-08,O,63.85,6001.9
107,2,SKU-0056,Material SAE 3 EF,291,92,199,2023-05-31,O,162.52,47293.32
108,0,SKU-0053,Material COC 7 EF,235,140,95,2022-03-06,O,53.66,12610.1
109,0,SKU-0031,Material COC 3 EM,230,11,219,2022-08-04,O,232.59,53495.7
109,1,SKU-0039,Material SAE 4 EF,79,76,3,2022-07-19,O,84.87,6704.73
109,2,SKU-0049,Material COC 8 EF,37,10,27,2022-08-07,O,32.83,1214.71
109,3,SKU-0036,Material COC 9 EF,138,38,100,2022-09-03,O,292.49,40363.62
109,4,SKU-0023,Material SAE 4 EF,154,59,95,2022-08-14,O,199.86,30778.44
110,0,SKU-0034,Material Isaac 4 EF,146,143,3,2022-11-29,O,119.78,17487.88
110,1,SKU-0053,Material Isaac 5 EF,125,66,59,2022-11-07,O,199.36,24920.0
110,2,SKU-0003,Material NSE 6 EF,294,125,169,2022-10-20,O,185.42,54513.48
110,3,SKU-0060,Material NSE 8 EF,20,1,19,2022-11-29,O,252.36,5047.2
110,4,SKU-0009,Material COC 8 EF,64,3,61,2022-11-01,O,53.02,3393.28
111,0,SKU-0019,Material SAE 8 EF,97,78,19,2024-02-14,O,155.32,15066.04
111,1,SKU-0017,Material Isaac 1 EF,128,18,110,2024-03-12,O,54.96,7034.88
111,2,SKU-0057,Material NSE 3 EM,112,45,67,2024-03-07,O,167.8,18793.6
111,3,SKU-0060,Material PGS 4 EF,151,135,16,2024-03-07,O,112.28,16954.28
112,0,SKU-0001,Material PGS 3 EF,160,153,7,2025-04-08,O,133.36,21337.6
112,1,SKU-0055,Material PGS 5 EF,122,93,29,2025-03-18,O,234.9,28657.8
112,2,SKU-0028,Material NSE 1 EM,63,13,50,2025-04-18,O,20.44,1287.72
112,3,SKU-0009,Material NSE 2 EM,117,19,98,2025-04-06,O,255.25,29864.25
113,0,SKU-0024,Material Isaac 7 EF,154,168,0,2022-09-09,C,89.18,13733.72
113,1,SKU-0031,Material PGS 6 EF,19,19,0,2022-09-21,C,218.39,4149.41
113,2,SKU-0036,Material Isaac 4 EF,77,55,22,2022-08-29,O,176.98,13627.46
113,3,SKU-0030,Material SAE 3 EF,60,25,35,2022-09-02,O,166.51,9990.6
113,4,SKU-0016,Material PGS 7 EF,143,141,2,2022-08-07,O,89.58,12809.94
114,0,SKU-0015,Material Isaac 4 EF,90,65,25,2023-08-09,O,231.64,20847.6
114,1,SKU-0057,Material PGS 1 EF,193,93,100,2023-08-03,O,227.34,43876.62
114,2,SKU-0052,Material NSE 8 EF,277,177,100,2023-08-07,O,70.64,19567.28
115,0,SKU-0040,Material NSE 8 EF,158,7,151,2022-11-02,O,43.54,6879.32
115,1,SKU-0013,Material PGS 8 EF,165,84,81,2022-11-14,O,223.7,36910.5
116,0,SKU-0030,Material NSE 2 EF,151,10,141,2025-10-29,O,295.22,44578.22
117,0,SKU-0029,Material COC 1 EM,168,99,69,2025-12-17,O,180.99,30406.32
117,1,SKU-0044,Material SAE 1 EF,207,8,199,2026-01-07,O,76.16,15765.12
117,2,SKU-0047,Material NSE 2 EF,185,102,83,2025-12-30,O,273.1,50523.5
117,3,SKU-0046,Material PGS 6 EF,36,1,35,2025-12-14,O,246.9,8888.4
117,4,SKU-0055,Material COC 2 EF,229,71,158,2025-12-09,O,28.88,6613.52
118,0,SKU-0028,Material NSE 1 EM,269,232,37,2023-09-20,O,209.68,56403.92
118,1,SKU-0027,Material COC 5 EF,61,32,29,2023-10-15,O,70.69,4312.09
118,2,SKU-0029,Material NSE 3 EM,45,16,29,2023-10-20,O,260.52,11723.4
118,3,SKU-0052,Material PGS 3 EM,224,28,196,2023-09-25,O,127.81,28629.44
118,4,SKU-0054,Material NSE 2 EF,91,8,83,2023-10-21,O,291.26,26504.66
119,0,SKU-0011,Material SAE 1 EM,261,260,1,2022-10-20,O,275.3,71853.3
119,1,SKU-0019,Material Isaac 3 EM,42,25,17,2022-09-28,O,198.69,8344.98
120,0,SKU-0015,Material Isaac 3 EM,296,188,108,2025-08-01,O,150.26,44476.96
120,1,SKU-0021,Material SAE 1 EM,152,106,46,2025-08-02,O,54.71,8315.92
120,2,SKU-0028,Material NSE 5 EF,216,5,211,2025-08-20,O,250.04,54008.64
121,0,SKU-0001,Material Isaac 1 EF,290,48,242,2022-04-22,O,229.93,66679.7
121,1,SKU-0010,Material COC 2 EF,149,113,36,2022-04-28,O,134.88,20097.12
121,2,SKU-0050,Material NSE 8 EF,36,19,17,2022-05-24,O,31.3,1126.8
122,0,SKU-0033,Material SAE 3 EM,220,41,179,2023-01-05,O,225.23,49550.6
122,1,SKU-0038,Material PGS 1 EM,166,52,114,2023-02-10,O,94.87,15748.42
123,0,SKU-0042,Material NSE 8 EF,86,47,39,2022-12-23,O,243.15,20910.9
123,1,SKU-0021,Material SAE 8 EF,109,52,57,2023-01-25,O,250.72,27328.48
123,2,SKU-0043,Material COC 2 EM,197,118,79,2023-01-20,O,216.63,42676.11
123,3,SKU-0038,Material COC 6 EF,257,30,227,2023-01-29,O,110.33,28354.81
123,4,SKU-0021,Material COC 3 EM,38,31,7,2023-01-14,O,53.7,2040.6
124,0,SKU-0015,Material Isaac 5 EF,11,1,10,2024-12-07,O,101.05,1111.55
124,1,SKU-0051,Material Isaac 1 EF,41,10,31,2024-11-29,O,125.57,5148.37
124,2,SKU-0055,Material PGS 8 EF,160,25,135,2024-12-03,O,210.98,33756.8
124,3,SKU-0010,Material PGS 1 EM,190,0,190,2024-12-05,O,50.94,9678.6
125,0,SKU-0001,Material PGS 5 EF,62,13,49,2023-12-15,O,288.1,17862.2
125,1,SKU-0039,Material Isaac 3 EM,101,58,43,2023-11-08,O,179.45,18124.45
125,2,SKU-0059,Material PGS 8 EF,160,140,20,2023-12-08,O,48.19,7710.4
125,3,SKU-0048,Material SAE 5 EF,213,42,171,2023-11-26,O,29.7,6326.1
126,0,SKU-0033,Material SAE 7 EF,46,14,32,2023-01-26,O,38.69,1779.74
126,1,SKU-0053,Material SAE 7 EF,149,32,117,2023-01-11,O,137.19,20441.31
127,0,SKU-0040,Material Isaac 7 EF,272,22,250,2024-05-05,O,77.17,20990.24
127,1,SKU-0012,Material PGS 2 EF,65,44,21,2024-03-25,O,205.67,13368.55
127,2,SKU-0009,Material COC 2 EM,131,120,11,2024-04-06,O,46.21,6053.51
127,3,SKU-0026,Material SAE 5 EF,38,27,11,2024-04-16,O,142.93,5431.34
128,0,SKU-0041,Material Isaac 3 EM,176,162,14,2024-01-14,O,97.76,17205.76
129,0,SKU-0033,Material PGS 2 EF,299,171,128,2023-06-24,O,216.36,64691.64
129,1,SKU-0005,Material COC 9 EF,248,3,245,2023-07-03,O,175.13,43432.24
129,2,SKU-0015,Material PGS 8 EF,26,14,12,2023-06-24,O,72.3,1879.8
129,3,SKU-0022,Material SAE 3 EF,295,286,9,2023-07-04,O,103.05,30399.75
130,0,SKU-0048,Material SAE 2 EM,66,3,63,2025-04-27,O,23.12,1525.92
130,1,SKU-0011,Material NSE 6 EF,197,2,195,2025-04-22,O,289.93,57116.21
130,2,SKU-0018,Material SAE 2 EF,28,17,11,2025-04-30,O,269.06,7533.68
130,3,SKU-0054,Material NSE 1 EM,74,43,31,2025-05-12,O,184.27,13635.98
131,0,SKU-0010,Material PGS 4 EF,98,40,58,2022-11-17,O,131.2,12857.6
131,1,SKU-0022,Material SAE 2 EF,170,8,162,2022-11-06,O,201.48,34251.6
131,2,SKU-0029,Material SAE 2 EF,197,194,3,2022-11-19,O,264.32,52071.04
131,3,SKU-0014,Material Isaac 3 EF,112,66,46,2022-10-29,O,184.63,20678.56
132,0,SKU-0022,Material NSE 2 EM,111,111,0,2024-02-05,C,246.03,27309.33
132,1,SKU-0011,Material Isaac 4 EF,20,19,1,2024-02-20,O,138.47,2769.4
132,2,SKU-0025,Material Isaac 6 EF,147,22,125,2024-02-14,O,97.62,14350.14
132,3,SKU-0010,Material COC 3 EF,86,55,31,2024-03-09,O,113.91,9796.26
133,0,SKU-0001,Material Isaac 5 EF,240,173,67,2025-07-24,O,46.54,11169.6
133,1,SKU-0005,Material NSE 9 EF,280,85,195,2025-07-29,O,221.75,62090.0
133,2,SKU-0043,Material SAE 4 EF,284,284,0,2025-07-30,C,266.32,75634.88
134,0,SKU-0033,Material Isaac 8 EF,164,30,134,2023-01-17,O,270.39,44343.96
134,1,SKU-0021,Material NSE 9 EF,137,138,0,2023-02-11,C,258.47,35410.39
134,2,SKU-0018,Material Isaac 4 EF,16,16,0,2023-01-11,C,173.02,2768.32
134,3,SKU-0003,Material NSE 3 EM,120,107,13,2023-01-10,O,115.18,13821.6
135,0,SKU-0034,Material PGS 1 EM,34,14,20,2023-05-02,O,288.01,9792.34
136,0,SKU-0005,Material Isaac 7 EF,29,3,26,2022-12-20,O,86.06,2495.74
136,1,SKU-0041,Material Isaac 3 EF,222,107,115,2022-11-02,O,269.12,59744.64
136,2,SKU-0010,Material NSE 2 EF,158,114,44,2022-11-28,O,237.22,37480.76
136,3,SKU-0013,Material PGS 3 EF,86,44,42,2022-12-07,O,166.63,14330.18
136,4,SKU-0036,Material SAE 1 EM,36,17,19,2022-12-10,O,162.59,5853.24
137,0,SKU-0010,Material Isaac 4 EF,48,24,24,2022-05-03,O,261.35,12544.8
137,1,SKU-0024,Material PGS 2 EM,124,107,17,2022-05-19,O,228.62,28348.88
137,2,SKU-0023,Material PGS 9 EF,191,30,161,2022-06-20,O,137.48,26258.68
138,0,SKU-0004,Material SAE 4 EF,118,155,0,2022-03-12,C,116.7,13770.6
139,0,SKU-0003,Material NSE 7 EF,212,25,187,2024-06-25,O,95.79,20307.48
139,1,SKU-0057,Material COC 3 EF,83,72,11,2024-06-20,O,73.21,6076.43
139,2,SKU-0036,Material PGS 7 EF,125,135,0,2024-06-17,C,270.14,33767.5
139,3,SKU-0014,Material NSE 6 EF,140,47,93,2024-06-26,O,47.65,6671.0
139,4,SKU-0033,Material Isaac 3 EM,195,82,113,2024-07-04,O,131.12,25568.4
140,0,SKU-0003,Material NSE 4 EF,268,125,143,2022-09-21,O,267.66,71732.88
140,1,SKU-0031,Material NSE 9 EF,198,71,127,2022-09-11,O,209.09,41399.82
140,2,SKU-0001,Material PGS 1 EM,190,130,60,2022-09-09,O,185.06,35161.4
141,0,SKU-0059,Material NSE 7 EF,200,50,150,2024-03-28,O,123.73,24746.0
141,1,SKU-0016,Material PGS 9 EF,82,55,27,2024-04-30,O,65.71,5388.22
141,2,SKU-0058,Material SAE 2 EF,130,44,86,2024-04-16,O,115.33,14992.9
141,3,SKU-0031,Material NSE 3 EM,282,176,106,2024-04-07,O,197.74,55762.68
142,0,SKU-0056,Material PGS 8 EF,92,17,75,2024-04-17,O,24.97,2297.24
143,0,SKU-0059,Material Isaac 3 EF,23,18,5,2023-06-27,O,121.6,2796.8
144,0,SKU-0014,Material SAE 2 EF,156,57,99,2022-07-21,O,122.13,19052.28
144,1,SKU-0012,Material COC 3 EM,154,18,136,2022-06-03,O,228.04,35118.16
144,2,SKU-0030,Material NSE 2 EM,73,55,18,2022-07-14,O,229.56,16757.88
144,3,SKU-0048,Material SAE 8 EF,35,27,8,2022-07-12,O,156.18,5466.3
145,0,SKU-0004,Material SAE 1 EF,79,12,67,2024-10-24,O,205.32,16220.28
145,1,SKU-0055,Material NSE 3 EF,292,128,164,2024-11-03,O,227.67,66479.64
145,2,SKU-0031,Material PGS 1 EM,211,217,0,2024-11-29,C,172.95,36492.45
145,3,SKU-0010,Material COC 6 EF,187,48,139,2024-12-05,O,281.08,52561.96
146,0,SKU-0024,Material PGS 8 EF,125,16,109,2023-08-29,O,93.83,11728.75
146,1,SKU-0029,Material SAE 1 EF,240,116,124,2023-09-19,O,90.63,21751.2
147,0,SKU-0060,Material SAE 9 EF,64,44,20,2023-07-26,O,46.11,2951.04
147,1,SKU-0013,Material NSE 4 EF,168,8,160,2023-07-29,O,219.07,36803.76
148,0,SKU-0033,Material SAE 3 EF,212,136,76,2022-03-05,O,171.77,36415.24
148,1,SKU-0045,Material NSE 9 EF,18,9,9,2022-03-03,O,112.74,2029.32
148,2,SKU-0029,Material PGS 1 EF,136,128,8,2022-03-24,O,186.34,25342.24
148,3,SKU-0012,Material NSE 6 EF,206,184,22,2022-02-17,O,211.09,43484.54
148,4,SKU-0060,Material SAE 5 EF,133,13,120,2022-02-11,O,297.42,39556.86
149,0,SKU-0031,Material NSE 5 EF,51,45,6,2025-04-29,O,217.14,11074.14
149,1,SKU-0043,Material Isaac 9 EF,220,113,107,2025-04-28,O,146.63,32258.6
149,2,SKU-0059,Material Isaac 4 EF,274,110,164,2025-05-02,O,135.99,37261.26
149,3,SKU-0051,Material NSE 3 EF,176,74,102,2025-05-06,O,198.42,34921.92
150,0,SKU-0015,Material SAE 2 EM,68,42,26,2025-10-26,O,142.7,9703.6
151,0,SKU-0037,Material PGS 3 EF,54,29,25,2023-07-26,O,158.41,8554.14
152,0,SKU-0054,Material SAE 5 EF,110,100,10,2025-07-06,O,126.14,13875.4
152,1,SKU-0006,Material PGS 9 EF,298,252,46,2025-07-12,O,150.13,44738.74
152,2,SKU-0046,Material Isaac 1 EF,88,17,71,2025-05-31,O,32.32,2844.16
152,3,SKU-0027,Material PGS 1 EM,25,8,17,2025-06-10,O,161.29,4032.25
153,0,SKU-0038,Material SAE 2 EF,212,21,191,2025-09-18,O,156.76,33233.12
154,0,SKU-0045,Material Isaac 2 EM,31,25,6,2022-07-26,O,47.48,1471.88
154,1,SKU-0023,Material NSE 3 EM,271,317,0,2022-07-14,C,196.73,53313.83
154,2,SKU-0031,Material SAE 3 EM,257,139,118,2022-07-08,O,204.51,52559.07
155,0,SKU-0020,Material NSE 4 EF,211,180,31,2022-11-18,O,55.98,11811.78
155,1,SKU-0038,Material PGS 3 EF,32,22,10,2022-10-14,O,147.86,4731.52
155,2,SKU-0017,Material COC 4 EF,179,167,12,2022-10-20,O,262.1,46915.9
155,3,SKU-0029,Material PGS 8 EF,177,110,67,2022-11-05,O,124.48,22032.96
155,4,SKU-0009,Material PGS 6 EF,237,231,6,2022-11-22,O,240.36,56965.32
156,0,SKU-0020,Material NSE 8 EF,256,105,151,2022-08-19,O,39.49,10109.44
156,1,SKU-0058,Material COC 9 EF,57,30,27,2022-08-07,O,41.0,2337.0
156,2,SKU-0037,Material NSE 1 EF,25,13,12,2022-07-13,O,283.3,7082.5
156,3,SKU-0027,Material NSE 8 EF,256,201,55,2022-08-02,O,268.47,68728.32
156,4,SKU-0060,Material COC 5 EF,149,23,126,2022-08-06,O,53.52,7974.48
157,0,SKU-0051,Material Isaac 4 EF,198,128,70,2022-12-24,O,246.71,48848.58
157,1,SKU-0055,Material NSE 6 EF,88,25,63,2022-12-06,O,280.47,24681.36
158,0,SKU-0025,Material PGS 4 EF,195,114,81,2022-05-20,O,226.06,44081.7
158,1,SKU-0048,Material Isaac 2 EM,173,121,52,2022-05-09,O,232.6,40239.8
159,0,SKU-0052,Material PGS 7 EF,100,28,72,2023-06-02,O,186.71,18671.0
159,1,SKU-0005,Material COC 2 EM,147,106,41,2023-06-08,O,209.96,30864.12
159,2,SKU-0039,Material COC 2 EM,203,156,47,2023-06-05,O,198.92,40380.76
159,3,SKU-0026,Material COC 8 EF,217,60,157,2023-04-28,O,235.86,51181.62
160,0,SKU-0049,Material Isaac 1 EM,211,65,146,2025-09-06,O,182.43,38492.73
160,1,SKU-0026,Material COC 1 EF,173,154,19,2025-09-13,O,130.11,22509.03
160,2,SKU-0060,Material Isaac 1 EF,41,12,29,2025-09-16,O,60.63,2485.83
161,0,SKU-0056,Material Isaac 5 EF,49,3,46,2023-02-18,O,162.92,7983.08
161,1,SKU-0049,Material COC 3 EM,266,104,162,2023-03-09,O,203.13,54032.58
161,2,SKU-0027,Material SAE 3 EF,253,171,82,2023-03-02,O,88.97,22509.41
162,0,SKU-0035,Material PGS 8 EF,93,76,17,2025-07-12,O,182.61,16982.73
162,1,SKU-0034,Material NSE 1 EM,245,15,230,2025-07-13,O,120.95,29632.75
162,2,SKU-0039,Material PGS 1 EM,28,5,23,2025-08-05,O,184.59,5168.52
162,3,SKU-0053,Material PGS 1 EF,59,45,14,2025-07-27,O,71.26,4204.34
163,0,SKU-0007,Material COC 3 EF,75,27,48,2025-12-14,O,214.72,16104.0
164,0,SKU-0011,Material Isaac 4 EF,270,241,29,2025-12-23,O,137.79,37203.3
164,1,SKU-0024,Material PGS 8 EF,232,216,16,2026-01-10,O,100.4,23292.8
164,2,SKU-0034,Material SAE 3 EF,52,47,5,2026-01-14,O,297.43,15466.36
164,3,SKU-0049,Material Isaac 8 EF,201,151,50,2025-12-29,O,243.02,48847.02
165,0,SKU-0045,Material SAE 6 EF,196,153,43,2022-03-11,O,63.44,12434.24
165,1,SKU-0002,Material PGS 4 EF,76,41,35,2022-04-05,O,157.27,11952.52
165,2,SKU-0050,Material COC 1 EM,12,2,10,2022-04-19,O,61.4,736.8
165,3,SKU-0029,Material NSE 1 EM,124,45,79,2022-03-10,O,172.09,21339.16
166,0,SKU-0039,Material PGS 5 EF,63,24,39,2025-12-25,O,244.79,15421.77
166,1,SKU-0055,Material PGS 5 EF,258,210,48,2026-01-05,O,205.97,53140.26
166,2,SKU-0044,Material COC 9 EF,221,92,129,2025-12-23,O,29.47,6512.87
166,3,SKU-0023,Material Isaac 9 EF,135,2,133,2025-12-10,O,299.64,40451.4
167,0,SKU-0020,Material SAE 1 EF,35,30,5,2024-07-25,O,132.87,4650.45
167,1,SKU-0001,Material Isaac 1 EF,183,166,17,2024-07-05,O,109.62,20060.46
167,2,SKU-0032,Material NSE 8 EF,297,284,13,2024-08-17,O,250.64,74440.08
167,3,SKU-0029,Material NSE 3 EM,143,111,32,2024-07-10,O,184.72,26414.96
167,4,SKU-0051,Material SAE 7 EF,290,192,98,2024-07-17,O,252.42,73201.8
168,0,SKU-0029,Material SAE 3 EM,134,59,75,2024-05-02,O,248.83,33343.22
168,1,SKU-0056,Material COC 3 EF,219,50,169,2024-05-13,O,181.6,39770.4
168,2,SKU-0060,Material Isaac 6 EF,230,43,187,2024-05-15,O,52.04,11969.2
169,0,SKU-0041,Material PGS 4 EF,102,37,65,2024-12-01,O,173.84,17731.68
170,0,SKU-0001,Material SAE 2 EM,170,42,128,2023-03-11,O,188.08,31973.6
170,1,SKU-0040,Material PGS 2 EM,11,2,9,2023-04-21,O,136.68,1503.48
170,2,SKU-0038,Material PGS 8 EF,298,38,260,2023-03-21,O,119.51,35613.98
171,0,SKU-0060,Material SAE 1 EM,219,146,73,2023-01-31,O,230.3,50435.7
171,1,SKU-0032,Material COC 7 EF,68,11,57,2023-01-25,O,230.39,15666.52
172,0,SKU-0023,Material NSE 8 EF,196,112,84,2022-08-18,O,168.04,32935.84
172,1,SKU-0058,Material SAE 8 EF,163,152,11,2022-08-20,O,210.39,34293.57
172,2,SKU-0017,Material NSE 7 EF,69,68,1,2022-07-24,O,288.57,19911.33
172,3,SKU-0022,Material PGS 5 EF,43,15,28,2022-08-13,O,109.64,4714.52
173,0,SKU-0006,Material COC 4 EF,254,60,194,2025-07-12,O,199.26,50612.04
173,1,SKU-0058,Material Isaac 1 EM,269,233,36,2025-07-12,O,123.37,33186.53
173,2,SKU-0031,Material SAE 6 EF,51,48,3,2025-07-20,O,253.13,12909.63
173,3,SKU-0053,Material NSE 1 EF,262,113,149,2025-06-22,O,224.53,58826.86
174,0,SKU-0048,Material Isaac 8 EF,40,0,40,2024-07-18,O,100.26,4010.4
175,0,SKU-0047,Material NSE 2 EF,204,93,111,2023-08-08,O,29.08,5932.32
175,1,SKU-0009,Material PGS 2 EF,124,118,6,2023-08-01,O,101.33,12564.92
176,0,SKU-0049,Material PGS 6 EF,106,31,75,2025-12-12,O,236.94,25115.64
176,1,SKU-0031,Material SAE 1 EM,131,49,82,2026-01-23,O,123.16,16133.96
177,0,SKU-0046,Material Isaac 1 EM,20,5,15,2024-03-24,O,72.05,1441.0
177,1,SKU-0049,Material SAE 2 EM,216,134,82,2024-03-23,O,176.84,38197.44
177,2,SKU-0045,Material PGS 4 EF,250,220,30,2024-03-27,O,60.96,15240.0
177,3,SKU-0060,Material PGS 8 EF,248,108,140,2024-03-07,O,33.27,8250.96
177,4,SKU-0056,Material PGS 7 EF,122,104,18,2024-03-24,O,222.93,27197.46
178,0,SKU-0033,Material SAE 6 EF,23,21,2,2025-05-20,O,298.82,6872.86
178,1,SKU-0018,Material SAE 2 EM,15,1,14,2025-05-27,O,199.92,2998.8
178,2,SKU-0040,Material Isaac 2 EM,33,8,25,2025-05-22,O,131.92,4353.36
178,3,SKU-0012,Material COC 7 EF,51,80,0,2025-05-23,C,84.77,4323.27
179,0,SKU-0016,Material Isaac 6 EF,85,20,65,2022-09-24,O,101.1,8593.5
179,1,SKU-0005,Material PGS 8 EF,165,89,76,2022-09-29,O,159.97,26395.05
179,2,SKU-0051,Material PGS 3 EF,173,141,32,2022-10-21,O,288.03,49829.19
180,0,SKU-0036,Material PGS 2 EM,171,151,20,2025-01-15,O,256.97,43941.87
180,1,SKU-0032,Material SAE 3 EM,27,21,6,2024-12-28,O,105.16,2839.32
180,2,SKU-0048,Material PGS 6 EF,171,140,31,2024-11-26,O,122.08,20875.68
181,0,SKU-0024,Material Isaac 8 EF,254,133,121,2024-05-22,O,263.72,66984.88
181,1,SKU-0027,Material PGS 3 EF,22,6,16,2024-05-11,O,134.45,2957.9
181,2,SKU-0036,Material COC 9 EF,43,34,9,2024-05-15,O,108.92,4683.56
181,3,SKU-0034,Material SAE 4 EF,240,211,29,2024-05-20,O,155.38,37291.2
181,4,SKU-0008,Material SAE 3 EM,240,208,32,2024-06-13,O,235.85,56604.0
182,0,SKU-0016,Material Isaac 7 EF,97,28,69,2023-12-10,O,48.96,4749.12
182,1,SKU-0014,Material Isaac 7 EF,108,106,2,2023-12-13,O,124.15,13408.2
182,2,SKU-0028,Material NSE 2 EF,296,256,40,2023-11-23,O,293.78,86958.88
182,3,SKU-0022,Material PGS 1 EF,226,50,176,2023-12-14,O,130.51,29495.26
182,4,SKU-0029,Material COC 3 EM,214,95,119,2023-12-02,O,177.95,38081.3
183,0,SKU-0049,Material PGS 8 EF,158,0,158,2023-02-11,O,284.16,44897.28
183,1,SKU-0022,Material NSE 2 EM,76,1,75,2023-02-09,O,30.95,2352.2
183,2,SKU-0021,Material SAE 9 EF,267,13,254,2023-03-03,O,171.36,45753.12
184,0,SKU-0024,Material PGS 2 EM,87,62,25,2025-06-24,O,101.75,8852.25
184,1,SKU-0008,Material Isaac 5 EF,86,2,84,2025-06-01,O,100.68,8658.48
184,2,SKU-0060,Material SAE 1 EM,53,50,3,2025-06-21,O,225.84,11969.52
184,3,SKU-0008,Material PGS 2 EM,135,97,38,2025-05-23,O,166.44,22469.4
185,0,SKU-0028,Material Isaac 4 EF,54,23,31,2022-03-26,O,127.07,6861.78
186,0,SKU-0003,Material Isaac 1 EF,18,14,4,2024-07-03,O,203.23,3658.14
186,1,SKU-0036,Material NSE 3 EF,169,77,92,2024-05-24,O,285.71,48284.99
186,2,SKU-0037,Material NSE 2 EM,76,2,74,2024-06-16,O,264.76,20121.76
187,0,SKU-0022,Material PGS 2 EM,206,202,4,2023-12-15,O,194.67,40102.02
188,0,SKU-0014,Material NSE 4 EF,269,115,154,2025-11-08,O,203.52,54746.88
188,1,SKU-0021,Material NSE 3 EM,216,35,181,2025-09-29,O,105.23,22729.68
188,2,SKU-0023,Material Isaac 5 EF,59,33,26,2025-11-04,O,81.86,4829.74
189,0,SKU-0043,Material NSE 1 EF,143,104,39,2023-05-07,O,216.66,30982.38
189,1,SKU-0059,Material NSE 1 EF,30,8,22,2023-05-04,O,79.28,2378.4
190,0,SKU-0041,Material COC 6 EF,291,278,13,2026-02-08,O,136.79,39805.89
190,1,SKU-0004,Material NSE 1 EM,63,48,15,2025-12-30,O,226.85,14291.55
190,2,SKU-0001,Material NSE 9 EF,267,107,160,2025-12-27,O,159.39,42557.13
191,0,SKU-0058,Material Isaac 4 EF,213,136,77,2023-11-28,O,48.74,10381.62
192,0,SKU-0007,Material SAE 1 EF,160,27,133,2024-08-11,O,70.58,11292.8
192,1,SKU-0025,Material COC 6 EF,61,20,41,2024-07-15,O,279.69,17061.09
192,2,SKU-0007,Material COC 8 EF,234,39,195,2024-07-21,O,81.33,19031.22
192,3,SKU-0056,Material COC 1 EM,216,115,101,2024-07-24,O,68.22,14735.52
192,4,SKU-0020,Material PGS 5 EF,191,190,1,2024-08-08,O,183.62,35071.42
193,0,SKU-0040,Material PGS 2 EF,29,20,9,2023-08-27,O,201.32,5838.28
193,1,SKU-0022,Material PGS 2 EF,248,166,82,2023-08-05,O,45.07,11177.36
193,2,SKU-0053,Material Isaac 5 EF,227,71,156,2023-08-02,O,127.14,28860.78
194,0,SKU-0017,Material SAE 2 EF,239,106,133,2023-06-25,O,30.33,7248.87
194,1,SKU-0044,Material NSE 3 EM,199,66,133,2023-06-22,O,291.19,57946.81
194,2,SKU-0047,Material SAE 5 EF,83,53,30,2023-07-21,O,186.9,15512.7
195,0,SKU-0039,Material NSE 8 EF,68,59,9,2023-06-02,O,32.47,2207.96
196,0,SKU-0029,Material COC 1 EM,79,92,0,2023-11-12,C,246.23,19452.17
196,1,SKU-0012,Material PGS 2 EM,210,188,22,2023-10-18,O,107.49,22572.9
196,2,SKU-0008,Material SAE 7 EF,223,255,0,2023-10-26,C,204.77,45663.71
196,3,SKU-0028,Material Isaac 4 EF,143,69,74,2023-10-08,O,243.09,34761.87
197,0,SKU-0006,Material NSE 4 EF,107,41,66,2023-02-17,O,115.62,12371.34
197,1,SKU-0006,Material COC 9 EF,83,55,28,2023-03-13,O,62.68,5202.44
197,2,SKU-0001,Material NSE 2 EM,140,92,48,2023-02-17,O,40.27,5637.8
198,0,SKU-0031,Material SAE 1 EF,149,92,57,2024-09-15,O,59.58,8877.42
198,1,SKU-0033,Material SAE 2 EM,198,138,60,2024-08-29,O,198.81,39364.38
198,2,SKU-0005,Material COC 7 EF,279,6,273,2024-08-25,O,63.78,17794.62
199,0,SKU-0040,Material COC 8 EF,115,88,27,2025-07-06,O,71.61,8235.15
199,1,SKU-0011,Material PGS 4 EF,281,127,154,2025-06-03,O,133.88,37620.28
200,0,SKU-0047,Material PGS 8 EF,89,16,73,2024-05-06,O,145.2,12922.8
200,1,SKU-0051,Material NSE 2 EF,159,157,2,2024-04-29,O,275.23,43761.57
201,0,SKU-0030,Material SAE 1 EM,159,137,22,2023-06-28,O,199.25,31680.75
201,1,SKU-0013,Material Isaac 4 EF,87,37,50,2023-06-17,O,189.99,16529.13
201,2,SKU-0056,Material PGS 7 EF,223,163,60,2023-07-01,O,63.96,14263.08
201,3,SKU-0026,Material PGS 8 EF,268,2,266,2023-07-13,O,112.49,30147.32
201,4,SKU-0026,Material Isaac 3 EM,266,95,171,2023-06-02,O,73.59,19574.94
202,0,SKU-0003,Material COC 9 EF,64,1,63,2023-06-21,O,88.13,5640.32
202,1,SKU-0051,Material Isaac 9 EF,283,102,181,2023-06-06,O,203.17,57497.11
203,0,SKU-0011,Material COC 7 EF,63,35,28,2025-06-25,O,248.99,15686.37
204,0,SKU-0034,Material NSE 2 EM,285,61,224,2022-05-30,O,82.18,23421.3
204,1,SKU-0050,Material COC 1 EM,197,18,179,2022-04-29,O,119.01,23444.97
205,0,SKU-0052,Material Isaac 6 EF,288,184,104,2023-10-28,O,88.9,25603.2
205,1,SKU-0033,Material PGS 3 EF,53,78,0,2023-11-15,C,139.37,7386.61
205,2,SKU-0003,Material COC 7 EF,130,90,40,2023-09-30,O,101.12,13145.6
205,3,SKU-0039,Material COC 3 EF,99,39,60,2023-10-28,O,174.61,17286.39
206,0,SKU-0007,Material COC 6 EF,63,18,45,2025-04-29,O,289.27,18224.01
206,1,SKU-0019,Material Isaac 2 EF,32,8,24,2025-04-06,O,36.9,1180.8
206,2,SKU-0042,Material Isaac 7 EF,175,157,18,2025-05-09,O,159.0,27825.0
207,0,SKU-0056,Material PGS 9 EF,278,244,34,2024-07-30,O,119.07,33101.46
207,1,SKU-0014,Material PGS 9 EF,212,95,117,2024-06-22,O,294.57,62448.84
208,0,SKU-0008,Material SAE 1 EF,210,207,3,2026-02-14,O,281.2,59052.0
209,0,SKU-0030,Material Isaac 5 EF,125,25,100,2024-06-08,O,167.13,20891.25
209,1,SKU-0058,Material COC 1 EF,111,24,87,2024-07-14,O,22.8,2530.8
209,2,SKU-0003,Material PGS 1 EF,36,25,11,2024-06-16,O,131.39,4730.04
209,3,SKU-0053,Material SAE 2 EM,100,36,64,2024-07-06,O,99.92,9992.0
210,0,SKU-0015,Material COC 8 EF,277,271,6,2025-03-11,O,68.1,18863.7
210,1,SKU-0010,Material NSE 4 EF,126,113,13,2025-02-21,O,283.0,35658.0
210,2,SKU-0050,Material SAE 5 EF,98,58,40,2025-03-14,O,210.12,20591.76
210,3,SKU-0016,Material NSE 2 EM,29,18,11,2025-03-14,O,258.98,7510.42
211,0,SKU-0006,Material NSE 9 EF,260,188,72,2025-08-07,O,85.72,22287.2
211,1,SKU-0035,Material Isaac 1 EF,215,92,123,2025-08-27,O,95.11,20448.65
211,2,SKU-0018,Material PGS 4 EF,253,212,41,2025-08-25,O,68.64,17365.92
212,0,SKU-0054,Material SAE 6 EF,220,213,7,2025-10-09,O,87.81,19318.2
212,1,SKU-0035,Material PGS 6 EF,197,71,126,2025-09-27,O,172.36,33954.92
212,2,SKU-0003,Material NSE 1 EM,29,77,0,2025-10-07,C,229.35,6651.15
212,3,SKU-0007,Material Isaac 4 EF,37,7,30,2025-10-04,O,241.07,8919.59
213,0,SKU-0052,Material SAE 2 EM,266,279,0,2022-06-21,C,86.21,22931.86
213,1,SKU-0006,Material SAE 7 EF,225,67,158,2022-06-09,O,52.35,11778.75
213,2,SKU-0059,Material COC 6 EF,25,19,6,2022-07-21,O,75.97,1899.25
214,0,SKU-0052,Material PGS 1 EF,13,6,7,2024-11-01,O,296.14,3849.82
214,1,SKU-0049,Material PGS 7 EF,300,198,102,2024-12-08,O,97.37,29211.0
215,0,SKU-0036,Material COC 4 EF,128,24,104,2023-01-31,O,34.7,4441.6
215,1,SKU-0008,Material NSE 1 EM,63,94,0,2023-01-18,C,213.51,13451.13
216,0,SKU-0008,Material NSE 2 EM,172,64,108,2023-03-19,O,113.65,19547.8
216,1,SKU-0001,Material Isaac 6 EF,195,200,0,2023-04-24,C,270.88,52821.6
216,2,SKU-0011,Material PGS 4 EF,221,204,17,2023-03-31,O,198.55,43879.55
217,0,SKU-0017,Material Isaac 4 EF,198,110,88,2023-10-23,O,121.22,24001.56
217,1,SKU-0025,Material PGS 2 EF,24,5,19,2023-11-10,O,239.35,5744.4
217,2,SKU-0011,Material SAE 1 EM,37,20,17,2023-11-24,O,138.56,5126.72
218,0,SKU-0006,Material SAE 1 EM,108,57,51,2025-02-06,O,144.26,15580.08
218,1,SKU-0010,Material COC 3 EM,32,5,27,2025-02-09,O,114.4,3660.8
219,0,SKU-0008,Material SAE 9 EF,262,178,84,2022-06-26,O,130.25,34125.5
219,1,SKU-0055,Material NSE 1 EM,247,133,114,2022-07-25,O,216.88,53569.36
219,2,SKU-0007,Material SAE 2 EF,69,31,38,2022-06-22,O,153.66,10602.54
219,3,SKU-0011,Material SAE 3 EM,57,10,47,2022-08-01,O,93.67,5339.19
220,0,SKU-0005,Material COC 8 EF,169,78,91,2025-10-14,O,143.09,24182.21
220,1,SKU-0037,Material Isaac 2 EM,48,30,18,2025-11-02,O,93.84,4504.32
220,2,SKU-0021,Material Isaac 9 EF,219,82,137,2025-10-07,O,273.31,59854.89
220,3,SKU-0058,Material Isaac 2 EM,190,1,189,2025-09-30,O,91.17,17322.3
220,4,SKU-0025,Material Isaac 4 EF,56,25,31,2025-09-23,O,149.22,8356.32
221,0,SKU-0015,Material Isaac 2 EM,68,16,52,2025-03-27,O,79.7,5419.6
222,0,SKU-0031,Material NSE 7 EF,54,1,53,2024-08-08,O,290.15,15668.1
222,1,SKU-0005,Material NSE 2 EF,193,108,85,2024-08-09,O,23.42,4520.06
222,2,SKU-0004,Material PGS 9 EF,172,33,139,2024-09-11,O,131.67,22647.24
222,3,SKU-0018,Material COC 5 EF,86,9,77,2024-07-31,O,137.92,11861.12
222,4,SKU-0005,Material Isaac 5 EF,98,84,14,2024-09-07,O,296.28,29035.44
223,0,SKU-0010,Material SAE 9 EF,172,168,4,2022-05-12,O,283.94,48837.68
223,1,SKU-0057,Material SAE 3 EF,84,7,77,2022-05-28,O,139.12,11686.08
223,2,SKU-0004,Material COC 9 EF,47,27,20,2022-05-19,O,93.28,4384.16
223,3,SKU-0016,Material SAE 3 EM,188,179,9,2022-05-08,O,191.75,36049.0
224,0,SKU-0028,Material SAE 6 EF,210,16,194,2022-03-25,O,158.67,33320.7
224,1,SKU-0049,Material SAE 1 EM,106,29,77,2022-02-11,O,285.04,30214.24
224,2,SKU-0053,Material SAE 2 EF,171,174,0,2022-03-26,C,110.6,18912.6
224,3,SKU-0060,Material Isaac 4 EF,59,13,46,2022-03-07,O,294.51,17376.09
225,0,SKU-0049,Material Isaac 8 EF,227,202,25,2023-06-19,O,197.17,44757.59
225,1,SKU-0028,Material NSE 2 EM,288,23,265,2023-07-14,O,155.39,44752.32
225,2,SKU-0052,Material NSE 4 EF,174,96,78,2023-06-07,O,51.21,8910.54
226,0,SKU-0018,Material SAE 8 EF,150,82,68,2022-05-12,O,260.43,39064.5
227,0,SKU-0042,Material NSE 8 EF,265,136,129,2026-01-14,O,82.41,21838.65
227,1,SKU-0028,Material NSE 6 EF,137,122,15,2025-12-03,O,46.26,6337.62
227,2,SKU-0052,Material PGS 6 EF,89,46,43,2025-12-16,O,41.42,3686.38
228,0,SKU-0059,Material Isaac 9 EF,140,54,86,2022-08-14,O,25.19,3526.6
229,0,SKU-0002,Material NSE 6 EF,213,178,35,2023-06-07,O,95.23,20283.99
229,1,SKU-0023,Material Isaac 1 EM,96,41,55,2023-06-25,O,240.6,23097.6
229,2,SKU-0034,Material SAE 8 EF,189,146,43,2023-05-19,O,160.61,30355.29
230,0,SKU-0048,Material NSE 1 EM,209,12,197,2022-03-19,O,284.97,59558.73
230,1,SKU-0039,Material SAE 5 EF,98,54,44,2022-04-03,O,46.56,4562.88
231,0,SKU-0058,Material NSE 1 EF,205,124,81,2022-05-10,O,200.9,41184.5
232,0,SKU-0013,Material Isaac 2 EF,282,27,255,2025-08-16,O,160.64,45300.48
232,1,SKU-0022,Material NSE 3 EF,86,15,71,2025-08-20,O,282.23,24271.78
232,2,SKU-0006,Material COC 6 EF,293,82,211,2025-08-04,O,87.6,25666.8
232,3,SKU-0045,Material COC 9 EF,209,35,174,2025-08-13,O,20.65,4315.85
232,4,SKU-0045,Material PGS 3 EM,186,109,77,2025-07-29,O,138.89,25833.54
233,0,SKU-0042,Material PGS 4 EF,143,71,72,2024-04-15,O,68.85,9845.55
234,0,SKU-0056,Material SAE 3 EF,113,62,51,2024-04-21,O,215.87,24393.31
234,1,SKU-0039,Material SAE 3 EF,61,19,42,2024-05-23,O,62.3,3800.3
235,0,SKU-0024,Material NSE 8 EF,234,229,5,2025-11-17,O,93.05,21773.7
236,0,SKU-0037,Material COC 2 EM,157,12,145,2023-09-03,O,112.2,17615.4
237,0,SKU-0001,Material NSE 6 EF,125,115,10,2025-12-12,O,245.89,30736.25
237,1,SKU-0032,Material NSE 3 EM,193,189,4,2025-12-14,O,173.27,33441.11
237,2,SKU-0014,Material PGS 1 EM,124,85,39,2025-12-21,O,71.0,8804.0
238,0,SKU-0028,Material Isaac 3 EF,242,133,109,2023-07-10,O,195.51,47313.42
238,1,SKU-0057,Material Isaac 4 EF,86,41,45,2023-05-31,O,48.55,4175.3
238,2,SKU-0024,Material Isaac 3 EF,116,3,113,2023-06-24,O,111.89,12979.24
239,0,SKU-0053,Material SAE 3 EM,217,71,146,2022-11-10,O,253.04,54909.68
239,1,SKU-0015,Material COC 1 EF,63,17,46,2022-11-23,O,55.31,3484.53
239,2,SKU-0057,Material PGS 1 EF,295,127,168,2022-11-10,O,230.73,68065.35
240,0,SKU-0034,Material SAE 9 EF,165,26,139,2024-02-09,O,154.41,25477.65
240,1,SKU-0008,Material COC 2 EF,235,52,183,2024-02-24,O,193.03,45362.05
240,2,SKU-0025,Material Isaac 9 EF,227,189,38,2024-02-29,O,72.03,16350.81
240,3,SKU-0005,Material SAE 2 EF,13,12,1,2024-03-03,O,78.56,1021.28
240,4,SKU-0046,Material NSE 9 EF,128,114,14,2024-02-28,O,104.45,13369.6
241,0,SKU-0042,Material PGS 3 EM,136,50,86,2025-03-21,O,198.63,27013.68
241,1,SKU-0029,Material Isaac 2 EM,128,24,104,2025-03-07,O,242.03,30979.84
241,2,SKU-0024,Material SAE 5 EF,138,101,37,2025-03-03,O,105.74,14592.12
241,3,SKU-0059,Material COC 6 EF,25,15,10,2025-02-21,O,24.34,608.5
241,4,SKU-0014,Material SAE 9 EF,174,129,45,2025-03-26,O,56.45,9822.3
242,0,SKU-0012,Material NSE 2 EM,73,3,70,2022-05-18,O,175.51,12812.23
243,0,SKU-0035,Material SAE 8 EF,274,29,245,2022-07-17,O,224.16,61419.84
243,1,SKU-0048,Material SAE 4 EF,256,84,172,2022-07-30,O,164.32,42065.92
244,0,SKU-0021,Material COC 4 EF,45,27,18,2025-06-26,O,102.54,4614.3
244,1,SKU-0044,Material PGS 1 EF,27,0,27,2025-06-01,O,135.07,3646.89
244,2,SKU-0051,Material Isaac 3 EM,215,59,156,2025-05-13,O,47.96,10311.4
244,3,SKU-0048,Material COC 1 EF,230,26,204,2025-06-14,O,113.07,26006.1
245,0,SKU-0004,Material COC 8 EF,135,29,106,2023-12-18,O,91.58,12363.3
245,1,SKU-0014,Material PGS 1 EM,262,238,24,2023-12-06,O,236.71,62018.02
245,2,SKU-0057,Material Isaac 1 EF,118,125,0,2024-01-09,C,182.6,21546.8
245,3,SKU-0031,Material COC 2 EF,156,94,62,2024-01-08,O,56.29,8781.24
245,4,SKU-0020,Material COC 5 EF,210,69,141,2024-01-03,O,292.66,61458.6
246,0,SKU-0057,Material SAE 1 EF,296,244,52,2023-05-14,O,61.28,18138.88
246,1,SKU-0039,Material Isaac 6 EF,227,213,14,2023-05-07,O,181.15,41121.05
246,2,SKU-0008,Material COC 1 EF,122,117,5,2023-05-27,O,194.8,23765.6
246,3,SKU-0040,Material SAE 8 EF,240,232,8,2023-06-15,O,223.91,53738.4
247,0,SKU-0021,Material Isaac 9 EF,21,10,11,2022-05-23,O,293.09,6154.89
247,1,SKU-0027,Material NSE 3 EM,60,48,12,2022-05-29,O,290.82,17449.2
247,2,SKU-0029,Material NSE 2 EF,144,111,33,2022-04-29,O,286.41,41243.04
247,3,SKU-0017,Material Isaac 2 EM,238,47,191,2022-04-11,O,291.53,69384.14
247,4,SKU-0027,Material PGS 5 EF,195,94,101,2022-05-23,O,206.47,40261.65
248,0,SKU-0042,Material PGS 6 EF,298,24,274,2025-07-31,O,224.22,66817.56
249,0,SKU-0017,Material Isaac 5 EF,134,6,128,2022-07-19,O,82.74,11087.16
249,1,SKU-0041,Material PGS 1 EF,27,20,7,2022-08-18,O,34.61,934.47
249,2,SKU-0034,Material SAE 1 EF,46,17,29,2022-08-11,O,120.62,5548.52
249,3,SKU-0046,Material PGS 5 EF,35,54,0,2022-07-17,C,26.3,920.5
249,4,SKU-0014,Material SAE 3 EM,193,118,75,2022-08-08,O,167.96,32416.28
250,0,SKU-0058,Material NSE 1 EM,235,92,143,2023-09-09,O,25.3,5945.5
250,1,SKU-0029,Material PGS 1 EF,82,50,32,2023-09-10,O,57.67,4728.94
250,2,SKU-0039,Material SAE 3 EM,52,33,19,2023-08-16,O,215.07,11183.64
250,3,SKU-0058,Material Isaac 7 EF,50,32,18,2023-08-21,O,67.78,3389.0
250,4,SKU-0044,Material Isaac 6 EF,190,168,22,2023-09-06,O,36.77,6986.3
251,0,SKU-0002,Material PGS 2 EF,178,78,100,2022-10-05,O,50.48,8985.44
251,1,SKU-0052,Material PGS 3 EM,264,221,43,2022-11-02,O,96.87,25573.68
251,2,SKU-0045,Material COC 3 EF,208,197,11,2022-09-26,O,195.24,40609.92
251,3,SKU-0011,Material SAE 5 EF,136,117,19,2022-10-15,O,152.11,20686.96
251,4,SKU-0018,Material PGS 1 EM,202,130,72,2022-10-06,O,277.78,56111.56
252,0,SKU-0012,Material SAE 2 EM,154,129,25,2024-06-03,O,272.72,41998.88
252,1,SKU-0058,Material Isaac 2 EF,167,138,29,2024-05-10,O,71.86,12000.62
252,2,SKU-0044,Material SAE 8 EF,133,32,101,2024-05-13,O,283.68,37729.44
252,3,SKU-0037,Material Isaac 3 EM,90,58,32,2024-06-12,O,220.77,19869.3
253,0,SKU-0001,Material NSE 2 EM,163,147,16,2025-09-02,O,25.6,4172.8
253,1,SKU-0016,Material NSE 3 EF,168,139,29,2025-08-30,O,271.17,45556.56
253,2,SKU-0042,Material PGS 4 EF,158,128,30,2025-09-14,O,176.84,27940.72
254,0,SKU-0017,Material NSE 8 EF,213,172,41,2024-02-27,O,137.06,29193.78
254,1,SKU-0055,Material COC 6 EF,115,5,110,2024-02-17,O,89.5,10292.5
254,2,SKU-0055,Material NSE 1 EM,67,58,9,2024-02-04,O,138.57,9284.19
254,3,SKU-0045,Material PGS 1 EF,238,111,127,2024-02-26,O,141.11,33584.18
255,0,SKU-0011,Material PGS 5 EF,51,38,13,2025-08-15,O,270.36,13788.36
255,1,SKU-0056,Material NSE 8 EF,74,26,48,2025-08-10,O,145.53,10769.22
255,2,SKU-0029,Material SAE 1 EM,17,11,6,2025-08-29,O,230.57,3919.69
255,3,SKU-0051,Material COC 3 EM,69,93,0,2025-09-13,C,142.1,9804.9
255,4,SKU-0051,Material PGS 8 EF,222,169,53,2025-08-22,O,259.6,57631.2
256,0,SKU-0030,Material Isaac 3 EF,66,45,21,2022-06-14,O,256.84,16951.44
256,1,SKU-0024,Material SAE 5 EF,196,191,5,2022-05-18,O,215.22,42183.12
256,2,SKU-0040,Material NSE 9 EF,141,9,132,2022-06-26,O,252.6,35616.6
256,3,SKU-0041,Material COC 8 EF,174,82,92,2022-05-25,O,123.66,21516.84
257,0,SKU-0047,Material SAE 3 EM,146,140,6,2025-04-03,O,119.94,17511.24
257,1,SKU-0014,Material COC 6 EF,252,213,39,2025-05-04,O,208.47,52534.44
257,2,SKU-0022,Material Isaac 1 EM,149,0,149,2025-05-01,O,273.31,40723.19
258,0,SKU-0060,Material PGS 3 EF,120,87,33,2025-12-31,O,64.95,7794.0
258,1,SKU-0021,Material NSE 9 EF,280,73,207,2026-01-02,O,128.94,36103.2
258,2,SKU-0042,Material PGS 7 EF,264,139,125,2025-12-13,O,225.91,59640.24
259,0,SKU-0051,Material COC 8 EF,130,108,22,2025-09-16,O,171.29,22267.7
260,0,SKU-0039,Material SAE 4 EF,166,44,122,2024-05-29,O,273.25,45359.5
260,1,SKU-0052,Material Isaac 7 EF,194,123,71,2024-05-26,O,252.69,49021.86
260,2,SKU-0034,Material SAE 3 EF,191,126,65,2024-06-06,O,150.77,28797.07
260,3,SKU-0005,Material NSE 2 EF,152,107,45,2024-05-06,O,177.99,27054.48
261,0,SKU-0055,Material PGS 3 EF,108,54,54,2025-07-14,O,113.43,12250.44
261,1,SKU-0039,Material Isaac 6 EF,185,88,97,2025-06-09,O,47.75,8833.75
261,2,SKU-0033,Material COC 4 EF,228,135,93,2025-06-10,O,154.5,35226.0
261,3,SKU-0013,Material COC 3 EM,37,2,35,2025-06-08,O,166.69,6167.53
262,0,SKU-0054,Material PGS 1 EM,19,15,4,2024-09-15,O,84.88,1612.72
262,1,SKU-0036,Material Isaac 2 EF,99,35,64,2024-10-05,O,98.79,9780.21
262,2,SKU-0040,Material Isaac 2 EF,204,163,41,2024-09-18,O,274.14,55924.56
263,0,SKU-0007,Material NSE 3 EF,163,67,96,2022-07-13,O,89.24,14546.12
263,1,SKU-0023,Material NSE 6 EF,293,48,245,2022-07-27,O,141.7,41518.1
264,0,SKU-0037,Material Isaac 6 EF,52,1,51,2024-06-26,O,251.39,13072.28
265,0,SKU-0017,Material COC 4 EF,207,174,33,2024-05-16,O,200.96,41598.72
265,1,SKU-0031,Material SAE 2 EM,158,142,16,2024-06-01,O,78.19,12354.02
265,2,SKU-0016,Material PGS 3 EM,156,135,21,2024-05-21,O,103.97,16219.32
265,3,SKU-0001,Material COC 8 EF,255,166,89,2024-04-22,O,225.83,57586.65
265,4,SKU-0030,Material NSE 4 EF,253,175,78,2024-06-08,O,42.21,10679.13
266,0,SKU-0011,Material PGS 8 EF,215,11,204,2024-08-31,O,118.7,25520.5
267,0,SKU-0050,Material NSE 4 EF,84,83,1,2025-08-16,O,105.47,8859.48
267,1,SKU-0049,Material PGS 1 EM,248,244,4,2025-08-11,O,221.23,54865.04
267,2,SKU-0011,Material NSE 7 EF,133,68,65,2025-08-14,O,42.19,5611.27
267,3,SKU-0051,Material NSE 7 EF,236,124,112,2025-08-06,O,91.99,21709.64
267,4,SKU-0056,Material COC 1 EM,52,1,51,2025-08-04,O,126.23,6563.96
268,0,SKU-0021,Material PGS 4 EF,205,191,14,2022-03-14,O,48.09,9858.45
268,1,SKU-0002,Material SAE 2 EF,48,3,45,2022-03-05,O,25.11,1205.28
268,2,SKU-0039,Material SAE 4 EF,14,1,13,2022-04-01,O,39.34,550.76
268,3,SKU-0034,Material Isaac 5 EF,137,46,91,2022-03-23,O,122.04,16719.48
269,0,SKU-0038,Material COC 6 EF,212,91,121,2023-01-24,O,28.39,6018.68
269,1,SKU-0008,Material SAE 9 EF,117,84,33,2023-01-09,O,28.5,3334.5
269,2,SKU-0006,Material COC 8 EF,164,113,51,2023-01-18,O,287.23,47105.72
269,3,SKU-0018,Material NSE 4 EF,39,4,35,2023-02-15,O,214.06,8348.34
269,4,SKU-0002,Material PGS 4 EF,57,28,29,2023-01-27,O,136.16,7761.12
270,0,SKU-0055,Material PGS 4 EF,104,90,14,2025-02-03,O,299.5,31148.0
271,0,SKU-0043,Material Isaac 2 EF,119,76,43,2022-08-01,O,247.16,29412.04
271,1,SKU-0011,Material Isaac 9 EF,12,4,8,2022-08-07,O,68.11,817.32
271,2,SKU-0017,Material Isaac 1 EF,90,20,70,2022-08-17,O,209.63,18866.7
271,3,SKU-0055,Material NSE 7 EF,222,134,88,2022-07-26,O,113.7,25241.4
272,0,SKU-0018,Material COC 6 EF,37,20,17,2025-03-25,O,293.24,10849.88
272,1,SKU-0054,Material NSE 3 EM,287,141,146,2025-04-19,O,43.37,12447.19
272,2,SKU-0006,Material SAE 3 EM,25,1,24,2025-04-08,O,114.91,2872.75
272,3,SKU-0040,Material PGS 1 EF,134,28,106,2025-04-25,O,284.24,38088.16
273,0,SKU-0051,Material PGS 8 EF,256,97,159,2023-07-12,O,261.47,66936.32
273,1,SKU-0033,Material SAE 7 EF,233,216,17,2023-06-18,O,91.87,21405.71
274,0,SKU-0020,Material PGS 5 EF,172,2,170,2024-11-02,O,67.36,11585.92
274,1,SKU-0033,Material PGS 2 EF,39,16,23,2024-11-27,O,228.93,8928.27
275,0,SKU-0032,Material PGS 2 EF,182,27,155,2022-05-07,O,165.1,30048.2
275,1,SKU-0036,Material Isaac 2 EF,69,12,57,2022-04-14,O,35.54,2452.26
275,2,SKU-0003,Material NSE 3 EF,300,169,131,2022-04-12,O,274.94,82482.0
275,3,SKU-0021,Material Isaac 5 EF,215,140,75,2022-04-14,O,258.08,55487.2
276,0,SKU-0040,Material SAE 3 EF,158,76,82,2024-07-23,O,229.05,36189.9
276,1,SKU-0004,Material SAE 1 EF,217,161,56,2024-07-07,O,168.41,36544.97
276,2,SKU-0033,Material PGS 3 EF,43,7,36,2024-07-20,O,142.71,6136.53
277,0,SKU-0017,Material Isaac 7 EF,271,227,44,2023-11-30,O,102.13,27677.23
277,1,SKU-0059,Material Isaac 8 EF,298,59,239,2023-12-16,O,61.96,18464.08
277,2,SKU-0003,Material PGS 9 EF,205,20,185,2023-12-26,O,202.95,41604.75
277,3,SKU-0031,Material COC 2 EM,49,14,35,2023-12-25,O,120.79,5918.71
278,0,SKU-0021,Material SAE 2 EF,249,188,61,2026-01-06,O,211.29,52611.21
278,1,SKU-0032,Material PGS 1 EF,245,82,163,2026-01-02,O,28.2,6909.0
279,0,SKU-0057,Material Isaac 1 EF,244,28,216,2024-03-17,O,227.92,55612.48
280,0,SKU-0024,Material SAE 8 EF,252,45,207,2024-07-11,O,99.51,25076.52
280,1,SKU-0031,Material Isaac 7 EF,233,160,73,2024-07-06,O,277.87,64743.71
280,2,SKU-0011,Material COC 9 EF,229,176,53,2024-06-14,O,189.15,43315.35
280,3,SKU-0041,Material NSE 3 EF,129,30,99,2024-06-25,O,77.48,9994.92
281,0,SKU-0032,Material NSE 4 EF,195,45,150,2024-02-27,O,121.79,23749.05
282,0,SKU-0004,Material NSE 2 EM,226,118,108,2024-10-18,O,239.84,54203.84
282,1,SKU-0038,Material SAE 5 EF,62,49,13,2024-10-03,O,116.68,7234.16
283,0,SKU-0012,Material COC 6 EF,210,136,74,2025-06-23,O,28.19,5919.9
283,1,SKU-0007,Material Isaac 9 EF,217,15,202,2025-06-23,O,80.53,17475.01
283,2,SKU-0003,Material Isaac 7 EF,286,183,103,2025-06-20,O,250.66,71688.76
283,3,SKU-0016,Material PGS 1 EF,96,94,2,2025-06-30,O,131.5,12624.0
284,0,SKU-0040,Material Isaac 6 EF,200,158,42,2023-11-09,O,267.8,53560.0
284,1,SKU-0046,Material PGS 3 EF,73,48,25,2023-12-05,O,41.53,3031.69
285,0,SKU-0060,Material COC 7 EF,217,88,129,2024-07-26,O,260.7,56571.9
285,1,SKU-0025,Material NSE 8 EF,37,23,14,2024-07-07,O,294.63,10901.31
285,2,SKU-0012,Material SAE 5 EF,106,103,3,2024-06-25,O,193.27,20486.62
285,3,SKU-0018,Material Isaac 1 EM,194,140,54,2024-06-23,O,128.42,24913.48
285,4,SKU-0058,Material NSE 8 EF,234,118,116,2024-07-05,O,250.26,58560.84
286,0,SKU-0004,Material Isaac 7 EF,284,147,137,2022-08-13,O,231.31,65692.04
287,0,SKU-0016,Material NSE 4 EF,175,131,44,2023-09-11,O,297.84,52122.0
287,1,SKU-0045,Material SAE 2 EM,23,8,15,2023-09-20,O,37.35,859.05
287,2,SKU-0041,Material PGS 1 EF,222,257,0,2023-10-01,C,214.97,47723.34
287,3,SKU-0040,Material Isaac 5 EF,206,174,32,2023-09-08,O,151.69,31248.14
288,0,SKU-0021,Material NSE 4 EF,249,13,236,2026-01-21,O,252.5,62872.5
288,1,SKU-0034,Material NSE 1 EF,39,0,39,2025-12-20,O,156.8,6115.2
288,2,SKU-0013,Material Isaac 2 EM,91,54,37,2025-12-28,O,123.13,11204.83
289,0,SKU-0035,Material SAE 8 EF,174,12,162,2023-09-24,O,270.61,47086.14
290,0,SKU-0035,Material SAE 3 EF,162,138,24,2024-12-04,O,236.94,38384.28
290,1,SKU-0033,Material SAE 1 EF,258,195,63,2024-11-12,O,162.95,42041.1
290,2,SKU-0024,Material COC 9 EF,237,80,157,2024-11-16,O,71.46,16936.02
291,0,SKU-0022,Material COC 5 EF,47,23,24,2022-05-12,O,52.78,2480.66
291,1,SKU-0031,Material SAE 1 EF,249,205,44,2022-06-06,O,174.8,43525.2
291,2,SKU-0057,Material NSE 2 EM,195,159,36,2022-06-25,O,213.66,41663.7
292,0,SKU-0019,Material Isaac 3 EF,54,22,32,2023-04-12,O,45.92,2479.68
292,1,SKU-0060,Material Isaac 5 EF,21,0,21,2023-03-27,O,92.32,1938.72
292,2,SKU-0054,Material COC 4 EF,201,109,92,2023-04-02,O,189.04,37997.04
293,0,SKU-0025,Material NSE 1 EM,252,159,93,2023-07-29,O,239.69,60401.88
293,1,SKU-0013,Material Isaac 1 EM,145,130,15,2023-08-18,O,254.46,36896.7
294,0,SKU-0004,Material SAE 7 EF,199,52,147,2024-04-20,O,33.56,6678.44
294,1,SKU-0020,Material Isaac 4 EF,111,5,106,2024-04-10,O,42.67,4736.37
295,0,SKU-0042,Material SAE 9 EF,115,38,77,2022-06-02,O,44.23,5086.45
295,1,SKU-0056,Material COC 7 EF,45,27,18,2022-05-18,O,182.01,8190.45
295,2,SKU-0013,Material Isaac 2 EM,162,109,53,2022-05-16,O,209.84,33994.08
295,3,SKU-0051,Material SAE 6 EF,166,80,86,2022-06-07,O,291.33,48360.78
296,0,SKU-0038,Material SAE 2 EF,292,188,104,2023-11-04,O,231.16,67498.72
296,1,SKU-0007,Material NSE 8 EF,160,59,101,2023-12-22,O,202.86,32457.6
296,2,SKU-0044,Material Isaac 3 EF,291,210,81,2023-12-21,O,83.91,24417.81
296,3,SKU-0015,Material NSE 9 EF,111,121,0,2023-11-15,C,87.39,9700.29
297,0,SKU-0021,Material Isaac 1 EM,63,49,14,2023-11-18,O,235.18,14816.34
297,1,SKU-0020,Material COC 9 EF,88,33,55,2023-11-18,O,26.79,2357.52
298,0,SKU-0032,Material COC 7 EF,204,77,127,2024-01-31,O,31.23,6370.92
298,1,SKU-0033,Material NSE 7 EF,31,29,2,2024-01-22,O,153.46,4757.26
298,2,SKU-0032,Material COC 9 EF,228,128,100,2024-01-03,O,119.94,27346.32
298,3,SKU-0057,Material Isaac 1 EM,39,33,6,2024-01-11,O,76.35,2977.65
299,0,SKU-0019,Material PGS 8 EF,25,25,0,2024-01-09,C,171.76,4294.0
299,1,SKU-0045,Material PGS 3 EF,35,29,6,2023-12-26,O,47.8,1673.0
299,2,SKU-0051,Material PGS 4 EF,63,96,0,2024-01-14,C,195.09,12290.67
299,3,SKU-0042,Material Isaac 7 EF,216,175,41,2023-12-14,O,161.54,34892.64
300,0,SKU-0026,Material NSE 2 EM,208,233,0,2023-08-05,C,267.58,55656.64
300,1,SKU-0020,Material COC 6 EF,278,81,197,2023-07-18,O,184.64,51329.92
300,2,SKU-0060,Material Isaac 7 EF,97,34,63,2023-07-11,O,110.31,10700.07
300,3,SKU-0041,Material SAE 2 EF,289,230,59,2023-07-25,O,57.57,16637.73
300,4,SKU-0003,Material NSE 1 EF,243,113,130,2023-06-17,O,80.74,19619.82
301,0,SKU-0059,Material SAE 3 EM,118,92,26,2024-09-04,O,192.98,22771.64
301,1,SKU-0003,Material SAE 9 EF,142,135,7,2024-10-03,O,174.27,24746.34
301,2,SKU-0025,Material PGS 3 EM,136,106,30,2024-10-24,O,109.13,14841.68
301,3,SKU-0043,Material NSE 3 EM,79,23,56,2024-09-10,O,80.63,6369.77
301,4,SKU-0020,Material Isaac 6 EF,25,13,12,2024-10-21,O,223.6,5590.0
302,0,SKU-0034,Material PGS 3 EM,253,77,176,2024-06-15,O,199.3,50422.9
302,1,SKU-0012,Material SAE 3 EM,294,339,0,2024-06-14,C,144.64,42524.16
302,2,SKU-0056,Material NSE 9 EF,133,32,101,2024-06-27,O,225.79,30030.07
302,3,SKU-0021,Material PGS 9 EF,264,270,0,2024-06-22,C,240.23,63420.72
302,4,SKU-0005,Material SAE 3 EF,60,46,14,2024-06-29,O,76.08,4564.8
303,0,SKU-0039,Material NSE 5 EF,254,99,155,2022-05-29,O,95.63,24290.02
304,0,SKU-0011,Material PGS 4 EF,136,28,108,2023-10-14,O,293.29,39887.44
304,1,SKU-0028,Material COC 1 EF,29,27,2,2023-10-22,O,153.73,4458.17
304,2,SKU-0046,Material PGS 5 EF,280,7,273,2023-10-11,O,165.84,46435.2
305,0,SKU-0025,Material COC 2 EF,68,57,11,2023-12-11,O,133.76,9095.68
306,0,SKU-0009,Material SAE 6 EF,258,162,96,2023-08-30,O,116.02,29933.16
306,1,SKU-0026,Material PGS 3 EF,163,85,78,2023-09-07,O,240.71,39235.73
306,2,SKU-0046,Material PGS 8 EF,101,7,94,2023-09-01,O,65.36,6601.36
306,3,SKU-0050,Material SAE 2 EF,148,6,142,2023-08-09,O,108.04,15989.92
306,4,SKU-0015,Material NSE 7 EF,126,56,70,2023-09-17,O,278.76,35123.76
307,0,SKU-0013,Material NSE 2 EM,279,121,158,2024-11-07,O,57.79,16123.41
307,1,SKU-0017,Material PGS 2 EM,278,79,199,2024-10-21,O,201.13,55914.14
307,2,SKU-0028,Material Isaac 1 EF,266,95,171,2024-11-04,O,135.44,36027.04
307,3,SKU-0036,Material Isaac 9 EF,126,47,79,2024-10-30,O,95.23,11998.98
307,4,SKU-0054,Material NSE 3 EF,169,166,3,2024-10-04,O,217.69,36789.61
308,0,SKU-0026,Material Isaac 1 EF,84,80,4,2024-04-10,O,21.14,1775.76
308,1,SKU-0055,Material PGS 2 EM,49,27,22,2024-04-13,O,261.3,12803.7
308,2,SKU-0051,Material Isaac 1 EM,28,13,15,2024-03-22,O,99.73,2792.44
308,3,SKU-0023,Material NSE 6 EF,52,91,0,2024-03-24,C,140.31,7296.12
309,0,SKU-0031,Material NSE 5 EF,183,63,120,2024-02-25,O,35.31,6461.73
309,1,SKU-0056,Material COC 1 EF,214,188,26,2024-03-25,O,223.61,47852.54
309,2,SKU-0036,Material NSE 9 EF,171,33,138,2024-03-15,O,206.26,35270.46
310,0,SKU-0027,Material PGS 6 EF,111,99,12,2025-04-10,O,64.2,7126.2
310,1,SKU-0004,Material NSE 2 EM,214,27,187,2025-03-31,O,229.86,49190.04
310,2,SKU-0006,Material COC 2 EM,216,16,200,2025-04-05,O,247.85,53535.6
310,3,SKU-0002,Material PGS 5 EF,139,149,0,2025-04-20,C,29.39,4085.21
311,0,SKU-0020,Material NSE 2 EM,85,53,32,2023-07-28,O,92.03,7822.55
311,1,SKU-0028,Material SAE 1 EF,166,105,61,2023-06-29,O,59.24,9833.84
312,0,SKU-0006,Material Isaac 7 EF,108,62,46,2024-02-17,O,257.94,27857.52
312,1,SKU-0023,Material COC 3 EM,17,11,6,2024-02-18,O,180.44,3067.48
312,2,SKU-0041,Material NSE 8 EF,291,255,36,2024-01-26,O,120.56,35082.96
313,0,SKU-0005,Material SAE 6 EF,298,95,203,2023-10-15,O,92.89,27681.22
313,1,SKU-0059,Material COC 4 EF,93,67,26,2023-11-28,O,239.67,22289.31
313,2,SKU-0018,Material COC 1 EF,35,6,29,2023-11-06,O,278.62,9751.7
314,0,SKU-0019,Material SAE 4 EF,78,63,15,2024-07-22,O,217.37,16954.86
314,1,SKU-0020,Material SAE 2 EM,126,124,2,2024-07-02,O,186.08,23446.08
315,0,SKU-0019,Material Isaac 5 EF,278,255,23,2025-12-31,O,200.19,55652.82
315,1,SKU-0049,Material PGS 3 EM,251,33,218,2025-12-03,O,198.16,49738.16
315,2,SKU-0051,Material NSE 4 EF,150,123,27,2025-11-26,O,240.39,36058.5
315,3,SKU-0058,Material Isaac 1 EF,161,2,159,2025-12-13,O,146.19,23536.59
316,0,SKU-0011,Material NSE 1 EM,236,74,162,2023-11-08,O,191.81,45267.16
317,0,SKU-0033,Material COC 7 EF,43,16,27,2022-12-29,O,53.91,2318.13
317,1,SKU-0004,Material COC 5 EF,192,154,38,2023-01-20,O,291.49,55966.08
318,0,SKU-0037,Material NSE 2 EF,46,88,0,2024-06-12,C,151.48,6968.08
318,1,SKU-0017,Material SAE 7 EF,195,135,60,2024-07-06,O,93.09,18152.55
318,2,SKU-0015,Material SAE 4 EF,189,166,23,2024-05-29,O,298.29,56376.81
318,3,SKU-0050,Material Isaac 7 EF,145,119,26,2024-07-03,O,27.51,3988.95
318,4,SKU-0040,Material SAE 4 EF,120,93,27,2024-06-04,O,185.46,22255.2
319,0,SKU-0055,Material SAE 1 EM,240,200,40,2023-02-28,O,276.59,66381.6
319,1,SKU-0008,Material COC 9 EF,20,6,14,2023-03-03,O,223.91,4478.2
319,2,SKU-0026,Material SAE 2 EM,93,12,81,2023-03-09,O,39.98,3718.14
320,0,SKU-0017,Material PGS 9 EF,58,32,26,2022-07-19,O,109.41,6345.78
320,1,SKU-0004,Material PGS 1 EF,268,237,31,2022-08-23,O,292.04,78266.72
321,0,SKU-0047,Material Isaac 2 EM,24,19,5,2024-02-13,O,285.16,6843.84
321,1,SKU-0029,Material PGS 3 EF,215,98,117,2024-03-03,O,80.85,17382.75
321,2,SKU-0029,Material COC 1 EF,140,51,89,2024-01-29,O,139.68,19555.2
322,0,SKU-0040,Material COC 8 EF,278,251,27,2022-11-21,O,154.75,43020.5
322,1,SKU-0042,Material COC 1 EM,274,168,106,2022-11-29,O,216.1,59211.4
322,2,SKU-0007,Material NSE 5 EF,232,49,183,2022-12-13,O,178.4,41388.8
322,3,SKU-0035,Material COC 9 EF,195,27,168,2023-01-01,O,245.82,47934.9
323,0,SKU-0011,Material PGS 3 EF,241,227,14,2025-05-17,O,63.01,15185.41
323,1,SKU-0047,Material NSE 6 EF,19,11,8,2025-04-17,O,108.39,2059.41
323,2,SKU-0035,Material PGS 2 EF,94,36,58,2025-05-09,O,258.63,24311.22
324,0,SKU-0042,Material PGS 1 EM,179,49,130,2023-08-05,O,39.79,7122.41
324,1,SKU-0053,Material PGS 6 EF,126,85,41,2023-08-05,O,199.52,25139.52
324,2,SKU-0055,Material PGS 7 EF,206,157,49,2023-08-19,O,229.84,47347.04
325,0,SKU-0011,Material PGS 9 EF,35,1,34,2025-04-15,O,240.05,8401.75
325,1,SKU-0057,Material NSE 2 EM,227,156,71,2025-06-02,O,177.65,40326.55
325,2,SKU-0009,Material SAE 4 EF,247,1,246,2025-05-06,O,53.77,13281.19
326,0,SKU-0045,Material Isaac 6 EF,37,26,11,2022-06-30,O,46.76,1730.12
326,1,SKU-0014,Material COC 3 EM,120,106,14,2022-07-12,O,296.16,35539.2
326,2,SKU-0056,Material PGS 5 EF,294,294,0,2022-07-31,C,66.97,19689.18
326,3,SKU-0044,Material NSE 8 EF,207,45,162,2022-07-13,O,275.03,56931.21
326,4,SKU-0011,Material SAE 4 EF,172,19,153,2022-08-04,O,266.9,45906.8
327,0,SKU-0039,Material COC 3 EM,261,13,248,2024-01-31,O,111.05,28984.05
327,1,SKU-0039,Material SAE 2 EF,59,41,18,2024-01-22,O,90.31,5328.29
327,2,SKU-0037,Material PGS 3 EF,299,138,161,2024-01-23,O,291.34,87110.66
327,3,SKU-0037,Material COC 8 EF,144,141,3,2024-01-20,O,21.78,3136.32
327,4,SKU-0060,Material COC 2 EM,238,19,219,2024-01-25,O,146.13,34778.94
328,0,SKU-0008,Material NSE 3 EF,280,227,53,2025-07-21,O,109.74,30727.2
328,1,SKU-0013,Material Isaac 2 EM,188,30,158,2025-09-06,O,28.55,5367.4
328,2,SKU-0038,Material Isaac 5 EF,282,66,216,2025-07-19,O,153.52,43292.64
328,3,SKU-0059,Material Isaac 1 EM,152,95,57,2025-08-13,O,140.3,21325.6
329,0,SKU-0006,Material SAE 1 EF,216,175,41,2023-03-31,O,242.94,52475.04
329,1,SKU-0012,Material PGS 2 EM,148,0,148,2023-04-25,O,42.73,6324.04
329,2,SKU-0024,Material PGS 2 EM,200,96,104,2023-04-20,O,105.15,21030.0
329,3,SKU-0038,Material PGS 8 EF,212,117,95,2023-03-19,O,223.03,47282.36
330,0,SKU-0021,Material NSE 1 EF,52,21,31,2024-04-07,O,141.3,7347.6
330,1,SKU-0058,Material PGS 3 EM,87,6,81,2024-05-16,O,239.36,20824.32
330,2,SKU-0056,Material PGS 2 EF,105,89,16,2024-05-08,O,198.21,20812.05
331,0,SKU-0051,Material Isaac 6 EF,181,118,63,2025-02-18,O,254.18,46006.58
331,1,SKU-0039,Material Isaac 8 EF,114,111,3,2025-02-22,O,66.18,7544.52
331,2,SKU-0004,Material NSE 2 EM,280,213,67,2025-02-13,O,182.06,50976.8
331,3,SKU-0054,Material Isaac 7 EF,203,14,189,2025-03-06,O,51.23,10399.69
332,0,SKU-0056,Material PGS 1 EF,72,6,66,2022-08-14,O,141.37,10178.64
332,1,SKU-0043,Material NSE 2 EM,179,68,111,2022-08-07,O,53.49,9574.71
332,2,SKU-0039,Material NSE 5 EF,250,110,140,2022-09-12,O,76.76,19190.0
332,3,SKU-0004,Material NSE 8 EF,221,145,76,2022-09-08,O,128.43,28383.03
333,0,SKU-0056,Material NSE 4 EF,225,220,5,2025-05-24,O,61.88,13923.0
333,1,SKU-0046,Material PGS 8 EF,19,15,4,2025-06-18,O,164.78,3130.82
333,2,SKU-0014,Material PGS 6 EF,298,258,40,2025-05-24,O,91.67,27317.66
334,0,SKU-0028,Material COC 8 EF,216,189,27,2022-11-26,O,170.61,36851.76
334,1,SKU-0056,Material Isaac 1 EM,139,47,92,2022-12-15,O,85.61,11899.79
334,2,SKU-0022,Material NSE 6 EF,235,83,152,2022-11-17,O,156.68,36819.8
334,3,SKU-0014,Material PGS 8 EF,18,6,12,2022-12-19,O,244.52,4401.36
334,4,SKU-0025,Material PGS 3 EM,87,11,76,2022-11-05,O,253.88,22087.56
335,0,SKU-0012,Material SAE 7 EF,43,34,9,2024-12-03,O,273.76,11771.68
335,1,SKU-0008,Material COC 8 EF,167,164,3,2025-01-12,O,247.12,41269.04
335,2,SKU-0043,Material COC 2 EM,50,20,30,2024-11-26,O,179.01,8950.5
335,3,SKU-0016,Material PGS 9 EF,120,47,73,2024-12-29,O,134.33,16119.6
335,4,SKU-0005,Material SAE 2 EF,53,7,46,2025-01-03,O,252.31,13372.43
336,0,SKU-0002,Material SAE 8 EF,48,24,24,2023-12-20,O,244.93,11756.64
336,1,SKU-0004,Material SAE 2 EM,34,19,15,2023-12-01,O,187.56,6377.04
336,2,SKU-0040,Material SAE 3 EF,289,50,239,2023-12-21,O,232.96,67325.44
336,3,SKU-0005,Material NSE 2 EM,263,47,216,2023-12-28,O,195.27,51356.01
336,4,SKU-0040,Material NSE 7 EF,92,68,24,2023-12-21,O,35.22,3240.24
337,0,SKU-0054,Material SAE 5 EF,226,133,93,2023-02-10,O,269.91,60999.66
338,0,SKU-0007,Material PGS 8 EF,229,109,120,2025-11-04,O,128.85,29506.65
339,0,SKU-0031,Material Isaac 9 EF,152,0,152,2022-04-14,O,268.8,40857.6
339,1,SKU-0036,Material COC 5 EF,25,16,9,2022-05-05,O,294.02,7350.5
340,0,SKU-0038,Material SAE 3 EM,140,122,18,2023-08-04,O,219.27,30697.8
341,0,SKU-0013,Material Isaac 6 EF,100,0,100,2023-10-06,O,84.53,8453.0
341,1,SKU-0023,Material NSE 9 EF,43,33,10,2023-10-30,O,45.86,1971.98
341,2,SKU-0020,Material PGS 7 EF,232,38,194,2023-11-16,O,106.83,24784.56
341,3,SKU-0054,Material SAE 9 EF,145,25,120,2023-11-12,O,95.73,13880.85
342,0,SKU-0006,Material Isaac 3 EF,102,9,93,2025-10-07,O,180.32,18392.64
342,1,SKU-0010,Material PGS 8 EF,216,67,149,2025-10-08,O,253.82,54825.12
343,0,SKU-0011,Material PGS 9 EF,38,36,2,2025-01-27,O,258.09,9807.42
343,1,SKU-0024,Material SAE 4 EF,98,84,14,2025-02-24,O,120.91,11849.18
343,2,SKU-0041,Material Isaac 2 EF,152,46,106,2025-01-13,O,87.49,13298.48
343,3,SKU-0018,Material Isaac 2 EM,71,43,28,2025-02-07,O,133.51,9479.21
344,0,SKU-0024,Material COC 3 EF,62,34,28,2023-06-18,O,270.02,16741.24
344,1,SKU-0040,Material PGS 4 EF,114,1,113,2023-06-02,O,232.27,26478.78
344,2,SKU-0046,Material COC 3 EF,70,21,49,2023-05-21,O,61.9,4333.0
345,0,SKU-0037,Material SAE 3 EM,130,37,93,2023-09-09,O,226.85,29490.5
345,1,SKU-0011,Material NSE 1 EF,257,221,36,2023-09-23,O,284.08,73008.56
345,2,SKU-0027,Material SAE 3 EM,261,114,147,2023-09-26,O,25.32,6608.52
346,0,SKU-0011,Material NSE 5 EF,176,11,165,2022-03-15,O,238.94,42053.44
346,1,SKU-0024,Material SAE 9 EF,31,10,21,2022-03-29,O,126.13,3910.03
346,2,SKU-0048,Material PGS 1 EF,235,147,88,2022-03-08,O,262.84,61767.4
347,0,SKU-0047,Material COC 7 EF,90,46,44,2023-04-14,O,286.49,25784.1
347,1,SKU-0053,Material COC 7 EF,19,11,8,2023-04-04,O,170.78,3244.82
347,2,SKU-0024,Material Isaac 2 EF,83,10,73,2023-04-08,O,298.21,24751.43
347,3,SKU-0048,Material Isaac 4 EF,53,8,45,2023-04-22,O,283.52,15026.56
348,0,SKU-0029,Material PGS 6 EF,58,55,3,2026-01-08,O,282.42,16380.36
348,1,SKU-0027,Material COC 3 EM,204,139,65,2026-01-22,O,215.05,43870.2
348,2,SKU-0031,Material Isaac 9 EF,259,225,34,2026-01-27,O,184.6,47811.4
349,0,SKU-0036,Material Isaac 3 EF,180,47,133,2022-08-14,O,281.81,50725.8
350,0,SKU-0053,Material SAE 8 EF,124,111,13,2023-10-26,O,129.3,16033.2
350,1,SKU-0049,Material PGS 5 EF,196,194,2,2023-10-28,O,156.28,30630.88
351,0,SKU-0010,Material COC 3 EF,180,160,20,2025-02-04,O,279.49,50308.2
351,1,SKU-0027,Material SAE 2 EM,16,6,10,2025-03-06,O,98.58,1577.28
351,2,SKU-0047,Material PGS 2 EF,147,33,114,2025-02-21,O,178.42,26227.74
352,0,SKU-0025,Material Isaac 3 EM,275,38,237,2023-10-22,O,209.78,57689.5
352,1,SKU-0039,Material SAE 6 EF,231,204,27,2023-10-28,O,76.68,17713.08
353,0,SKU-0047,Material COC 1 EM,28,21,7,2025-08-30,O,75.91,2125.48
354,0,SKU-0025,Material Isaac 5 EF,46,37,9,2024-08-06,O,299.98,13799.08
354,1,SKU-0052,Material Isaac 1 EF,104,47,57,2024-08-17,O,158.7,16504.8
355,0,SKU-0039,Material SAE 2 EM,225,162,63,2025-02-14,O,120.88,27198.0
355,1,SKU-0038,Material PGS 1 EM,222,80,142,2025-03-26,O,29.68,6588.96
356,0,SKU-0035,Material NSE 1 EM,47,20,27,2025-10-19,O,173.19,8139.93
356,1,SKU-0034,Material PGS 1 EF,10,8,2,2025-11-10,O,232.71,2327.1
356,2,SKU-0039,Material COC 4 EF,278,1,277,2025-11-07,O,47.85,13302.3
357,0,SKU-0042,Material SAE 9 EF,23,13,10,2023-04-04,O,28.22,649.06
357,1,SKU-0032,Material COC 2 EF,268,139,129,2023-03-16,O,244.62,65558.16
357,2,SKU-0032,Material PGS 7 EF,111,109,2,2023-04-22,O,219.91,24410.01
357,3,SKU-0005,Material NSE 2 EF,118,100,18,2023-03-17,O,237.22,27991.96
358,0,SKU-0045,Material COC 1 EF,38,14,24,2023-06-21,O,269.73,10249.74
358,1,SKU-0025,Material NSE 3 EM,250,124,126,2023-06-10,O,288.4,72100.0
358,2,SKU-0003,Material Isaac 9 EF,143,142,1,2023-05-27,O,175.72,25127.96
358,3,SKU-0045,Material COC 2 EF,251,42,209,2023-06-27,O,45.62,11450.62
358,4,SKU-0029,Material SAE 7 EF,72,49,23,2023-06-11,O,193.35,13921.2
359,0,SKU-0005,Material PGS 9 EF,121,87,34,2022-03-25,O,49.93,6041.53
360,0,SKU-0016,Material COC 8 EF,239,4,235,2025-06-11,O,69.77,16675.03
361,0,SKU-0040,Material COC 1 EF,279,47,232,2024-04-02,O,169.26,47223.54
361,1,SKU-0023,Material COC 8 EF,222,219,3,2024-04-13,O,52.58,11672.76
361,2,SKU-0007,Material Isaac 1 EM,95,11,84,2024-05-02,O,268.69,25525.55
362,0,SKU-0053,Material Isaac 8 EF,125,5,120,2023-07-16,O,292.6,36575.0
362,1,SKU-0041,Material COC 3 EF,102,8,94,2023-07-29,O,131.15,13377.3
362,2,SKU-0029,Material Isaac 3 EF,109,2,107,2023-07-19,O,80.29,8751.61
363,0,SKU-0020,Material Isaac 2 EF,299,286,13,2025-02-23,O,253.11,75679.89
364,0,SKU-0026,Material Isaac 8 EF,208,21,187,2023-12-27,O,86.14,17917.12
364,1,SKU-0048,Material SAE 6 EF,263,251,12,2023-11-22,O,30.17,7934.71
364,2,SKU-0058,Material COC 3 EM,34,0,34,2023-12-09,O,226.03,7685.02
365,0,SKU-0026,Material COC 7 EF,127,52,75,2023-06-20,O,27.62,3507.74
365,1,SKU-0054,Material NSE 5 EF,77,8,69,2023-05-30,O,107.45,8273.65
365,2,SKU-0058,Material SAE 2 EM,203,124,79,2023-06-12,O,29.94,6077.82
366,0,SKU-0038,Material PGS 8 EF,183,56,127,2022-06-09,O,55.16,10094.28
367,0,SKU-0001,Material PGS 5 EF,38,37,1,2024-03-01,O,61.95,2354.1
367,1,SKU-0044,Material PGS 7 EF,57,12,45,2024-02-01,O,178.78,10190.46
368,0,SKU-0015,Material NSE 6 EF,132,12,120,2024-03-04,O,242.7,32036.4
368,1,SKU-0021,Material NSE 1 EF,256,113,143,2024-03-28,O,48.33,12372.48
368,2,SKU-0010,Material PGS 8 EF,15,51,0,2024-03-09,C,48.55,728.25
369,0,SKU-0042,Material Isaac 5 EF,32,19,13,2025-03-04,O,165.46,5294.72
369,1,SKU-0017,Material SAE 6 EF,210,200,10,2025-02-06,O,83.04,17438.4
369,2,SKU-0019,Material COC 1 EF,271,148,123,2025-03-01,O,260.9,70703.9
370,0,SKU-0001,Material Isaac 7 EF,267,10,257,2023-03-21,O,79.81,21309.27
371,0,SKU-0054,Material NSE 2 EF,63,0,63,2025-02-06,O,228.36,14386.68
371,1,SKU-0008,Material NSE 3 EF,259,16,243,2025-02-10,O,291.33,75454.47
371,2,SKU-0052,Material Isaac 5 EF,209,118,91,2025-02-11,O,197.52,41281.68
372,0,SKU-0044,Material NSE 2 EM,58,41,17,2022-06-05,O,205.33,11909.14
372,1,SKU-0028,Material NSE 3 EM,155,154,1,2022-07-08,O,140.76,21817.8
372,2,SKU-0001,Material COC 1 EF,295,255,40,2022-07-15,O,287.91,84933.45
372,3,SKU-0054,Material COC 7 EF,141,124,17,2022-05-31,O,269.13,37947.33
373,0,SKU-0017,Material SAE 3 EF,126,48,78,2023-04-09,O,102.7,12940.2
373,1,SKU-0019,Material SAE 4 EF,250,232,18,2023-03-29,O,281.97,70492.5
373,2,SKU-0001,Material NSE 1 EF,42,23,19,2023-03-29,O,123.1,5170.2
374,0,SKU-0023,Material SAE 8 EF,84,2,82,2023-11-17,O,221.29,18588.36
375,0,SKU-0045,Material COC 1 EM,171,65,106,2024-07-09,O,247.21,42272.91
375,1,SKU-0040,Material Isaac 1 EM,140,23,117,2024-07-03,O,287.1,40194.0
376,0,SKU-0017,Material PGS 2 EM,91,7,84,2022-06-23,O,166.02,15107.82
376,1,SKU-0029,Material SAE 2 EF,162,38,124,2022-05-25,O,137.14,22216.68
376,2,SKU-0024,Material COC 6 EF,261,219,42,2022-05-13,O,66.87,17453.07
376,3,SKU-0013,Material SAE 3 EM,175,51,124,2022-06-24,O,204.36,35763.0
376,4,SKU-0059,Material NSE 6 EF,57,11,46,2022-05-24,O,172.88,9854.16
377,0,SKU-0025,Material COC 8 EF,45,17,28,2022-07-05,O,28.84,1297.8
377,1,SKU-0036,Material Isaac 8 EF,28,17,11,2022-06-09,O,175.25,4907.0
377,2,SKU-0048,Material PGS 1 EM,106,27,79,2022-07-10,O,257.39,27283.34
378,0,SKU-0028,Material SAE 7 EF,23,17,6,2025-02-17,O,244.38,5620.74
379,0,SKU-0047,Material PGS 8 EF,79,48,31,2022-10-19,O,128.21,10128.59
380,0,SKU-0058,Material Isaac 9 EF,142,91,51,2025-10-10,O,67.48,9582.16
380,1,SKU-0042,Material SAE 4 EF,143,14,129,2025-11-02,O,210.54,30107.22
380,2,SKU-0038,Material COC 9 EF,299,239,60,2025-09-16,O,266.58,79707.42
380,3,SKU-0022,Material Isaac 5 EF,231,36,195,2025-10-19,O,116.42,26893.02
381,0,SKU-0010,Material Isaac 4 EF,280,78,202,2023-02-02,O,211.37,59183.6
381,1,SKU-0027,Material SAE 1 EM,105,86,19,2023-02-28,O,171.62,18020.1
382,0,SKU-0034,Material Isaac 6 EF,284,62,222,2024-01-03,O,241.66,68631.44
383,0,SKU-0028,Material PGS 4 EF,281,21,260,2022-12-12,O,74.53,20942.93
383,1,SKU-0015,Material NSE 9 EF,17,17,0,2022-12-05,C,247.32,4204.44
384,0,SKU-0051,Material PGS 1 EM,19,13,6,2025-04-24,O,152.93,2905.67
384,1,SKU-0008,Material Isaac 6 EF,82,8,74,2025-04-21,O,262.22,21502.04
384,2,SKU-0039,Material SAE 8 EF,16,3,13,2025-04-21,O,148.3,2372.8
385,0,SKU-0038,Material Isaac 5 EF,166,71,95,2022-10-02,O,257.91,42813.06
385,1,SKU-0042,Material SAE 4 EF,136,111,25,2022-10-31,O,78.03,10612.08
385,2,SKU-0027,Material PGS 7 EF,69,40,29,2022-11-17,O,244.28,16855.32
386,0,SKU-0025,Material COC 3 EM,171,118,53,2025-06-05,O,65.78,11248.38
386,1,SKU-0017,Material COC 8 EF,219,183,36,2025-05-27,O,81.16,17774.04
386,2,SKU-0003,Material SAE 7 EF,31,5,26,2025-06-02,O,206.7,6407.7
386,3,SKU-0017,Material Isaac 2 EM,217,174,43,2025-05-03,O,278.7,60477.9
386,4,SKU-0042,Material COC 3 EF,129,5,124,2025-05-25,O,131.21,16926.09
387,0,SKU-0028,Material Isaac 6 EF,269,43,226,2022-05-26,O,197.26,53062.94
387,1,SKU-0044,Material SAE 3 EF,54,30,24,2022-06-04,O,22.08,1192.32
387,2,SKU-0043,Material COC 8 EF,131,61,70,2022-05-13,O,90.1,11803.1
387,3,SKU-0034,Material SAE 4 EF,137,17,120,2022-04-28,O,291.6,39949.2
387,4,SKU-0008,Material PGS 3 EM,157,88,69,2022-05-28,O,154.83,24308.31
388,0,SKU-0019,Material PGS 7 EF,83,8,75,2025-08-23,O,227.33,18868.39
388,1,SKU-0031,Material COC 3 EM,97,111,0,2025-09-02,C,149.15,14467.55
388,2,SKU-0051,Material PGS 5 EF,186,71,115,2025-09-06,O,280.89,52245.54
388,3,SKU-0050,Material PGS 9 EF,241,49,192,2025-08-21,O,202.53,48809.73
388,4,SKU-0031,Material Isaac 1 EF,283,90,193,2025-09-11,O,132.68,37548.44
389,0,SKU-0003,Material Isaac 5 EF,277,137,140,2022-12-15,O,173.67,48106.59
389,1,SKU-0057,Material Isaac 7 EF,290,242,48,2023-01-02,O,226.02,65545.8
389,2,SKU-0004,Material SAE 2 EF,201,2,199,2023-01-03,O,168.26,33820.26
389,3,SKU-0009,Material SAE 5 EF,270,19,251,2023-01-18,O,285.96,77209.2
389,4,SKU-0011,Material PGS 2 EF,215,47,168,2023-01-05,O,167.52,36016.8
390,0,SKU-0052,Material NSE 8 EF,115,48,67,2024-11-03,O,279.7,32165.5
390,1,SKU-0037,Material COC 3 EM,121,55,66,2024-11-13,O,41.89,5068.69
390,2,SKU-0049,Material COC 1 EM,57,12,45,2024-11-29,O,275.05,15677.85
390,3,SKU-0042,Material COC 1 EF,113,0,113,2024-11-20,O,115.02,12997.26
391,0,SKU-0019,Material PGS 7 EF,127,28,99,2025-05-31,O,42.65,5416.55
391,1,SKU-0027,Material NSE 2 EF,140,122,18,2025-05-02,O,177.04,24785.6
391,2,SKU-0057,Material COC 2 EM,114,93,21,2025-05-20,O,201.71,22994.94
391,3,SKU-0023,Material COC 2 EM,259,52,207,2025-05-25,O,41.05,10631.95
391,4,SKU-0060,Material COC 2 EF,104,64,40,2025-05-24,O,89.74,9332.96
392,0,SKU-0016,Material NSE 5 EF,213,104,109,2023-06-04,O,202.47,43126.11
392,1,SKU-0026,Material Isaac 3 EF,47,30,17,2023-07-19,O,165.91,7797.77
393,0,SKU-0059,Material SAE 9 EF,262,7,255,2025-08-13,O,64.76,16967.12
393,1,SKU-0038,Material Isaac 7 EF,270,173,97,2025-08-27,O,28.48,7689.6
393,2,SKU-0016,Material PGS 1 EM,256,88,168,2025-08-16,O,163.0,41728.0
393,3,SKU-0037,Material COC 1 EF,123,69,54,2025-08-04,O,273.6,33652.8
393,4,SKU-0034,Material Isaac 5 EF,294,94,200,2025-09-02,O,145.45,42762.3
394,0,SKU-0027,Material NSE 9 EF,188,81,107,2022-08-02,O,251.71,47321.48
394,1,SKU-0041,Material SAE 9 EF,86,22,64,2022-07-20,O,142.83,12283.38
394,2,SKU-0052,Material COC 4 EF,222,173,49,2022-07-23,O,115.38,25614.36
394,3,SKU-0005,Material NSE 5 EF,36,24,12,2022-08-18,O,174.71,6289.56
395,0,SKU-0005,Material COC 9 EF,261,43,218,2024-04-05,O,217.05,56650.05
395,1,SKU-0057,Material COC 1 EF,10,7,3,2024-03-25,O,297.73,2977.3
395,2,SKU-0029,Material SAE 9 EF,297,214,83,2024-03-27,O,99.79,29637.63
395,3,SKU-0036,Material PGS 3 EM,178,54,124,2024-04-16,O,172.47,30699.66
396,0,SKU-0027,Material Isaac 3 EM,255,66,189,2022-09-11,O,148.57,37885.35
397,0,SKU-0005,Material COC 7 EF,106,83,23,2023-01-15,O,112.91,11968.46
397,1,SKU-0031,Material SAE 2 EF,295,25,270,2022-12-30,O,120.73,35615.35
397,2,SKU-0057,Material PGS 7 EF,221,64,157,2023-01-13,O,81.41,17991.61
397,3,SKU-0024,Material PGS 2 EF,134,121,13,2023-01-19,O,253.6,33982.4
398,0,SKU-0046,Material PGS 9 EF,149,87,62,2024-01-03,O,146.81,21874.69
398,1,SKU-0022,Material NSE 4 EF,195,176,19,2024-01-12,O,97.44,19000.8
398,2,SKU-0013,Material PGS 5 EF,221,174,47,2024-01-05,O,275.36,60854.56
398,3,SKU-0040,Material PGS 1 EF,169,144,25,2023-12-14,O,73.23,12375.87
398,4,SKU-0023,Material PGS 8 EF,154,68,86,2023-12-24,O,21.22,3267.88
399,0,SKU-0022,Material NSE 9 EF,89,61,28,2025-05-08,O,68.46,6092.94
400,0,SKU-0015,Material PGS 3 EM,46,6,40,2026-02-13,O,20.94,963.24
400,1,SKU-0015,Material NSE 3 EM,220,41,179,2026-02-04,O,101.69,22371.8
400,2,SKU-0011,Material PGS 1 EM,25,15,10,2026-01-14,O,45.21,1130.25
400,3,SKU-0021,Material Isaac 1 EF,291,262,29,2026-02-13,O,125.09,36401.19
400,4,SKU-0030,Material Isaac 8 EF,278,52,226,2026-02-06,O,251.15,69819.7
401,0,SKU-0009,Material NSE 5 EF,115,26,89,2024-09-17,O,42.42,4878.3
401,1,SKU-0019,Material COC 6 EF,26,15,11,2024-09-24,O,122.8,3192.8
401,2,SKU-0024,Material SAE 8 EF,31,25,6,2024-08-28,O,145.53,4511.43
401,3,SKU-0005,Material Isaac 2 EM,164,54,110,2024-09-14,O,61.57,10097.48
401,4,SKU-0004,Material SAE 6 EF,263,1,262,2024-09-24,O,115.45,30363.35
402,0,SKU-0019,Material Isaac 1 EF,117,80,37,2023-10-07,O,287.85,33678.45
402,1,SKU-0025,Material Isaac 7 EF,217,219,0,2023-10-06,C,140.85,30564.45
402,2,SKU-0026,Material Isaac 3 EM,44,12,32,2023-08-25,O,143.34,6306.96
402,3,SKU-0030,Material NSE 2 EF,94,88,6,2023-09-12,O,125.45,11792.3
403,0,SKU-0057,Material PGS 1 EM,53,14,39,2022-09-23,O,213.33,11306.49
403,1,SKU-0026,Material Isaac 7 EF,241,85,156,2022-09-25,O,121.34,29242.94
403,2,SKU-0013,Material COC 9 EF,294,92,202,2022-09-01,O,25.99,7641.06
403,3,SKU-0028,Material NSE 7 EF,289,158,131,2022-09-13,O,217.24,62782.36
403,4,SKU-0060,Material Isaac 9 EF,203,139,64,2022-09-20,O,238.79,48474.37
404,0,SKU-0041,Material Isaac 4 EF,173,9,164,2022-07-06,O,50.23,8689.79
404,1,SKU-0022,Material Isaac 3 EF,224,78,146,2022-07-21,O,144.58,32385.92
404,2,SKU-0040,Material Isaac 3 EF,209,144,65,2022-07-03,O,262.64,54891.76
404,3,SKU-0039,Material SAE 5 EF,90,77,13,2022-07-01,O,266.17,23955.3
405,0,SKU-0055,Material SAE 6 EF,45,5,40,2025-01-20,O,75.24,3385.8
405,1,SKU-0031,Material COC 6 EF,235,152,83,2024-12-02,O,277.51,65214.85
406,0,SKU-0016,Material Isaac 7 EF,208,193,15,2024-10-12,O,155.83,32412.64
406,1,SKU-0013,Material PGS 3 EM,117,44,73,2024-10-05,O,261.79,30629.43
406,2,SKU-0004,Material SAE 2 EF,47,23,24,2024-09-13,O,290.18,13638.46
406,3,SKU-0032,Material NSE 6 EF,130,116,14,2024-10-07,O,287.23,37339.9
407,0,SKU-0039,Material PGS 8 EF,113,92,21,2023-08-02,O,95.97,10844.61
407,1,SKU-0022,Material PGS 1 EM,121,75,46,2023-08-20,O,152.06,18399.26
407,2,SKU-0017,Material Isaac 3 EF,70,3,67,2023-09-01,O,105.61,7392.7
407,3,SKU-0060,Material NSE 3 EF,285,142,143,2023-08-13,O,76.95,21930.75
407,4,SKU-0008,Material COC 2 EM,203,114,89,2023-08-19,O,180.0,36540.0
408,0,SKU-0054,Material NSE 1 EM,208,196,12,2023-08-31,O,165.85,34496.8
408,1,SKU-0034,Material PGS 4 EF,210,2,208,2023-08-30,O,234.48,49240.8
408,2,SKU-0016,Material SAE 1 EM,299,152,147,2023-08-04,O,170.98,51123.02
408,3,SKU-0004,Material SAE 5 EF,29,28,1,2023-09-05,O,99.88,2896.52
409,0,SKU-0024,Material SAE 5 EF,248,117,131,2025-05-10,O,146.76,36396.48
409,1,SKU-0004,Material NSE 6 EF,185,122,63,2025-06-11,O,135.35,25039.75
409,2,SKU-0058,Material Isaac 8 EF,139,41,98,2025-06-11,O,153.07,21276.73
410,0,SKU-0017,Material PGS 1 EF,56,15,41,2025-05-18,O,54.69,3062.64
410,1,SKU-0002,Material COC 6 EF,132,43,89,2025-05-14,O,283.38,37406.16
410,2,SKU-0044,Material Isaac 9 EF,221,153,68,2025-05-17,O,212.99,47070.79
411,0,SKU-0031,Material SAE 1 EF,283,235,48,2024-08-10,O,269.38,76234.54
411,1,SKU-0021,Material PGS 8 EF,64,27,37,2024-09-17,O,195.82,12532.48
411,2,SKU-0026,Material COC 2 EF,254,77,177,2024-09-28,O,209.42,53192.68
412,0,SKU-0047,Material PGS 3 EM,256,206,50,2023-07-13,O,133.77,34245.12
412,1,SKU-0049,Material NSE 7 EF,280,206,74,2023-07-16,O,242.75,67970.0
412,2,SKU-0013,Material COC 3 EM,116,15,101,2023-07-17,O,22.9,2656.4
412,3,SKU-0020,Material Isaac 1 EM,219,175,44,2023-08-10,O,164.4,36003.6
413,0,SKU-0029,Material Isaac 6 EF,216,207,9,2025-04-03,O,178.77,38614.32
413,1,SKU-0037,Material SAE 5 EF,125,34,91,2025-04-01,O,248.8,31100.0
413,2,SKU-0004,Material NSE 2 EM,62,41,21,2025-04-15,O,126.48,7841.76
414,0,SKU-0017,Material NSE 3 EF,49,33,16,2023-12-24,O,89.87,4403.63
415,0,SKU-0053,Material Isaac 6 EF,14,12,2,2025-05-07,O,184.98,2589.72
415,1,SKU-0023,Material PGS 9 EF,136,82,54,2025-03-26,O,100.87,13718.32
415,2,SKU-0006,Material NSE 3 EF,228,153,75,2025-03-27,O,30.74,7008.72
415,3,SKU-0020,Material Isaac 5 EF,121,100,21,2025-04-14,O,57.25,6927.25
415,4,SKU-0018,Material COC 8 EF,72,58,14,2025-04-14,O,163.93,11802.96
416,0,SKU-0031,Material PGS 3 EM,274,47,227,2022-08-06,O,247.02,67683.48
416,1,SKU-0028,Material NSE 5 EF,111,28,83,2022-07-11,O,252.11,27984.21
416,2,SKU-0021,Material PGS 7 EF,89,125,0,2022-07-13,C,91.82,8171.98
416,3,SKU-0057,Material NSE 3 EM,203,183,20,2022-08-07,O,284.5,57753.5
417,0,SKU-0005,Material NSE 5 EF,37,18,19,2024-05-22,O,23.89,883.93
417,1,SKU-0041,Material PGS 6 EF,42,31,11,2024-06-02,O,207.14,8699.88
417,2,SKU-0058,Material SAE 5 EF,81,81,0,2024-06-14,C,123.45,9999.45
418,0,SKU-0049,Material NSE 5 EF,42,42,0,2025-11-29,C,81.71,3431.82
418,1,SKU-0044,Material Isaac 2 EF,220,44,176,2025-12-23,O,92.89,20435.8
418,2,SKU-0020,Material COC 6 EF,272,261,11,2026-01-03,O,52.07,14163.04
418,3,SKU-0012,Material SAE 2 EM,118,104,14,2026-01-05,O,93.4,11021.2
419,0,SKU-0052,Material Isaac 8 EF,74,68,6,2025-03-12,O,261.78,19371.72
419,1,SKU-0033,Material SAE 3 EM,271,127,144,2025-03-20,O,288.06,78064.26
419,2,SKU-0049,Material SAE 1 EF,242,216,26,2025-02-02,O,88.56,21431.52
419,3,SKU-0048,Material SAE 1 EF,247,158,89,2025-02-03,O,160.84,39727.48
420,0,SKU-0049,Material SAE 2 EM,284,70,214,2022-05-30,O,92.92,26389.28
420,1,SKU-0009,Material Isaac 7 EF,171,106,65,2022-06-02,O,118.37,20241.27
420,2,SKU-0040,Material SAE 1 EM,21,20,1,2022-05-15,O,50.42,1058.82
421,0,SKU-0001,Material COC 2 EF,121,19,102,2022-10-02,O,86.75,10496.75
421,1,SKU-0049,Material NSE 5 EF,171,96,75,2022-09-30,O,83.81,14331.51
421,2,SKU-0021,Material SAE 2 EM,148,32,116,2022-10-16,O,24.6,3640.8
421,3,SKU-0049,Material COC 2 EF,18,5,13,2022-10-30,O,275.08,4951.44
422,0,SKU-0016,Material Isaac 6 EF,191,12,179,2025-06-27,O,176.86,33780.26
422,1,SKU-0041,Material COC 3 EF,106,4,102,2025-06-12,O,232.52,24647.12
422,2,SKU-0044,Material SAE 3 EM,91,18,73,2025-05-29,O,270.21,24589.11
422,3,SKU-0057,Material NSE 5 EF,198,185,13,2025-06-21,O,249.31,49363.38
422,4,SKU-0035,Material COC 4 EF,264,176,88,2025-07-13,O,278.75,73590.0
423,0,SKU-0038,Material SAE 2 EF,134,74,60,2023-07-12,O,40.06,5368.04
423,1,SKU-0029,Material NSE 3 EF,286,180,106,2023-08-16,O,144.58,41349.88
423,2,SKU-0022,Material PGS 3 EF,281,7,274,2023-08-11,O,257.01,72219.81
423,3,SKU-0044,Material Isaac 9 EF,270,228,42,2023-08-01,O,75.6,20412.0
423,4,SKU-0055,Material NSE 5 EF,297,185,112,2023-08-08,O,200.16,59447.52
424,0,SKU-0011,Material SAE 2 EM,19,9,10,2025-11-06,O,263.35,5003.65
424,1,SKU-0029,Material Isaac 9 EF,203,0,203,2025-10-29,O,275.42,55910.26
424,2,SKU-0004,Material NSE 9 EF,269,266,3,2025-11-13,O,250.31,67333.39
424,3,SKU-0043,Material COC 1 EF,26,1,25,2025-11-16,O,115.59,3005.34
425,0,SKU-0019,Material COC 1 EM,214,149,65,2024-03-06,O,268.27,57409.78
425,1,SKU-0032,Material COC 1 EM,20,8,12,2024-04-06,O,90.39,1807.8
425,2,SKU-0053,Material SAE 1 EF,95,38,57,2024-04-12,O,242.44,23031.8
426,0,SKU-0042,Material NSE 3 EM,130,123,7,2022-09-10,O,274.5,35685.0
426,1,SKU-0049,Material PGS 8 EF,10,2,8,2022-09-08,O,232.04,2320.4
426,2,SKU-0040,Material SAE 3 EF,102,83,19,2022-09-09,O,225.79,23030.58
426,3,SKU-0027,Material PGS 5 EF,231,163,68,2022-10-24,O,294.94,68131.14
427,0,SKU-0023,Material COC 8 EF,43,31,12,2022-03-29,O,180.48,7760.64
427,1,SKU-0035,Material COC 2 EF,184,34,150,2022-03-29,O,218.03,40117.52
427,2,SKU-0006,Material NSE 4 EF,108,109,0,2022-02-17,C,226.22,24431.76
427,3,SKU-0004,Material PGS 5 EF,101,20,81,2022-03-21,O,281.77,28458.77
428,0,SKU-0003,Material NSE 7 EF,206,182,24,2025-10-27,O,94.98,19565.88
429,0,SKU-0009,Material COC 3 EF,161,60,101,2023-09-21,O,131.39,21153.79
430,0,SKU-0003,Material PGS 1 EF,205,64,141,2024-09-29,O,152.77,31317.85
430,1,SKU-0059,Material PGS 9 EF,211,116,95,2024-10-23,O,86.33,18215.63
430,2,SKU-0035,Material Isaac 1 EF,282,84,198,2024-09-16,O,91.58,25825.56
431,0,SKU-0017,Material PGS 1 EM,245,155,90,2022-06-24,O,161.06,39459.7
432,0,SKU-0023,Material PGS 5 EF,33,6,27,2023-01-21,O,37.07,1223.31
432,1,SKU-0035,Material SAE 8 EF,248,173,75,2023-01-19,O,227.26,56360.48
432,2,SKU-0015,Material PGS 2 EM,196,5,191,2023-01-06,O,245.56,48129.76
432,3,SKU-0047,Material SAE 8 EF,246,81,165,2023-02-01,O,184.94,45495.24
432,4,SKU-0046,Material NSE 1 EM,52,1,51,2023-01-29,O,233.07,12119.64
433,0,SKU-0050,Material Isaac 9 EF,257,205,52,2023-04-22,O,65.43,16815.51
433,1,SKU-0014,Material Isaac 5 EF,12,3,9,2023-04-14,O,94.08,1128.96
434,0,SKU-0010,Material PGS 8 EF,288,237,51,2023-12-19,O,20.6,5932.8
434,1,SKU-0046,Material NSE 7 EF,188,114,74,2024-01-08,O,76.65,14410.2
434,2,SKU-0009,Material SAE 2 EF,158,22,136,2024-01-13,O,79.03,12486.74
434,3,SKU-0013,Material SAE 9 EF,63,18,45,2024-01-26,O,76.65,4828.95
434,4,SKU-0044,Material COC 1 EF,93,22,71,2024-01-10,O,287.86,26770.98
435,0,SKU-0054,Material Isaac 9 EF,37,16,21,2023-09-17,O,281.3,10408.1
435,1,SKU-0024,Material NSE 1 EF,273,40,233,2023-08-19,O,66.55,18168.15
435,2,SKU-0021,Material PGS 8 EF,164,59,105,2023-08-16,O,131.39,21547.96
435,3,SKU-0026,Material NSE 2 EF,74,17,57,2023-09-10,O,49.96,3697.04
435,4,SKU-0027,Material PGS 4 EF,10,1,9,2023-09-24,O,264.18,2641.8
436,0,SKU-0053,Material PGS 2 EF,75,19,56,2025-06-28,O,155.52,11664.0
436,1,SKU-0035,Material PGS 9 EF,47,96,0,2025-06-02,C,282.08,13257.76
436,2,SKU-0031,Material COC 6 EF,231,188,43,2025-06-21,O,48.24,11143.44
437,0,SKU-0030,Material SAE 3 EF,169,145,24,2025-08-11,O,73.6,12438.4
437,1,SKU-0035,Material NSE 1 EM,185,117,68,2025-08-18,O,279.11,51635.35
437,2,SKU-0024,Material Isaac 7 EF,261,113,148,2025-09-02,O,252.3,65850.3
437,3,SKU-0042,Material COC 2 EM,207,185,22,2025-07-31,O,292.77,60603.39
437,4,SKU-0047,Material Isaac 1 EM,255,15,240,2025-07-27,O,94.21,24023.55
438,0,SKU-0050,Material Isaac 1 EM,41,41,0,2023-09-13,C,118.32,4851.12
438,1,SKU-0015,Material Isaac 2 EM,204,161,43,2023-10-26,O,82.3,16789.2
438,2,SKU-0038,Material PGS 2 EF,167,125,42,2023-09-18,O,114.3,19088.1
439,0,SKU-0023,Material COC 4 EF,195,164,31,2024-05-27,O,293.47,57226.65
440,0,SKU-0053,Material NSE 2 EM,159,32,127,2025-10-29,O,296.66,47168.94
440,1,SKU-0006,Material SAE 3 EM,18,17,1,2025-10-28,O,233.9,4210.2
440,2,SKU-0002,Material NSE 9 EF,219,169,50,2025-10-31,O,274.4,60093.6
440,3,SKU-0017,Material COC 5 EF,39,5,34,2025-10-21,O,166.15,6479.85
440,4,SKU-0004,Material NSE 8 EF,300,127,173,2025-10-01,O,141.83,42549.0
441,0,SKU-0017,Material Isaac 3 EM,137,37,100,2023-07-16,O,272.59,37344.83
441,1,SKU-0032,Material SAE 4 EF,227,36,191,2023-07-04,O,244.21,55435.67
441,2,SKU-0039,Material COC 3 EF,20,9,11,2023-07-29,O,104.4,2088.0
441,3,SKU-0002,Material NSE 3 EM,210,186,24,2023-07-17,O,166.3,34923.0
442,0,SKU-0038,Material Isaac 9 EF,181,172,9,2024-05-13,O,176.84,32008.04
442,1,SKU-0009,Material PGS 8 EF,169,134,35,2024-06-22,O,63.22,10684.18
443,0,SKU-0007,Material COC 2 EM,124,118,6,2024-05-05,O,114.53,14201.72
443,1,SKU-0001,Material SAE 2 EF,296,201,95,2024-05-19,O,82.42,24396.32
444,0,SKU-0030,Material PGS 6 EF,236,190,46,2025-10-08,O,93.15,21983.4
444,1,SKU-0040,Material PGS 9 EF,103,16,87,2025-10-11,O,132.26,13622.78
444,2,SKU-0005,Material PGS 6 EF,179,29,150,2025-10-18,O,185.96,33286.84
444,3,SKU-0010,Material NSE 5 EF,46,15,31,2025-10-15,O,212.55,9777.3
444,4,SKU-0054,Material SAE 1 EF,177,116,61,2025-09-23,O,219.27,38810.79
445,0,SKU-0046,Material NSE 1 EF,191,112,79,2025-01-28,O,211.23,40344.93
446,0,SKU-0008,Material COC 9 EF,222,136,86,2023-10-10,O,164.94,36616.68
446,1,SKU-0035,Material COC 4 EF,137,116,21,2023-10-08,O,33.01,4522.37
446,2,SKU-0056,Material COC 5 EF,189,138,51,2023-09-22,O,198.42,37501.38
446,3,SKU-0025,Material Isaac 2 EM,195,193,2,2023-10-15,O,170.29,33206.55
447,0,SKU-0045,Material SAE 5 EF,196,79,117,2022-08-13,O,156.42,30658.32
447,1,SKU-0050,Material NSE 2 EM,218,67,151,2022-08-13,O,48.9,10660.2
448,0,SKU-0056,Material COC 1 EM,26,9,17,2023-01-26,O,237.25,6168.5
449,0,SKU-0052,Material SAE 9 EF,96,64,32,2025-11-13,O,85.88,8244.48
450,0,SKU-0030,Material PGS 2 EF,154,2,152,2022-03-30,O,47.73,7350.42
450,1,SKU-0021,Material PGS 2 EM,79,62,17,2022-03-31,O,49.43,3904.97
450,2,SKU-0038,Material Isaac 2 EM,266,99,167,2022-03-25,O,21.26,5655.16
451,0,SKU-0034,Material Isaac 2 EM,154,145,9,2026-01-24,O,23.92,3683.68
451,1,SKU-0011,Material COC 1 EM,108,157,0,2026-02-11,C,186.63,20156.04
451,2,SKU-0049,Material PGS 6 EF,32,16,16,2026-01-14,O,189.41,6061.12
451,3,SKU-0016,Material PGS 7 EF,294,16,278,2026-01-17,O,214.47,63054.18
452,0,SKU-0029,Material COC 9 EF,174,106,68,2024-12-31,O,109.32,19021.68
452,1,SKU-0021,Material PGS 3 EF,17,7,10,2024-12-26,O,266.0,4522.0
452,2,SKU-0038,Material NSE 1 EF,221,3,218,2024-12-26,O,22.28,4923.88
453,0,SKU-0016,Material Isaac 1 EF,279,261,18,2023-01-04,O,21.94,6121.26
454,0,SKU-0056,Material NSE 3 EM,109,19,90,2025-04-04,O,292.18,31847.62
454,1,SKU-0013,Material Isaac 8 EF,255,79,176,2025-03-04,O,274.34,69956.7
454,2,SKU-0028,Material NSE 3 EM,46,34,12,2025-03-05,O,271.9,12507.4
455,0,SKU-0042,Material PGS 3 EF,95,90,5,2025-11-01,O,150.87,14332.65
455,1,SKU-0045,Material Isaac 1 EM,67,8,59,2025-10-17,O,258.34,17308.78
456,0,SKU-0040,Material COC 3 EM,40,8,32,2023-12-20,O,225.48,9019.2
456,1,SKU-0014,Material SAE 9 EF,167,39,128,2024-01-02,O,176.41,29460.47
456,2,SKU-0013,Material NSE 1 EM,131,42,89,2024-01-05,O,266.97,34973.07
456,3,SKU-0039,Material Isaac 1 EF,286,137,149,2023-12-30,O,110.67,31651.62
456,4,SKU-0055,Material NSE 9 EF,82,29,53,2023-12-06,O,120.65,9893.3
457,0,SKU-0017,Material PGS 2 EM,243,38,205,2022-03-26,O,201.85,49049.55
457,1,SKU-0028,Material Isaac 2 EM,120,104,16,2022-04-01,O,47.28,5673.6
457,2,SKU-0002,Material COC 1 EM,23,17,6,2022-03-25,O,122.39,2814.97
458,0,SKU-0004,Material NSE 5 EF,54,37,17,2022-05-29,O,207.39,11199.06
458,1,SKU-0011,Material Isaac 3 EF,43,36,7,2022-05-11,O,195.62,8411.66
458,2,SKU-0047,Material Isaac 5 EF,247,234,13,2022-05-23,O,192.24,47483.28
458,3,SKU-0036,Material NSE 2 EF,178,138,40,2022-04-26,O,246.69,43910.82
459,0,SKU-0035,Material PGS 5 EF,92,43,49,2024-05-05,O,164.5,15134.0
459,1,SKU-0027,Material COC 9 EF,141,11,130,2024-04-21,O,263.25,37118.25
459,2,SKU-0002,Material PGS 2 EM,274,177,97,2024-05-02,O,171.22,46914.28
459,3,SKU-0002,Material SAE 8 EF,104,7,97,2024-04-20,O,198.57,20651.28
460,0,SKU-0049,Material SAE 8 EF,51,31,20,2022-11-19,O,261.94,13358.94
461,0,SKU-0053,Material SAE 2 EM,85,78,7,2023-04-14,O,112.45,9558.25
461,1,SKU-0028,Material NSE 3 EM,225,179,46,2023-05-20,O,173.23,38976.75
461,2,SKU-0008,Material COC 4 EF,16,38,0,2023-05-20,C,202.93,3246.88
462,0,SKU-0044,Material SAE 8 EF,88,23,65,2024-04-22,O,193.79,17053.52
462,1,SKU-0003,Material PGS 2 EM,29,52,0,2024-04-11,C,180.2,5225.8
462,2,SKU-0028,Material Isaac 1 EM,239,78,161,2024-05-18,O,95.41,22802.99
462,3,SKU-0011,Material SAE 9 EF,194,121,73,2024-05-18,O,155.69,30203.86
463,0,SKU-0004,Material NSE 4 EF,258,197,61,2025-11-09,O,286.74,73978.92
463,1,SKU-0040,Material Isaac 2 EM,180,171,9,2025-11-28,O,188.9,34002.0
463,2,SKU-0030,Material SAE 2 EM,39,26,13,2025-11-09,O,94.77,3696.03
463,3,SKU-0044,Material COC 3 EF,51,16,35,2025-12-13,O,57.69,2942.19
464,0,SKU-0014,Material PGS 9 EF,17,15,2,2023-08-16,O,147.87,2513.79
464,1,SKU-0029,Material SAE 3 EM,105,61,44,2023-08-18,O,116.38,12219.9
465,0,SKU-0025,Material NSE 6 EF,187,130,57,2023-12-08,O,176.09,32928.83
465,1,SKU-0033,Material PGS 9 EF,22,13,9,2023-12-30,O,127.66,2808.52
465,2,SKU-0015,Material Isaac 1 EF,95,39,56,2023-12-14,O,152.43,14480.85
466,0,SKU-0022,Material COC 4 EF,99,33,66,2024-03-21,O,199.5,19750.5
467,0,SKU-0041,Material NSE 5 EF,237,89,148,2022-11-10,O,183.79,43558.23
467,1,SKU-0020,Material SAE 1 EF,157,73,84,2022-11-09,O,213.04,33447.28
467,2,SKU-0031,Material Isaac 7 EF,178,98,80,2022-11-15,O,234.24,41694.72
468,0,SKU-0026,Material Isaac 4 EF,181,16,165,2023-12-04,O,49.25,8914.25
468,1,SKU-0021,Material NSE 5 EF,283,186,97,2023-12-12,O,192.72,54539.76
468,2,SKU-0016,Material COC 5 EF,93,67,26,2023-11-07,O,206.25,19181.25
468,3,SKU-0057,Material PGS 3 EM,49,39,10,2023-11-30,O,257.2,12602.8
468,4,SKU-0025,Material PGS 3 EM,54,0,54,2023-11-07,O,219.87,11872.98
469,0,SKU-0017,Material NSE 1 EM,160,49,111,2024-04-17,O,34.45,5512.0
469,1,SKU-0029,Material Isaac 5 EF,11,8,3,2024-04-14,O,189.01,2079.11
469,2,SKU-0017,Material NSE 4 EF,124,73,51,2024-05-12,O,95.97,11900.28
469,3,SKU-0035,Material NSE 4 EF,166,99,67,2024-05-07,O,285.58,47406.28
470,0,SKU-0060,Material NSE 2 EM,223,161,62,2022-11-22,O,45.39,10121.97
470,1,SKU-0021,Material NSE 2 EM,256,196,60,2022-10-25,O,290.92,74475.52
470,2,SKU-0027,Material SAE 3 EF,38,12,26,2022-10-11,O,241.04,9159.52
470,3,SKU-0041,Material Isaac 6 EF,44,28,16,2022-11-11,O,226.1,9948.4
470,4,SKU-0021,Material PGS 5 EF,109,17,92,2022-11-01,O,25.55,2784.95
471,0,SKU-0060,Material SAE 1 EM,81,68,13,2024-03-04,O,280.26,22701.06
472,0,SKU-0024,Material NSE 2 EF,285,226,59,2022-10-23,O,180.5,51442.5
472,1,SKU-0034,Material COC 8 EF,97,11,86,2022-10-10,O,29.73,2883.81
472,2,SKU-0023,Material NSE 5 EF,117,66,51,2022-11-09,O,213.14,24937.38
473,0,SKU-0021,Material NSE 3 EM,97,97,0,2024-03-01,C,296.93,28802.21
474,0,SKU-0048,Material COC 5 EF,113,47,66,2023-05-03,O,164.57,18596.41
474,1,SKU-0050,Material PGS 3 EF,187,127,60,2023-03-24,O,276.78,51757.86
475,0,SKU-0019,Material NSE 3 EF,148,85,63,2023-01-28,O,274.91,40686.68
475,1,SKU-0004,Material COC 4 EF,273,102,171,2023-01-30,O,158.83,43360.59
475,2,SKU-0048,Material Isaac 1 EF,61,40,21,2023-01-24,O,56.32,3435.52
475,3,SKU-0054,Material SAE 5 EF,204,245,0,2023-02-22,C,128.6,26234.4
476,0,SKU-0057,Material PGS 4 EF,116,53,63,2024-02-21,O,70.81,8213.96
476,1,SKU-0026,Material COC 1 EM,135,101,34,2024-03-09,O,40.67,5490.45
477,0,SKU-0024,Material Isaac 5 EF,263,87,176,2023-10-27,O,62.21,16361.23
477,1,SKU-0042,Material COC 2 EM,126,109,17,2023-10-12,O,152.96,19272.96
477,2,SKU-0048,Material SAE 9 EF,205,93,112,2023-10-08,O,93.71,19210.55
477,3,SKU-0010,Material COC 6 EF,196,13,183,2023-11-15,O,267.41,52412.36
477,4,SKU-0058,Material SAE 3 EM,157,39,118,2023-10-16,O,91.81,14414.17
478,0,SKU-0015,Material NSE 1 EF,131,103,28,2023-12-20,O,289.14,37877.34
478,1,SKU-0009,Material PGS 6 EF,12,10,2,2024-01-18,O,275.57,3306.84
478,2,SKU-0049,Material SAE 7 EF,94,6,88,2024-01-17,O,157.71,14824.74
479,0,SKU-0033,Material SAE 1 EM,125,46,79,2025-01-31,O,132.52,16565.0
479,1,SKU-0014,Material NSE 1 EM,294,78,216,2025-02-13,O,92.98,27336.12
479,2,SKU-0003,Material Isaac 6 EF,234,202,32,2025-02-02,O,182.36,42672.24
479,3,SKU-0001,Material PGS 1 EM,194,53,141,2025-01-21,O,274.08,53171.52
479,4,SKU-0019,Material Isaac 5 EF,74,49,25,2025-01-09,O,181.84,13456.16
480,0,SKU-0052,Material SAE 1 EF,243,94,149,2024-07-09,O,48.73,11841.39
480,1,SKU-0034,Material NSE 1 EM,180,100,80,2024-07-30,O,238.9,43002.0
480,2,SKU-0056,Material NSE 8 EF,29,10,19,2024-08-11,O,281.33,8158.57
481,0,SKU-0016,Material Isaac 1 EF,93,37,56,2025-10-25,O,31.8,2957.4
481,1,SKU-0003,Material PGS 1 EM,214,16,198,2025-11-19,O,49.41,10573.74
482,0,SKU-0022,Material NSE 2 EF,61,15,46,2024-09-25,O,232.46,14180.06
482,1,SKU-0054,Material COC 9 EF,56,45,11,2024-09-10,O,253.34,14187.04
482,2,SKU-0036,Material PGS 2 EM,213,208,5,2024-09-10,O,80.56,17159.28
482,3,SKU-0022,Material SAE 3 EF,71,16,55,2024-10-11,O,100.52,7136.92
483,0,SKU-0002,Material COC 4 EF,143,39,104,2025-09-09,O,100.43,14361.49
483,1,SKU-0013,Material COC 8 EF,77,7,70,2025-08-30,O,27.62,2126.74
484,0,SKU-0016,Material SAE 1 EF,97,86,11,2025-07-23,O,94.13,9130.61
484,1,SKU-0011,Material NSE 6 EF,260,119,141,2025-08-03,O,84.47,21962.2
484,2,SKU-0018,Material NSE 5 EF,204,124,80,2025-08-08,O,71.46,14577.84
484,3,SKU-0058,Material NSE 1 EM,218,204,14,2025-08-06,O,100.05,21810.9
484,4,SKU-0005,Material SAE 1 EF,242,239,3,2025-08-05,O,80.35,19444.7
485,0,SKU-0026,Material COC 4 EF,106,136,0,2024-07-05,C,187.28,19851.68
485,1,SKU-0047,Material SAE 7 EF,202,124,78,2024-07-15,O,274.77,55503.54
485,2,SKU-0048,Material COC 7 EF,250,41,209,2024-07-29,O,39.28,9820.0
485,3,SKU-0043,Material NSE 1 EM,105,37,68,2024-07-23,O,247.26,25962.3
485,4,SKU-0047,Material COC 3 EM,250,221,29,2024-08-01,O,74.74,18685.0
486,0,SKU-0011,Material NSE 3 EF,109,19,90,2025-11-15,O,98.22,10705.98
486,1,SKU-0013,Material NSE 3 EM,94,20,74,2025-12-14,O,259.16,24361.04
486,2,SKU-0014,Material SAE 1 EM,52,20,32,2025-11-22,O,222.12,11550.24
487,0,SKU-0056,Material SAE 1 EF,207,174,33,2024-02-26,O,236.0,48852.0
488,0,SKU-0011,Material COC 1 EM,152,43,109,2022-07-20,O,114.75,17442.0
489,0,SKU-0034,Material NSE 4 EF,138,99,39,2023-06-24,O,209.1,28855.8
489,1,SKU-0018,Material PGS 3 EF,126,89,37,2023-07-07,O,117.57,14813.82
490,0,SKU-0060,Material COC 6 EF,106,58,48,2026-01-06,O,51.62,5471.72
490,1,SKU-0029,Material NSE 2 EM,293,119,174,2026-01-02,O,220.39,64574.27
490,2,SKU-0060,Material NSE 1 EF,196,20,176,2026-02-04,O,273.58,53621.68
490,3,SKU-0018,Material SAE 9 EF,184,8,176,2026-01-26,O,198.92,36601.28
490,4,SKU-0012,Material SAE 8 EF,256,176,80,2025-12-23,O,162.45,41587.2
491,0,SKU-0001,Material PGS 1 EF,125,89,36,2024-04-11,O,73.5,9187.5
491,1,SKU-0053,Material SAE 9 EF,296,35,261,2024-04-03,O,142.0,42032.0
492,0,SKU-0049,Material SAE 3 EF,211,72,139,2025-12-08,O,221.35,46704.85
492,1,SKU-0042,Material PGS 6 EF,60,15,45,2025-12-26,O,122.69,7361.4
492,2,SKU-0054,Material COC 8 EF,31,24,7,2025-12-15,O,58.19,1803.89
493,0,SKU-0052,Material SAE 2 EM,98,16,82,2025-01-30,O,211.29,20706.42
494,0,SKU-0023,Material PGS 3 EF,66,7,59,2024-02-21,O,264.79,17476.14
495,0,SKU-0058,Material NSE 1 EF,46,42,4,2023-05-03,O,144.8,6660.8
495,1,SKU-0031,Material Isaac 4 EF,145,80,65,2023-05-13,O,132.64,19232.8
495,2,SKU-0054,Material SAE 4 EF,112,34,78,2023-04-17,O,255.58,28624.96
496,0,SKU-0009,Material PGS 2 EM,22,8,14,2023-07-20,O,225.1,4952.2
496,1,SKU-0045,Material COC 8 EF,44,14,30,2023-06-23,O,263.17,11579.48
497,0,SKU-0008,Material Isaac 1 EM,186,182,4,2024-07-19,O,73.22,13618.92
498,0,SKU-0059,Material Isaac 1 EM,181,105,76,2025-05-12,O,89.29,16161.49
499,0,SKU-0011,Material SAE 3 EF,133,19,114,2025-05-26,O,296.51,39435.83
499,1,SKU-0030,Material Isaac 7 EF,215,113,102,2025-04-27,O,142.65,30669.75
499,2,SKU-0011,Material NSE 7 EF,234,171,63,2025-05-03,O,101.33,23711.22
500,0,SKU-0034,Material Isaac 3 EM,28,21,7,2022-12-16,O,28.38,794.64
500,1,SKU-0019,Material SAE 9 EF,30,23,7,2022-11-01,O,50.56,1516.8
501,0,SKU-0007,Material Isaac 3 EM,200,163,37,2023-05-18,O,283.88,56776.0
502,0,SKU-0038,Material Isaac 1 EF,256,10,246,2022-06-10,O,98.25,25152.0
502,1,SKU-0054,Material SAE 1 EM,41,12,29,2022-07-23,O,39.99,1639.59
502,2,SKU-0002,Material PGS 5 EF,98,36,62,2022-07-15,O,188.27,18450.46
502,3,SKU-0030,Material Isaac 2 EM,38,5,33,2022-06-17,O,40.55,1540.9
502,4,SKU-0023,Material SAE 1 EF,150,52,98,2022-06-13,O,28.18,4227.0
503,0,SKU-0021,Material Isaac 7 EF,55,33,22,2023-02-28,O,147.6,8118.0
503,1,SKU-0023,Material Isaac 5 EF,222,250,0,2023-02-24,C,290.67,64528.74
504,0,SKU-0002,Material NSE 6 EF,145,88,57,2025-03-21,O,113.0,16385.0
505,0,SKU-0010,Material Isaac 6 EF,146,117,29,2025-07-15,O,34.49,5035.54
506,0,SKU-0006,Material PGS 3 EF,286,53,233,2023-03-03,O,54.21,15504.06
506,1,SKU-0040,Material COC 5 EF,251,65,186,2023-02-23,O,230.39,57827.89
507,0,SKU-0001,Material SAE 3 EM,28,20,8,2024-11-01,O,289.78,8113.84
508,0,SKU-0045,Material Isaac 8 EF,105,44,61,2022-02-01,O,54.02,5672.1
508,1,SKU-0029,Material COC 6 EF,112,9,103,2022-01-30,O,60.78,6807.36
508,2,SKU-0048,Material COC 5 EF,26,9,17,2022-02-08,O,247.83,6443.58
508,3,SKU-0048,Material NSE 7 EF,20,13,7,2022-03-06,O,241.53,4830.6
509,0,SKU-0007,Material Isaac 1 EM,75,29,46,2025-11-10,O,134.1,10057.5
509,1,SKU-0018,Material Isaac 1 EF,131,25,106,2025-12-14,O,217.45,28485.95
509,2,SKU-0051,Material NSE 3 EF,268,231,37,2025-12-10,O,50.97,13659.96
509,3,SKU-0022,Material NSE 5 EF,104,57,47,2025-11-14,O,225.23,23423.92
509,4,SKU-0046,Material SAE 1 EF,86,33,53,2025-12-05,O,73.68,6336.48
510,0,SKU-0035,Material PGS 2 EM,217,165,52,2025-02-07,O,154.18,33457.06
510,1,SKU-0006,Material Isaac 6 EF,211,71,140,2025-03-03,O,37.51,7914.61
511,0,SKU-0030,Material COC 5 EF,97,93,4,2022-12-25,O,215.67,20919.99
512,0,SKU-0034,Material COC 2 EM,19,15,4,2025-09-12,O,159.35,3027.65
512,1,SKU-0001,Material NSE 3 EM,207,129,78,2025-08-17,O,23.24,4810.68
513,0,SKU-0041,Material SAE 2 EF,138,128,10,2023-09-15,O,241.87,33378.06
513,1,SKU-0030,Material NSE 3 EF,122,97,25,2023-08-13,O,298.14,36373.08
514,0,SKU-0006,Material PGS 2 EM,297,127,170,2023-05-16,O,141.04,41888.88
515,0,SKU-0021,Material Isaac 2 EM,18,4,14,2023-10-07,O,247.23,4450.14
515,1,SKU-0036,Material PGS 1 EM,81,51,30,2023-09-03,O,266.85,21614.85
516,0,SKU-0044,Material COC 1 EM,66,2,64,2025-01-22,O,95.84,6325.44
516,1,SKU-0031,Material PGS 8 EF,23,5,18,2025-01-29,O,203.46,4679.58
516,2,SKU-0015,Material COC 4 EF,120,2,118,2025-02-05,O,168.02,20162.4
516,3,SKU-0032,Material PGS 1 EF,187,100,87,2025-01-31,O,133.23,24914.01
517,0,SKU-0022,Material Isaac 2 EM,191,233,0,2022-05-17,C,201.61,38507.51
517,1,SKU-0012,Material SAE 1 EF,37,2,35,2022-06-11,O,195.21,7222.77
517,2,SKU-0060,Material SAE 5 EF,268,179,89,2022-06-08,O,269.52,72231.36
518,0,SKU-0005,Material PGS 1 EF,157,32,125,2023-12-04,O,79.13,12423.41
519,0,SKU-0038,Material Isaac 2 EM,16,1,15,2023-11-24,O,131.7,2107.2
519,1,SKU-0014,Material PGS 8 EF,268,158,110,2023-12-05,O,265.66,71196.88
519,2,SKU-0006,Material PGS 8 EF,277,7,270,2023-11-11,O,57.5,15927.5
520,0,SKU-0028,Material PGS 6 EF,298,47,251,2023-10-30,O,234.71,69943.58
520,1,SKU-0018,Material COC 8 EF,200,245,0,2023-12-04,C,241.26,48252.0
520,2,SKU-0022,Material PGS 6 EF,183,50,133,2023-12-09,O,264.86,48469.38
521,0,SKU-0053,Material NSE 7 EF,100,6,94,2022-05-12,O,170.75,17075.0
521,1,SKU-0032,Material SAE 9 EF,28,18,10,2022-03-31,O,79.61,2229.08
522,0,SKU-0024,Material COC 6 EF,236,225,11,2025-01-19,O,152.15,35907.4
522,1,SKU-0032,Material SAE 4 EF,48,15,33,2025-01-10,O,205.19,9849.12
522,2,SKU-0030,Material NSE 1 EF,79,66,13,2024-12-31,O,67.82,5357.78
522,3,SKU-0008,Material Isaac 4 EF,23,17,6,2024-12-30,O,259.75,5974.25
523,0,SKU-0053,Material PGS 1 EF,12,3,9,2024-06-13,O,273.86,3286.32
523,1,SKU-0035,Material SAE 2 EF,22,11,11,2024-06-28,O,217.2,4778.4
524,0,SKU-0017,Material SAE 5 EF,214,4,210,2024-04-10,O,266.41,57011.74
524,1,SKU-0058,Material PGS 3 EM,34,18,16,2024-04-26,O,207.99,7071.66
524,2,SKU-0011,Material PGS 3 EM,48,41,7,2024-03-19,O,55.04,2641.92
524,3,SKU-0050,Material Isaac 3 EF,237,26,211,2024-03-11,O,115.33,27333.21
525,0,SKU-0055,Material PGS 6 EF,19,5,14,2024-10-15,O,201.91,3836.29
525,1,SKU-0021,Material PGS 9 EF,179,23,156,2024-10-27,O,168.51,30163.29
525,2,SKU-0014,Material COC 2 EM,269,128,141,2024-10-21,O,181.32,48775.08
525,3,SKU-0005,Material NSE 1 EF,240,90,150,2024-09-24,O,265.51,63722.4
526,0,SKU-0041,Material SAE 5 EF,129,112,17,2025-02-14,O,43.59,5623.11
526,1,SKU-0029,Material COC 7 EF,140,57,83,2025-03-02,O,209.24,29293.6
527,0,SKU-0048,Material PGS 1 EM,41,28,13,2023-06-06,O,82.36,3376.76
528,0,SKU-0014,Material SAE 3 EF,236,55,181,2022-07-29,O,168.02,39652.72
528,1,SKU-0032,Material NSE 6 EF,18,37,0,2022-08-29,C,66.46,1196.28
528,2,SKU-0043,Material Isaac 6 EF,90,37,53,2022-08-17,O,222.84,20055.6
529,0,SKU-0001,Material NSE 1 EM,91,54,37,2024-07-06,O,132.91,12094.81
530,0,SKU-0033,Material NSE 8 EF,32,24,8,2022-12-26,O,264.64,8468.48
530,1,SKU-0055,Material PGS 6 EF,267,158,109,2022-12-07,O,225.81,60291.27
530,2,SKU-0017,Material Isaac 2 EM,292,111,181,2023-01-03,O,249.04,72719.68
530,3,SKU-0015,Material NSE 9 EF,163,160,3,2022-12-20,O,24.97,4070.11
531,0,SKU-0025,Material NSE 1 EF,109,25,84,2026-02-20,O,91.05,9924.45
531,1,SKU-0026,Material Isaac 3 EF,277,131,146,2026-01-22,O,190.0,52630.0
531,2,SKU-0046,Material COC 2 EF,217,57,160,2026-01-15,O,212.45,46101.65
531,3,SKU-0030,Material NSE 2 EF,186,51,135,2026-01-05,O,154.22,28684.92
532,0,SKU-0002,Material Isaac 6 EF,31,31,0,2024-09-26,C,138.95,4307.45
532,1,SKU-0016,Material SAE 6 EF,41,40,1,2024-09-07,O,275.37,11290.17
532,2,SKU-0042,Material SAE 6 EF,46,33,13,2024-09-02,O,188.81,8685.26
532,3,SKU-0032,Material NSE 9 EF,149,130,19,2024-09-06,O,75.8,11294.2
532,4,SKU-0020,Material COC 6 EF,65,62,3,2024-10-11,O,273.73,17792.45
533,0,SKU-0009,Material Isaac 4 EF,244,78,166,2025-08-25,O,167.38,40840.72
534,0,SKU-0004,Material PGS 9 EF,192,15,177,2024-10-21,O,219.08,42063.36
534,1,SKU-0003,Material SAE 4 EF,229,221,8,2024-10-01,O,113.53,25998.37
534,2,SKU-0025,Material Isaac 2 EM,173,163,10,2024-10-20,O,269.96,46703.08
534,3,SKU-0025,Material Isaac 5 EF,122,57,65,2024-09-23,O,80.84,9862.48
534,4,SKU-0023,Material Isaac 7 EF,102,60,42,2024-09-27,O,43.67,4454.34
535,0,SKU-0042,Material SAE 9 EF,86,55,31,2025-10-04,O,218.46,18787.56
535,1,SKU-0020,Material NSE 6 EF,90,33,57,2025-10-19,O,87.78,7900.2
536,0,SKU-0048,Material PGS 8 EF,237,178,59,2022-11-24,O,210.73,49943.01
537,0,SKU-0026,Material Isaac 2 EF,40,4,36,2024-01-11,O,263.71,10548.4
537,1,SKU-0002,Material Isaac 1 EF,262,44,218,2024-02-02,O,125.8,32959.6
538,0,SKU-0058,Material SAE 1 EM,89,86,3,2025-12-01,O,241.22,21468.58
538,1,SKU-0052,Material NSE 8 EF,228,114,114,2025-12-02,O,89.83,20481.24
538,2,SKU-0015,Material SAE 8 EF,254,84,170,2025-11-15,O,20.04,5090.16
538,3,SKU-0043,Material Isaac 3 EF,72,14,58,2025-11-11,O,146.48,10546.56
538,4,SKU-0052,Material PGS 6 EF,282,83,199,2025-11-25,O,249.17,70265.94
539,0,SKU-0012,Material PGS 6 EF,124,48,76,2024-05-06,O,121.34,15046.16
539,1,SKU-0020,Material NSE 2 EM,138,66,72,2024-04-06,O,85.62,11815.56
540,0,SKU-0016,Material PGS 2 EM,136,92,44,2023-08-17,O,120.25,16354.0
540,1,SKU-0055,Material NSE 5 EF,162,43,119,2023-07-20,O,212.03,34348.86
540,2,SKU-0026,Material SAE 9 EF,234,65,169,2023-07-25,O,158.57,37105.38
540,3,SKU-0001,Material Isaac 9 EF,112,98,14,2023-08-23,O,259.16,29025.92
540,4,SKU-0029,Material Isaac 5 EF,249,176,73,2023-08-16,O,66.03,16441.47
541,0,SKU-0055,Material SAE 3 EM,271,75,196,2023-09-12,O,146.21,39622.91
541,1,SKU-0053,Material NSE 1 EM,275,136,139,2023-08-24,O,26.9,7397.5
542,0,SKU-0012,Material SAE 1 EF,132,79,53,2022-07-27,O,264.4,34900.8
542,1,SKU-0020,Material PGS 9 EF,89,33,56,2022-08-13,O,234.1,20834.9
542,2,SKU-0026,Material COC 5 EF,278,23,255,2022-08-13,O,219.41,60995.98
542,3,SKU-0007,Material Isaac 6 EF,99,39,60,2022-08-07,O,245.46,24300.54
543,0,SKU-0006,Material SAE 7 EF,291,245,46,2024-11-05,O,284.0,82644.0
543,1,SKU-0032,Material COC 7 EF,72,51,21,2024-09-26,O,38.19,2749.68
543,2,SKU-0032,Material COC 2 EF,252,60,192,2024-11-02,O,167.71,42262.92
543,3,SKU-0037,Material Isaac 7 EF,159,200,0,2024-09-29,C,273.63,43507.17
544,0,SKU-0020,Material PGS 1 EM,222,183,39,2025-05-03,O,138.78,30809.16
544,1,SKU-0026,Material COC 3 EM,289,220,69,2025-05-26,O,266.37,76980.93
544,2,SKU-0041,Material COC 3 EF,48,11,37,2025-05-15,O,150.04,7201.92
544,3,SKU-0044,Material PGS 2 EF,141,141,0,2025-05-23,C,143.19,20189.79
545,0,SKU-0023,Material PGS 1 EM,236,68,168,2022-12-20,O,206.37,48703.32
545,1,SKU-0013,Material SAE 3 EF,82,68,14,2022-12-10,O,213.72,17525.04
545,2,SKU-0019,Material Isaac 4 EF,267,13,254,2023-01-06,O,193.66,51707.22
545,3,SKU-0019,Material PGS 2 EF,236,87,149,2022-12-04,O,56.0,13216.0
546,0,SKU-0005,Material NSE 2 EF,187,132,55,2025-10-23,O,260.1,48638.7
547,0,SKU-0001,Material PGS 1 EF,180,23,157,2023-04-29,O,189.03,34025.4
547,1,SKU-0039,Material COC 2 EF,232,167,65,2023-04-06,O,293.04,67985.28
547,2,SKU-0020,Material SAE 4 EF,117,108,9,2023-04-04,O,272.49,31881.33
547,3,SKU-0021,Material Isaac 4 EF,293,204,89,2023-03-28,O,65.18,19097.74
547,4,SKU-0012,Material Isaac 1 EF,194,177,17,2023-04-26,O,229.26,44476.44
548,0,SKU-0021,Material NSE 2 EF,92,38,54,2022-08-29,O,132.98,12234.16
549,0,SKU-0015,Material Isaac 3 EM,193,193,0,2024-04-11,C,151.94,29324.42
549,1,SKU-0009,Material SAE 9 EF,255,283,0,2024-04-17,C,204.23,52078.65
549,2,SKU-0014,Material SAE 5 EF,110,8,102,2024-03-31,O,244.45,26889.5
550,0,SKU-0031,Material NSE 9 EF,208,49,159,2025-11-07,O,130.89,27225.12
550,1,SKU-0016,Material PGS 2 EM,273,117,156,2025-10-15,O,160.15,43720.95
550,2,SKU-0038,Material NSE 2 EF,163,79,84,2025-11-03,O,106.64,17382.32
551,0,SKU-0027,Material PGS 4 EF,216,49,167,2025-06-24,O,57.04,12320.64
552,0,SKU-0018,Material COC 1 EM,81,48,33,2026-01-06,O,239.61,19408.41
552,1,SKU-0006,Material NSE 3 EF,160,156,4,2025-11-30,O,231.78,37084.8
552,2,SKU-0041,Material SAE 1 EF,146,54,92,2026-01-02,O,233.14,34038.44
552,3,SKU-0004,Material NSE 1 EM,230,123,107,2025-12-26,O,271.91,62539.3
552,4,SKU-0060,Material Isaac 4 EF,116,17,99,2025-11-29,O,46.43,5385.88
553,0,SKU-0049,Material NSE 1 EF,87,78,9,2023-11-28,O,73.75,6416.25
553,1,SKU-0050,Material SAE 1 EM,63,0,63,2023-12-15,O,206.61,13016.43
553,2,SKU-0036,Material Isaac 3 EM,188,125,63,2023-11-23,O,42.02,7899.76
553,3,SKU-0055,Material Isaac 1 EF,208,60,148,2023-10-29,O,106.9,22235.2
553,4,SKU-0006,Material COC 2 EF,177,69,108,2023-11-22,O,165.83,29351.91
554,0,SKU-0032,Material SAE 4 EF,118,53,65,2024-10-21,O,276.4,32615.2
554,1,SKU-0023,Material SAE 1 EM,105,13,92,2024-10-28,O,274.81,28855.05
554,2,SKU-0037,Material Isaac 2 EM,180,167,13,2024-12-01,O,194.53,35015.4
555,0,SKU-0016,Material PGS 5 EF,65,6,59,2026-01-13,O,262.0,17030.0
555,1,SKU-0037,Material COC 1 EF,43,26,17,2025-12-26,O,287.19,12349.17
555,2,SKU-0051,Material PGS 1 EF,198,77,121,2026-01-09,O,197.65,39134.7
555,3,SKU-0001,Material Isaac 2 EF,23,2,21,2026-01-01,O,250.86,5769.78
556,0,SKU-0019,Material COC 1 EM,120,53,67,2023-02-27,O,194.74,23368.8
556,1,SKU-0039,Material PGS 4 EF,163,50,113,2023-04-08,O,94.69,15434.47
556,2,SKU-0008,Material SAE 4 EF,74,74,0,2023-03-24,C,29.34,2171.16
557,0,SKU-0012,Material SAE 7 EF,113,101,12,2025-05-01,O,120.47,13613.11
557,1,SKU-0055,Material NSE 2 EM,98,86,12,2025-06-04,O,173.1,16963.8
557,2,SKU-0017,Material PGS 5 EF,286,306,0,2025-06-07,C,158.73,45396.78
558,0,SKU-0047,Material COC 3 EF,179,24,155,2023-11-19,O,133.27,23855.33
558,1,SKU-0029,Material SAE 2 EF,154,85,69,2023-11-24,O,198.81,30616.74
558,2,SKU-0037,Material Isaac 2 EM,51,36,15,2023-10-20,O,123.49,6297.99
558,3,SKU-0045,Material PGS 7 EF,10,10,0,2023-11-25,C,182.16,1821.6
558,4,SKU-0024,Material COC 2 EF,264,13,251,2023-11-15,O,262.87,69397.68
559,0,SKU-0003,Material SAE 3 EM,180,96,84,2025-06-26,O,265.09,47716.2
559,1,SKU-0051,Material NSE 2 EM,106,18,88,2025-06-30,O,23.92,2535.52
559,2,SKU-0051,Material NSE 2 EM,281,73,208,2025-06-13,O,236.63,66493.03
559,3,SKU-0035,Material Isaac 4 EF,176,51,125,2025-07-01,O,220.22,38758.72
559,4,SKU-0006,Material COC 1 EF,254,283,0,2025-06-23,C,77.72,19740.88
560,0,SKU-0020,Material NSE 6 EF,292,209,83,2025-09-05,O,199.89,58367.88
560,1,SKU-0036,Material Isaac 4 EF,115,58,57,2025-08-16,O,165.74,19060.1
560,2,SKU-0060,Material SAE 1 EF,141,89,52,2025-09-13,O,203.07,28632.87
561,0,SKU-0055,Material PGS 2 EF,39,35,4,2022-03-08,O,87.97,3430.83
561,1,SKU-0033,Material SAE 5 EF,263,1,262,2022-03-04,O,291.14,76569.82
561,2,SKU-0017,Material NSE 2 EF,65,17,48,2022-04-14,O,73.84,4799.6
562,0,SKU-0016,Material NSE 7 EF,155,42,113,2025-04-16,O,111.51,17284.05
563,0,SKU-0007,Material COC 2 EM,175,110,65,2023-12-28,O,96.04,16807.0
563,1,SKU-0004,Material NSE 4 EF,298,31,267,2023-12-27,O,275.2,82009.6
564,0,SKU-0028,Material Isaac 2 EF,72,32,40,2023-06-01,O,158.95,11444.4
564,1,SKU-0011,Material SAE 3 EM,59,19,40,2023-06-27,O,291.47,17196.73
565,0,SKU-0027,Material Isaac 3 EF,217,193,24,2022-07-31,O,280.8,60933.6
566,0,SKU-0034,Material Isaac 3 EM,208,105,103,2024-06-09,O,177.8,36982.4
567,0,SKU-0045,Material Isaac 2 EF,10,2,8,2025-01-02,O,77.97,779.7
568,0,SKU-0041,Material PGS 2 EM,242,97,145,2025-01-13,O,294.89,71363.38
568,1,SKU-0042,Material COC 7 EF,247,47,200,2025-01-06,O,173.54,42864.38
568,2,SKU-0026,Material COC 3 EF,268,150,118,2025-01-07,O,106.04,28418.72
568,3,SKU-0042,Material Isaac 6 EF,268,300,0,2025-01-08,C,205.49,55071.32
569,0,SKU-0024,Material Isaac 1 EM,272,6,266,2022-12-23,O,224.43,61044.96
569,1,SKU-0026,Material COC 6 EF,148,17,131,2022-12-29,O,172.15,25478.2
570,0,SKU-0012,Material PGS 5 EF,261,13,248,2024-08-28,O,160.54,41900.94
570,1,SKU-0059,Material SAE 3 EM,72,47,25,2024-08-21,O,42.28,3044.16
570,2,SKU-0048,Material Isaac 6 EF,245,146,99,2024-08-16,O,229.36,56193.2
570,3,SKU-0046,Material SAE 3 EF,183,141,42,2024-08-03,O,186.03,34043.49
571,0,SKU-0007,Material PGS 4 EF,227,160,67,2025-02-05,O,59.36,13474.72
571,1,SKU-0031,Material COC 1 EM,75,18,57,2025-02-01,O,237.53,17814.75
571,2,SKU-0040,Material Isaac 2 EM,283,82,201,2025-01-17,O,269.51,76271.33
571,3,SKU-0042,Material COC 3 EM,244,98,146,2025-02-05,O,236.98,57823.12
571,4,SKU-0032,Material NSE 2 EF,144,79,65,2025-02-25,O,113.97,16411.68
572,0,SKU-0015,Material Isaac 4 EF,64,48,16,2025-07-16,O,222.07,14212.48
572,1,SKU-0001,Material Isaac 2 EF,40,17,23,2025-07-12,O,81.49,3259.6
573,0,SKU-0019,Material COC 8 EF,43,19,24,2023-02-18,O,71.78,3086.54
573,1,SKU-0055,Material SAE 6 EF,254,223,31,2023-03-14,O,27.78,7056.12
574,0,SKU-0043,Material COC 7 EF,80,61,19,2023-09-28,O,26.59,2127.2
574,1,SKU-0060,Material PGS 1 EM,37,36,1,2023-09-27,O,131.86,4878.82
574,2,SKU-0038,Material PGS 2 EM,275,94,181,2023-09-20,O,132.8,36520.0
574,3,SKU-0029,Material PGS 5 EF,166,54,112,2023-09-20,O,24.32,4037.12
574,4,SKU-0013,Material COC 1 EM,204,179,25,2023-09-26,O,217.83,44437.32
575,0,SKU-0007,Material NSE 5 EF,269,272,0,2022-11-19,C,51.69,13904.61
575,1,SKU-0003,Material Isaac 2 EF,265,182,83,2022-12-01,O,71.52,18952.8
575,2,SKU-0010,Material COC 3 EM,83,61,22,2022-10-22,O,225.02,18676.66
575,3,SKU-0046,Material COC 4 EF,199,185,14,2022-11-05,O,85.93,17100.07
576,0,SKU-0058,Material Isaac 7 EF,53,14,39,2023-10-17,O,51.28,2717.84
576,1,SKU-0044,Material SAE 7 EF,217,159,58,2023-11-15,O,152.07,32999.19
576,2,SKU-0034,Material NSE 6 EF,259,58,201,2023-10-11,O,189.02,48956.18
576,3,SKU-0058,Material PGS 3 EF,44,7,37,2023-10-27,O,158.34,6966.96
576,4,SKU-0042,Material SAE 9 EF,132,50,82,2023-11-04,O,52.88,6980.16
577,0,SKU-0056,Material COC 3 EM,15,9,6,2023-07-25,O,78.87,1183.05
577,1,SKU-0019,Material PGS 3 EM,164,130,34,2023-08-20,O,221.97,36403.08
577,2,SKU-0036,Material PGS 6 EF,115,103,12,2023-08-03,O,149.27,17166.05
577,3,SKU-0030,Material Isaac 2 EF,23,0,23,2023-08-08,O,200.92,4621.16
578,0,SKU-0010,Material PGS 5 EF,280,157,123,2025-08-02,O,33.74,9447.2
578,1,SKU-0015,Material PGS 1 EM,270,87,183,2025-08-02,O,105.92,28598.4
578,2,SKU-0035,Material PGS 3 EM,114,54,60,2025-07-19,O,100.25,11428.5
578,3,SKU-0005,Material NSE 3 EF,244,137,107,2025-08-18,O,41.29,10074.76
579,0,SKU-0038,Material PGS 8 EF,235,75,160,2024-01-05,O,149.82,35207.7
579,1,SKU-0058,Material COC 3 EM,275,191,84,2024-01-21,O,55.12,15158.0
579,2,SKU-0052,Material NSE 2 EF,134,26,108,2024-01-17,O,164.62,22059.08
579,3,SKU-0014,Material SAE 5 EF,172,83,89,2023-12-26,O,53.85,9262.2
580,0,SKU-0002,Material PGS 1 EM,185,152,33,2022-03-28,O,198.3,36685.5
580,1,SKU-0020,Material SAE 6 EF,41,28,13,2022-04-09,O,35.48,1454.68
580,2,SKU-0007,Material SAE 2 EF,117,119,0,2022-03-03,C,155.78,18226.26
581,0,SKU-0041,Material COC 1 EM,251,89,162,2024-06-01,O,69.11,17346.61
581,1,SKU-0004,Material SAE 6 EF,293,229,64,2024-06-08,O,55.61,16293.73
582,0,SKU-0041,Material NSE 6 EF,93,13,80,2022-03-10,O,151.36,14076.48
582,1,SKU-0010,Material SAE 4 EF,230,166,64,2022-03-04,O,106.25,24437.5
582,2,SKU-0010,Material Isaac 3 EF,234,129,105,2022-03-26,O,57.87,13541.58
583,0,SKU-0037,Material PGS 1 EF,36,0,36,2024-04-04,O,101.92,3669.12
583,1,SKU-0054,Material Isaac 3 EM,244,87,157,2024-03-19,O,219.94,53665.36
584,0,SKU-0015,Material PGS 3 EF,272,24,248,2022-04-10,O,135.14,36758.08
584,1,SKU-0008,Material NSE 6 EF,201,146,55,2022-03-17,O,297.57,59811.57
584,2,SKU-0004,Material SAE 3 EM,209,159,50,2022-03-14,O,240.98,50364.82
585,0,SKU-0025,Material Isaac 2 EM,226,10,216,2024-02-27,O,270.2,61065.2
586,0,SKU-0014,Material PGS 5 EF,286,139,147,2024-03-04,O,118.35,33848.1
586,1,SKU-0044,Material COC 1 EF,145,6,139,2024-01-24,O,242.53,35166.85
586,2,SKU-0020,Material Isaac 7 EF,285,251,34,2024-02-16,O,229.09,65290.65
587,0,SKU-0054,Material PGS 6 EF,135,24,111,2024-06-30,O,53.55,7229.25
587,1,SKU-0057,Material NSE 7 EF,73,60,13,2024-07-14,O,241.95,17662.35
588,0,SKU-0018,Material COC 5 EF,182,90,92,2023-09-24,O,42.57,7747.74
589,0,SKU-0051,Material Isaac 8 EF,101,5,96,2023-04-16,O,80.76,8156.76
589,1,SKU-0040,Material NSE 6 EF,244,36,208,2023-05-03,O,150.7,36770.8
590,0,SKU-0011,Material NSE 3 EM,300,204,96,2024-10-06,O,281.07,84321.0
590,1,SKU-0057,Material PGS 2 EM,213,124,89,2024-10-24,O,129.73,27632.49
590,2,SKU-0034,Material Isaac 2 EF,281,109,172,2024-10-07,O,233.63,65650.03
590,3,SKU-0012,Material NSE 3 EF,63,26,37,2024-09-07,O,202.82,12777.66
590,4,SKU-0030,Material PGS 6 EF,116,46,70,2024-09-15,O,61.42,7124.72
591,0,SKU-0016,Material COC 5 EF,148,134,14,2025-06-14,O,131.31,19433.88
592,0,SKU-0003,Material SAE 2 EF,291,204,87,2025-06-21,O,90.1,26219.1
592,1,SKU-0021,Material SAE 3 EF,96,50,46,2025-07-02,O,228.2,21907.2
592,2,SKU-0031,Material Isaac 3 EF,249,50,199,2025-06-28,O,184.63,45972.87
593,0,SKU-0054,Material Isaac 5 EF,162,19,143,2022-05-03,O,127.95,20727.9
594,0,SKU-0043,Material SAE 5 EF,204,38,166,2025-07-08,O,260.04,53048.16
594,1,SKU-0013,Material PGS 8 EF,160,11,149,2025-07-17,O,242.94,38870.4
594,2,SKU-0057,Material Isaac 6 EF,26,21,5,2025-06-25,O,148.35,3857.1
594,3,SKU-0011,Material COC 8 EF,15,13,2,2025-07-18,O,251.55,3773.25
595,0,SKU-0052,Material PGS 1 EF,150,68,82,2024-11-28,O,111.14,16671.0
595,1,SKU-0038,Material Isaac 7 EF,160,91,69,2024-10-15,O,43.81,7009.6
596,0,SKU-0032,Material NSE 2 EF,211,45,166,2022-03-21,O,208.52,43997.72
596,1,SKU-0012,Material SAE 1 EM,69,62,7,2022-04-11,O,114.3,7886.7
596,2,SKU-0005,Material PGS 1 EM,97,22,75,2022-04-29,O,290.91,28218.27
597,0,SKU-0023,Material COC 9 EF,81,16,65,2023-10-25,O,59.77,4841.37
597,1,SKU-0031,Material PGS 2 EF,141,113,28,2023-10-08,O,241.38,34034.58
597,2,SKU-0017,Material SAE 9 EF,260,248,12,2023-09-27,O,64.77,16840.2
598,0,SKU-0014,Material COC 2 EM,130,3,127,2022-11-23,O,183.89,23905.7
598,1,SKU-0013,Material PGS 9 EF,154,51,103,2022-12-08,O,247.82,38164.28
598,2,SKU-0041,Material NSE 3 EF,121,81,40,2022-10-30,O,118.47,14334.87
598,3,SKU-0002,Material NSE 1 EF,209,103,106,2022-11-16,O,200.45,41894.05
598,4,SKU-0002,Material Isaac 3 EF,256,213,43,2022-11-13,O,86.8,22220.8
599,0,SKU-0027,Material Isaac 5 EF,258,6,252,2024-11-21,O,76.48,19731.84
599,1,SKU-0016,Material COC 8 EF,250,158,92,2024-10-22,O,176.89,44222.5
600,0,SKU-0019,Material PGS 3 EF,145,28,117,2025-04-17,O,245.25,35561.25
601,0,SKU-0047,Material NSE 1 EM,126,80,46,2022-11-21,O,211.87,26695.62
601,1,SKU-0053,Material PGS 3 EM,152,83,69,2022-11-28,O,64.18,9755.36
601,2,SKU-0056,Material NSE 4 EF,74,31,43,2022-12-07,O,224.67,16625.58
601,3,SKU-0052,Material NSE 2 EF,82,3,79,2022-12-25,O,151.97,12461.54
602,0,SKU-0027,Material Isaac 2 EM,186,26,160,2024-01-25,O,274.79,51110.94
602,1,SKU-0035,Material NSE 3 EM,266,299,0,2024-02-02,C,28.63,7615.58
602,2,SKU-0047,Material COC 8 EF,41,39,2,2023-12-29,O,84.71,3473.11
602,3,SKU-0012,Material PGS 6 EF,85,38,47,2024-01-06,O,252.14,21431.9
602,4,SKU-0045,Material PGS 3 EF,142,125,17,2023-12-30,O,243.23,34538.66
603,0,SKU-0021,Material Isaac 2 EF,85,40,45,2023-09-24,O,86.67,7366.95
603,1,SKU-0012,Material NSE 8 EF,210,148,62,2023-09-14,O,237.65,49906.5
604,0,SKU-0053,Material Isaac 7 EF,195,180,15,2025-11-16,O,130.5,25447.5
604,1,SKU-0054,Material NSE 6 EF,12,2,10,2025-11-23,O,288.55,3462.6
604,2,SKU-0001,Material SAE 8 EF,64,54,10,2025-11-01,O,247.74,15855.36
605,0,SKU-0059,Material PGS 2 EF,86,51,35,2022-11-09,O,228.28,19632.08
605,1,SKU-0030,Material COC 4 EF,57,13,44,2022-10-23,O,204.34,11647.38
605,2,SKU-0026,Material SAE 6 EF,70,11,59,2022-11-18,O,93.66,6556.2
606,0,SKU-0055,Material NSE 6 EF,220,110,110,2022-08-31,O,214.62,47216.4
607,0,SKU-0024,Material SAE 1 EM,203,188,15,2023-07-18,O,201.67,40939.01
608,0,SKU-0027,Material NSE 8 EF,48,38,10,2025-10-07,O,299.49,14375.52
608,1,SKU-0018,Material SAE 1 EM,217,47,170,2025-09-21,O,75.25,16329.25
608,2,SKU-0001,Material SAE 4 EF,187,74,113,2025-09-28,O,146.09,27318.83
608,3,SKU-0027,Material COC 7 EF,138,75,63,2025-10-21,O,49.0,6762.0
608,4,SKU-0046,Material SAE 3 EF,111,59,52,2025-10-13,O,233.91,25964.01
609,0,SKU-0042,Material Isaac 3 EM,84,23,61,2023-06-30,O,104.43,8772.12
609,1,SKU-0052,Material NSE 1 EF,255,47,208,2023-06-29,O,225.12,57405.6
610,0,SKU-0003,Material COC 1 EM,141,26,115,2023-11-07,O,111.47,15717.27
610,1,SKU-0033,Material COC 4 EF,197,186,11,2023-11-13,O,111.54,21973.38
611,0,SKU-0021,Material Isaac 4 EF,252,76,176,2022-10-14,O,78.04,19666.08
611,1,SKU-0015,Material Isaac 3 EM,172,51,121,2022-11-06,O,218.51,37583.72
612,0,SKU-0025,Material COC 4 EF,49,40,9,2023-03-31,O,270.27,13243.23
612,1,SKU-0056,Material SAE 4 EF,188,160,28,2023-04-01,O,216.44,40690.72
612,2,SKU-0007,Material PGS 7 EF,134,129,5,2023-04-06,O,110.62,14823.08
612,3,SKU-0003,Material PGS 9 EF,288,72,216,2023-05-10,O,208.73,60114.24
613,0,SKU-0060,Material SAE 6 EF,140,10,130,2022-07-26,O,280.19,39226.6
613,1,SKU-0044,Material Isaac 1 EM,245,142,103,2022-08-10,O,180.41,44200.45
614,0,SKU-0039,Material NSE 4 EF,53,11,42,2025-03-11,O,283.6,15030.8
614,1,SKU-0022,Material Isaac 4 EF,64,41,23,2025-03-03,O,224.3,14355.2
614,2,SKU-0027,Material PGS 3 EM,121,55,66,2025-02-23,O,240.27,29072.67
614,3,SKU-0053,Material Isaac 6 EF,158,20,138,2025-03-15,O,48.13,7604.54
614,4,SKU-0049,Material COC 7 EF,149,115,34,2025-03-31,O,25.55,3806.95
615,0,SKU-0027,Material NSE 6 EF,50,44,6,2024-09-08,O,155.49,7774.5
615,1,SKU-0034,Material NSE 5 EF,132,44,88,2024-08-29,O,146.96,19398.72
615,2,SKU-0009,Material NSE 7 EF,10,6,4,2024-10-01,O,235.49,2354.9
615,3,SKU-0036,Material PGS 3 EF,238,218,20,2024-08-26,O,96.4,22943.2
616,0,SKU-0057,Material PGS 9 EF,110,96,14,2025-07-27,O,200.56,22061.6
616,1,SKU-0017,Material PGS 5 EF,241,176,65,2025-08-25,O,127.84,30809.44
616,2,SKU-0041,Material SAE 6 EF,17,3,14,2025-08-28,O,249.79,4246.43
616,3,SKU-0001,Material SAE 7 EF,136,115,21,2025-08-11,O,111.34,15142.24
616,4,SKU-0055,Material SAE 1 EF,62,18,44,2025-09-04,O,85.51,5301.62
617,0,SKU-0023,Material PGS 7 EF,248,96,152,2025-07-23,O,114.16,28311.68
617,1,SKU-0060,Material Isaac 1 EM,39,5,34,2025-07-09,O,56.27,2194.53
618,0,SKU-0033,Material SAE 2 EM,210,173,37,2025-06-08,O,35.74,7505.4
618,1,SKU-0014,Material COC 1 EM,174,133,41,2025-05-04,O,73.15,12728.1
618,2,SKU-0023,Material NSE 3 EM,228,55,173,2025-05-12,O,76.75,17499.0
619,0,SKU-0016,Material NSE 6 EF,65,59,6,2022-10-21,O,150.52,9783.8
619,1,SKU-0042,Material SAE 4 EF,272,75,197,2022-09-11,O,113.55,30885.6
619,2,SKU-0033,Material PGS 2 EF,259,100,159,2022-09-28,O,133.47,34568.73
620,0,SKU-0014,Material SAE 1 EM,246,206,40,2023-04-20,O,123.86,30469.56
621,0,SKU-0052,Material Isaac 7 EF,187,155,32,2023-05-11,O,279.07,52186.09
621,1,SKU-0009,Material NSE 5 EF,300,172,128,2023-05-26,O,237.96,71388.0
621,2,SKU-0030,Material COC 9 EF,285,31,254,2023-06-01,O,180.65,51485.25
622,0,SKU-0014,Material NSE 5 EF,176,70,106,2024-07-12,O,145.07,25532.32
622,1,SKU-0017,Material COC 2 EF,122,114,8,2024-08-10,O,217.35,26516.7
622,2,SKU-0030,Material PGS 3 EF,192,184,8,2024-07-07,O,182.34,35009.28
623,0,SKU-0020,Material Isaac 6 EF,83,46,37,2024-08-23,O,93.28,7742.24
623,1,SKU-0030,Material Isaac 4 EF,91,88,3,2024-08-23,O,198.25,18040.75
623,2,SKU-0053,Material COC 1 EF,198,118,80,2024-08-19,O,126.5,25047.0
624,0,SKU-0043,Material Isaac 1 EM,236,155,81,2023-11-23,O,109.73,25896.28
624,1,SKU-0059,Material Isaac 1 EM,24,20,4,2023-11-14,O,234.63,5631.12
624,2,SKU-0052,Material PGS 2 EF,154,165,0,2023-11-06,C,98.54,15175.16
624,3,SKU-0005,Material PGS 1 EF,195,69,126,2023-10-30,O,219.4,42783.0
625,0,SKU-0053,Material SAE 2 EF,88,17,71,2024-02-25,O,184.51,16236.88
625,1,SKU-0023,Material Isaac 2 EF,117,0,117,2024-03-04,O,183.84,21509.28
625,2,SKU-0029,Material COC 1 EM,57,16,41,2024-04-05,O,252.11,14370.27
625,3,SKU-0031,Material NSE 4 EF,38,23,15,2024-03-13,O,55.43,2106.34
625,4,SKU-0050,Material SAE 6 EF,24,15,9,2024-03-15,O,154.42,3706.08
626,0,SKU-0014,Material COC 2 EM,288,69,219,2023-10-31,O,84.93,24459.84
626,1,SKU-0022,Material Isaac 1 EM,295,157,138,2023-11-22,O,262.62,77472.9
626,2,SKU-0004,Material NSE 3 EF,31,18,13,2023-11-11,O,75.95,2354.45
626,3,SKU-0004,Material PGS 2 EM,160,10,150,2023-10-14,O,138.23,22116.8
627,0,SKU-0048,Material NSE 4 EF,144,10,134,2023-08-03,O,122.52,17642.88
627,1,SKU-0048,Material COC 4 EF,158,30,128,2023-08-22,O,211.2,33369.6
627,2,SKU-0003,Material PGS 2 EF,155,59,96,2023-09-08,O,218.43,33856.65
628,0,SKU-0011,Material Isaac 7 EF,87,12,75,2023-10-22,O,258.18,22461.66
628,1,SKU-0015,Material Isaac 9 EF,18,6,12,2023-10-18,O,66.19,1191.42
628,2,SKU-0044,Material Isaac 2 EM,202,162,40,2023-10-24,O,165.89,33509.78
628,3,SKU-0016,Material NSE 9 EF,23,1,22,2023-09-21,O,279.12,6419.76
628,4,SKU-0009,Material SAE 8 EF,133,122,11,2023-09-12,O,235.7,31348.1
629,0,SKU-0043,Material Isaac 2 EF,172,91,81,2025-03-08,O,106.69,18350.68
629,1,SKU-0034,Material PGS 4 EF,106,99,7,2025-03-09,O,214.31,22716.86
629,2,SKU-0043,Material COC 4 EF,299,83,216,2025-02-28,O,246.03,73562.97
629,3,SKU-0031,Material SAE 1 EM,267,73,194,2025-02-12,O,83.13,22195.71
629,4,SKU-0042,Material Isaac 2 EM,48,0,48,2025-03-19,O,32.43,1556.64
630,0,SKU-0040,Material COC 1 EM,196,35,161,2022-06-16,O,270.59,53035.64
630,1,SKU-0054,Material Isaac 1 EF,184,163,21,2022-07-03,O,283.28,52123.52
631,0,SKU-0025,Material SAE 4 EF,256,109,147,2024-02-23,O,71.61,18332.16
631,1,SKU-0037,Material PGS 7 EF,161,13,148,2024-02-01,O,213.83,34426.63
631,2,SKU-0024,Material NSE 6 EF,276,87,189,2024-02-05,O,289.6,79929.6
631,3,SKU-0060,Material Isaac 2 EM,179,6,173,2024-01-25,O,20.45,3660.55
632,0,SKU-0032,Material NSE 3 EF,168,78,90,2025-11-22,O,257.78,43307.04
632,1,SKU-0047,Material NSE 8 EF,12,0,12,2025-11-10,O,49.36,592.32
632,2,SKU-0042,Material PGS 8 EF,17,4,13,2025-10-28,O,48.75,828.75
633,0,SKU-0039,Material NSE 4 EF,37,16,21,2025-04-29,O,271.13,10031.81
633,1,SKU-0018,Material Isaac 3 EM,48,62,0,2025-03-24,C,21.75,1044.0
633,2,SKU-0005,Material Isaac 3 EF,36,31,5,2025-03-21,O,162.3,5842.8
634,0,SKU-0023,Material Isaac 3 EF,242,87,155,2023-10-28,O,111.48,26978.16
634,1,SKU-0049,Material NSE 7 EF,230,14,216,2023-11-10,O,35.62,8192.6
634,2,SKU-0023,Material Isaac 8 EF,118,2,116,2023-11-19,O,70.59,8329.62
634,3,SKU-0008,Material COC 8 EF,208,136,72,2023-11-08,O,191.12,39752.96
634,4,SKU-0024,Material NSE 3 EM,156,25,131,2023-10-13,O,79.94,12470.64
635,0,SKU-0026,Material COC 2 EF,297,188,109,2022-08-28,O,282.29,83840.13
635,1,SKU-0003,Material NSE 3 EM,97,92,5,2022-08-23,O,256.59,24889.23
635,2,SKU-0032,Material SAE 4 EF,300,152,148,2022-08-07,O,230.2,69060.0
636,0,SKU-0059,Material COC 6 EF,228,193,35,2022-04-05,O,233.04,53133.12
636,1,SKU-0028,Material SAE 8 EF,223,197,26,2022-04-09,O,119.09,26557.07
636,2,SKU-0032,Material PGS 3 EM,233,91,142,2022-04-19,O,110.51,25748.83
636,3,SKU-0054,Material Isaac 7 EF,12,8,4,2022-04-03,O,261.24,3134.88
637,0,SKU-0024,Material NSE 2 EM,221,221,0,2025-05-12,C,38.65,8541.65
637,1,SKU-0030,Material Isaac 5 EF,12,2,10,2025-05-12,O,135.59,1627.08
637,2,SKU-0023,Material Isaac 3 EM,94,48,46,2025-05-30,O,159.87,15027.78
637,3,SKU-0054,Material Isaac 3 EM,289,153,136,2025-06-04,O,131.28,37939.92
638,0,SKU-0003,Material SAE 2 EF,122,100,22,2024-09-15,O,161.27,19674.94
638,1,SKU-0052,Material COC 1 EF,223,118,105,2024-09-25,O,20.02,4464.46
638,2,SKU-0050,Material COC 9 EF,90,22,68,2024-09-11,O,71.64,6447.6
638,3,SKU-0025,Material COC 8 EF,16,9,7,2024-09-20,O,215.98,3455.68
639,0,SKU-0017,Material NSE 8 EF,134,24,110,2022-07-08,O,163.22,21871.48
639,1,SKU-0022,Material SAE 6 EF,56,6,50,2022-06-28,O,208.42,11671.52
639,2,SKU-0041,Material COC 6 EF,296,279,17,2022-07-10,O,82.61,24452.56
639,3,SKU-0054,Material NSE 2 EM,266,150,116,2022-07-26,O,190.55,50686.3
640,0,SKU-0060,Material NSE 3 EM,44,22,22,2024-05-24,O,284.32,12510.08
640,1,SKU-0044,Material SAE 2 EF,183,140,43,2024-06-24,O,152.57,27920.31
640,2,SKU-0036,Material Isaac 8 EF,76,73,3,2024-06-23,O,32.37,2460.12
640,3,SKU-0008,Material Isaac 5 EF,164,117,47,2024-05-25,O,234.52,38461.28
640,4,SKU-0040,Material Isaac 1 EF,226,108,118,2024-05-11,O,178.07,40243.82
641,0,SKU-0041,Material Isaac 1 EM,11,5,6,2024-04-09,O,230.54,2535.94
641,1,SKU-0046,Material SAE 1 EM,241,68,173,2024-03-05,O,27.84,6709.44
641,2,SKU-0019,Material SAE 1 EM,261,106,155,2024-03-18,O,275.1,71801.1
642,0,SKU-0044,Material NSE 5 EF,96,91,5,2025-01-08,O,65.61,6298.56
642,1,SKU-0027,Material SAE 5 EF,55,11,44,2025-01-23,O,195.61,10758.55
642,2,SKU-0022,Material Isaac 3 EM,28,17,11,2025-01-17,O,68.74,1924.72
643,0,SKU-0014,Material PGS 6 EF,169,30,139,2023-10-02,O,33.48,5658.12
643,1,SKU-0038,Material PGS 2 EM,239,0,239,2023-09-22,O,251.95,60216.05
643,2,SKU-0043,Material PGS 1 EM,25,21,4,2023-09-19,O,45.95,1148.75
644,0,SKU-0035,Material SAE 9 EF,67,46,21,2023-04-09,O,68.11,4563.37
644,1,SKU-0051,Material SAE 1 EM,114,76,38,2023-04-23,O,293.91,33505.74
644,2,SKU-0004,Material PGS 1 EM,196,40,156,2023-05-04,O,149.65,29331.4
645,0,SKU-0008,Material SAE 7 EF,77,53,24,2023-02-09,O,254.87,19624.99
645,1,SKU-0057,Material Isaac 9 EF,298,128,170,2023-02-09,O,28.01,8346.98
645,2,SKU-0046,Material COC 6 EF,101,15,86,2023-01-03,O,23.02,2325.02
645,3,SKU-0017,Material SAE 1 EM,49,1,48,2023-02-10,O,233.58,11445.42
645,4,SKU-0046,Material SAE 1 EM,206,85,121,2023-02-20,O,151.41,31190.46
646,0,SKU-0014,Material PGS 6 EF,109,81,28,2023-04-22,O,138.47,15093.23
646,1,SKU-0016,Material NSE 3 EM,300,137,163,2023-04-17,O,213.96,64188.0
646,2,SKU-0008,Material NSE 9 EF,252,135,117,2023-04-11,O,263.8,66477.6
647,0,SKU-0040,Material SAE 2 EM,54,14,40,2024-12-05,O,242.98,13120.92
648,0,SKU-0006,Material PGS 1 EF,116,34,82,2024-10-18,O,66.6,7725.6
648,1,SKU-0033,Material PGS 1 EM,248,195,53,2024-10-09,O,60.47,14996.56
649,0,SKU-0040,Material Isaac 9 EF,132,130,2,2025-05-06,O,232.65,30709.8
649,1,SKU-0054,Material NSE 3 EF,45,11,34,2025-04-16,O,226.18,10178.1
649,2,SKU-0043,Material COC 6 EF,102,39,63,2025-04-23,O,165.34,16864.68
649,3,SKU-0036,Material Isaac 7 EF,67,65,2,2025-05-24,O,265.49,17787.83
650,0,SKU-0043,Material SAE 1 EM,190,8,182,2022-05-27,O,292.27,55531.3
650,1,SKU-0011,Material COC 5 EF,18,59,0,2022-05-20,C,163.14,2936.52
650,2,SKU-0050,Material COC 2 EM,59,45,14,2022-05-16,O,170.97,10087.23
651,0,SKU-0015,Material Isaac 6 EF,132,70,62,2022-05-06,O,92.08,12154.56
652,0,SKU-0015,Material COC 6 EF,97,81,16,2024-09-24,O,159.44,15465.68
652,1,SKU-0011,Material Isaac 2 EF,276,209,67,2024-10-21,O,65.72,18138.72
652,2,SKU-0027,Material NSE 6 EF,181,156,25,2024-11-02,O,156.22,28275.82
652,3,SKU-0029,Material Isaac 2 EM,157,20,137,2024-09-24,O,127.91,20081.87
653,0,SKU-0053,Material COC 5 EF,223,131,92,2024-04-18,O,284.6,63465.8
654,0,SKU-0047,Material SAE 2 EM,244,168,76,2024-10-08,O,141.16,34443.04
655,0,SKU-0045,Material COC 3 EM,209,147,62,2022-09-02,O,52.56,10985.04
655,1,SKU-0017,Material NSE 7 EF,180,25,155,2022-08-31,O,87.15,15687.0
656,0,SKU-0053,Material NSE 5 EF,177,186,0,2025-02-14,C,43.13,7634.01
656,1,SKU-0059,Material NSE 5 EF,270,131,139,2025-01-31,O,96.04,25930.8
656,2,SKU-0043,Material Isaac 5 EF,234,75,159,2025-02-07,O,255.94,59889.96
656,3,SKU-0029,Material SAE 7 EF,260,156,104,2025-01-17,O,210.09,54623.4
656,4,SKU-0021,Material Isaac 5 EF,128,0,128,2025-01-25,O,247.73,31709.44
657,0,SKU-0005,Material SAE 3 EM,142,92,50,2023-03-27,O,106.65,15144.3
657,1,SKU-0049,Material NSE 9 EF,172,34,138,2023-04-10,O,268.47,46176.84
657,2,SKU-0040,Material COC 1 EF,211,81,130,2023-02-25,O,267.74,56493.14
658,0,SKU-0005,Material COC 1 EM,131,121,10,2024-06-12,O,102.25,13394.75
658,1,SKU-0032,Material SAE 5 EF,60,27,33,2024-06-21,O,190.62,11437.2
658,2,SKU-0058,Material COC 3 EM,279,109,170,2024-06-08,O,155.77,43459.83
659,0,SKU-0008,Material COC 6 EF,72,32,40,2022-07-20,O,65.7,4730.4
659,1,SKU-0049,Material Isaac 3 EF,10,8,2,2022-08-23,O,78.96,789.6
659,2,SKU-0055,Material PGS 3 EF,157,46,111,2022-07-25,O,292.9,45985.3
659,3,SKU-0014,Material PGS 1 EF,32,4,28,2022-08-18,O,155.24,4967.68
660,0,SKU-0039,Material NSE 2 EM,229,60,169,2022-10-09,O,276.77,63380.33
661,0,SKU-0011,Material Isaac 1 EF,260,107,153,2022-09-17,O,287.69,74799.4
661,1,SKU-0030,Material SAE 6 EF,281,271,10,2022-09-15,O,290.95,81756.95
661,2,SKU-0011,Material Isaac 9 EF,289,91,198,2022-09-29,O,284.37,82182.93
661,3,SKU-0036,Material NSE 6 EF,153,94,59,2022-09-09,O,223.63,34215.39
661,4,SKU-0034,Material Isaac 2 EF,269,264,5,2022-10-18,O,207.04,55693.76
662,0,SKU-0046,Material NSE 4 EF,148,30,118,2023-06-21,O,249.01,36853.48
662,1,SKU-0013,Material NSE 3 EM,156,0,156,2023-06-16,O,91.46,14267.76
662,2,SKU-0037,Material PGS 3 EM,173,79,94,2023-06-02,O,72.52,12545.96
662,3,SKU-0018,Material Isaac 1 EM,60,28,32,2023-05-29,O,195.12,11707.2
662,4,SKU-0053,Material Isaac 1 EF,120,18,102,2023-06-07,O,237.05,28446.0
663,0,SKU-0025,Material COC 4 EF,51,48,3,2025-06-26,O,82.99,4232.49
663,1,SKU-0042,Material PGS 3 EF,78,29,49,2025-05-28,O,204.14,15922.92
663,2,SKU-0048,Material Isaac 8 EF,166,128,38,2025-06-12,O,254.92,42316.72
663,3,SKU-0040,Material NSE 1 EM,70,10,60,2025-06-07,O,122.43,8570.1
663,4,SKU-0055,Material Isaac 1 EM,231,19,212,2025-05-31,O,61.02,14095.62
664,0,SKU-0040,Material SAE 3 EF,101,20,81,2023-12-10,O,101.45,10246.45
664,1,SKU-0005,Material SAE 3 EF,29,18,11,2023-12-30,O,195.98,5683.42
664,2,SKU-0032,Material NSE 1 EM,286,46,240,2024-01-11,O,178.33,51002.38
664,3,SKU-0004,Material Isaac 9 EF,192,103,89,2023-12-15,O,259.25,49776.0
664,4,SKU-0049,Material COC 8 EF,34,17,17,2023-12-11,O,292.57,9947.38
665,0,SKU-0025,Material COC 6 EF,209,170,39,2022-09-29,O,82.24,17188.16
665,1,SKU-0025,Material PGS 9 EF,251,6,245,2022-09-23,O,25.42,6380.42
665,2,SKU-0060,Material PGS 2 EM,188,79,109,2022-10-06,O,183.96,34584.48
665,3,SKU-0006,Material NSE 5 EF,131,115,16,2022-10-31,O,248.77,32588.87
666,0,SKU-0060,Material COC 2 EF,267,198,69,2023-12-26,O,261.08,69708.36
666,1,SKU-0027,Material COC 8 EF,99,9,90,2024-01-15,O,64.5,6385.5
666,2,SKU-0043,Material NSE 1 EF,78,14,64,2023-12-17,O,59.02,4603.56
667,0,SKU-0002,Material SAE 1 EF,54,24,30,2023-06-24,O,85.09,4594.86
667,1,SKU-0060,Material COC 2 EM,206,172,34,2023-07-03,O,175.96,36247.76
668,0,SKU-0019,Material PGS 6 EF,91,19,72,2022-10-22,O,64.72,5889.52
668,1,SKU-0006,Material SAE 6 EF,152,56,96,2022-09-20,O,141.1,21447.2
668,2,SKU-0015,Material SAE 3 EM,191,13,178,2022-09-29,O,127.77,24404.07
669,0,SKU-0017,Material PGS 7 EF,91,26,65,2025-03-20,O,64.58,5876.78
669,1,SKU-0059,Material PGS 7 EF,241,190,51,2025-02-28,O,66.86,16113.26
669,2,SKU-0018,Material SAE 6 EF,47,41,6,2025-03-20,O,184.65,8678.55
670,0,SKU-0039,Material PGS 5 EF,83,21,62,2025-07-13,O,32.11,2665.13
670,1,SKU-0025,Material SAE 4 EF,85,77,8,2025-06-27,O,169.07,14370.95
671,0,SKU-0042,Material COC 5 EF,52,41,11,2025-08-01,O,31.2,1622.4
671,1,SKU-0003,Material Isaac 6 EF,271,113,158,2025-07-11,O,50.39,13655.69
671,2,SKU-0012,Material Isaac 2 EF,204,60,144,2025-08-12,O,188.83,38521.32
671,3,SKU-0023,Material Isaac 2 EM,172,46,126,2025-07-23,O,21.35,3672.2
672,0,SKU-0004,Material NSE 7 EF,119,59,60,2025-05-20,O,293.2,34890.8
672,1,SKU-0046,Material SAE 6 EF,290,323,0,2025-04-26,C,114.75,33277.5
672,2,SKU-0017,Material NSE 8 EF,267,114,153,2025-05-08,O,93.04,24841.68
673,0,SKU-0017,Material COC 6 EF,239,197,42,2023-02-23,O,219.17,52381.63
673,1,SKU-0047,Material SAE 4 EF,159,148,11,2023-02-16,O,295.38,46965.42
673,2,SKU-0033,Material SAE 1 EM,206,204,2,2023-02-05,O,111.45,22958.7
674,0,SKU-0056,Material PGS 8 EF,280,231,49,2023-04-30,O,261.32,73169.6
674,1,SKU-0007,Material SAE 9 EF,102,29,73,2023-03-31,O,232.62,23727.24
674,2,SKU-0050,Material NSE 5 EF,12,6,6,2023-04-25,O,166.28,1995.36
674,3,SKU-0055,Material COC 5 EF,201,154,47,2023-04-11,O,210.21,42252.21
675,0,SKU-0014,Material PGS 2 EF,256,79,177,2023-05-18,O,114.14,29219.84
675,1,SKU-0051,Material SAE 1 EM,20,4,16,2023-06-04,O,243.1,4862.0
675,2,SKU-0032,Material SAE 8 EF,207,18,189,2023-06-07,O,176.66,36568.62
675,3,SKU-0016,Material PGS 2 EF,38,11,27,2023-04-21,O,177.56,6747.28
676,0,SKU-0007,Material NSE 8 EF,20,9,11,2023-08-13,O,96.61,1932.2
676,1,SKU-0004,Material COC 7 EF,90,84,6,2023-08-05,O,39.87,3588.3
677,0,SKU-0047,Material COC 3 EF,177,3,174,2023-05-30,O,179.12,31704.24
677,1,SKU-0006,Material PGS 2 EF,278,136,142,2023-05-08,O,39.84,11075.52
677,2,SKU-0032,Material Isaac 1 EM,107,96,11,2023-05-21,O,285.89,30590.23
677,3,SKU-0038,Material Isaac 9 EF,245,67,178,2023-06-01,O,253.38,62078.1
678,0,SKU-0041,Material Isaac 7 EF,253,59,194,2023-01-20,O,80.52,20371.56
678,1,SKU-0027,Material Isaac 2 EF,83,78,5,2022-12-31,O,157.29,13055.07
678,2,SKU-0042,Material PGS 8 EF,32,58,0,2023-01-30,C,190.59,6098.88
678,3,SKU-0005,Material NSE 4 EF,159,152,7,2023-02-03,O,149.35,23746.65
679,0,SKU-0048,Material Isaac 9 EF,199,176,23,2024-03-24,O,131.5,26168.5
679,1,SKU-0051,Material COC 8 EF,14,0,14,2024-03-07,O,274.91,3848.74
680,0,SKU-0059,Material COC 3 EF,13,13,0,2025-09-19,C,48.07,624.91
681,0,SKU-0056,Material NSE 1 EF,69,50,19,2025-08-09,O,252.05,17391.45
681,1,SKU-0054,Material Isaac 9 EF,173,9,164,2025-07-12,O,278.36,48156.28
682,0,SKU-0008,Material Isaac 7 EF,203,202,1,2022-08-07,O,223.36,45342.08
683,0,SKU-0003,Material Isaac 5 EF,233,230,3,2023-11-23,O,256.06,59661.98
683,1,SKU-0036,Material COC 3 EM,166,108,58,2023-11-07,O,254.06,42173.96
683,2,SKU-0009,Material NSE 6 EF,87,72,15,2023-11-17,O,92.04,8007.48
683,3,SKU-0007,Material Isaac 8 EF,269,62,207,2023-11-20,O,144.9,38978.1
684,0,SKU-0039,Material PGS 6 EF,89,32,57,2024-03-22,O,240.27,21384.03
685,0,SKU-0011,Material Isaac 9 EF,28,22,6,2025-04-09,O,278.59,7800.52
685,1,SKU-0022,Material PGS 6 EF,82,33,49,2025-05-02,O,166.96,13690.72
685,2,SKU-0017,Material COC 7 EF,178,189,0,2025-04-10,C,59.66,10619.48
686,0,SKU-0030,Material SAE 5 EF,135,45,90,2025-02-07,O,52.3,7060.5
686,1,SKU-0010,Material Isaac 3 EF,267,63,204,2025-03-08,O,289.27,77235.09
687,0,SKU-0009,Material Isaac 4 EF,215,52,163,2023-11-06,O,244.56,52580.4
688,0,SKU-0030,Material SAE 5 EF,278,217,61,2023-03-17,O,240.04,66731.12
689,0,SKU-0032,Material COC 1 EM,95,95,0,2023-07-23,C,175.3,16653.5
689,1,SKU-0003,Material NSE 7 EF,41,19,22,2023-07-31,O,141.07,5783.87
689,2,SKU-0012,Material NSE 7 EF,223,114,109,2023-08-09,O,254.28,56704.44
689,3,SKU-0028,Material SAE 1 EM,26,25,1,2023-08-06,O,190.43,4951.18
689,4,SKU-0046,Material PGS 2 EF,45,40,5,2023-06-24,O,91.97,4138.65
690,0,SKU-0054,Material SAE 2 EM,162,152,10,2022-04-17,O,262.18,42473.16
690,1,SKU-0030,Material Isaac 4 EF,267,155,112,2022-04-23,O,116.37,31070.79
690,2,SKU-0033,Material NSE 4 EF,240,50,190,2022-04-13,O,66.85,16044.0
690,3,SKU-0060,Material COC 8 EF,99,59,40,2022-05-16,O,80.19,7938.81
691,0,SKU-0041,Material SAE 3 EF,228,65,163,2023-02-24,O,225.42,51395.76
691,1,SKU-0022,Material SAE 2 EM,265,148,117,2023-02-03,O,212.81,56394.65
691,2,SKU-0042,Material Isaac 5 EF,40,1,39,2023-02-22,O,27.82,1112.8
691,3,SKU-0037,Material SAE 6 EF,129,83,46,2023-02-24,O,258.32,33323.28
692,0,SKU-0016,Material SAE 6 EF,293,88,205,2022-03-09,O,58.21,17055.53
692,1,SKU-0011,Material COC 9 EF,135,99,36,2022-03-22,O,164.11,22154.85
693,0,SKU-0020,Material NSE 2 EM,222,197,25,2022-02-26,O,207.84,46140.48
693,1,SKU-0001,Material Isaac 4 EF,86,28,58,2022-03-12,O,192.13,16523.18
693,2,SKU-0051,Material NSE 2 EF,129,119,10,2022-03-08,O,131.08,16909.32
693,3,SKU-0020,Material Isaac 2 EF,197,123,74,2022-01-27,O,47.8,9416.6
693,4,SKU-0025,Material COC 4 EF,50,49,1,2022-03-01,O,50.23,2511.5
694,0,SKU-0008,Material SAE 9 EF,191,69,122,2022-08-05,O,173.67,33170.97
695,0,SKU-0013,Material NSE 8 EF,217,147,70,2025-02-04,O,37.98,8241.66
695,1,SKU-0051,Material COC 2 EF,196,225,0,2025-02-02,C,189.54,37149.84
695,2,SKU-0006,Material Isaac 1 EF,199,167,32,2025-01-24,O,175.87,34998.13
695,3,SKU-0032,Material COC 3 EF,145,3,142,2024-12-19,O,58.96,8549.2
696,0,SKU-0042,Material PGS 2 EM,202,144,58,2024-08-18,O,60.89,12299.78
697,0,SKU-0056,Material COC 3 EF,293,334,0,2024-07-12,C,68.48,20064.64
697,1,SKU-0042,Material Isaac 2 EF,211,106,105,2024-07-26,O,83.37,17591.07
698,0,SKU-0056,Material NSE 9 EF,136,15,121,2024-07-15,O,115.12,15656.32
698,1,SKU-0012,Material PGS 3 EM,253,70,183,2024-06-22,O,94.52,23913.56
698,2,SKU-0043,Material SAE 3 EM,159,56,103,2024-06-17,O,242.35,38533.65
699,0,SKU-0054,Material NSE 3 EM,67,25,42,2022-07-27,O,225.44,15104.48
699,1,SKU-0045,Material NSE 3 EM,42,19,23,2022-08-09,O,222.78,9356.76
699,2,SKU-0043,Material PGS 5 EF,170,13,157,2022-07-17,O,169.04,28736.8
699,3,SKU-0009,Material NSE 1 EM,136,74,62,2022-07-26,O,265.59,36120.24
700,0,SKU-0037,Material NSE 1 EM,92,42,50,2024-02-22,O,148.31,13644.52
700,1,SKU-0019,Material Isaac 3 EM,288,147,141,2024-02-05,O,116.55,33566.4
700,2,SKU-0041,Material NSE 1 EM,153,5,148,2024-01-15,O,51.57,7890.21
700,3,SKU-0021,Material SAE 6 EF,214,194,20,2024-02-14,O,144.75,30976.5
701,0,SKU-0046,Material NSE 9 EF,299,16,283,2022-04-07,O,116.99,34980.01
701,1,SKU-0012,Material COC 4 EF,204,32,172,2022-04-08,O,140.71,28704.84
702,0,SKU-0041,Material COC 2 EM,183,2,181,2024-02-05,O,228.9,41888.7
702,1,SKU-0043,Material COC 2 EM,187,50,137,2024-03-12,O,113.71,21263.77
702,2,SKU-0032,Material COC 2 EF,199,52,147,2024-03-03,O,255.95,50934.05
702,3,SKU-0047,Material PGS 1 EF,99,20,79,2024-02-22,O,121.4,12018.6
702,4,SKU-0005,Material PGS 6 EF,72,12,60,2024-03-21,O,247.96,17853.12
703,0,SKU-0027,Material COC 5 EF,261,105,156,2024-05-20,O,176.01,45938.61
704,0,SKU-0020,Material SAE 4 EF,100,11,89,2023-07-27,O,140.05,14005.0
704,1,SKU-0060,Material Isaac 4 EF,293,280,13,2023-08-05,O,39.58,11596.94
704,2,SKU-0045,Material NSE 2 EM,175,155,20,2023-07-19,O,117.59,20578.25
704,3,SKU-0035,Material COC 6 EF,52,22,30,2023-08-25,O,249.85,12992.2
704,4,SKU-0051,Material SAE 4 EF,231,123,108,2023-07-19,O,191.06,44134.86
705,0,SKU-0040,Material COC 9 EF,73,19,54,2024-07-11,O,200.35,14625.55
705,1,SKU-0036,Material SAE 3 EF,225,169,56,2024-08-26,O,217.03,48831.75
706,0,SKU-0029,Material COC 1 EF,256,161,95,2025-11-22,O,131.16,33576.96
706,1,SKU-0025,Material PGS 1 EM,235,191,44,2025-11-30,O,30.12,7078.2
706,2,SKU-0055,Material PGS 9 EF,63,16,47,2025-12-24,O,173.03,10900.89
706,3,SKU-0019,Material NSE 4 EF,178,70,108,2025-11-26,O,42.04,7483.12
707,0,SKU-0049,Material NSE 6 EF,60,5,55,2023-09-24,O,109.56,6573.6
707,1,SKU-0009,Material Isaac 9 EF,169,43,126,2023-10-13,O,229.58,38799.02
708,0,SKU-0016,Material PGS 4 EF,211,168,43,2022-06-16,O,22.74,4798.14
709,0,SKU-0011,Material COC 1 EM,128,31,97,2022-12-01,O,111.09,14219.52
709,1,SKU-0045,Material Isaac 8 EF,55,22,33,2022-11-21,O,46.12,2536.6
710,0,SKU-0033,Material SAE 2 EM,273,40,233,2025-07-25,O,207.64,56685.72
710,1,SKU-0030,Material SAE 6 EF,174,78,96,2025-06-26,O,28.3,4924.2
711,0,SKU-0019,Material PGS 3 EM,260,148,112,2022-11-15,O,201.51,52392.6
711,1,SKU-0016,Material COC 3 EF,187,128,59,2022-11-21,O,47.19,8824.53
711,2,SKU-0003,Material SAE 8 EF,197,62,135,2022-12-23,O,141.39,27853.83
711,3,SKU-0004,Material PGS 1 EF,190,129,61,2022-12-02,O,133.08,25285.2
712,0,SKU-0003,Material PGS 1 EM,182,229,0,2024-06-02,C,139.75,25434.5
712,1,SKU-0006,Material Isaac 7 EF,192,216,0,2024-06-23,C,61.44,11796.48
713,0,SKU-0025,Material SAE 8 EF,219,216,3,2025-09-06,O,78.57,17206.83
713,1,SKU-0018,Material Isaac 2 EM,148,66,82,2025-07-25,O,70.58,10445.84
713,2,SKU-0055,Material COC 6 EF,143,111,32,2025-08-23,O,99.39,14212.77
713,3,SKU-0044,Material COC 1 EF,208,1,207,2025-07-25,O,174.61,36318.88
713,4,SKU-0057,Material NSE 2 EF,272,198,74,2025-08-30,O,80.68,21944.96
714,0,SKU-0031,Material Isaac 1 EM,120,74,46,2023-03-28,O,199.46,23935.2
714,1,SKU-0055,Material Isaac 1 EM,58,36,22,2023-03-02,O,176.53,10238.74
714,2,SKU-0001,Material Isaac 9 EF,283,65,218,2023-02-22,O,135.73,38411.59
714,3,SKU-0001,Material Isaac 9 EF,47,23,24,2023-03-17,O,137.88,6480.36
714,4,SKU-0054,Material SAE 3 EM,26,13,13,2023-04-02,O,143.07,3719.82
715,0,SKU-0022,Material COC 2 EM,74,39,35,2023-05-14,O,239.15,17697.1
715,1,SKU-0051,Material PGS 7 EF,275,86,189,2023-05-08,O,50.06,13766.5
716,0,SKU-0006,Material NSE 8 EF,51,31,20,2023-01-12,O,41.75,2129.25
716,1,SKU-0046,Material PGS 2 EM,158,29,129,2023-01-15,O,111.32,17588.56
716,2,SKU-0016,Material PGS 7 EF,228,200,28,2023-01-22,O,115.95,26436.6
717,0,SKU-0049,Material PGS 2 EM,42,33,9,2025-02-27,O,109.74,4609.08
717,1,SKU-0011,Material PGS 2 EF,182,54,128,2025-03-29,O,50.72,9231.04
717,2,SKU-0035,Material Isaac 3 EM,178,177,1,2025-03-03,O,135.75,24163.5
718,0,SKU-0019,Material PGS 1 EF,157,85,72,2023-05-17,O,72.59,11396.63
718,1,SKU-0033,Material PGS 6 EF,252,151,101,2023-06-11,O,256.76,64703.52
719,0,SKU-0020,Material SAE 9 EF,164,75,89,2024-08-08,O,215.96,35417.44
719,1,SKU-0036,Material COC 2 EF,82,62,20,2024-07-25,O,192.14,15755.48
719,2,SKU-0032,Material PGS 5 EF,75,41,34,2024-08-13,O,172.12,12909.0
719,3,SKU-0005,Material SAE 2 EF,30,11,19,2024-07-15,O,81.02,2430.6
720,0,SKU-0046,Material PGS 6 EF,168,97,71,2024-10-03,O,35.09,5895.12
720,1,SKU-0035,Material PGS 5 EF,224,109,115,2024-10-24,O,228.62,51210.88
721,0,SKU-0011,Material SAE 3 EM,255,40,215,2024-07-24,O,106.22,27086.1
721,1,SKU-0050,Material COC 5 EF,132,132,0,2024-08-23,C,278.2,36722.4
721,2,SKU-0058,Material COC 1 EM,54,78,0,2024-08-28,C,148.44,8015.76
722,0,SKU-0011,Material Isaac 7 EF,238,97,141,2025-09-29,O,138.11,32870.18
722,1,SKU-0025,Material PGS 2 EM,265,120,145,2025-10-14,O,85.27,22596.55
722,2,SKU-0048,Material NSE 5 EF,259,159,100,2025-09-12,O,29.37,7606.83
722,3,SKU-0008,Material NSE 3 EF,113,15,98,2025-10-23,O,236.18,26688.34
722,4,SKU-0018,Material Isaac 1 EM,38,13,25,2025-10-18,O,276.79,10518.02
723,0,SKU-0044,Material Isaac 8 EF,181,130,51,2023-08-13,O,153.66,27812.46
723,1,SKU-0043,Material Isaac 7 EF,111,17,94,2023-08-05,O,79.13,8783.43
724,0,SKU-0054,Material NSE 5 EF,212,111,101,2024-01-28,O,120.7,25588.4
724,1,SKU-0042,Material NSE 8 EF,253,130,123,2024-01-15,O,220.52,55791.56
724,2,SKU-0041,Material PGS 1 EM,279,155,124,2024-01-06,O,258.99,72258.21
724,3,SKU-0019,Material NSE 2 EF,192,148,44,2024-01-14,O,43.88,8424.96
725,0,SKU-0038,Material COC 4 EF,160,156,4,2023-02-28,O,280.69,44910.4
725,1,SKU-0047,Material COC 3 EF,191,137,54,2023-04-07,O,289.57,55307.87
725,2,SKU-0028,Material NSE 2 EM,262,203,59,2023-03-22,O,165.66,43402.92
725,3,SKU-0025,Material SAE 1 EF,278,9,269,2023-02-26,O,84.11,23382.58
726,0,SKU-0018,Material COC 1 EF,35,8,27,2022-04-12,O,46.26,1619.1
726,1,SKU-0015,Material COC 6 EF,236,95,141,2022-04-02,O,299.57,70698.52
727,0,SKU-0016,Material NSE 7 EF,298,191,107,2023-11-02,O,142.43,42444.14
727,1,SKU-0041,Material NSE 3 EF,46,34,12,2023-10-20,O,240.24,11051.04
728,0,SKU-0028,Material NSE 8 EF,254,197,57,2023-11-05,O,77.68,19730.72
728,1,SKU-0027,Material PGS 7 EF,213,177,36,2023-12-03,O,178.98,38122.74
728,2,SKU-0041,Material SAE 7 EF,87,81,6,2023-10-28,O,113.88,9907.56
728,3,SKU-0013,Material NSE 2 EM,44,14,30,2023-10-23,O,116.45,5123.8
728,4,SKU-0042,Material NSE 1 EM,107,38,69,2023-11-20,O,250.47,26800.29
729,0,SKU-0059,Material Isaac 1 EF,135,16,119,2023-08-11,O,263.64,35591.4
729,1,SKU-0050,Material Isaac 3 EF,276,21,255,2023-08-19,O,33.37,9210.12
729,2,SKU-0046,Material SAE 3 EF,153,115,38,2023-08-02,O,80.18,12267.54
730,0,SKU-0053,Material COC 5 EF,261,111,150,2025-09-02,O,77.28,20170.08
730,1,SKU-0033,Material NSE 8 EF,42,40,2,2025-09-26,O,54.7,2297.4
731,0,SKU-0039,Material SAE 3 EM,93,61,32,2025-10-25,O,267.06,24836.58
731,1,SKU-0003,Material Isaac 8 EF,82,82,0,2025-10-14,C,69.74,5718.68
731,2,SKU-0006,Material SAE 2 EF,79,34,45,2025-10-09,O,234.75,18545.25
731,3,SKU-0044,Material NSE 7 EF,255,10,245,2025-10-21,O,281.29,71728.95
732,0,SKU-0056,Material SAE 1 EM,51,17,34,2024-01-26,O,36.9,1881.9
732,1,SKU-0041,Material SAE 2 EF,209,159,50,2024-01-09,O,215.75,45091.75
733,0,SKU-0031,Material Isaac 7 EF,212,123,89,2025-12-02,O,97.38,20644.56
733,1,SKU-0033,Material PGS 3 EF,172,136,36,2026-01-10,O,141.38,24317.36
733,2,SKU-0030,Material Isaac 2 EM,119,47,72,2026-01-10,O,230.22,27396.18
733,3,SKU-0013,Material NSE 2 EF,247,16,231,2026-01-02,O,185.4,45793.8
733,4,SKU-0049,Material PGS 2 EM,262,244,18,2025-11-27,O,206.44,54087.28
734,0,SKU-0028,Material COC 3 EM,10,10,0,2023-11-16,C,181.68,1816.8
735,0,SKU-0019,Material COC 1 EF,166,113,53,2024-02-08,O,297.32,49355.12
735,1,SKU-0003,Material PGS 5 EF,15,15,0,2024-02-08,C,198.4,2976.0
735,2,SKU-0039,Material Isaac 2 EM,226,87,139,2024-02-12,O,106.1,23978.6
736,0,SKU-0033,Material PGS 3 EM,222,187,35,2023-06-12,O,188.29,41800.38
736,1,SKU-0014,Material NSE 3 EF,149,49,100,2023-07-07,O,69.96,10424.04
736,2,SKU-0042,Material COC 8 EF,95,51,44,2023-06-25,O,151.83,14423.85
736,3,SKU-0024,Material SAE 6 EF,197,188,9,2023-07-13,O,157.51,31029.47
736,4,SKU-0038,Material COC 5 EF,257,197,60,2023-06-13,O,80.02,20565.14
737,0,SKU-0010,Material COC 6 EF,157,129,28,2023-07-06,O,82.3,12921.1
737,1,SKU-0027,Material PGS 5 EF,245,66,179,2023-07-03,O,58.67,14374.15
737,2,SKU-0037,Material SAE 6 EF,132,95,37,2023-08-14,O,232.9,30742.8
737,3,SKU-0007,Material SAE 1 EM,199,165,34,2023-08-09,O,144.19,28693.81
738,0,SKU-0029,Material PGS 1 EF,227,37,190,2022-03-28,O,90.91,20636.57
738,1,SKU-0004,Material PGS 2 EF,113,19,94,2022-03-29,O,290.7,32849.1
739,0,SKU-0046,Material NSE 2 EM,35,20,15,2022-07-31,O,236.31,8270.85
740,0,SKU-0039,Material NSE 7 EF,149,117,32,2024-03-12,O,184.51,27491.99
740,1,SKU-0041,Material COC 1 EM,254,168,86,2024-03-19,O,238.8,60655.2
740,2,SKU-0029,Material PGS 9 EF,113,25,88,2024-03-17,O,74.86,8459.18
740,3,SKU-0034,Material COC 6 EF,272,204,68,2024-03-04,O,182.64,49678.08
741,0,SKU-0028,Material NSE 2 EF,72,26,46,2024-06-20,O,263.75,18990.0
741,1,SKU-0003,Material PGS 2 EM,203,190,13,2024-05-25,O,89.85,18239.55
741,2,SKU-0024,Material COC 2 EF,130,125,5,2024-05-30,O,225.17,29272.1
741,3,SKU-0039,Material PGS 1 EF,277,311,0,2024-06-01,C,278.6,77172.2
741,4,SKU-0054,Material NSE 3 EM,110,37,73,2024-05-27,O,186.39,20502.9
742,0,SKU-0010,Material PGS 2 EM,39,29,10,2025-06-06,O,299.33,11673.87
742,1,SKU-0029,Material PGS 3 EM,232,22,210,2025-05-31,O,145.87,33841.84
742,2,SKU-0043,Material COC 3 EM,237,137,100,2025-06-23,O,289.31,68566.47
743,0,SKU-0042,Material NSE 8 EF,256,34,222,2022-07-23,O,32.71,8373.76
743,1,SKU-0037,Material COC 4 EF,145,128,17,2022-08-04,O,180.76,26210.2
743,2,SKU-0043,Material PGS 3 EF,26,22,4,2022-07-16,O,98.58,2563.08
743,3,SKU-0016,Material COC 5 EF,141,30,111,2022-06-18,O,218.57,30818.37
743,4,SKU-0007,Material NSE 9 EF,294,255,39,2022-06-27,O,129.07,37946.58
744,0,SKU-0014,Material COC 1 EM,66,52,14,2023-02-27,O,130.17,8591.22
744,1,SKU-0012,Material SAE 8 EF,164,180,0,2023-02-02,C,292.09,47902.76
744,2,SKU-0049,Material COC 7 EF,216,153,63,2023-02-14,O,117.51,25382.16
745,0,SKU-0044,Material SAE 4 EF,175,119,56,2022-05-12,O,174.77,30584.75
745,1,SKU-0051,Material Isaac 1 EF,270,181,89,2022-06-06,O,236.94,63973.8
745,2,SKU-0018,Material SAE 3 EM,271,82,189,2022-06-23,O,215.24,58330.04
745,3,SKU-0020,Material NSE 8 EF,18,2,16,2022-05-21,O,192.58,3466.44
745,4,SKU-0015,Material SAE 6 EF,124,77,47,2022-06-04,O,124.92,15490.08
746,0,SKU-0046,Material Isaac 8 EF,205,158,47,2023-02-05,O,129.69,26586.45
746,1,SKU-0011,Material COC 3 EM,265,227,38,2023-01-29,O,59.88,15868.2
747,0,SKU-0049,Material SAE 4 EF,167,96,71,2022-06-12,O,208.99,34901.33
747,1,SKU-0009,Material PGS 6 EF,131,2,129,2022-05-06,O,159.1,20842.1
747,2,SKU-0040,Material PGS 3 EM,40,30,10,2022-05-23,O,245.38,9815.2
747,3,SKU-0058,Material SAE 2 EF,233,62,171,2022-05-31,O,213.73,49799.09
748,0,SKU-0044,Material Isaac 2 EF,193,141,52,2022-08-01,O,201.74,38935.82
748,1,SKU-0057,Material Isaac 8 EF,232,223,9,2022-07-12,O,63.38,14704.16
748,2,SKU-0055,Material NSE 2 EM,185,13,172,2022-07-09,O,132.71,24551.35
749,0,SKU-0038,Material COC 3 EF,188,88,100,2024-02-15,O,81.33,15290.04
750,0,SKU-0012,Material COC 2 EF,141,111,30,2023-10-01,O,71.17,10034.97
750,1,SKU-0050,Material Isaac 4 EF,165,137,28,2023-10-19,O,106.56,17582.4
750,2,SKU-0013,Material COC 1 EF,201,114,87,2023-10-05,O,177.92,35761.92
751,0,SKU-0059,Material Isaac 8 EF,292,222,70,2025-08-02,O,111.6,32587.2
751,1,SKU-0005,Material Isaac 7 EF,16,13,3,2025-08-03,O,123.41,1974.56
752,0,SKU-0009,Material NSE 8 EF,220,166,54,2026-02-18,O,37.84,8324.8
752,1,SKU-0030,Material COC 1 EF,159,128,31,2026-02-09,O,51.66,8213.94
753,0,SKU-0009,Material NSE 8 EF,127,37,90,2023-01-26,O,97.11,12332.97
753,1,SKU-0016,Material Isaac 2 EM,275,203,72,2023-01-30,O,161.49,44409.75
753,2,SKU-0033,Material SAE 1 EF,105,7,98,2023-02-14,O,60.46,6348.3
753,3,SKU-0048,Material Isaac 1 EM,174,13,161,2023-02-26,O,281.99,49066.26
754,0,SKU-0035,Material SAE 3 EM,86,6,80,2025-11-28,O,216.47,18616.42
755,0,SKU-0005,Material NSE 5 EF,300,134,166,2026-01-11,O,282.01,84603.0
755,1,SKU-0054,Material PGS 6 EF,149,61,88,2026-01-06,O,284.25,42353.25
755,2,SKU-0032,Material Isaac 2 EM,167,159,8,2026-01-21,O,72.29,12072.43
755,3,SKU-0003,Material SAE 7 EF,200,117,83,2025-12-22,O,168.26,33652.0
755,4,SKU-0004,Material SAE 7 EF,204,7,197,2026-01-22,O,279.45,57007.8
756,0,SKU-0055,Material Isaac 3 EF,168,100,68,2025-12-25,O,121.0,20328.0
757,0,SKU-0025,Material PGS 1 EF,181,101,80,2024-12-17,O,124.99,22623.19
757,1,SKU-0033,Material SAE 2 EM,194,217,0,2024-12-16,C,25.83,5011.02
758,0,SKU-0014,Material PGS 1 EM,244,124,120,2025-10-07,O,269.57,65775.08
758,1,SKU-0030,Material COC 1 EM,137,78,59,2025-10-04,O,94.63,12964.31
758,2,SKU-0051,Material NSE 3 EM,31,20,11,2025-09-12,O,43.14,1337.34
759,0,SKU-0059,Material SAE 8 EF,19,0,19,2024-10-31,O,147.56,2803.64
759,1,SKU-0042,Material COC 3 EF,46,19,27,2024-11-03,O,90.33,4155.18
759,2,SKU-0028,Material PGS 2 EM,51,40,11,2024-11-29,O,33.77,1722.27
759,3,SKU-0060,Material NSE 2 EF,78,57,21,2024-11-04,O,297.77,23226.06
760,0,SKU-0017,Material SAE 3 EF,137,172,0,2025-08-15,C,47.37,6489.69
760,1,SKU-0014,Material COC 3 EM,137,3,134,2025-08-13,O,106.43,14580.91
761,0,SKU-0026,Material NSE 7 EF,273,78,195,2022-04-06,O,136.72,37324.56
761,1,SKU-0022,Material NSE 1 EF,221,8,213,2022-04-30,O,204.35,45161.35
762,0,SKU-0059,Material COC 9 EF,35,35,0,2025-03-31,C,204.13,7144.55
763,0,SKU-0055,Material SAE 5 EF,177,95,82,2023-11-23,O,275.6,48781.2
764,0,SKU-0036,Material Isaac 8 EF,288,170,118,2022-04-08,O,171.33,49343.04
764,1,SKU-0040,Material Isaac 5 EF,242,233,9,2022-04-24,O,244.06,59062.52
765,0,SKU-0054,Material Isaac 5 EF,276,58,218,2024-10-06,O,207.52,57275.52
765,1,SKU-0022,Material SAE 2 EF,148,23,125,2024-10-22,O,204.19,30220.12
765,2,SKU-0027,Material COC 7 EF,242,0,242,2024-10-10,O,277.24,67092.08
765,3,SKU-0051,Material SAE 2 EM,210,141,69,2024-10-07,O,101.34,21281.4
765,4,SKU-0032,Material PGS 7 EF,180,162,18,2024-10-27,O,131.73,23711.4
766,0,SKU-0011,Material COC 5 EF,194,90,104,2025-09-10,O,187.87,36446.78
766,1,SKU-0036,Material Isaac 7 EF,154,33,121,2025-08-16,O,270.34,41632.36
766,2,SKU-0020,Material NSE 2 EM,102,54,48,2025-08-19,O,162.9,16615.8
766,3,SKU-0057,Material COC 9 EF,65,50,15,2025-08-08,O,107.37,6979.05
767,0,SKU-0043,Material SAE 4 EF,129,85,44,2023-12-20,O,283.33,36549.57
767,1,SKU-0005,Material COC 6 EF,112,46,66,2023-11-21,O,196.39,21995.68
767,2,SKU-0011,Material PGS 9 EF,230,27,203,2023-12-14,O,271.07,62346.1
767,3,SKU-0054,Material NSE 4 EF,158,76,82,2023-12-05,O,147.75,23344.5
767,4,SKU-0057,Material Isaac 8 EF,238,44,194,2023-11-30,O,235.55,56060.9
768,0,SKU-0011,Material SAE 9 EF,48,26,22,2024-04-05,O,64.93,3116.64
768,1,SKU-0008,Material COC 2 EM,289,267,22,2024-03-18,O,205.23,59311.47
768,2,SKU-0029,Material SAE 8 EF,170,126,44,2024-03-20,O,24.23,4119.1
768,3,SKU-0010,Material NSE 2 EM,150,179,0,2024-03-13,C,190.82,28623.0
769,0,SKU-0032,Material NSE 1 EM,63,44,19,2022-05-24,O,115.63,7284.69
769,1,SKU-0017,Material COC 6 EF,38,32,6,2022-05-13,O,227.42,8641.96
769,2,SKU-0022,Material SAE 2 EF,73,4,69,2022-06-05,O,108.55,7924.15
769,3,SKU-0028,Material COC 5 EF,74,47,27,2022-05-06,O,163.88,12127.12
770,0,SKU-0029,Material Isaac 2 EM,138,166,0,2022-09-17,C,44.4,6127.2
770,1,SKU-0014,Material COC 8 EF,204,30,174,2022-08-18,O,105.66,21554.64
770,2,SKU-0025,Material NSE 2 EF,188,5,183,2022-08-05,O,249.32,46872.16
770,3,SKU-0020,Material Isaac 6 EF,151,27,124,2022-08-23,O,211.77,31977.27
770,4,SKU-0034,Material SAE 1 EF,252,121,131,2022-08-26,O,270.76,68231.52
771,0,SKU-0005,Material Isaac 1 EM,55,4,51,2022-08-02,O,157.59,8667.45
771,1,SKU-0007,Material SAE 6 EF,12,9,3,2022-07-16,O,154.94,1859.28
771,2,SKU-0055,Material SAE 6 EF,62,22,40,2022-06-29,O,98.34,6097.08
771,3,SKU-0025,Material NSE 1 EF,282,277,5,2022-07-24,O,260.09,73345.38
771,4,SKU-0055,Material NSE 1 EF,249,100,149,2022-07-20,O,223.41,55629.09
772,0,SKU-0025,Material NSE 5 EF,141,133,8,2025-01-15,O,267.77,37755.57
772,1,SKU-0013,Material Isaac 1 EM,281,239,42,2025-01-27,O,67.57,18987.17
772,2,SKU-0060,Material PGS 5 EF,26,0,26,2025-02-01,O,107.28,2789.28
772,3,SKU-0025,Material Isaac 5 EF,138,60,78,2024-12-14,O,205.64,28378.32
772,4,SKU-0004,Material NSE 2 EF,193,31,162,2025-01-25,O,190.86,36835.98
773,0,SKU-0041,Material PGS 4 EF,255,27,228,2022-09-18,O,69.66,17763.3
773,1,SKU-0051,Material PGS 4 EF,81,58,23,2022-09-28,O,66.57,5392.17
773,2,SKU-0014,Material COC 2 EM,228,82,146,2022-09-20,O,93.28,21267.84
773,3,SKU-0030,Material COC 6 EF,207,84,123,2022-10-24,O,33.46,6926.22
773,4,SKU-0053,Material SAE 5 EF,117,18,99,2022-09-27,O,137.13,16044.21
774,0,SKU-0014,Material NSE 8 EF,115,101,14,2025-06-17,O,116.31,13375.65
774,1,SKU-0044,Material SAE 1 EM,107,107,0,2025-05-23,C,47.03,5032.21
774,2,SKU-0053,Material Isaac 3 EM,232,107,125,2025-05-03,O,197.37,45789.84
774,3,SKU-0030,Material SAE 1 EF,23,19,4,2025-06-14,O,148.35,3412.05
774,4,SKU-0059,Material PGS 5 EF,170,167,3,2025-06-13,O,87.86,14936.2
775,0,SKU-0024,Material PGS 5 EF,45,5,40,2023-05-22,O,76.03,3421.35
776,0,SKU-0003,Material PGS 3 EF,90,36,54,2024-04-28,O,139.84,12585.6
777,0,SKU-0055,Material PGS 1 EM,103,66,37,2025-10-16,O,77.02,7933.06
777,1,SKU-0020,Material SAE 9 EF,106,76,30,2025-10-20,O,278.66,29537.96
777,2,SKU-0018,Material PGS 6 EF,299,166,133,2025-10-04,O,199.47,59641.53
777,3,SKU-0026,Material SAE 6 EF,100,79,21,2025-10-28,O,148.36,14836.0
777,4,SKU-0044,Material NSE 2 EM,62,54,8,2025-11-18,O,246.88,15306.56
778,0,SKU-0028,Material SAE 8 EF,233,48,185,2022-09-21,O,157.33,36657.89
778,1,SKU-0041,Material Isaac 4 EF,39,0,39,2022-08-30,O,66.94,2610.66
778,2,SKU-0032,Material SAE 4 EF,124,119,5,2022-10-08,O,290.37,36005.88
779,0,SKU-0053,Material SAE 5 EF,101,36,65,2024-07-20,O,163.17,16480.17
779,1,SKU-0034,Material COC 1 EM,179,116,63,2024-06-21,O,177.89,31842.31
779,2,SKU-0024,Material COC 6 EF,227,51,176,2024-07-08,O,214.08,48596.16
780,0,SKU-0045,Material COC 6 EF,120,109,11,2023-08-16,O,282.71,33925.2
780,1,SKU-0044,Material SAE 7 EF,98,45,53,2023-08-08,O,157.25,15410.5
780,2,SKU-0035,Material NSE 2 EM,225,5,220,2023-09-23,O,141.11,31749.75
781,0,SKU-0023,Material PGS 6 EF,87,32,55,2022-12-07,O,48.56,4224.72
781,1,SKU-0059,Material Isaac 1 EF,222,4,218,2022-12-11,O,33.0,7326.0
781,2,SKU-0046,Material COC 4 EF,119,20,99,2022-11-18,O,269.24,32039.56
781,3,SKU-0053,Material PGS 1 EM,183,27,156,2022-11-18,O,47.03,8606.49
781,4,SKU-0059,Material SAE 2 EF,272,97,175,2022-11-16,O,175.54,47746.88
782,0,SKU-0027,Material COC 2 EF,74,52,22,2026-01-16,O,195.81,14489.94
782,1,SKU-0042,Material Isaac 5 EF,161,51,110,2026-02-01,O,49.79,8016.19
782,2,SKU-0056,Material PGS 8 EF,174,158,16,2026-01-27,O,156.78,27279.72
783,0,SKU-0023,Material NSE 2 EF,266,40,226,2023-09-12,O,54.9,14603.4
783,1,SKU-0059,Material COC 3 EM,116,68,48,2023-08-19,O,72.14,8368.24
783,2,SKU-0040,Material Isaac 4 EF,211,90,121,2023-09-19,O,95.24,20095.64
783,3,SKU-0013,Material Isaac 1 EF,108,105,3,2023-09-16,O,177.54,19174.32
783,4,SKU-0013,Material NSE 2 EF,184,145,39,2023-08-29,O,89.26,16423.84
784,0,SKU-0036,Material PGS 7 EF,160,35,125,2023-12-02,O,290.77,46523.2
784,1,SKU-0022,Material PGS 5 EF,92,0,92,2023-11-14,O,266.08,24479.36
784,2,SKU-0040,Material NSE 9 EF,21,18,3,2023-11-17,O,24.07,505.47
785,0,SKU-0001,Material PGS 3 EM,270,40,230,2024-05-30,O,222.79,60153.3
785,1,SKU-0039,Material NSE 4 EF,297,291,6,2024-05-17,O,179.46,53299.62
785,2,SKU-0036,Material PGS 5 EF,278,63,215,2024-06-01,O,179.08,49784.24
785,3,SKU-0045,Material Isaac 1 EF,209,60,149,2024-06-03,O,43.37,9064.33
786,0,SKU-0059,Material SAE 9 EF,158,86,72,2024-07-08,O,158.44,25033.52
786,1,SKU-0013,Material COC 8 EF,212,115,97,2024-07-14,O,113.31,24021.72
787,0,SKU-0028,Material NSE 7 EF,76,75,1,2024-12-16,O,132.51,10070.76
788,0,SKU-0006,Material PGS 3 EF,198,190,8,2022-07-22,O,79.51,15742.98
788,1,SKU-0056,Material Isaac 5 EF,44,42,2,2022-08-18,O,133.43,5870.92
788,2,SKU-0026,Material SAE 2 EM,139,52,87,2022-08-24,O,191.82,26662.98
788,3,SKU-0029,Material PGS 2 EF,158,20,138,2022-07-06,O,115.18,18198.44
788,4,SKU-0030,Material SAE 1 EM,33,3,30,2022-08-16,O,236.31,7798.23
789,0,SKU-0029,Material NSE 4 EF,31,21,10,2022-12-08,O,127.25,3944.75
789,1,SKU-0011,Material COC 2 EF,179,76,103,2022-11-16,O,91.64,16403.56
789,2,SKU-0011,Material SAE 3 EM,144,85,59,2022-11-13,O,227.7,32788.8
789,3,SKU-0049,Material Isaac 1 EM,290,217,73,2022-11-11,O,199.96,57988.4
790,0,SKU-0056,Material NSE 1 EM,65,34,31,2024-09-22,O,202.92,13189.8
790,1,SKU-0001,Material SAE 1 EF,69,38,31,2024-11-05,O,49.07,3385.83
790,2,SKU-0018,Material PGS 2 EM,295,40,255,2024-11-03,O,87.8,25901.0
790,3,SKU-0017,Material Isaac 3 EF,149,102,47,2024-10-03,O,239.41,35672.09
790,4,SKU-0045,Material SAE 3 EM,97,38,59,2024-10-17,O,57.98,5624.06
791,0,SKU-0026,Material Isaac 5 EF,101,27,74,2025-09-07,O,279.89,28268.89
791,1,SKU-0046,Material SAE 3 EF,74,68,6,2025-08-05,O,146.99,10877.26
792,0,SKU-0049,Material COC 8 EF,131,102,29,2023-12-28,O,202.38,26511.78
792,1,SKU-0036,Material NSE 2 EF,231,45,186,2023-11-26,O,179.15,41383.65
792,2,SKU-0017,Material COC 9 EF,94,49,45,2023-12-19,O,54.42,5115.48
793,0,SKU-0030,Material NSE 3 EM,259,260,0,2023-12-18,C,233.32,60429.88
794,0,SKU-0044,Material SAE 1 EM,232,91,141,2024-10-05,O,252.69,58624.08
795,0,SKU-0029,Material Isaac 3 EF,48,41,7,2024-04-12,O,86.01,4128.48
796,0,SKU-0025,Material Isaac 5 EF,114,76,38,2025-08-16,O,20.48,2334.72
796,1,SKU-0012,Material SAE 4 EF,130,122,8,2025-08-08,O,174.1,22633.0
796,2,SKU-0021,Material COC 4 EF,249,35,214,2025-07-19,O,211.7,52713.3
797,0,SKU-0037,Material PGS 5 EF,22,34,0,2024-02-02,C,286.3,6298.6
797,1,SKU-0058,Material COC 2 EF,237,234,3,2024-01-16,O,73.44,17405.28
798,0,SKU-0019,Material NSE 3 EM,192,106,86,2022-08-13,O,83.5,16032.0
799,0,SKU-0024,Material SAE 4 EF,90,83,7,2023-09-20,O,75.3,6777.0
799,1,SKU-0042,Material SAE 3 EM,19,19,0,2023-08-25,C,299.11,5683.09
799,2,SKU-0013,Material PGS 7 EF,70,45,25,2023-09-17,O,199.37,13955.9
800,0,SKU-0046,Material COC 6 EF,55,19,36,2024-01-10,O,266.87,14677.85
800,1,SKU-0033,Material COC 4 EF,52,19,33,2024-01-04,O,67.25,3497.0
800,2,SKU-0021,Material COC 3 EM,81,27,54,2024-01-03,O,163.22,13220.82
800,3,SKU-0039,Material PGS 6 EF,238,145,93,2023-12-28,O,219.37,52210.06
801,0,SKU-0012,Material Isaac 2 EM,243,61,182,2022-07-11,O,81.94,19911.42
801,1,SKU-0028,Material SAE 2 EF,264,308,0,2022-06-24,C,102.38,27028.32
801,2,SKU-0003,Material COC 5 EF,83,82,1,2022-06-04,O,110.57,9177.31
801,3,SKU-0029,Material SAE 1 EF,143,128,15,2022-06-13,O,22.34,3194.62
802,0,SKU-0013,Material SAE 1 EM,214,127,87,2025-07-11,O,25.86,5534.04
803,0,SKU-0025,Material NSE 2 EM,139,4,135,2025-12-02,O,116.95,16256.05
804,0,SKU-0060,Material COC 3 EM,112,52,60,2024-03-16,O,66.8,7481.6
804,1,SKU-0019,Material COC 7 EF,47,25,22,2024-03-13,O,211.58,9944.26
804,2,SKU-0031,Material SAE 7 EF,259,246,13,2024-04-05,O,287.75,74527.25
804,3,SKU-0027,Material COC 1 EF,255,95,160,2024-03-21,O,186.84,47644.2
805,0,SKU-0036,Material NSE 3 EF,129,33,96,2025-10-01,O,192.21,24795.09
806,0,SKU-0031,Material Isaac 1 EM,241,283,0,2024-05-26,C,206.56,49780.96
807,0,SKU-0055,Material NSE 6 EF,207,154,53,2022-05-19,O,194.47,40255.29
807,1,SKU-0008,Material PGS 3 EM,71,58,13,2022-05-23,O,138.29,9818.59
807,2,SKU-0045,Material COC 7 EF,31,18,13,2022-06-07,O,285.59,8853.29
807,3,SKU-0033,Material PGS 1 EM,24,16,8,2022-05-12,O,255.39,6129.36
807,4,SKU-0049,Material Isaac 1 EM,170,18,152,2022-05-20,O,238.03,40465.1
808,0,SKU-0057,Material COC 3 EF,205,94,111,2024-01-28,O,67.52,13841.6
808,1,SKU-0059,Material NSE 9 EF,182,115,67,2024-01-22,O,187.75,34170.5
808,2,SKU-0013,Material Isaac 3 EM,181,11,170,2024-01-16,O,179.17,32429.77
808,3,SKU-0053,Material Isaac 2 EF,123,95,28,2024-01-19,O,226.28,27832.44
809,0,SKU-0042,Material COC 4 EF,35,13,22,2025-08-21,O,252.8,8848.0
809,1,SKU-0022,Material Isaac 3 EM,280,185,95,2025-09-29,O,180.52,50545.6
810,0,SKU-0013,Material Isaac 4 EF,88,4,84,2022-07-05,O,62.69,5516.72
810,1,SKU-0035,Material NSE 2 EM,134,38,96,2022-06-20,O,82.81,11096.54
811,0,SKU-0040,Material NSE 8 EF,44,7,37,2023-07-01,O,195.41,8598.04
811,1,SKU-0030,Material NSE 3 EF,250,62,188,2023-07-20,O,250.64,62660.0
811,2,SKU-0035,Material COC 4 EF,234,119,115,2023-07-10,O,294.48,68908.32
812,0,SKU-0038,Material PGS 7 EF,13,11,2,2025-09-18,O,71.06,923.78
812,1,SKU-0033,Material PGS 6 EF,178,65,113,2025-10-13,O,92.86,16529.08
812,2,SKU-0002,Material PGS 9 EF,245,6,239,2025-09-25,O,63.46,15547.7
812,3,SKU-0052,Material NSE 1 EM,43,43,0,2025-10-05,C,198.07,8517.01
813,0,SKU-0038,Material NSE 2 EF,268,72,196,2024-02-16,O,68.49,18355.32
814,0,SKU-0060,Material COC 1 EM,116,117,0,2024-11-08,C,96.07,11144.12
815,0,SKU-0049,Material Isaac 3 EM,158,148,10,2023-08-16,O,173.92,27479.36
816,0,SKU-0001,Material PGS 5 EF,220,49,171,2023-06-11,O,195.18,42939.6
816,1,SKU-0056,Material COC 8 EF,183,72,111,2023-06-28,O,86.93,15908.19
816,2,SKU-0057,Material Isaac 3 EF,59,37,22,2023-06-20,O,179.71,10602.89
816,3,SKU-0051,Material PGS 2 EF,276,135,141,2023-07-28,O,279.28,77081.28
817,0,SKU-0004,Material NSE 3 EM,119,52,67,2024-10-19,O,96.44,11476.36
817,1,SKU-0015,Material COC 4 EF,279,58,221,2024-11-18,O,202.47,56489.13
817,2,SKU-0048,Material SAE 8 EF,269,250,19,2024-10-08,O,294.1,79112.9
817,3,SKU-0011,Material COC 7 EF,160,62,98,2024-11-07,O,135.06,21609.6
818,0,SKU-0057,Material NSE 4 EF,147,83,64,2023-04-07,O,120.83,17762.01
818,1,SKU-0034,Material Isaac 2 EF,279,220,59,2023-04-13,O,108.15,30173.85
818,2,SKU-0027,Material NSE 5 EF,220,198,22,2023-04-16,O,220.08,48417.6
819,0,SKU-0004,Material Isaac 1 EF,64,21,43,2024-04-28,O,274.98,17598.72
819,1,SKU-0034,Material SAE 2 EM,101,83,18,2024-03-22,O,283.17,28600.17
819,2,SKU-0059,Material Isaac 1 EF,71,70,1,2024-04-08,O,167.18,11869.78
819,3,SKU-0048,Material SAE 4 EF,58,2,56,2024-03-24,O,73.57,4267.06
820,0,SKU-0051,Material SAE 1 EF,213,130,83,2024-08-02,O,24.13,5139.69
820,1,SKU-0028,Material COC 2 EF,285,71,214,2024-08-09,O,87.85,25037.25
820,2,SKU-0029,Material Isaac 7 EF,214,97,117,2024-07-21,O,33.74,7220.36
821,0,SKU-0056,Material PGS 9 EF,102,81,21,2023-02-14,O,175.68,17919.36
821,1,SKU-0013,Material NSE 4 EF,245,139,106,2023-01-14,O,259.05,63467.25
821,2,SKU-0006,Material Isaac 2 EM,167,113,54,2023-02-26,O,32.8,5477.6
821,3,SKU-0012,Material NSE 3 EF,140,0,140,2023-02-19,O,175.33,24546.2
821,4,SKU-0054,Material NSE 3 EF,58,45,13,2023-01-15,O,215.23,12483.34
822,0,SKU-0018,Material SAE 5 EF,57,19,38,2023-06-26,O,85.54,4875.78
822,1,SKU-0010,Material SAE 1 EM,205,136,69,2023-06-19,O,184.84,37892.2
822,2,SKU-0002,Material Isaac 1 EM,221,148,73,2023-06-27,O,24.4,5392.4
823,0,SKU-0018,Material SAE 1 EF,224,186,38,2024-11-10,O,83.3,18659.2
823,1,SKU-0006,Material COC 2 EM,41,39,2,2024-10-26,O,45.0,1845.0
823,2,SKU-0025,Material Isaac 8 EF,32,28,4,2024-11-21,O,128.9,4124.8
823,3,SKU-0026,Material NSE 3 EM,12,1,11,2024-10-27,O,211.88,2542.56
824,0,SKU-0009,Material Isaac 1 EM,221,176,45,2022-11-13,O,208.83,46151.43
824,1,SKU-0059,Material Isaac 9 EF,277,271,6,2022-10-29,O,235.14,65133.78
824,2,SKU-0050,Material SAE 5 EF,64,50,14,2022-11-17,O,59.11,3783.04
825,0,SKU-0020,Material PGS 8 EF,38,28,10,2023-02-21,O,258.18,9810.84
825,1,SKU-0055,Material COC 2 EM,97,28,69,2023-04-02,O,179.8,17440.6
825,2,SKU-0001,Material SAE 1 EM,216,181,35,2023-03-21,O,40.83,8819.28
826,0,SKU-0040,Material Isaac 2 EF,66,20,46,2023-10-19,O,39.12,2581.92
826,1,SKU-0053,Material NSE 7 EF,234,205,29,2023-10-31,O,138.57,32425.38
826,2,SKU-0051,Material SAE 9 EF,134,34,100,2023-10-13,O,215.32,28852.88
827,0,SKU-0060,Material Isaac 5 EF,120,65,55,2023-10-31,O,223.46,26815.2
827,1,SKU-0053,Material COC 7 EF,256,187,69,2023-11-28,O,147.85,37849.6
827,2,SKU-0045,Material SAE 2 EF,172,88,84,2023-11-08,O,259.94,44709.68
827,3,SKU-0022,Material PGS 2 EF,229,99,130,2023-11-10,O,148.11,33917.19
827,4,SKU-0002,Material Isaac 9 EF,52,8,44,2023-10-17,O,282.42,14685.84
828,0,SKU-0037,Material PGS 8 EF,182,145,37,2025-10-21,O,234.26,42635.32
829,0,SKU-0056,Material SAE 3 EF,105,52,53,2025-08-01,O,121.23,12729.15
829,1,SKU-0046,Material COC 4 EF,186,20,166,2025-08-12,O,27.92,5193.12
829,2,SKU-0017,Material NSE 1 EF,187,155,32,2025-08-30,O,163.71,30613.77
829,3,SKU-0043,Material NSE 3 EM,274,258,16,2025-08-17,O,208.24,57057.76
829,4,SKU-0010,Material COC 1 EM,107,104,3,2025-08-06,O,77.16,8256.12
830,0,SKU-0008,Material Isaac 2 EF,263,111,152,2025-10-20,O,251.33,66099.79
830,1,SKU-0018,Material Isaac 1 EF,133,55,78,2025-10-12,O,178.23,23704.59
830,2,SKU-0054,Material NSE 2 EM,136,107,29,2025-11-03,O,175.16,23821.76
830,3,SKU-0028,Material SAE 3 EM,18,9,9,2025-10-14,O,265.18,4773.24
830,4,SKU-0003,Material NSE 1 EF,10,5,5,2025-11-09,O,173.51,1735.1
831,0,SKU-0048,Material NSE 1 EM,176,36,140,2025-01-29,O,276.78,48713.28
831,1,SKU-0005,Material NSE 1 EM,13,3,10,2025-01-11,O,189.3,2460.9
831,2,SKU-0057,Material SAE 9 EF,67,24,43,2025-02-04,O,166.07,11126.69
831,3,SKU-0027,Material Isaac 7 EF,286,68,218,2025-01-12,O,184.29,52706.94
831,4,SKU-0057,Material Isaac 8 EF,109,56,53,2025-01-28,O,290.69,31685.21
832,0,SKU-0037,Material SAE 2 EM,172,105,67,2023-01-31,O,278.42,47888.24
832,1,SKU-0018,Material NSE 2 EM,102,79,23,2022-12-23,O,120.1,12250.2
832,2,SKU-0041,Material SAE 2 EF,246,139,107,2023-02-01,O,44.62,10976.52
832,3,SKU-0053,Material PGS 1 EF,80,20,60,2023-02-05,O,144.5,11560.0
833,0,SKU-0022,Material Isaac 6 EF,29,25,4,2022-07-29,O,114.6,3323.4
833,1,SKU-0048,Material NSE 9 EF,230,75,155,2022-08-02,O,42.5,9775.0
833,2,SKU-0002,Material Isaac 4 EF,207,151,56,2022-08-13,O,123.04,25469.28
834,0,SKU-0029,Material SAE 3 EM,67,25,42,2025-08-03,O,149.16,9993.72
834,1,SKU-0018,Material NSE 2 EM,51,10,41,2025-07-02,O,48.35,2465.85
834,2,SKU-0048,Material COC 9 EF,285,108,177,2025-08-05,O,295.77,84294.45
834,3,SKU-0012,Material SAE 8 EF,48,19,29,2025-07-02,O,102.03,4897.44
834,4,SKU-0029,Material COC 4 EF,282,100,182,2025-08-20,O,120.16,33885.12
835,0,SKU-0043,Material NSE 1 EF,93,29,64,2024-02-26,O,33.28,3095.04
835,1,SKU-0033,Material SAE 4 EF,133,75,58,2024-03-02,O,131.1,17436.3
835,2,SKU-0039,Material SAE 5 EF,101,95,6,2024-02-14,O,262.28,26490.28
835,3,SKU-0046,Material COC 1 EF,208,26,182,2024-03-14,O,148.94,30979.52
836,0,SKU-0056,Material NSE 1 EM,299,293,6,2022-10-01,O,41.28,12342.72
836,1,SKU-0005,Material PGS 1 EF,266,142,124,2022-09-17,O,144.86,38532.76
836,2,SKU-0054,Material SAE 7 EF,200,192,8,2022-08-25,O,80.31,16062.0
836,3,SKU-0004,Material NSE 1 EF,93,88,5,2022-09-17,O,57.24,5323.32
837,0,SKU-0038,Material SAE 6 EF,279,309,0,2023-03-19,C,276.29,77084.91
837,1,SKU-0018,Material Isaac 6 EF,21,25,0,2023-03-19,C,91.91,1930.11
838,0,SKU-0058,Material COC 8 EF,205,10,195,2022-08-27,O,223.58,45833.9
838,1,SKU-0029,Material SAE 9 EF,200,47,153,2022-08-05,O,65.85,13170.0
838,2,SKU-0002,Material SAE 4 EF,300,287,13,2022-08-17,O,178.05,53415.0
838,3,SKU-0046,Material PGS 3 EM,245,293,0,2022-08-18,C,199.78,48946.1
839,0,SKU-0047,Material SAE 9 EF,243,171,72,2023-08-19,O,62.74,15245.82
840,0,SKU-0058,Material PGS 6 EF,108,18,90,2024-12-29,O,201.45,21756.6
840,1,SKU-0025,Material NSE 6 EF,225,156,69,2025-01-01,O,281.95,63438.75
840,2,SKU-0019,Material NSE 5 EF,114,35,79,2024-12-22,O,290.93,33166.02
840,3,SKU-0036,Material Isaac 8 EF,89,71,18,2025-01-22,O,162.32,14446.48
840,4,SKU-0028,Material SAE 9 EF,235,222,13,2025-01-24,O,281.89,66244.15
841,0,SKU-0050,Material NSE 3 EF,234,100,134,2023-03-30,O,122.67,28704.78
841,1,SKU-0035,Material COC 2 EM,151,145,6,2023-03-26,O,94.3,14239.3
841,2,SKU-0012,Material NSE 8 EF,296,46,250,2023-04-05,O,116.84,34584.64
842,0,SKU-0026,Material COC 5 EF,177,140,37,2024-09-25,O,154.55,27355.35
842,1,SKU-0029,Material SAE 8 EF,44,35,9,2024-09-26,O,206.24,9074.56
843,0,SKU-0002,Material COC 2 EF,110,84,26,2024-10-05,O,41.66,4582.6
843,1,SKU-0037,Material PGS 1 EF,278,91,187,2024-09-20,O,156.21,43426.38
843,2,SKU-0025,Material PGS 2 EM,219,129,90,2024-10-09,O,166.14,36384.66
843,3,SKU-0045,Material Isaac 2 EM,154,44,110,2024-08-20,O,112.54,17331.16
844,0,SKU-0053,Material Isaac 7 EF,250,75,175,2022-06-19,O,69.12,17280.0
844,1,SKU-0047,Material PGS 6 EF,117,52,65,2022-06-15,O,45.94,5374.98
844,2,SKU-0058,Material Isaac 2 EM,68,10,58,2022-06-02,O,37.83,2572.44
845,0,SKU-0040,Material Isaac 9 EF,276,256,20,2024-05-09,O,255.69,70570.44
845,1,SKU-0059,Material SAE 7 EF,230,109,121,2024-04-18,O,240.6,55338.0
846,0,SKU-0050,Material SAE 1 EM,37,6,31,2023-05-12,O,23.94,885.78
846,1,SKU-0058,Material SAE 6 EF,131,118,13,2023-04-13,O,49.96,6544.76
846,2,SKU-0017,Material PGS 6 EF,94,39,55,2023-04-15,O,226.63,21303.22
846,3,SKU-0046,Material PGS 9 EF,181,168,13,2023-05-28,O,188.31,34084.11
847,0,SKU-0009,Material Isaac 3 EF,110,14,96,2025-10-06,O,172.04,18924.4
847,1,SKU-0014,Material Isaac 9 EF,91,59,32,2025-10-27,O,54.81,4987.71
847,2,SKU-0034,Material Isaac 1 EF,35,5,30,2025-10-29,O,97.85,3424.75
847,3,SKU-0044,Material PGS 4 EF,283,161,122,2025-10-03,O,120.77,34177.91
848,0,SKU-0005,Material COC 3 EF,120,23,97,2023-11-17,O,267.37,32084.4
848,1,SKU-0038,Material SAE 1 EM,43,40,3,2023-11-18,O,136.45,5867.35
848,2,SKU-0018,Material PGS 1 EM,274,262,12,2023-12-14,O,22.78,6241.72
849,0,SKU-0049,Material SAE 7 EF,264,232,32,2025-04-10,O,162.93,43013.52
849,1,SKU-0041,Material COC 5 EF,82,82,0,2025-04-02,C,150.55,12345.1
849,2,SKU-0037,Material NSE 1 EM,163,156,7,2025-04-23,O,97.45,15884.35
849,3,SKU-0002,Material NSE 5 EF,24,12,12,2025-04-15,O,280.4,6729.6
849,4,SKU-0010,Material PGS 5 EF,249,249,0,2025-03-24,C,248.59,61898.91
850,0,SKU-0032,Material COC 5 EF,179,136,43,2025-11-02,O,185.27,33163.33
850,1,SKU-0047,Material NSE 2 EM,147,99,48,2025-10-12,O,42.99,6319.53
850,2,SKU-0030,Material SAE 1 EM,153,10,143,2025-11-03,O,285.12,43623.36
850,3,SKU-0044,Material Isaac 3 EF,135,11,124,2025-11-03,O,164.39,22192.65
851,0,SKU-0007,Material COC 2 EM,29,24,5,2022-08-07,O,115.55,3350.95
851,1,SKU-0003,Material SAE 5 EF,269,107,162,2022-08-27,O,162.7,43766.3
852,0,SKU-0001,Material NSE 8 EF,208,42,166,2023-01-18,O,156.8,32614.4
853,0,SKU-0014,Material COC 3 EF,253,157,96,2023-12-13,O,230.25,58253.25
853,1,SKU-0030,Material NSE 3 EM,230,246,0,2023-12-28,C,232.84,53553.2
853,2,SKU-0057,Material NSE 5 EF,156,109,47,2024-01-08,O,287.44,44840.64
853,3,SKU-0004,Material COC 3 EF,226,162,64,2023-12-24,O,41.74,9433.24
854,0,SKU-0046,Material PGS 8 EF,128,90,38,2022-03-19,O,87.96,11258.88
854,1,SKU-0012,Material Isaac 1 EM,130,91,39,2022-04-07,O,116.0,15080.0
855,0,SKU-0018,Material COC 2 EF,152,107,45,2024-03-08,O,61.59,9361.68
855,1,SKU-0024,Material NSE 9 EF,79,10,69,2024-02-12,O,119.6,9448.4
855,2,SKU-0031,Material NSE 2 EF,276,86,190,2024-03-18,O,77.68,21439.68
855,3,SKU-0027,Material PGS 1 EF,146,84,62,2024-03-03,O,25.81,3768.26
856,0,SKU-0046,Material SAE 5 EF,265,95,170,2023-11-29,O,91.02,24120.3
856,1,SKU-0015,Material Isaac 6 EF,250,154,96,2023-12-08,O,39.43,9857.5
856,2,SKU-0044,Material Isaac 3 EF,222,213,9,2023-12-11,O,79.05,17549.1
856,3,SKU-0052,Material PGS 4 EF,162,75,87,2023-11-30,O,188.39,30519.18
857,0,SKU-0014,Material Isaac 1 EF,153,135,18,2026-01-13,O,123.93,18961.29
857,1,SKU-0033,Material PGS 3 EF,17,11,6,2026-01-30,O,210.2,3573.4
857,2,SKU-0023,Material Isaac 3 EF,203,47,156,2026-02-08,O,244.81,49696.43
857,3,SKU-0008,Material Isaac 3 EF,261,79,182,2026-01-19,O,105.59,27558.99
857,4,SKU-0034,Material NSE 1 EF,130,112,18,2026-01-05,O,280.22,36428.6
858,0,SKU-0046,Material SAE 1 EM,137,106,31,2025-03-15,O,269.44,36913.28
858,1,SKU-0001,Material Isaac 1 EM,262,160,102,2025-03-05,O,218.92,57357.04
858,2,SKU-0043,Material COC 6 EF,217,209,8,2025-02-13,O,81.78,17746.26
858,3,SKU-0012,Material Isaac 2 EF,221,148,73,2025-02-17,O,240.7,53194.7
859,0,SKU-0056,Material COC 3 EF,270,22,248,2025-04-18,O,31.22,8429.4
860,0,SKU-0035,Material NSE 4 EF,38,8,30,2026-01-29,O,66.71,2534.98
860,1,SKU-0002,Material SAE 7 EF,193,12,181,2026-01-15,O,179.95,34730.35
861,0,SKU-0019,Material PGS 9 EF,46,7,39,2025-03-29,O,262.06,12054.76
861,1,SKU-0040,Material Isaac 2 EF,102,59,43,2025-04-20,O,271.14,27656.28
861,2,SKU-0021,Material Isaac 3 EM,259,22,237,2025-05-18,O,129.81,33620.79
861,3,SKU-0030,Material PGS 1 EF,216,161,55,2025-05-14,O,160.74,34719.84
862,0,SKU-0016,Material SAE 1 EF,248,50,198,2023-05-07,O,138.92,34452.16
862,1,SKU-0013,Material COC 3 EM,88,43,45,2023-04-30,O,130.3,11466.4
863,0,SKU-0018,Material Isaac 2 EM,41,22,19,2024-08-05,O,256.41,10512.81
863,1,SKU-0048,Material SAE 7 EF,228,65,163,2024-09-14,O,234.64,53497.92
863,2,SKU-0050,Material SAE 7 EF,163,106,57,2024-08-20,O,150.71,24565.73
863,3,SKU-0001,Material Isaac 3 EM,71,64,7,2024-08-15,O,22.34,1586.14
864,0,SKU-0033,Material SAE 8 EF,118,56,62,2023-11-22,O,73.58,8682.44
865,0,SKU-0013,Material COC 3 EF,18,7,11,2025-09-12,O,247.28,4451.04
866,0,SKU-0050,Material COC 2 EM,287,114,173,2024-08-22,O,139.7,40093.9
866,1,SKU-0022,Material Isaac 2 EF,82,26,56,2024-09-07,O,85.89,7042.98
866,2,SKU-0030,Material NSE 7 EF,185,120,65,2024-08-23,O,133.36,24671.6
867,0,SKU-0057,Material SAE 1 EM,50,41,9,2023-08-12,O,30.01,1500.5
867,1,SKU-0011,Material SAE 8 EF,54,7,47,2023-09-11,O,271.22,14645.88
867,2,SKU-0037,Material Isaac 5 EF,132,52,80,2023-08-28,O,162.3,21423.6
867,3,SKU-0059,Material COC 2 EF,38,37,1,2023-09-19,O,209.03,7943.14
868,0,SKU-0002,Material NSE 8 EF,187,173,14,2025-02-25,O,33.4,6245.8
868,1,SKU-0045,Material COC 2 EF,199,86,113,2025-02-21,O,111.98,22284.02
868,2,SKU-0009,Material COC 8 EF,270,114,156,2025-03-11,O,222.89,60180.3
869,0,SKU-0041,Material SAE 1 EF,285,131,154,2025-05-14,O,170.08,48472.8
870,0,SKU-0046,Material SAE 2 EF,111,11,100,2024-10-13,O,161.83,17963.13
871,0,SKU-0048,Material SAE 6 EF,168,57,111,2024-08-22,O,286.31,48100.08
871,1,SKU-0054,Material PGS 2 EM,242,120,122,2024-09-09,O,89.89,21753.38
871,2,SKU-0003,Material SAE 5 EF,29,13,16,2024-09-04,O,73.93,2143.97
871,3,SKU-0006,Material Isaac 9 EF,299,94,205,2024-09-11,O,181.73,54337.27
871,4,SKU-0030,Material SAE 7 EF,89,21,68,2024-09-22,O,201.45,17929.05
872,0,SKU-0028,Material NSE 7 EF,10,0,10,2024-12-03,O,52.43,524.3
872,1,SKU-0054,Material Isaac 2 EF,15,11,4,2024-12-08,O,132.82,1992.3
872,2,SKU-0031,Material SAE 9 EF,294,66,228,2024-11-19,O,217.72,64009.68
872,3,SKU-0002,Material NSE 8 EF,230,92,138,2024-12-19,O,246.49,56692.7
872,4,SKU-0008,Material SAE 1 EM,174,50,124,2024-12-28,O,125.68,21868.32
873,0,SKU-0044,Material PGS 2 EF,266,208,58,2025-12-21,O,46.44,12353.04
873,1,SKU-0017,Material SAE 2 EM,253,101,152,2025-12-18,O,140.95,35660.35
874,0,SKU-0002,Material PGS 1 EM,205,170,35,2024-04-09,O,67.48,13833.4
874,1,SKU-0004,Material Isaac 4 EF,88,43,45,2024-03-30,O,236.66,20826.08
874,2,SKU-0050,Material PGS 6 EF,189,169,20,2024-04-10,O,218.23,41245.47
875,0,SKU-0055,Material Isaac 9 EF,135,74,61,2025-03-17,O,47.12,6361.2
875,1,SKU-0059,Material NSE 4 EF,275,119,156,2025-02-24,O,294.68,81037.0
875,2,SKU-0029,Material COC 8 EF,53,53,0,2025-03-26,C,272.87,14462.11
875,3,SKU-0038,Material COC 3 EF,236,53,183,2025-02-24,O,33.18,7830.48
876,0,SKU-0006,Material PGS 8 EF,50,5,45,2024-07-22,O,205.4,10270.0
876,1,SKU-0004,Material PGS 4 EF,58,14,44,2024-07-16,O,32.17,1865.86
876,2,SKU-0017,Material Isaac 8 EF,233,79,154,2024-07-18,O,147.4,34344.2
876,3,SKU-0051,Material Isaac 1 EF,43,40,3,2024-07-31,O,21.61,929.23
876,4,SKU-0054,Material COC 3 EM,17,2,15,2024-07-12,O,86.86,1476.62
877,0,SKU-0001,Material Isaac 2 EF,151,150,1,2025-05-02,O,91.47,13811.97
878,0,SKU-0047,Material Isaac 1 EM,92,84,8,2024-02-22,O,176.4,16228.8
878,1,SKU-0016,Material PGS 3 EM,86,62,24,2024-01-22,O,94.64,8139.04
879,0,SKU-0048,Material SAE 7 EF,157,19,138,2025-10-12,O,224.8,35293.6
879,1,SKU-0041,Material NSE 3 EM,297,50,247,2025-10-02,O,273.07,81101.79
879,2,SKU-0029,Material SAE 8 EF,110,50,60,2025-09-30,O,193.89,21327.9
879,3,SKU-0048,Material Isaac 1 EM,32,6,26,2025-09-27,O,164.3,5257.6
880,0,SKU-0057,Material COC 3 EM,17,7,10,2025-05-16,O,284.07,4829.19
880,1,SKU-0041,Material NSE 7 EF,202,31,171,2025-06-07,O,151.63,30629.26
881,0,SKU-0038,Material Isaac 7 EF,46,25,21,2022-04-03,O,211.38,9723.48
881,1,SKU-0044,Material NSE 2 EM,300,234,66,2022-04-05,O,208.74,62622.0
881,2,SKU-0058,Material SAE 9 EF,227,96,131,2022-03-30,O,147.67,33521.09
881,3,SKU-0021,Material NSE 8 EF,227,152,75,2022-04-05,O,143.85,32653.95
881,4,SKU-0052,Material NSE 1 EF,261,109,152,2022-04-21,O,206.31,53846.91
882,0,SKU-0013,Material COC 8 EF,246,187,59,2024-01-11,O,166.85,41045.1
883,0,SKU-0045,Material Isaac 2 EM,124,35,89,2022-08-13,O,236.25,29295.0
883,1,SKU-0022,Material PGS 1 EF,99,71,28,2022-08-16,O,133.21,13187.79
884,0,SKU-0001,Material SAE 3 EF,135,94,41,2023-07-23,O,255.23,34456.05
884,1,SKU-0014,Material Isaac 2 EM,51,13,38,2023-07-15,O,38.68,1972.68
884,2,SKU-0011,Material NSE 9 EF,180,112,68,2023-08-19,O,176.93,31847.4
884,3,SKU-0023,Material SAE 8 EF,17,5,12,2023-08-13,O,203.84,3465.28
885,0,SKU-0053,Material Isaac 8 EF,121,66,55,2022-10-10,O,80.28,9713.88
885,1,SKU-0001,Material PGS 3 EF,45,43,2,2022-10-14,O,239.44,10774.8
885,2,SKU-0019,Material COC 5 EF,106,83,23,2022-09-11,O,116.82,12382.92
885,3,SKU-0055,Material PGS 1 EF,160,144,16,2022-10-07,O,106.88,17100.8
886,0,SKU-0046,Material PGS 3 EF,156,101,55,2025-01-30,O,54.73,8537.88
886,1,SKU-0017,Material COC 7 EF,160,80,80,2025-02-05,O,125.6,20096.0
886,2,SKU-0017,Material Isaac 7 EF,201,185,16,2025-01-02,O,291.58,58607.58
886,3,SKU-0001,Material NSE 1 EM,82,50,32,2025-01-28,O,69.98,5738.36
886,4,SKU-0057,Material COC 3 EF,204,170,34,2025-01-30,O,35.91,7325.64
887,0,SKU-0005,Material NSE 2 EF,200,101,99,2024-02-24,O,145.67,29134.0
888,0,SKU-0022,Material NSE 1 EM,248,28,220,2022-04-07,O,94.97,23552.56
888,1,SKU-0059,Material NSE 1 EM,91,5,86,2022-05-07,O,246.79,22457.89
888,2,SKU-0016,Material Isaac 9 EF,291,11,280,2022-04-16,O,68.29,19872.39
888,3,SKU-0025,Material Isaac 2 EM,213,8,205,2022-04-19,O,277.28,59060.64
888,4,SKU-0031,Material SAE 2 EF,56,18,38,2022-04-12,O,282.72,15832.32
889,0,SKU-0006,Material COC 4 EF,218,88,130,2024-10-14,O,104.01,22674.18
889,1,SKU-0027,Material SAE 3 EM,115,43,72,2024-10-14,O,184.36,21201.4
889,2,SKU-0045,Material COC 7 EF,54,26,28,2024-10-16,O,74.15,4004.1
890,0,SKU-0002,Material Isaac 8 EF,129,78,51,2025-06-08,O,131.89,17013.81
890,1,SKU-0021,Material Isaac 2 EF,160,83,77,2025-05-18,O,271.81,43489.6
891,0,SKU-0002,Material PGS 2 EM,54,14,40,2026-01-07,O,92.7,5005.8
891,1,SKU-0031,Material PGS 9 EF,232,216,16,2026-01-22,O,238.33,55292.56
891,2,SKU-0051,Material SAE 3 EF,60,13,47,2025-12-29,O,38.06,2283.6
891,3,SKU-0018,Material NSE 2 EF,150,70,80,2026-01-17,O,282.22,42333.0
891,4,SKU-0017,Material COC 6 EF,171,6,165,2026-01-18,O,24.85,4249.35
892,0,SKU-0039,Material SAE 2 EM,276,193,83,2023-01-14,O,187.6,51777.6
893,0,SKU-0006,Material Isaac 1 EF,196,52,144,2023-05-15,O,276.92,54276.32
893,1,SKU-0028,Material SAE 4 EF,163,149,14,2023-05-12,O,262.37,42766.31
893,2,SKU-0040,Material NSE 2 EF,274,241,33,2023-06-20,O,27.25,7466.5
893,3,SKU-0007,Material PGS 4 EF,91,46,45,2023-05-09,O,280.35,25511.85
894,0,SKU-0052,Material PGS 3 EF,300,77,223,2023-02-23,O,88.29,26487.0
894,1,SKU-0028,Material SAE 8 EF,172,56,116,2023-01-20,O,263.93,45395.96
895,0,SKU-0037,Material Isaac 3 EF,66,21,45,2022-12-23,O,102.06,6735.96
896,0,SKU-0016,Material NSE 2 EF,118,120,0,2025-01-27,C,68.49,8081.82
896,1,SKU-0027,Material PGS 1 EM,272,87,185,2025-01-17,O,121.94,33167.68
896,2,SKU-0037,Material PGS 1 EF,55,25,30,2025-01-07,O,210.96,11602.8
896,3,SKU-0040,Material COC 4 EF,261,43,218,2025-01-06,O,152.26,39739.86
896,4,SKU-0016,Material COC 6 EF,126,90,36,2025-01-20,O,178.2,22453.2
897,0,SKU-0046,Material NSE 8 EF,52,15,37,2023-08-07,O,140.9,7326.8
897,1,SKU-0002,Material SAE 3 EM,80,45,35,2023-08-29,O,252.11,20168.8
898,0,SKU-0049,Material PGS 9 EF,139,114,25,2024-02-20,O,159.0,22101.0
899,0,SKU-0042,Material COC 5 EF,282,275,7,2024-04-16,O,41.71,11762.22
899,1,SKU-0025,Material COC 1 EM,156,41,115,2024-04-11,O,132.05,20599.8
900,0,SKU-0056,Material PGS 4 EF,12,6,6,2024-12-26,O,99.76,1197.12
900,1,SKU-0009,Material SAE 3 EF,82,20,62,2024-11-28,O,273.74,22446.68
900,2,SKU-0026,Material NSE 3 EM,231,222,9,2024-12-20,O,223.01,51515.31
900,3,SKU-0009,Material NSE 8 EF,50,16,34,2024-11-21,O,102.21,5110.5
901,0,SKU-0019,Material Isaac 8 EF,153,1,152,2024-06-18,O,92.29,14120.37
901,1,SKU-0023,Material PGS 1 EM,227,69,158,2024-06-18,O,41.83,9495.41
901,2,SKU-0012,Material SAE 4 EF,163,8,155,2024-06-25,O,213.59,34815.17
901,3,SKU-0054,Material SAE 2 EM,100,80,20,2024-06-09,O,95.06,9506.0
901,4,SKU-0037,Material NSE 6 EF,285,142,143,2024-07-17,O,124.78,35562.3
902,0,SKU-0031,Material SAE 5 EF,12,10,2,2023-08-26,O,189.03,2268.36
902,1,SKU-0029,Material Isaac 7 EF,262,61,201,2023-08-29,O,110.23,28880.26
902,2,SKU-0046,Material PGS 3 EF,226,202,24,2023-08-27,O,20.15,4553.9
903,0,SKU-0008,Material SAE 1 EM,23,21,2,2025-04-11,O,144.19,3316.37
903,1,SKU-0017,Material NSE 3 EF,156,121,35,2025-03-24,O,98.89,15426.84
904,0,SKU-0044,Material COC 1 EF,69,66,3,2025-05-13,O,211.76,14611.44
904,1,SKU-0056,Material NSE 1 EF,175,140,35,2025-04-03,O,223.88,39179.0
904,2,SKU-0001,Material NSE 9 EF,270,242,28,2025-05-06,O,160.62,43367.4
904,3,SKU-0009,Material SAE 3 EF,273,87,186,2025-03-28,O,182.48,49817.04
905,0,SKU-0010,Material COC 2 EM,12,12,0,2025-04-19,C,96.65,1159.8
906,0,SKU-0011,Material PGS 1 EM,142,20,122,2025-05-07,O,33.9,4813.8
906,1,SKU-0006,Material Isaac 1 EF,76,74,2,2025-04-24,O,66.91,5085.16
906,2,SKU-0009,Material SAE 8 EF,95,76,19,2025-05-29,O,278.86,26491.7
907,0,SKU-0045,Material SAE 4 EF,272,126,146,2022-10-14,O,240.87,65516.64
907,1,SKU-0011,Material SAE 1 EF,96,4,92,2022-10-07,O,69.9,6710.4
907,2,SKU-0003,Material Isaac 4 EF,292,334,0,2022-10-22,C,152.61,44562.12
907,3,SKU-0023,Material Isaac 7 EF,256,53,203,2022-10-24,O,49.62,12702.72
907,4,SKU-0033,Material NSE 1 EM,287,150,137,2022-10-17,O,23.78,6824.86
908,0,SKU-0023,Material Isaac 3 EF,92,6,86,2022-03-25,O,111.44,10252.48
908,1,SKU-0003,Material Isaac 1 EM,81,65,16,2022-03-17,O,276.59,22403.79
908,2,SKU-0008,Material Isaac 8 EF,243,74,169,2022-03-27,O,98.58,23954.94
909,0,SKU-0054,Material NSE 3 EM,201,15,186,2023-10-22,O,133.61,26855.61
910,0,SKU-0043,Material Isaac 2 EF,137,88,49,2024-01-28,O,208.48,28561.76
910,1,SKU-0034,Material COC 5 EF,84,73,11,2024-01-16,O,161.72,13584.48
910,2,SKU-0028,Material PGS 2 EF,127,113,14,2024-01-23,O,277.91,35294.57
910,3,SKU-0047,Material NSE 3 EM,181,168,13,2023-12-31,O,246.65,44643.65
911,0,SKU-0029,Material PGS 1 EF,175,20,155,2024-10-19,O,182.83,31995.25
911,1,SKU-0048,Material Isaac 4 EF,32,5,27,2024-10-07,O,247.43,7917.76
911,2,SKU-0040,Material COC 2 EF,197,102,95,2024-09-13,O,272.77,53735.69
912,0,SKU-0006,Material SAE 6 EF,101,1,100,2025-08-25,O,230.92,23322.92
912,1,SKU-0027,Material COC 2 EF,282,278,4,2025-09-14,O,296.14,83511.48
912,2,SKU-0008,Material Isaac 6 EF,149,138,11,2025-09-02,O,35.81,5335.69
912,3,SKU-0045,Material NSE 9 EF,165,29,136,2025-08-11,O,256.34,42296.1
913,0,SKU-0040,Material COC 3 EM,183,152,31,2023-01-28,O,270.45,49492.35
913,1,SKU-0014,Material COC 7 EF,207,148,59,2023-01-04,O,52.93,10956.51
913,2,SKU-0006,Material COC 8 EF,209,140,69,2022-12-21,O,98.01,20484.09
913,3,SKU-0006,Material NSE 9 EF,145,194,0,2023-01-30,C,20.17,2924.65
913,4,SKU-0016,Material NSE 3 EF,39,6,33,2022-12-14,O,271.19,10576.41
914,0,SKU-0050,Material SAE 1 EM,150,60,90,2023-10-12,O,127.64,19146.0
914,1,SKU-0033,Material Isaac 2 EM,170,131,39,2023-11-09,O,195.11,33168.7
915,0,SKU-0029,Material NSE 2 EF,259,169,90,2023-08-07,O,38.22,9898.98
915,1,SKU-0058,Material Isaac 2 EM,187,61,126,2023-08-12,O,182.15,34062.05
915,2,SKU-0039,Material COC 1 EF,119,77,42,2023-09-01,O,91.84,10928.96
915,3,SKU-0057,Material Isaac 1 EF,155,12,143,2023-08-20,O,33.07,5125.85
915,4,SKU-0006,Material NSE 9 EF,12,5,7,2023-08-12,O,191.7,2300.4
916,0,SKU-0038,Material COC 7 EF,106,24,82,2025-07-22,O,131.32,13919.92
916,1,SKU-0004,Material PGS 6 EF,207,195,12,2025-08-30,O,86.54,17913.78
917,0,SKU-0028,Material SAE 1 EF,182,147,35,2024-10-21,O,27.58,5019.56
918,0,SKU-0007,Material PGS 1 EM,69,57,12,2022-10-02,O,36.07,2488.83
918,1,SKU-0054,Material Isaac 9 EF,202,4,198,2022-10-15,O,189.49,38276.98
918,2,SKU-0018,Material SAE 3 EM,205,185,20,2022-10-26,O,101.0,20705.0
918,3,SKU-0034,Material SAE 3 EM,192,50,142,2022-11-02,O,72.7,13958.4
918,4,SKU-0037,Material COC 5 EF,232,183,49,2022-10-16,O,91.7,21274.4
919,0,SKU-0034,Material NSE 9 EF,271,75,196,2023-06-16,O,297.36,80584.56
919,1,SKU-0056,Material PGS 3 EM,73,114,0,2023-06-07,C,227.61,16615.53
919,2,SKU-0041,Material COC 1 EF,132,20,112,2023-06-05,O,150.02,19802.64
919,3,SKU-0009,Material COC 3 EM,261,61,200,2023-05-27,O,226.8,59194.8
920,0,SKU-0042,Material NSE 2 EM,177,135,42,2025-08-26,O,51.91,9188.07
920,1,SKU-0057,Material SAE 2 EF,69,56,13,2025-08-21,O,137.21,9467.49
921,0,SKU-0017,Material PGS 8 EF,25,16,9,2023-02-09,O,107.1,2677.5
921,1,SKU-0056,Material COC 6 EF,232,203,29,2023-01-24,O,37.11,8609.52
921,2,SKU-0022,Material SAE 5 EF,237,80,157,2023-02-23,O,45.89,10875.93
921,3,SKU-0052,Material SAE 2 EF,189,112,77,2023-02-28,O,206.08,38949.12
921,4,SKU-0055,Material Isaac 2 EM,210,146,64,2023-03-03,O,24.99,5247.9
922,0,SKU-0060,Material SAE 5 EF,24,18,6,2023-11-15,O,113.72,2729.28
922,1,SKU-0008,Material PGS 6 EF,226,190,36,2023-12-07,O,60.51,13675.26
922,2,SKU-0048,Material COC 1 EM,136,116,20,2024-01-02,O,286.25,38930.0
923,0,SKU-0023,Material COC 5 EF,244,99,145,2025-07-31,O,132.65,32366.6
924,0,SKU-0050,Material SAE 8 EF,103,119,0,2025-04-09,C,254.57,26220.71
924,1,SKU-0007,Material COC 5 EF,262,285,0,2025-05-23,C,176.08,46132.96
924,2,SKU-0028,Material COC 6 EF,198,121,77,2025-05-01,O,174.19,34489.62
925,0,SKU-0010,Material PGS 2 EF,225,12,213,2025-12-07,O,179.27,40335.75
926,0,SKU-0023,Material COC 7 EF,222,219,3,2022-03-30,O,200.92,44604.24
926,1,SKU-0027,Material SAE 6 EF,10,10,0,2022-03-20,C,68.55,685.5
926,2,SKU-0028,Material Isaac 4 EF,268,104,164,2022-02-28,O,242.03,64864.04
926,3,SKU-0059,Material Isaac 2 EF,181,66,115,2022-02-28,O,251.02,45434.62
927,0,SKU-0004,Material Isaac 3 EF,75,16,59,2022-03-14,O,195.77,14682.75
927,1,SKU-0054,Material PGS 8 EF,176,175,1,2022-02-15,O,32.06,5642.56
927,2,SKU-0050,Material SAE 4 EF,168,198,0,2022-02-07,C,172.47,28974.96
927,3,SKU-0045,Material NSE 4 EF,129,19,110,2022-02-22,O,133.01,17158.29
927,4,SKU-0030,Material SAE 4 EF,175,45,130,2022-03-20,O,175.55,30721.25
928,0,SKU-0037,Material COC 2 EF,270,121,149,2024-08-11,O,126.04,34030.8
929,0,SKU-0034,Material PGS 2 EF,86,75,11,2026-01-21,O,90.96,7822.56
929,1,SKU-0004,Material COC 3 EF,203,166,37,2026-02-03,O,78.59,15953.77
929,2,SKU-0003,Material PGS 1 EF,92,70,22,2026-02-09,O,238.81,21970.52
930,0,SKU-0057,Material SAE 6 EF,272,42,230,2024-11-29,O,250.62,68168.64
931,0,SKU-0049,Material SAE 2 EF,144,22,122,2023-07-21,O,285.42,41100.48
931,1,SKU-0045,Material COC 5 EF,101,69,32,2023-07-25,O,289.54,29243.54
931,2,SKU-0005,Material NSE 5 EF,17,2,15,2023-08-12,O,181.01,3077.17
931,3,SKU-0031,Material PGS 3 EM,146,87,59,2023-08-22,O,122.4,17870.4
932,0,SKU-0007,Material Isaac 8 EF,202,51,151,2023-08-27,O,146.37,29566.74
932,1,SKU-0024,Material PGS 3 EM,72,5,67,2023-08-15,O,105.42,7590.24
932,2,SKU-0056,Material NSE 3 EM,147,113,34,2023-08-22,O,126.58,18607.26
932,3,SKU-0012,Material SAE 3 EF,98,0,98,2023-08-04,O,281.8,27616.4
933,0,SKU-0025,Material SAE 4 EF,128,115,13,2025-11-26,O,132.68,16983.04
933,1,SKU-0045,Material SAE 2 EF,121,24,97,2026-01-07,O,243.84,29504.64
934,0,SKU-0021,Material COC 1 EM,241,40,201,2024-11-26,O,38.5,9278.5
934,1,SKU-0060,Material NSE 4 EF,92,1,91,2025-01-11,O,292.53,26912.76
934,2,SKU-0009,Material Isaac 2 EM,38,30,8,2024-12-19,O,196.56,7469.28
934,3,SKU-0054,Material COC 2 EF,69,11,58,2024-12-23,O,277.65,19157.85
934,4,SKU-0044,Material SAE 7 EF,30,19,11,2024-11-29,O,28.65,859.5
935,0,SKU-0020,Material NSE 6 EF,34,11,23,2025-12-13,O,278.58,9471.72
936,0,SKU-0002,Material COC 9 EF,223,102,121,2024-10-26,O,116.99,26088.77
936,1,SKU-0030,Material NSE 4 EF,193,175,18,2024-10-21,O,70.84,13672.12
936,2,SKU-0014,Material COC 5 EF,103,1,102,2024-09-21,O,115.35,11881.05
936,3,SKU-0027,Material NSE 3 EM,147,139,8,2024-09-12,O,157.68,23178.96
937,0,SKU-0037,Material SAE 1 EM,192,102,90,2023-06-10,O,107.32,20605.44
937,1,SKU-0049,Material Isaac 3 EF,94,12,82,2023-06-06,O,138.64,13032.16
937,2,SKU-0038,Material Isaac 2 EF,161,60,101,2023-06-06,O,147.0,23667.0
937,3,SKU-0030,Material NSE 2 EM,217,130,87,2023-06-06,O,210.13,45598.21
938,0,SKU-0018,Material SAE 2 EM,295,83,212,2022-03-23,O,200.02,59005.9
939,0,SKU-0023,Material PGS 1 EM,158,77,81,2023-08-14,O,105.05,16597.9
939,1,SKU-0012,Material Isaac 2 EM,168,84,84,2023-07-16,O,215.9,36271.2
939,2,SKU-0017,Material COC 7 EF,198,158,40,2023-08-27,O,184.2,36471.6
939,3,SKU-0006,Material SAE 4 EF,38,14,24,2023-07-23,O,241.0,9158.0
939,4,SKU-0026,Material Isaac 3 EF,283,206,77,2023-08-30,O,98.85,27974.55
940,0,SKU-0041,Material COC 6 EF,190,93,97,2024-05-12,O,278.67,52947.3
940,1,SKU-0001,Material PGS 8 EF,67,56,11,2024-04-06,O,254.88,17076.96
941,0,SKU-0002,Material COC 1 EM,121,79,42,2022-08-21,O,149.04,18033.84
941,1,SKU-0046,Material PGS 6 EF,119,71,48,2022-08-03,O,65.05,7740.95
941,2,SKU-0043,Material NSE 4 EF,118,104,14,2022-08-16,O,44.42,5241.56
941,3,SKU-0006,Material NSE 3 EM,291,264,27,2022-08-21,O,178.04,51809.64
942,0,SKU-0035,Material SAE 6 EF,174,190,0,2022-07-23,C,160.1,27857.4
942,1,SKU-0007,Material Isaac 5 EF,15,12,3,2022-07-16,O,53.31,799.65
943,0,SKU-0041,Material PGS 3 EF,78,64,14,2024-01-17,O,130.68,10193.04
943,1,SKU-0011,Material PGS 3 EM,46,45,1,2024-02-13,O,129.95,5977.7
943,2,SKU-0020,Material SAE 6 EF,100,64,36,2024-01-03,O,288.35,28835.0
943,3,SKU-0055,Material SAE 1 EM,219,89,130,2024-01-01,O,218.65,47884.35
944,0,SKU-0017,Material PGS 3 EM,241,166,75,2023-10-18,O,39.51,9521.91
944,1,SKU-0022,Material Isaac 2 EF,118,33,85,2023-11-05,O,110.81,13075.58
944,2,SKU-0044,Material NSE 2 EM,74,17,57,2023-10-20,O,274.11,20284.14
944,3,SKU-0004,Material SAE 1 EM,267,51,216,2023-10-29,O,42.09,11238.03
944,4,SKU-0002,Material NSE 3 EM,135,133,2,2023-11-24,O,219.5,29632.5
945,0,SKU-0060,Material SAE 2 EF,104,5,99,2022-10-17,O,220.89,22972.56
945,1,SKU-0059,Material PGS 9 EF,265,224,41,2022-10-09,O,249.63,66151.95
946,0,SKU-0029,Material SAE 1 EF,290,84,206,2025-02-06,O,218.1,63249.0
946,1,SKU-0015,Material SAE 3 EM,19,19,0,2025-02-24,C,154.64,2938.16
947,0,SKU-0002,Material Isaac 3 EF,219,170,49,2023-10-03,O,118.01,25844.19
947,1,SKU-0011,Material SAE 4 EF,56,21,35,2023-09-07,O,34.5,1932.0
947,2,SKU-0025,Material PGS 1 EM,139,50,89,2023-09-22,O,224.08,31147.12
948,0,SKU-0028,Material SAE 5 EF,248,121,127,2024-06-29,O,111.91,27753.68
948,1,SKU-0012,Material Isaac 2 EF,21,2,19,2024-06-06,O,164.21,3448.41
949,0,SKU-0012,Material Isaac 6 EF,143,84,59,2022-05-25,O,215.4,30802.2
949,1,SKU-0052,Material NSE 6 EF,201,58,143,2022-04-17,O,48.23,9694.23
949,2,SKU-0039,Material SAE 6 EF,190,39,151,2022-05-01,O,250.66,47625.4
949,3,SKU-0004,Material PGS 3 EF,17,16,1,2022-04-20,O,223.64,3801.88
949,4,SKU-0037,Material COC 1 EM,86,64,22,2022-04-25,O,238.88,20543.68
950,0,SKU-0034,Material Isaac 2 EF,282,208,74,2024-06-08,O,161.52,45548.64
950,1,SKU-0057,Material COC 9 EF,25,21,4,2024-06-05,O,283.37,7084.25
951,0,SKU-0043,Material COC 3 EM,155,50,105,2024-12-22,O,107.92,16727.6
951,1,SKU-0054,Material COC 2 EM,227,65,162,2025-02-06,O,46.77,10616.79
951,2,SKU-0017,Material COC 1 EF,237,278,0,2024-12-30,C,159.05,37694.85
952,0,SKU-0051,Material Isaac 8 EF,188,166,22,2024-04-19,O,102.26,19224.88
953,0,SKU-0033,Material Isaac 1 EF,126,56,70,2022-08-10,O,225.57,28421.82
953,1,SKU-0002,Material SAE 5 EF,144,25,119,2022-08-02,O,236.24,34018.56
953,2,SKU-0034,Material SAE 2 EM,97,37,60,2022-08-15,O,231.99,22503.03
953,3,SKU-0017,Material Isaac 2 EM,32,19,13,2022-08-11,O,290.99,9311.68
953,4,SKU-0037,Material SAE 2 EF,272,265,7,2022-08-09,O,156.63,42603.36
954,0,SKU-0008,Material COC 8 EF,215,212,3,2023-12-06,O,57.46,12353.9
954,1,SKU-0044,Material Isaac 5 EF,27,12,15,2023-12-31,O,166.58,4497.66
954,2,SKU-0050,Material NSE 3 EM,254,176,78,2023-12-11,O,84.33,21419.82
955,0,SKU-0007,Material SAE 2 EM,168,164,4,2024-11-13,O,48.02,8067.36
955,1,SKU-0057,Material PGS 8 EF,105,64,41,2024-10-25,O,58.8,6174.0
955,2,SKU-0029,Material SAE 7 EF,243,110,133,2024-10-27,O,87.76,21325.68
955,3,SKU-0027,Material COC 2 EM,202,112,90,2024-11-10,O,116.19,23470.38
955,4,SKU-0042,Material Isaac 2 EF,236,75,161,2024-10-21,O,131.18,30958.48
956,0,SKU-0058,Material PGS 2 EF,275,190,85,2023-03-26,O,107.0,29425.0
956,1,SKU-0021,Material PGS 2 EM,230,77,153,2023-04-18,O,173.34,39868.2
956,2,SKU-0001,Material Isaac 2 EF,136,52,84,2023-03-29,O,110.9,15082.4
956,3,SKU-0008,Material SAE 1 EM,23,17,6,2023-04-20,O,76.87,1768.01
957,0,SKU-0003,Material Isaac 2 EM,148,21,127,2025-01-12,O,227.63,33689.24
958,0,SKU-0044,Material PGS 1 EM,166,143,23,2023-08-20,O,298.67,49579.22
958,1,SKU-0013,Material NSE 1 EF,233,150,83,2023-09-01,O,268.11,62469.63
958,2,SKU-0045,Material NSE 3 EF,105,22,83,2023-08-31,O,110.19,11569.95
958,3,SKU-0002,Material PGS 1 EF,144,122,22,2023-10-01,O,22.45,3232.8
959,0,SKU-0018,Material COC 7 EF,102,82,20,2024-04-16,O,121.65,12408.3
959,1,SKU-0044,Material PGS 1 EF,157,70,87,2024-03-08,O,209.52,32894.64
959,2,SKU-0051,Material SAE 7 EF,98,13,85,2024-04-06,O,109.15,10696.7
959,3,SKU-0001,Material PGS 3 EM,217,160,57,2024-03-05,O,278.12,60352.04
959,4,SKU-0050,Material COC 3 EM,99,19,80,2024-03-05,O,239.44,23704.56
960,0,SKU-0045,Material COC 4 EF,277,13,264,2024-01-04,O,266.23,73745.71
961,0,SKU-0056,Material Isaac 9 EF,151,149,2,2024-02-26,O,284.88,43016.88
961,1,SKU-0033,Material SAE 7 EF,98,83,15,2024-01-30,O,212.7,20844.6
961,2,SKU-0001,Material COC 8 EF,266,70,196,2024-03-04,O,104.88,27898.08
962,0,SKU-0059,Material SAE 1 EM,112,16,96,2023-04-27,O,125.99,14110.88
962,1,SKU-0017,Material SAE 8 EF,161,75,86,2023-04-14,O,187.85,30243.85
962,2,SKU-0011,Material PGS 2 EM,177,60,117,2023-04-16,O,197.23,34909.71
962,3,SKU-0050,Material COC 4 EF,19,13,6,2023-03-17,O,270.85,5146.15
962,4,SKU-0012,Material NSE 8 EF,274,8,266,2023-03-16,O,210.94,57797.56
963,0,SKU-0009,Material SAE 7 EF,14,7,7,2023-05-10,O,241.83,3385.62
963,1,SKU-0010,Material COC 3 EF,170,51,119,2023-03-25,O,190.69,32417.3
963,2,SKU-0002,Material COC 6 EF,71,70,1,2023-03-31,O,131.64,9346.44
963,3,SKU-0015,Material COC 8 EF,284,89,195,2023-05-09,O,270.94,76946.96
963,4,SKU-0058,Material PGS 1 EF,83,33,50,2023-04-02,O,95.02,7886.66
964,0,SKU-0017,Material NSE 1 EM,119,119,0,2025-12-30,C,206.9,24621.1
964,1,SKU-0044,Material COC 3 EF,148,42,106,2025-12-31,O,65.94,9759.12
964,2,SKU-0055,Material PGS 2 EF,100,93,7,2025-12-08,O,138.99,13899.0
964,3,SKU-0050,Material NSE 7 EF,300,23,277,2025-12-21,O,218.02,65406.0
964,4,SKU-0029,Material SAE 3 EM,110,14,96,2025-12-04,O,200.09,22009.9
965,0,SKU-0020,Material SAE 8 EF,51,22,29,2025-12-01,O,120.01,6120.51
965,1,SKU-0017,Material NSE 1 EM,77,3,74,2025-12-04,O,34.36,2645.72
966,0,SKU-0043,Material SAE 1 EM,262,130,132,2023-09-07,O,274.4,71892.8
966,1,SKU-0056,Material SAE 2 EM,241,55,186,2023-09-28,O,90.86,21897.26
966,2,SKU-0010,Material Isaac 1 EF,36,28,8,2023-09-14,O,257.05,9253.8
966,3,SKU-0016,Material Isaac 2 EM,214,212,2,2023-10-08,O,238.91,51126.74
966,4,SKU-0031,Material SAE 9 EF,242,111,131,2023-10-14,O,205.97,49844.74
967,0,SKU-0059,Material SAE 8 EF,275,249,26,2022-03-31,O,223.61,61492.75
967,1,SKU-0032,Material NSE 1 EF,129,85,44,2022-04-09,O,160.43,20695.47
967,2,SKU-0019,Material Isaac 6 EF,104,92,12,2022-05-12,O,185.79,19322.16
968,0,SKU-0040,Material COC 8 EF,158,117,41,2024-12-14,O,233.38,36874.04
968,1,SKU-0026,Material COC 5 EF,278,22,256,2024-12-19,O,189.57,52700.46
968,2,SKU-0043,Material COC 8 EF,286,180,106,2024-11-30,O,64.77,18524.22
968,3,SKU-0029,Material COC 1 EF,177,115,62,2025-01-04,O,88.73,15705.21
969,0,SKU-0029,Material SAE 2 EM,253,177,76,2023-04-07,O,37.82,9568.46
970,0,SKU-0031,Material COC 6 EF,180,116,64,2023-05-17,O,264.3,47574.0
970,1,SKU-0056,Material SAE 5 EF,67,53,14,2023-05-17,O,220.33,14762.11
970,2,SKU-0008,Material PGS 8 EF,270,21,249,2023-06-07,O,218.59,59019.3
971,0,SKU-0052,Material COC 5 EF,275,263,12,2025-08-24,O,85.81,23597.75
971,1,SKU-0015,Material SAE 2 EF,79,0,79,2025-08-21,O,176.82,13968.78
971,2,SKU-0021,Material Isaac 4 EF,283,61,222,2025-10-09,O,109.64,31028.12
971,3,SKU-0055,Material Isaac 4 EF,109,107,2,2025-09-04,O,162.67,17731.03
972,0,SKU-0007,Material COC 3 EM,147,63,84,2023-03-13,O,225.98,33219.06
972,1,SKU-0036,Material NSE 2 EM,199,7,192,2023-04-04,O,236.98,47159.02
972,2,SKU-0037,Material NSE 8 EF,289,277,12,2023-03-16,O,216.5,62568.5
973,0,SKU-0031,Material NSE 1 EF,80,74,6,2025-08-05,O,264.93,21194.4
973,1,SKU-0055,Material NSE 7 EF,83,30,53,2025-09-10,O,205.59,17063.97
974,0,SKU-0028,Material PGS 9 EF,58,26,32,2024-09-06,O,28.74,1666.92
974,1,SKU-0005,Material PGS 1 EM,222,10,212,2024-10-14,O,82.32,18275.04
975,0,SKU-0025,Material NSE 9 EF,141,122,19,2022-08-10,O,150.95,21283.95
976,0,SKU-0035,Material SAE 2 EF,141,70,71,2022-05-16,O,37.99,5356.59
976,1,SKU-0050,Material COC 6 EF,31,16,15,2022-05-21,O,66.61,2064.91
976,2,SKU-0033,Material Isaac 9 EF,181,58,123,2022-04-09,O,226.23,40947.63
976,3,SKU-0015,Material Isaac 3 EF,263,257,6,2022-04-28,O,69.12,18178.56
977,0,SKU-0059,Material SAE 3 EF,253,236,17,2023-08-09,O,155.74,39402.22
977,1,SKU-0047,Material COC 4 EF,68,21,47,2023-08-29,O,238.0,16184.0
978,0,SKU-0025,Material PGS 4 EF,71,28,43,2025-07-04,O,38.98,2767.58
979,0,SKU-0038,Material PGS 3 EF,91,56,35,2023-08-13,O,122.31,11130.21
979,1,SKU-0045,Material SAE 7 EF,248,28,220,2023-08-06,O,180.11,44667.28
979,2,SKU-0059,Material SAE 2 EM,23,22,1,2023-07-15,O,286.74,6595.02
979,3,SKU-0025,Material NSE 4 EF,235,194,41,2023-08-13,O,37.06,8709.1
979,4,SKU-0039,Material NSE 8 EF,142,136,6,2023-07-23,O,238.76,33903.92
980,0,SKU-0040,Material COC 1 EM,228,193,35,2024-09-07,O,240.82,54906.96
981,0,SKU-0021,Material COC 1 EM,264,98,166,2022-09-17,O,235.19,62090.16
982,0,SKU-0003,Material PGS 3 EM,288,43,245,2022-11-05,O,23.6,6796.8
983,0,SKU-0011,Material PGS 4 EF,286,59,227,2025-04-20,O,252.9,72329.4
983,1,SKU-0044,Material Isaac 4 EF,254,18,236,2025-04-24,O,171.2,43484.8
983,2,SKU-0040,Material COC 4 EF,103,7,96,2025-05-03,O,164.26,16918.78
983,3,SKU-0024,Material SAE 2 EM,86,33,53,2025-04-28,O,101.51,8729.86
984,0,SKU-0059,Material PGS 3 EM,155,123,32,2024-03-05,O,144.23,22355.65
984,1,SKU-0030,Material Isaac 8 EF,99,56,43,2024-04-07,O,224.09,22184.91
984,2,SKU-0037,Material NSE 3 EM,169,195,0,2024-03-30,C,128.5,21716.5
985,0,SKU-0028,Material NSE 9 EF,74,48,26,2022-06-27,O,81.24,6011.76
985,1,SKU-0009,Material SAE 3 EM,94,48,46,2022-06-25,O,250.21,23519.74
985,2,SKU-0050,Material PGS 1 EM,114,69,45,2022-07-21,O,164.98,18807.72
986,0,SKU-0011,Material PGS 4 EF,45,4,41,2023-10-23,O,285.01,12825.45
987,0,SKU-0012,Material PGS 3 EF,294,222,72,2025-11-10,O,40.99,12051.06
987,1,SKU-0013,Material COC 6 EF,97,96,1,2025-11-27,O,48.61,4715.17
987,2,SKU-0019,Material COC 8 EF,224,197,27,2025-11-12,O,262.27,58748.48
988,0,SKU-0058,Material Isaac 3 EF,287,256,31,2022-05-04,O,27.86,7995.82
988,1,SKU-0016,Material COC 1 EF,191,33,158,2022-04-21,O,32.08,6127.28
989,0,SKU-0010,Material SAE 8 EF,45,32,13,2022-09-30,O,201.93,9086.85
989,1,SKU-0014,Material Isaac 4 EF,213,110,103,2022-09-24,O,150.62,32082.06
989,2,SKU-0040,Material NSE 4 EF,59,38,21,2022-09-29,O,94.62,5582.58
989,3,SKU-0057,Material NSE 5 EF,253,54,199,2022-09-13,O,136.44,34519.32
989,4,SKU-0025,Material PGS 1 EM,281,52,229,2022-09-27,O,186.73,52471.13
990,0,SKU-0010,Material Isaac 9 EF,61,52,9,2025-10-16,O,39.12,2386.32
990,1,SKU-0033,Material SAE 2 EF,149,109,40,2025-10-18,O,89.93,13399.57
990,2,SKU-0044,Material SAE 2 EM,144,103,41,2025-10-30,O,101.21,14574.24
990,3,SKU-0030,Material SAE 3 EF,119,6,113,2025-10-02,O,33.16,3946.04
990,4,SKU-0057,Material SAE 8 EF,290,242,48,2025-10-06,O,58.97,17101.3
991,0,SKU-0058,Material Isaac 2 EM,34,11,23,2024-08-10,O,192.76,6553.84
991,1,SKU-0018,Material SAE 2 EM,90,23,67,2024-08-19,O,67.25,6052.5
991,2,SKU-0001,Material PGS 1 EM,197,160,37,2024-07-20,O,89.24,17580.28
992,0,SKU-0029,Material COC 4 EF,289,128,161,2022-10-06,O,139.82,40407.98
992,1,SKU-0001,Material PGS 6 EF,202,124,78,2022-09-19,O,73.55,14857.1
992,2,SKU-0012,Material PGS 8 EF,51,34,17,2022-08-17,O,132.19,6741.69
993,0,SKU-0003,Material PGS 4 EF,163,208,0,2023-10-25,C,254.09,41416.67
993,1,SKU-0008,Material PGS 7 EF,248,43,205,2023-10-27,O,289.6,71820.8
993,2,SKU-0041,Material SAE 5 EF,150,55,95,2023-10-13,O,39.3,5895.0
993,3,SKU-0059,Material NSE 6 EF,138,184,0,2023-09-29,C,186.63,25754.94
993,4,SKU-0018,Material NSE 5 EF,205,170,35,2023-10-08,O,229.29,47004.45
994,0,SKU-0021,Material PGS 1 EF,148,32,116,2022-06-27,O,82.7,12239.6
995,0,SKU-0006,Material PGS 5 EF,79,29,50,2025-06-20,O,272.74,21546.46
995,1,SKU-0060,Material NSE 3 EM,271,96,175,2025-06-24,O,194.06,52590.26
996,0,SKU-0043,Material SAE 4 EF,189,100,89,2023-08-27,O,152.88,28894.32
997,0,SKU-0028,Material Isaac 1 EF,63,24,39,2024-03-01,O,142.51,8978.13
997,1,SKU-0060,Material Isaac 5 EF,287,134,153,2024-03-16,O,131.17,37645.79
997,2,SKU-0027,Material SAE 1 EF,238,101,137,2024-03-02,O,234.61,55837.18
998,0,SKU-0033,Material SAE 4 EF,284,249,35,2023-06-22,O,299.16,84961.44
998,1,SKU-0060,Material NSE 2 EF,252,170,82,2023-06-29,O,298.4,75196.8
998,2,SKU-0026,Material SAE 2 EF,228,131,97,2023-07-09,O,32.08,7314.24
998,3,SKU-0046,Material PGS 4 EF,63,57,6,2023-06-17,O,200.3,12618.9
998,4,SKU-0049,Material SAE 5 EF,102,81,21,2023-06-27,O,298.35,30431.7
999,0,SKU-0026,Material Isaac 9 EF,246,122,124,2022-03-03,O,149.4,36752.4
999,1,SKU-0013,Material SAE 9 EF,185,141,44,2022-03-06,O,162.1,29988.5
999,2,SKU-0015,Material COC 8 EF,201,72,129,2022-03-08,O,284.35,57154.35
1000,0,SKU-0028,Material SAE 3 EF,167,18,149,2023-04-15,O,250.82,41886.94
1000,1,SKU-0023,Material PGS 3 EF,252,233,19,2023-03-05,O,280.51,70688.52
1000,2,SKU-0006,Material NSE 1 EF,209,193,16,2023-04-08,O,178.06,37214.54
1001,0,SKU-0021,Material SAE 7 EF,74,19,55,2024-05-27,O,32.62,2413.88
1001,1,SKU-0018,Material PGS 1 EF,131,108,23,2024-07-11,O,233.27,30558.37
1001,2,SKU-0050,Material COC 3 EF,214,102,112,2024-07-05,O,106.54,22799.56
1002,0,SKU-0047,Material COC 4 EF,258,107,151,2023-12-28,O,165.8,42776.4
1002,1,SKU-0055,Material SAE 9 EF,55,15,40,2024-01-06,O,63.31,3482.05
1003,0,SKU-0060,Material PGS 7 EF,94,80,14,2025-03-23,O,228.7,21497.8
1003,1,SKU-0059,Material Isaac 1 EF,232,66,166,2025-04-12,O,190.95,44300.4
1003,2,SKU-0001,Material Isaac 1 EF,300,310,0,2025-04-15,C,281.18,84354.0
1004,0,SKU-0030,Material NSE 1 EF,95,51,44,2023-05-31,O,257.74,24485.3
1004,1,SKU-0045,Material NSE 3 EM,270,207,63,2023-06-24,O,91.91,24815.7
1005,0,SKU-0050,Material PGS 6 EF,45,9,36,2023-04-26,O,214.54,9654.3
1005,1,SKU-0060,Material COC 6 EF,11,11,0,2023-05-03,C,233.68,2570.48
1005,2,SKU-0037,Material Isaac 6 EF,41,9,32,2023-04-03,O,247.64,10153.24
1005,3,SKU-0058,Material COC 8 EF,113,58,55,2023-04-15,O,296.29,33480.77
1005,4,SKU-0059,Material Isaac 7 EF,47,29,18,2023-04-20,O,228.69,10748.43
1006,0,SKU-0008,Material Isaac 8 EF,157,48,109,2025-04-01,O,168.55,26462.35
1006,1,SKU-0019,Material SAE 7 EF,32,29,3,2025-05-06,O,277.01,8864.32
1007,0,SKU-0008,Material PGS 3 EM,286,286,0,2023-03-12,C,94.29,26966.94
1008,0,SKU-0009,Material COC 4 EF,14,12,2,2023-06-05,O,46.65,653.1
1008,1,SKU-0025,Material COC 2 EF,69,28,41,2023-06-10,O,187.59,12943.71
1008,2,SKU-0015,Material PGS 6 EF,260,15,245,2023-07-11,O,290.68,75576.8
1009,0,SKU-0027,Material PGS 9 EF,162,71,91,2023-06-24,O,225.19,36480.78
1010,0,SKU-0044,Material COC 2 EM,296,97,199,2024-04-28,O,221.08,65439.68
1010,1,SKU-0034,Material SAE 3 EM,76,50,26,2024-03-22,O,64.62,4911.12
1010,2,SKU-0042,Material Isaac 2 EF,221,92,129,2024-04-12,O,278.01,61440.21
1010,3,SKU-0052,Material Isaac 5 EF,82,76,6,2024-05-01,O,244.72,20067.04
1010,4,SKU-0016,Material Isaac 2 EF,188,48,140,2024-04-10,O,181.47,34116.36
1011,0,SKU-0022,Material NSE 5 EF,208,145,63,2024-09-30,O,156.64,32581.12
1011,1,SKU-0050,Material Isaac 1 EF,141,25,116,2024-08-31,O,107.65,15178.65
1011,2,SKU-0031,Material Isaac 2 EM,80,26,54,2024-09-16,O,172.68,13814.4
1011,3,SKU-0002,Material SAE 3 EF,241,214,27,2024-10-01,O,197.85,47681.85
1011,4,SKU-0027,Material NSE 8 EF,44,6,38,2024-08-15,O,29.49,1297.56
1012,0,SKU-0034,Material SAE 9 EF,251,20,231,2025-04-30,O,271.41,68123.91
1012,1,SKU-0022,Material PGS 3 EM,230,44,186,2025-05-20,O,209.76,48244.8
1012,2,SKU-0004,Material SAE 5 EF,274,72,202,2025-05-09,O,66.31,18168.94
1012,3,SKU-0056,Material PGS 8 EF,155,117,38,2025-05-03,O,24.95,3867.25
1012,4,SKU-0056,Material PGS 1 EM,119,18,101,2025-06-06,O,80.62,9593.78
1013,0,SKU-0034,Material PGS 3 EF,248,213,35,2025-06-01,O,90.33,22401.84
1014,0,SKU-0037,Material SAE 2 EF,181,48,133,2024-02-23,O,197.16,35685.96
1014,1,SKU-0030,Material PGS 1 EF,246,162,84,2024-01-27,O,35.23,8666.58
1015,0,SKU-0026,Material COC 8 EF,166,1,165,2022-09-13,O,285.76,47436.16
1016,0,SKU-0054,Material SAE 4 EF,97,27,70,2025-10-04,O,64.13,6220.61
1016,1,SKU-0056,Material COC 6 EF,295,202,93,2025-10-18,O,243.21,71746.95
1017,0,SKU-0030,Material COC 3 EM,227,53,174,2025-10-27,O,168.26,38195.02
1018,0,SKU-0027,Material SAE 7 EF,128,18,110,2025-03-22,O,270.82,34664.96
1018,1,SKU-0051,Material NSE 6 EF,257,15,242,2025-03-21,O,168.46,43294.22
1019,0,SKU-0038,Material PGS 2 EF,53,44,9,2022-01-23,O,37.28,1975.84
1019,1,SKU-0018,Material SAE 4 EF,32,7,25,2022-02-26,O,280.73,8983.36
1019,2,SKU-0004,Material NSE 1 EM,121,97,24,2022-01-15,O,183.5,22203.5
1020,0,SKU-0047,Material NSE 8 EF,140,104,36,2024-04-02,O,25.53,3574.2
1020,1,SKU-0021,Material NSE 2 EM,216,170,46,2024-03-22,O,129.84,28045.44
1021,0,SKU-0034,Material SAE 8 EF,89,23,66,2023-05-01,O,143.16,12741.24
1021,1,SKU-0020,Material COC 1 EM,181,111,70,2023-05-21,O,268.11,48527.91
1021,2,SKU-0014,Material COC 6 EF,99,43,56,2023-04-03,O,44.2,4375.8
1022,0,SKU-0055,Material COC 3 EF,218,79,139,2023-07-05,O,98.21,21409.78
1022,1,SKU-0023,Material COC 4 EF,56,3,53,2023-07-05,O,289.06,16187.36
1023,0,SKU-0045,Material SAE 3 EF,62,38,24,2025-02-05,O,146.02,9053.24
1023,1,SKU-0057,Material PGS 8 EF,21,7,14,2025-02-12,O,109.07,2290.47
1023,2,SKU-0016,Material NSE 7 EF,122,32,90,2025-01-04,O,101.17,12342.74
1023,3,SKU-0059,Material PGS 6 EF,119,96,23,2025-01-15,O,298.51,35522.69
1023,4,SKU-0020,Material PGS 8 EF,189,187,2,2025-01-30,O,76.03,14369.67
1024,0,SKU-0021,Material NSE 6 EF,121,99,22,2025-02-06,O,287.2,34751.2
1024,1,SKU-0052,Material PGS 1 EM,270,220,50,2025-01-14,O,104.01,28082.7
1024,2,SKU-0015,Material Isaac 2 EM,44,40,4,2025-01-27,O,179.6,7902.4
1024,3,SKU-0060,Material Isaac 5 EF,135,130,5,2025-01-12,O,299.85,40479.75
1025,0,SKU-0035,Material PGS 7 EF,74,67,7,2023-01-09,O,75.84,5612.16
1025,1,SKU-0026,Material Isaac 2 EF,68,58,10,2022-12-15,O,26.6,1808.8
1025,2,SKU-0003,Material PGS 5 EF,187,90,97,2022-12-18,O,244.91,45798.17
1026,0,SKU-0039,Material PGS 2 EF,289,266,23,2023-11-15,O,242.66,70128.74
1026,1,SKU-0032,Material Isaac 3 EM,54,33,21,2023-11-28,O,27.7,1495.8
1026,2,SKU-0001,Material Isaac 3 EM,267,64,203,2023-11-27,O,147.74,39446.58
1026,3,SKU-0023,Material PGS 3 EF,105,64,41,2023-11-03,O,199.69,20967.45
1026,4,SKU-0057,Material Isaac 2 EF,143,99,44,2023-10-24,O,124.8,17846.4
1027,0,SKU-0022,Material COC 7 EF,256,5,251,2025-10-27,O,94.39,24163.84
1027,1,SKU-0020,Material PGS 2 EF,292,34,258,2025-11-13,O,249.51,72856.92
1027,2,SKU-0046,Material Isaac 1 EF,10,10,0,2025-10-21,C,68.47,684.7
1027,3,SKU-0024,Material NSE 3 EF,252,32,220,2025-10-27,O,286.03,72079.56
1028,0,SKU-0033,Material NSE 1 EM,102,4,98,2024-08-10,O,260.97,26618.94
1029,0,SKU-0057,Material Isaac 8 EF,176,64,112,2025-03-31,O,298.31,52502.56
1030,0,SKU-0026,Material COC 2 EF,50,41,9,2023-08-03,O,98.35,4917.5
1030,1,SKU-0030,Material Isaac 2 EM,46,24,22,2023-08-10,O,268.72,12361.12
1031,0,SKU-0044,Material SAE 5 EF,299,273,26,2025-02-07,O,117.95,35267.05
1032,0,SKU-0007,Material COC 6 EF,195,27,168,2023-05-16,O,49.85,9720.75
1032,1,SKU-0013,Material SAE 2 EF,159,0,159,2023-05-17,O,182.45,29009.55
1032,2,SKU-0001,Material PGS 7 EF,130,5,125,2023-05-02,O,97.92,12729.6
1033,0,SKU-0038,Material SAE 4 EF,257,196,61,2024-01-08,O,56.37,14487.09
1033,1,SKU-0057,Material SAE 4 EF,219,28,191,2023-12-07,O,44.68,9784.92
1033,2,SKU-0009,Material Isaac 8 EF,154,2,152,2024-01-13,O,151.19,23283.26
1034,0,SKU-0018,Material SAE 9 EF,138,88,50,2024-04-27,O,297.74,41088.12
1034,1,SKU-0031,Material PGS 2 EM,164,33,131,2024-03-26,O,144.18,23645.52
1034,2,SKU-0028,Material PGS 3 EF,12,8,4,2024-03-19,O,138.6,1663.2
1034,3,SKU-0047,Material SAE 5 EF,181,151,30,2024-03-28,O,230.32,41687.92
1034,4,SKU-0003,Material PGS 8 EF,148,31,117,2024-04-30,O,245.27,36299.96
1035,0,SKU-0055,Material NSE 4 EF,162,16,146,2025-05-22,O,253.63,41088.06
1035,1,SKU-0047,Material PGS 2 EF,17,8,9,2025-04-24,O,75.97,1291.49
1035,2,SKU-0029,Material SAE 5 EF,19,16,3,2025-04-22,O,66.78,1268.82
1035,3,SKU-0045,Material SAE 1 EM,104,58,46,2025-04-21,O,114.53,11911.12
1036,0,SKU-0033,Material COC 3 EF,74,66,8,2024-09-21,O,165.66,12258.84
1036,1,SKU-0012,Material PGS 8 EF,92,28,64,2024-09-16,O,27.35,2516.2
1036,2,SKU-0017,Material PGS 2 EF,143,1,142,2024-09-07,O,84.42,12072.06
1036,3,SKU-0057,Material PGS 2 EM,122,113,9,2024-08-26,O,115.06,14037.32
1037,0,SKU-0044,Material COC 3 EM,181,46,135,2023-03-26,O,43.1,7801.1
1037,1,SKU-0014,Material SAE 3 EF,33,19,14,2023-02-04,O,197.49,6517.17
1037,2,SKU-0036,Material SAE 6 EF,34,34,0,2023-03-06,C,199.37,6778.58
1037,3,SKU-0007,Material SAE 2 EM,117,4,113,2023-03-26,O,35.21,4119.57
1038,0,SKU-0018,Material COC 7 EF,132,103,29,2025-07-26,O,136.34,17996.88
1038,1,SKU-0039,Material NSE 8 EF,183,159,24,2025-07-21,O,192.57,35240.31
1038,2,SKU-0015,Material SAE 5 EF,287,164,123,2025-08-15,O,51.98,14918.26
1038,3,SKU-0025,Material PGS 8 EF,171,63,108,2025-08-15,O,65.25,11157.75
1039,0,SKU-0006,Material NSE 2 EM,261,159,102,2024-01-25,O,171.65,44800.65
1039,1,SKU-0027,Material PGS 4 EF,288,201,87,2024-01-22,O,131.32,37820.16
1040,0,SKU-0007,Material SAE 5 EF,163,131,32,2022-07-06,O,188.9,30790.7
1040,1,SKU-0030,Material PGS 1 EF,67,22,45,2022-07-22,O,189.57,12701.19
1041,0,SKU-0060,Material SAE 1 EF,142,29,113,2022-11-14,O,278.81,39591.02
1041,1,SKU-0007,Material COC 7 EF,229,69,160,2022-12-11,O,131.09,30019.61
1041,2,SKU-0030,Material SAE 4 EF,257,140,117,2022-12-18,O,269.55,69274.35
1042,0,SKU-0027,Material COC 1 EM,61,15,46,2025-03-09,O,282.09,17207.49
1042,1,SKU-0055,Material SAE 2 EF,120,85,35,2025-03-31,O,111.06,13327.2
1042,2,SKU-0057,Material COC 1 EF,181,39,142,2025-03-02,O,217.39,39347.59
1043,0,SKU-0029,Material PGS 3 EM,163,9,154,2023-06-26,O,178.92,29163.96
1043,1,SKU-0037,Material NSE 2 EM,196,110,86,2023-06-10,O,66.98,13128.08
1043,2,SKU-0020,Material PGS 8 EF,121,117,4,2023-06-24,O,92.31,11169.51
1043,3,SKU-0038,Material COC 6 EF,206,189,17,2023-07-24,O,77.31,15925.86
1043,4,SKU-0015,Material PGS 4 EF,94,12,82,2023-06-23,O,199.93,18793.42
1044,0,SKU-0047,Material Isaac 3 EM,91,66,25,2024-12-07,O,43.53,3961.23
1044,1,SKU-0017,Material SAE 8 EF,210,131,79,2024-12-19,O,145.35,30523.5
1044,2,SKU-0001,Material PGS 2 EF,278,269,9,2024-12-21,O,75.83,21080.74
1045,0,SKU-0054,Material Isaac 2 EM,54,25,29,2025-01-22,O,90.91,4909.14
1045,1,SKU-0043,Material Isaac 9 EF,290,201,89,2025-01-31,O,188.79,54749.1
1045,2,SKU-0047,Material NSE 9 EF,249,182,67,2024-12-21,O,115.99,28881.51
1045,3,SKU-0018,Material Isaac 1 EM,246,209,37,2024-12-15,O,118.21,29079.66
1045,4,SKU-0057,Material NSE 9 EF,43,37,6,2025-01-20,O,103.78,4462.54
1046,0,SKU-0006,Material SAE 3 EF,72,61,11,2023-09-16,O,67.23,4840.56
1046,1,SKU-0006,Material COC 3 EF,82,39,43,2023-08-30,O,103.06,8450.92
1046,2,SKU-0059,Material COC 2 EM,278,256,22,2023-10-04,O,200.19,55652.82
1047,0,SKU-0029,Material SAE 4 EF,25,1,24,2022-04-14,O,86.05,2151.25
1047,1,SKU-0042,Material NSE 3 EF,54,7,47,2022-02-28,O,28.28,1527.12
1047,2,SKU-0023,Material SAE 2 EM,140,30,110,2022-03-07,O,171.78,24049.2
1047,3,SKU-0007,Material SAE 1 EF,244,102,142,2022-04-16,O,264.13,64447.72
1048,0,SKU-0004,Material SAE 2 EM,46,74,0,2025-07-16,C,143.86,6617.56
1048,1,SKU-0002,Material COC 6 EF,76,45,31,2025-08-01,O,145.71,11073.96
1048,2,SKU-0042,Material NSE 3 EF,152,99,53,2025-07-06,O,61.92,9411.84
1048,3,SKU-0035,Material NSE 8 EF,123,72,51,2025-07-21,O,98.37,12099.51
1048,4,SKU-0052,Material PGS 5 EF,213,169,44,2025-06-24,O,170.56,36329.28
1049,0,SKU-0019,Material NSE 7 EF,154,44,110,2023-11-26,O,61.61,9487.94
1049,1,SKU-0003,Material PGS 3 EF,27,20,7,2023-12-04,O,232.02,6264.54
1049,2,SKU-0046,Material COC 7 EF,247,85,162,2023-11-29,O,129.58,32006.26
1049,3,SKU-0035,Material PGS 1 EF,55,54,1,2023-12-24,O,242.7,13348.5
1049,4,SKU-0033,Material SAE 8 EF,174,110,64,2023-12-01,O,254.48,44279.52
1050,0,SKU-0037,Material PGS 5 EF,164,11,153,2026-01-07,O,244.31,40066.84
1050,1,SKU-0033,Material COC 9 EF,220,96,124,2025-12-27,O,190.77,41969.4
1050,2,SKU-0028,Material NSE 6 EF,190,11,179,2025-11-28,O,141.7,26923.0
1051,0,SKU-0022,Material COC 3 EM,221,200,21,2022-03-01,O,167.48,37013.08
1051,1,SKU-0014,Material NSE 4 EF,80,57,23,2022-03-22,O,114.1,9128.0
1051,2,SKU-0037,Material NSE 4 EF,31,25,6,2022-02-05,O,264.86,8210.66
1051,3,SKU-0060,Material PGS 2 EF,74,2,72,2022-02-16,O,239.7,17737.8
1051,4,SKU-0009,Material COC 7 EF,200,164,36,2022-03-23,O,298.47,59694.0
1052,0,SKU-0029,Material Isaac 8 EF,112,67,45,2025-12-25,O,208.87,23393.44
1052,1,SKU-0002,Material PGS 5 EF,47,20,27,2026-01-28,O,266.49,12525.03
1052,2,SKU-0054,Material PGS 6 EF,216,176,40,2026-01-03,O,31.01,6698.16
1052,3,SKU-0045,Material PGS 3 EM,164,81,83,2026-01-21,O,129.15,21180.6
1052,4,SKU-0008,Material COC 1 EM,117,90,27,2026-01-29,O,206.85,24201.45
1053,0,SKU-0049,Material COC 2 EF,81,26,55,2023-11-22,O,273.49,22152.69
1053,1,SKU-0037,Material NSE 3 EF,39,38,1,2024-01-05,O,292.11,11392.29
1054,0,SKU-0048,Material COC 8 EF,164,114,50,2025-04-08,O,282.68,46359.52
1055,0,SKU-0054,Material NSE 3 EM,57,12,45,2024-06-23,O,236.18,13462.26
1056,0,SKU-0012,Material NSE 3 EF,263,177,86,2023-09-11,O,21.92,5764.96
1056,1,SKU-0029,Material Isaac 3 EM,76,3,73,2023-08-08,O,85.62,6507.12
1057,0,SKU-0036,Material SAE 1 EF,174,68,106,2022-04-28,O,21.97,3822.78
1057,1,SKU-0006,Material COC 1 EM,251,154,97,2022-04-23,O,41.92,10521.92
1057,2,SKU-0048,Material SAE 1 EM,89,25,64,2022-04-09,O,182.35,16229.15
1058,0,SKU-0016,Material NSE 1 EF,289,221,68,2024-11-14,O,82.79,23926.31
1058,1,SKU-0054,Material COC 7 EF,19,6,13,2024-10-25,O,177.38,3370.22
1059,0,SKU-0004,Material SAE 8 EF,111,51,60,2022-09-15,O,103.77,11518.47
1059,1,SKU-0027,Material Isaac 2 EM,221,73,148,2022-10-04,O,268.85,59415.85
1059,2,SKU-0001,Material PGS 3 EM,173,129,44,2022-09-18,O,200.66,34714.18
1059,3,SKU-0011,Material COC 2 EF,157,38,119,2022-10-31,O,181.98,28570.86
1060,0,SKU-0038,Material COC 2 EM,261,175,86,2023-03-31,O,209.44,54663.84
1060,1,SKU-0051,Material NSE 3 EM,85,4,81,2023-03-29,O,176.67,15016.95
1060,2,SKU-0047,Material COC 2 EM,48,30,18,2023-02-24,O,84.31,4046.88
1060,3,SKU-0003,Material Isaac 1 EM,264,225,39,2023-03-19,O,86.36,22799.04
1060,4,SKU-0014,Material SAE 5 EF,168,1,167,2023-03-18,O,285.02,47883.36
1061,0,SKU-0039,Material SAE 2 EF,87,62,25,2022-10-28,O,58.83,5118.21
1061,1,SKU-0003,Material COC 4 EF,263,134,129,2022-11-09,O,229.65,60397.95
1061,2,SKU-0005,Material SAE 8 EF,76,24,52,2022-10-15,O,35.48,2696.48
1062,0,SKU-0029,Material NSE 3 EM,57,99,0,2024-01-12,C,226.91,12933.87
1063,0,SKU-0056,Material COC 5 EF,132,23,109,2023-01-04,O,207.46,27384.72
1063,1,SKU-0014,Material Isaac 1 EF,83,41,42,2023-02-10,O,212.32,17622.56
1064,0,SKU-0005,Material NSE 8 EF,90,71,19,2023-11-24,O,98.85,8896.5
1064,1,SKU-0040,Material PGS 2 EF,249,213,36,2023-12-19,O,277.88,69192.12
1064,2,SKU-0012,Material NSE 7 EF,250,162,88,2023-12-10,O,142.62,35655.0
1064,3,SKU-0038,Material PGS 6 EF,74,2,72,2023-11-25,O,67.64,5005.36
1065,0,SKU-0020,Material Isaac 1 EF,55,5,50,2024-05-27,O,290.45,15974.75
1065,1,SKU-0041,Material COC 4 EF,24,4,20,2024-05-05,O,277.85,6668.4
1065,2,SKU-0036,Material COC 6 EF,34,6,28,2024-04-20,O,154.05,5237.7
1065,3,SKU-0033,Material Isaac 1 EF,70,19,51,2024-06-02,O,252.71,17689.7
1065,4,SKU-0018,Material PGS 1 EM,168,106,62,2024-04-14,O,250.78,42131.04
1066,0,SKU-0038,Material SAE 2 EM,201,129,72,2022-03-11,O,200.1,40220.1
1067,0,SKU-0004,Material SAE 8 EF,253,3,250,2025-02-13,O,55.21,13968.13
1068,0,SKU-0029,Material SAE 3 EF,21,14,7,2026-01-23,O,172.05,3613.05
1068,1,SKU-0017,Material SAE 2 EF,207,42,165,2026-02-04,O,166.22,34407.54
1069,0,SKU-0056,Material COC 2 EM,128,82,46,2025-04-14,O,202.59,25931.52
1069,1,SKU-0002,Material COC 4 EF,47,30,17,2025-04-26,O,153.45,7212.15
1070,0,SKU-0056,Material Isaac 7 EF,172,50,122,2025-05-29,O,245.31,42193.32
1070,1,SKU-0054,Material SAE 8 EF,99,85,14,2025-05-13,O,227.66,22538.34
1071,0,SKU-0026,Material Isaac 5 EF,270,103,167,2023-06-17,O,162.1,43767.0
1072,0,SKU-0015,Material SAE 1 EM,204,57,147,2025-04-14,O,254.98,52015.92
1073,0,SKU-0029,Material SAE 2 EM,267,157,110,2023-03-29,O,206.01,55004.67
1074,0,SKU-0053,Material Isaac 4 EF,161,50,111,2024-08-21,O,35.81,5765.41
1074,1,SKU-0033,Material Isaac 6 EF,32,21,11,2024-09-11,O,237.68,7605.76
1074,2,SKU-0056,Material PGS 3 EF,272,120,152,2024-08-28,O,20.9,5684.8
1074,3,SKU-0048,Material NSE 1 EM,87,68,19,2024-09-18,O,29.35,2553.45
1075,0,SKU-0016,Material PGS 4 EF,42,41,1,2026-01-05,O,90.41,3797.22
1075,1,SKU-0045,Material NSE 7 EF,131,45,86,2025-12-26,O,264.09,34595.79
1075,2,SKU-0004,Material COC 3 EF,190,141,49,2025-12-08,O,262.92,49954.8
1076,0,SKU-0049,Material PGS 2 EM,282,295,0,2025-07-05,C,217.87,61439.34
1077,0,SKU-0012,Material SAE 7 EF,88,47,41,2022-04-24,O,79.46,6992.48
1077,1,SKU-0039,Material Isaac 5 EF,176,48,128,2022-06-02,O,123.52,21739.52
1077,2,SKU-0017,Material Isaac 3 EM,232,42,190,2022-04-22,O,52.01,12066.32
1077,3,SKU-0001,Material PGS 8 EF,242,129,113,2022-05-04,O,96.87,23442.54
1077,4,SKU-0007,Material Isaac 9 EF,48,41,7,2022-05-16,O,196.74,9443.52
1078,0,SKU-0039,Material NSE 7 EF,66,56,10,2022-11-20,O,106.52,7030.32
1078,1,SKU-0049,Material COC 1 EM,113,47,66,2022-11-28,O,82.03,9269.39
1079,0,SKU-0060,Material NSE 7 EF,174,126,48,2023-05-26,O,56.76,9876.24
1079,1,SKU-0002,Material Isaac 1 EF,61,59,2,2023-06-17,O,64.4,3928.4
1079,2,SKU-0022,Material NSE 2 EF,78,25,53,2023-06-06,O,254.96,19886.88
1079,3,SKU-0010,Material NSE 8 EF,282,19,263,2023-06-15,O,32.63,9201.66
1080,0,SKU-0042,Material PGS 3 EM,16,16,0,2025-06-03,C,157.49,2519.84
1080,1,SKU-0041,Material NSE 2 EM,274,69,205,2025-05-11,O,117.0,32058.0
1080,2,SKU-0008,Material SAE 1 EM,29,5,24,2025-05-24,O,107.02,3103.58
1081,0,SKU-0015,Material SAE 5 EF,282,152,130,2023-10-17,O,128.54,36248.28
1081,1,SKU-0027,Material NSE 3 EM,261,95,166,2023-11-13,O,199.92,52179.12
1082,0,SKU-0052,Material SAE 3 EM,87,111,0,2022-04-14,C,254.02,22099.74
1082,1,SKU-0013,Material COC 1 EF,248,265,0,2022-05-01,C,262.89,65196.72
1083,0,SKU-0058,Material NSE 9 EF,122,34,88,2024-01-19,O,51.25,6252.5
1083,1,SKU-0019,Material COC 4 EF,271,199,72,2024-01-17,O,151.73,41118.83
1083,2,SKU-0041,Material Isaac 3 EF,262,105,157,2023-12-22,O,292.9,76739.8
1084,0,SKU-0051,Material Isaac 4 EF,20,0,20,2022-08-25,O,172.59,3451.8
1084,1,SKU-0023,Material SAE 1 EM,56,41,15,2022-09-10,O,23.49,1315.44
1084,2,SKU-0027,Material COC 5 EF,249,111,138,2022-09-01,O,40.12,9989.88
1084,3,SKU-0022,Material COC 5 EF,269,147,122,2022-09-05,O,282.94,76110.86
1084,4,SKU-0002,Material NSE 3 EF,143,122,21,2022-09-12,O,269.9,38595.7
1085,0,SKU-0026,Material Isaac 4 EF,293,273,20,2023-04-19,O,47.29,13855.97
1085,1,SKU-0035,Material Isaac 8 EF,244,148,96,2023-04-04,O,211.56,51620.64
1086,0,SKU-0023,Material SAE 5 EF,83,15,68,2025-04-16,O,126.64,10511.12
1086,1,SKU-0014,Material NSE 8 EF,82,55,27,2025-04-30,O,248.71,20394.22
1087,0,SKU-0049,Material COC 3 EF,36,10,26,2025-10-30,O,167.08,6014.88
1087,1,SKU-0009,Material PGS 3 EM,256,133,123,2025-11-02,O,265.46,67957.76
1088,0,SKU-0040,Material COC 5 EF,24,11,13,2023-04-23,O,173.9,4173.6
1088,1,SKU-0047,Material COC 2 EF,197,12,185,2023-04-12,O,85.98,16938.06
1088,2,SKU-0047,Material NSE 3 EM,24,16,8,2023-04-24,O,201.36,4832.64
1089,0,SKU-0034,Material NSE 3 EM,176,23,153,2025-09-23,O,85.98,15132.48
1090,0,SKU-0058,Material NSE 1 EF,252,162,90,2022-03-06,O,254.25,64071.0
1090,1,SKU-0059,Material Isaac 3 EM,142,127,15,2022-01-21,O,169.56,24077.52
1091,0,SKU-0005,Material SAE 7 EF,83,4,79,2024-11-28,O,61.94,5141.02
1091,1,SKU-0051,Material COC 8 EF,58,22,36,2024-11-18,O,142.59,8270.22
1092,0,SKU-0053,Material PGS 4 EF,96,41,55,2022-04-29,O,117.19,11250.24
1093,0,SKU-0042,Material SAE 8 EF,291,135,156,2023-10-22,O,259.33,75465.03
1093,1,SKU-0059,Material SAE 1 EM,242,142,100,2023-10-18,O,229.21,55468.82
1093,2,SKU-0027,Material SAE 3 EF,79,24,55,2023-11-23,O,255.6,20192.4
1094,0,SKU-0001,Material NSE 3 EF,197,163,34,2022-10-16,O,49.77,9804.69
1094,1,SKU-0027,Material SAE 1 EM,239,168,71,2022-10-28,O,97.04,23192.56
1094,2,SKU-0013,Material COC 8 EF,86,2,84,2022-10-31,O,140.24,12060.64
1094,3,SKU-0015,Material PGS 2 EF,128,51,77,2022-10-23,O,231.6,29644.8
1094,4,SKU-0004,Material Isaac 1 EM,102,50,52,2022-10-15,O,34.85,3554.7
1095,0,SKU-0049,Material NSE 7 EF,281,10,271,2023-12-03,O,68.08,19130.48
1095,1,SKU-0023,Material SAE 8 EF,121,8,113,2023-11-20,O,69.59,8420.39
1095,2,SKU-0026,Material PGS 4 EF,154,74,80,2023-12-25,O,76.02,11707.08
1096,0,SKU-0003,Material COC 9 EF,83,2,81,2022-05-09,O,89.2,7403.6
1096,1,SKU-0049,Material NSE 4 EF,243,199,44,2022-04-06,O,192.95,46886.85
1096,2,SKU-0051,Material NSE 4 EF,146,100,46,2022-04-23,O,153.13,22356.98
1097,0,SKU-0011,Material Isaac 3 EM,122,103,19,2023-07-29,O,263.0,32086.0
1097,1,SKU-0030,Material Isaac 9 EF,176,106,70,2023-07-16,O,252.71,44476.96
1097,2,SKU-0004,Material Isaac 4 EF,285,80,205,2023-08-03,O,225.69,64321.65
1098,0,SKU-0012,Material COC 2 EF,43,26,17,2023-06-29,O,143.0,6149.0
1098,1,SKU-0038,Material SAE 2 EF,244,233,11,2023-07-03,O,296.64,72380.16
1098,2,SKU-0050,Material SAE 6 EF,162,122,40,2023-07-22,O,69.92,11327.04
1098,3,SKU-0025,Material NSE 8 EF,125,124,1,2023-07-03,O,224.78,28097.5
1099,0,SKU-0051,Material SAE 4 EF,61,8,53,2023-12-06,O,131.66,8031.26
1099,1,SKU-0003,Material Isaac 8 EF,219,12,207,2023-12-25,O,132.25,28962.75
1099,2,SKU-0041,Material NSE 1 EM,281,88,193,2023-11-20,O,218.43,61378.83
1099,3,SKU-0041,Material SAE 7 EF,49,31,18,2023-12-25,O,77.27,3786.23
1099,4,SKU-0030,Material NSE 2 EF,123,9,114,2023-11-13,O,161.01,19804.23
1100,0,SKU-0015,Material SAE 3 EM,82,73,9,2025-02-25,O,153.65,12599.3
1100,1,SKU-0041,Material NSE 8 EF,69,45,24,2025-03-07,O,243.08,16772.52
1100,2,SKU-0052,Material Isaac 1 EF,118,99,19,2025-02-18,O,166.53,19650.54
1100,3,SKU-0049,Material NSE 3 EF,160,66,94,2025-02-21,O,232.13,37140.8
1101,0,SKU-0055,Material Isaac 7 EF,129,102,27,2022-03-09,O,298.44,38498.76
1101,1,SKU-0003,Material NSE 8 EF,220,187,33,2022-03-04,O,291.61,64154.2
1101,2,SKU-0052,Material PGS 3 EM,77,69,8,2022-02-12,O,85.05,6548.85
1101,3,SKU-0025,Material COC 6 EF,260,218,42,2022-02-02,O,194.58,50590.8
1101,4,SKU-0052,Material PGS 6 EF,75,51,24,2022-01-19,O,25.17,1887.75
1102,0,SKU-0033,Material COC 9 EF,15,8,7,2023-11-30,O,218.62,3279.3
1102,1,SKU-0051,Material NSE 2 EM,36,29,7,2023-12-13,O,276.5,9954.0
1102,2,SKU-0032,Material PGS 2 EM,77,119,0,2023-12-23,C,187.23,14416.71
1103,0,SKU-0012,Material SAE 7 EF,267,205,62,2023-04-06,O,276.69,73876.23
1103,1,SKU-0036,Material Isaac 3 EF,45,16,29,2023-04-01,O,268.51,12082.95
1103,2,SKU-0019,Material PGS 7 EF,297,308,0,2023-04-10,C,210.24,62441.28
1103,3,SKU-0045,Material SAE 9 EF,52,26,26,2023-04-19,O,45.9,2386.8
1103,4,SKU-0032,Material Isaac 5 EF,231,46,185,2023-04-24,O,119.36,27572.16
1104,0,SKU-0012,Material COC 2 EM,288,102,186,2023-01-22,O,231.16,66574.08
1104,1,SKU-0057,Material NSE 2 EF,277,60,217,2023-01-21,O,236.83,65601.91
1105,0,SKU-0029,Material SAE 3 EF,217,147,70,2024-07-02,O,122.3,26539.1
1105,1,SKU-0017,Material Isaac 2 EM,237,80,157,2024-07-03,O,174.8,41427.6
1105,2,SKU-0004,Material NSE 3 EF,243,264,0,2024-06-16,C,151.17,36734.31
1105,3,SKU-0052,Material COC 1 EM,231,223,8,2024-06-21,O,212.6,49110.6
1106,0,SKU-0008,Material NSE 1 EM,245,210,35,2023-12-18,O,272.61,66789.45
1106,1,SKU-0015,Material Isaac 3 EM,49,26,23,2024-01-05,O,32.19,1577.31
1106,2,SKU-0031,Material PGS 7 EF,33,39,0,2023-12-30,C,179.34,5918.22
1106,3,SKU-0059,Material COC 3 EM,33,10,23,2023-12-02,O,26.97,890.01
1107,0,SKU-0016,Material SAE 6 EF,167,55,112,2024-01-10,O,66.69,11137.23
1107,1,SKU-0017,Material SAE 2 EM,102,77,25,2023-12-28,O,48.4,4936.8
1107,2,SKU-0057,Material Isaac 3 EF,215,160,55,2023-12-15,O,61.4,13201.0
1107,3,SKU-0007,Material Isaac 4 EF,194,165,29,2023-12-10,O,181.57,35224.58
1108,0,SKU-0021,Material Isaac 8 EF,216,89,127,2025-06-01,O,112.22,24239.52
1108,1,SKU-0027,Material SAE 1 EM,209,183,26,2025-06-30,O,176.94,36980.46
1108,2,SKU-0027,Material COC 9 EF,175,214,0,2025-07-02,C,265.01,46376.75
1108,3,SKU-0047,Material COC 3 EM,256,251,5,2025-05-31,O,36.63,9377.28
1108,4,SKU-0020,Material COC 3 EF,60,12,48,2025-05-22,O,133.49,8009.4
1109,0,SKU-0043,Material NSE 1 EF,266,148,118,2025-12-14,O,30.95,8232.7
1109,1,SKU-0036,Material NSE 3 EF,222,186,36,2026-01-02,O,173.21,38452.62
1109,2,SKU-0020,Material NSE 1 EF,124,60,64,2025-11-20,O,36.76,4558.24
1109,3,SKU-0017,Material PGS 9 EF,263,53,210,2025-11-30,O,204.68,53830.84
1109,4,SKU-0034,Material PGS 9 EF,37,24,13,2025-12-31,O,169.11,6257.07
1110,0,SKU-0042,Material PGS 8 EF,285,96,189,2025-07-20,O,48.14,13719.9
1110,1,SKU-0022,Material Isaac 3 EM,29,21,8,2025-07-16,O,228.07,6614.03
1110,2,SKU-0017,Material COC 1 EM,269,174,95,2025-06-25,O,224.45,60377.05
1111,0,SKU-0032,Material COC 4 EF,37,29,8,2024-06-30,O,233.26,8630.62
1111,1,SKU-0017,Material COC 3 EF,273,275,0,2024-05-31,C,273.33,74619.09
1111,2,SKU-0041,Material SAE 2 EF,223,165,58,2024-06-23,O,268.31,59833.13
1111,3,SKU-0053,Material COC 1 EF,14,12,2,2024-05-23,O,284.07,3976.98
1112,0,SKU-0045,Material COC 4 EF,292,186,106,2023-09-09,O,125.04,36511.68
1113,0,SKU-0055,Material COC 2 EF,297,34,263,2024-08-18,O,84.13,24986.61
1113,1,SKU-0030,Material SAE 8 EF,42,28,14,2024-08-20,O,99.15,4164.3
1113,2,SKU-0017,Material Isaac 6 EF,122,40,82,2024-07-15,O,218.32,26635.04
1114,0,SKU-0015,Material COC 2 EF,45,12,33,2025-12-06,O,69.71,3136.95
1114,1,SKU-0052,Material PGS 2 EF,244,39,205,2025-12-17,O,294.74,71916.56
1114,2,SKU-0014,Material Isaac 1 EF,246,58,188,2025-12-21,O,198.26,48771.96
1114,3,SKU-0029,Material COC 8 EF,180,133,47,2025-12-18,O,54.66,9838.8
1115,0,SKU-0017,Material Isaac 4 EF,148,144,4,2023-07-25,O,246.8,36526.4
1115,1,SKU-0055,Material Isaac 6 EF,103,91,12,2023-08-08,O,21.56,2220.68
1116,0,SKU-0013,Material Isaac 1 EM,292,67,225,2022-02-14,O,191.73,55985.16
1117,0,SKU-0002,Material SAE 2 EM,84,28,56,2023-07-21,O,265.97,22341.48
1117,1,SKU-0033,Material PGS 1 EF,174,10,164,2023-07-21,O,201.52,35064.48
1118,0,SKU-0033,Material PGS 4 EF,94,24,70,2025-02-12,O,134.85,12675.9
1118,1,SKU-0008,Material NSE 8 EF,150,35,115,2025-03-18,O,123.36,18504.0
1118,2,SKU-0032,Material NSE 3 EM,84,42,42,2025-03-03,O,171.98,14446.32
1118,3,SKU-0031,Material NSE 7 EF,133,10,123,2025-03-23,O,284.5,37838.5
1119,0,SKU-0024,Material PGS 3 EM,161,112,49,2026-01-07,O,237.89,38300.29
1119,1,SKU-0060,Material PGS 1 EM,58,53,5,2025-12-15,O,297.82,17273.56
1120,0,SKU-0045,Material NSE 6 EF,172,40,132,2022-07-13,O,49.51,8515.72
1120,1,SKU-0052,Material PGS 8 EF,118,109,9,2022-07-13,O,113.57,13401.26
1120,2,SKU-0018,Material Isaac 2 EF,293,227,66,2022-08-23,O,49.28,14439.04
1121,0,SKU-0011,Material COC 9 EF,85,66,19,2022-05-20,O,22.4,1904.0
1121,1,SKU-0021,Material SAE 5 EF,176,64,112,2022-06-13,O,193.6,34073.6
1122,0,SKU-0034,Material SAE 1 EM,32,20,12,2024-03-14,O,93.14,2980.48
1122,1,SKU-0020,Material COC 1 EM,273,22,251,2024-03-18,O,180.65,49317.45
1122,2,SKU-0038,Material NSE 5 EF,290,270,20,2024-03-28,O,288.83,83760.7
1123,0,SKU-0001,Material PGS 1 EF,288,155,133,2022-07-31,O,98.39,28336.32
1123,1,SKU-0037,Material SAE 1 EM,84,74,10,2022-07-30,O,280.7,23578.8
1123,2,SKU-0037,Material NSE 1 EM,167,164,3,2022-06-20,O,49.48,8263.16
1123,3,SKU-0030,Material PGS 4 EF,19,0,19,2022-08-01,O,235.98,4483.62
1123,4,SKU-0002,Material COC 1 EM,36,32,4,2022-06-17,O,112.32,4043.52
1124,0,SKU-0023,Material COC 1 EM,115,49,66,2022-07-11,O,145.67,16752.05
1124,1,SKU-0007,Material COC 3 EM,262,180,82,2022-06-26,O,171.41,44909.42
1125,0,SKU-0016,Material COC 3 EM,63,18,45,2025-01-10,O,81.7,5147.1
1125,1,SKU-0050,Material Isaac 5 EF,193,143,50,2025-01-19,O,238.84,46096.12
1125,2,SKU-0007,Material COC 2 EM,50,31,19,2025-01-04,O,69.65,3482.5
1125,3,SKU-0020,Material NSE 6 EF,67,41,26,2025-01-06,O,202.38,13559.46
1126,0,SKU-0044,Material Isaac 7 EF,84,52,32,2023-08-31,O,40.49,3401.16
1127,0,SKU-0031,Material PGS 2 EM,57,31,26,2025-03-01,O,89.1,5078.7
1127,1,SKU-0041,Material PGS 1 EF,260,171,89,2025-03-01,O,217.56,56565.6
1127,2,SKU-0003,Material COC 2 EM,238,126,112,2025-03-06,O,35.97,8560.86
1127,3,SKU-0020,Material Isaac 2 EF,101,100,1,2025-03-14,O,22.53,2275.53
1127,4,SKU-0046,Material COC 2 EM,91,71,20,2025-03-16,O,287.31,26145.21
1128,0,SKU-0003,Material Isaac 3 EF,112,35,77,2025-12-05,O,122.1,13675.2
1128,1,SKU-0028,Material NSE 7 EF,18,2,16,2025-11-24,O,168.09,3025.62
1128,2,SKU-0058,Material NSE 9 EF,229,88,141,2025-12-08,O,102.17,23396.93
1129,0,SKU-0019,Material NSE 3 EM,205,195,10,2022-05-12,O,29.74,6096.7
1129,1,SKU-0057,Material NSE 1 EM,58,53,5,2022-05-25,O,73.37,4255.46
1130,0,SKU-0020,Material PGS 2 EF,10,7,3,2025-04-12,O,38.83,388.3
1130,1,SKU-0011,Material PGS 3 EM,273,29,244,2025-05-30,O,195.92,53486.16
1130,2,SKU-0030,Material NSE 4 EF,126,16,110,2025-04-27,O,243.78,30716.28
1130,3,SKU-0011,Material SAE 1 EF,55,44,11,2025-05-30,O,128.67,7076.85
1130,4,SKU-0017,Material COC 1 EM,270,89,181,2025-04-25,O,59.58,16086.6
1131,0,SKU-0043,Material PGS 2 EM,231,184,47,2025-11-01,O,292.86,67650.66
1131,1,SKU-0017,Material NSE 3 EM,261,76,185,2025-10-28,O,157.78,41180.58
1131,2,SKU-0009,Material SAE 1 EF,94,83,11,2025-10-18,O,89.15,8380.1
1131,3,SKU-0019,Material PGS 1 EF,211,103,108,2025-11-25,O,192.02,40516.22
1132,0,SKU-0024,Material Isaac 6 EF,212,38,174,2024-11-20,O,90.64,19215.68
1132,1,SKU-0006,Material PGS 3 EM,218,170,48,2024-11-25,O,67.02,14610.36
1132,2,SKU-0044,Material Isaac 3 EF,58,14,44,2024-12-02,O,232.69,13496.02
1133,0,SKU-0011,Material Isaac 1 EM,296,94,202,2025-04-02,O,262.12,77587.52
1133,1,SKU-0020,Material Isaac 5 EF,236,111,125,2025-03-16,O,103.92,24525.12
1133,2,SKU-0027,Material SAE 7 EF,85,36,49,2025-03-22,O,214.02,18191.7
1134,0,SKU-0020,Material COC 1 EF,226,101,125,2023-01-01,O,91.79,20744.54
1134,1,SKU-0058,Material PGS 3 EM,23,9,14,2023-01-27,O,271.94,6254.62
1135,0,SKU-0040,Material PGS 9 EF,192,55,137,2025-10-05,O,255.31,49019.52
1136,0,SKU-0039,Material COC 8 EF,246,96,150,2023-01-12,O,242.1,59556.6
1136,1,SKU-0050,Material COC 5 EF,251,233,18,2023-02-07,O,71.92,18051.92
1137,0,SKU-0043,Material PGS 2 EM,257,36,221,2024-04-29,O,257.04,66059.28
1137,1,SKU-0048,Material NSE 3 EF,221,200,21,2024-04-24,O,57.42,12689.82
1138,0,SKU-0039,Material SAE 2 EM,64,59,5,2022-08-17,O,190.59,12197.76
1138,1,SKU-0027,Material NSE 2 EF,268,159,109,2022-09-02,O,259.14,69449.52
1138,2,SKU-0047,Material Isaac 5 EF,100,44,56,2022-08-14,O,289.85,28985.0
1138,3,SKU-0051,Material NSE 7 EF,28,15,13,2022-08-01,O,60.1,1682.8
1139,0,SKU-0018,Material PGS 2 EF,146,7,139,2024-06-20,O,258.22,37700.12
1139,1,SKU-0055,Material NSE 3 EM,208,100,108,2024-07-05,O,74.38,15471.04
1139,2,SKU-0017,Material Isaac 6 EF,224,17,207,2024-06-07,O,27.17,6086.08
1139,3,SKU-0049,Material SAE 8 EF,75,61,14,2024-06-28,O,137.9,10342.5
1139,4,SKU-0009,Material Isaac 3 EM,257,284,0,2024-07-03,C,125.09,32148.13
1140,0,SKU-0026,Material SAE 4 EF,132,32,100,2024-03-23,O,297.84,39314.88
1140,1,SKU-0025,Material COC 4 EF,296,241,55,2024-03-26,O,186.01,55058.96
1141,0,SKU-0011,Material NSE 1 EF,160,93,67,2024-09-15,O,280.71,44913.6
1141,1,SKU-0036,Material SAE 1 EM,169,144,25,2024-08-31,O,81.34,13746.46
1141,2,SKU-0004,Material SAE 6 EF,196,12,184,2024-08-26,O,257.93,50554.28
1142,0,SKU-0001,Material SAE 9 EF,21,20,1,2022-07-15,O,233.95,4912.95
1143,0,SKU-0038,Material NSE 2 EF,32,10,22,2023-02-06,O,93.09,2978.88
1143,1,SKU-0010,Material SAE 8 EF,182,160,22,2023-01-28,O,88.93,16185.26
1143,2,SKU-0025,Material PGS 2 EM,38,6,32,2023-01-22,O,172.01,6536.38
1143,3,SKU-0006,Material SAE 1 EM,32,11,21,2023-01-29,O,266.02,8512.64
1143,4,SKU-0038,Material Isaac 3 EM,269,179,90,2023-01-23,O,260.88,70176.72
1144,0,SKU-0036,Material COC 7 EF,292,187,105,2025-03-14,O,209.21,61089.32
1144,1,SKU-0015,Material COC 7 EF,54,4,50,2025-03-18,O,87.56,4728.24
1144,2,SKU-0013,Material SAE 8 EF,208,197,11,2025-03-17,O,99.77,20752.16
1144,3,SKU-0028,Material PGS 9 EF,154,59,95,2025-03-16,O,200.03,30804.62
1145,0,SKU-0005,Material Isaac 6 EF,184,111,73,2022-10-07,O,291.01,53545.84
1145,1,SKU-0059,Material Isaac 1 EM,189,165,24,2022-08-26,O,270.32,51090.48
1145,2,SKU-0032,Material PGS 7 EF,206,14,192,2022-09-14,O,142.85,29427.1
1146,0,SKU-0040,Material PGS 2 EF,48,34,14,2022-06-15,O,209.3,10046.4
1147,0,SKU-0047,Material Isaac 3 EF,251,115,136,2023-11-18,O,277.87,69745.37
1147,1,SKU-0058,Material PGS 4 EF,243,187,56,2023-12-15,O,215.96,52478.28
1147,2,SKU-0038,Material SAE 7 EF,16,13,3,2023-12-09,O,241.2,3859.2
1148,0,SKU-0021,Material NSE 1 EM,88,37,51,2025-10-14,O,202.67,17834.96
1148,1,SKU-0019,Material SAE 4 EF,289,100,189,2025-10-26,O,138.64,40066.96
1148,2,SKU-0053,Material SAE 6 EF,295,321,0,2025-10-24,C,96.62,28502.9
1149,0,SKU-0030,Material COC 9 EF,191,188,3,2022-05-18,O,243.57,46521.87
1149,1,SKU-0039,Material PGS 2 EM,43,27,16,2022-05-17,O,146.56,6302.08
1149,2,SKU-0042,Material Isaac 3 EF,77,44,33,2022-04-29,O,43.48,3347.96
1149,3,SKU-0026,Material COC 1 EM,126,100,26,2022-05-02,O,264.35,33308.1
1150,0,SKU-0039,Material PGS 4 EF,211,198,13,2022-11-20,O,99.54,21002.94
1151,0,SKU-0024,Material NSE 7 EF,240,118,122,2025-01-16,O,214.42,51460.8
1151,1,SKU-0054,Material Isaac 2 EM,161,127,34,2024-12-10,O,169.3,27257.3
1151,2,SKU-0028,Material Isaac 2 EM,256,116,140,2024-12-21,O,30.91,7912.96
1151,3,SKU-0052,Material PGS 6 EF,235,214,21,2024-12-26,O,51.77,12165.95
1151,4,SKU-0004,Material PGS 1 EF,224,210,14,2024-12-22,O,249.89,55975.36
1152,0,SKU-0056,Material COC 7 EF,70,12,58,2023-09-04,O,247.76,17343.2
1152,1,SKU-0050,Material PGS 9 EF,222,107,115,2023-09-10,O,65.52,14545.44
1153,0,SKU-0014,Material PGS 4 EF,119,103,16,2025-05-01,O,126.2,15017.8
1153,1,SKU-0027,Material NSE 9 EF,43,33,10,2025-05-01,O,105.28,4527.04
1154,0,SKU-0045,Material NSE 8 EF,74,5,69,2022-07-17,O,152.36,11274.64
1155,0,SKU-0041,Material SAE 3 EM,226,94,132,2023-02-12,O,183.77,41532.02
1155,1,SKU-0053,Material NSE 4 EF,249,3,246,2023-01-20,O,64.15,15973.35
1156,0,SKU-0025,Material SAE 7 EF,140,74,66,2025-01-29,O,265.97,37235.8
1156,1,SKU-0028,Material PGS 6 EF,23,3,20,2025-02-15,O,31.81,731.63
1156,2,SKU-0021,Material SAE 8 EF,94,25,69,2025-01-27,O,28.84,2710.96
1156,3,SKU-0010,Material COC 3 EM,270,171,99,2025-03-04,O,71.06,19186.2
1156,4,SKU-0044,Material NSE 8 EF,36,61,0,2025-03-15,C,117.01,4212.36
1157,0,SKU-0004,Material Isaac 9 EF,166,76,90,2023-09-23,O,57.95,9619.7
1157,1,SKU-0025,Material NSE 8 EF,11,4,7,2023-09-15,O,20.36,223.96
1157,2,SKU-0047,Material PGS 7 EF,98,63,35,2023-09-07,O,98.56,9658.88
1157,3,SKU-0058,Material NSE 2 EF,278,14,264,2023-10-18,O,245.01,68112.78
1158,0,SKU-0010,Material COC 1 EF,208,20,188,2023-04-19,O,155.36,32314.88
1158,1,SKU-0057,Material PGS 6 EF,145,87,58,2023-04-24,O,83.27,12074.15
1158,2,SKU-0007,Material PGS 2 EM,286,334,0,2023-05-05,C,197.02,56347.72
1158,3,SKU-0015,Material PGS 7 EF,222,208,14,2023-05-05,O,48.5,10767.0
1159,0,SKU-0056,Material Isaac 2 EM,95,19,76,2022-05-24,O,172.09,16348.55
1159,1,SKU-0024,Material Isaac 1 EM,24,7,17,2022-05-23,O,218.55,5245.2
1160,0,SKU-0058,Material SAE 9 EF,130,66,64,2025-01-27,O,174.18,22643.4
1160,1,SKU-0044,Material NSE 3 EF,290,136,154,2025-01-21,O,21.77,6313.3
1160,2,SKU-0030,Material NSE 3 EM,143,77,66,2024-12-27,O,297.45,42535.35
1160,3,SKU-0008,Material PGS 6 EF,164,79,85,2025-01-15,O,99.83,16372.12
1161,0,SKU-0006,Material COC 3 EF,229,22,207,2024-06-05,O,131.56,30127.24
1161,1,SKU-0008,Material NSE 8 EF,130,46,84,2024-06-06,O,124.58,16195.4
1161,2,SKU-0007,Material PGS 6 EF,206,195,11,2024-05-10,O,57.69,11884.14
1161,3,SKU-0031,Material Isaac 3 EM,267,235,32,2024-05-07,O,125.98,33636.66
1162,0,SKU-0035,Material COC 2 EM,48,39,9,2022-06-01,O,256.6,12316.8
1162,1,SKU-0006,Material PGS 2 EM,41,17,24,2022-06-08,O,195.47,8014.27
1162,2,SKU-0016,Material Isaac 5 EF,250,153,97,2022-05-23,O,188.21,47052.5
1163,0,SKU-0050,Material SAE 3 EF,26,17,9,2022-08-31,O,184.0,4784.0
1163,1,SKU-0057,Material PGS 6 EF,254,20,234,2022-09-25,O,173.96,44185.84
1164,0,SKU-0033,Material PGS 6 EF,261,95,166,2024-07-17,O,50.09,13073.49
1164,1,SKU-0007,Material NSE 6 EF,22,16,6,2024-07-19,O,54.96,1209.12
1164,2,SKU-0057,Material SAE 5 EF,105,33,72,2024-08-06,O,69.88,7337.4
1164,3,SKU-0058,Material Isaac 6 EF,144,192,0,2024-07-25,C,140.99,20302.56
1165,0,SKU-0032,Material PGS 3 EM,100,17,83,2024-01-05,O,265.19,26519.0
1165,1,SKU-0048,Material NSE 3 EF,152,98,54,2024-01-06,O,174.49,26522.48
1165,2,SKU-0019,Material COC 3 EF,188,86,102,2024-02-15,O,184.64,34712.32
1165,3,SKU-0023,Material PGS 3 EM,48,45,3,2024-02-01,O,67.73,3251.04
1165,4,SKU-0034,Material Isaac 9 EF,41,4,37,2024-02-03,O,68.97,2827.77
1166,0,SKU-0032,Material Isaac 4 EF,68,57,11,2023-02-27,O,20.59,1400.12
1166,1,SKU-0056,Material COC 3 EF,184,132,52,2023-03-12,O,105.94,19492.96
1166,2,SKU-0030,Material Isaac 3 EM,145,15,130,2023-03-11,O,297.82,43183.9
1166,3,SKU-0012,Material SAE 8 EF,124,72,52,2023-03-16,O,124.73,15466.52
1167,0,SKU-0011,Material NSE 1 EF,262,245,17,2023-10-25,O,227.94,59720.28
1168,0,SKU-0057,Material Isaac 2 EF,230,190,40,2026-02-09,O,170.66,39251.8
1168,1,SKU-0031,Material Isaac 3 EF,234,21,213,2026-02-11,O,296.8,69451.2
1168,2,SKU-0059,Material PGS 3 EF,230,98,132,2026-02-01,O,45.86,10547.8
1169,0,SKU-0011,Material PGS 3 EF,37,18,19,2025-10-04,O,30.6,1132.2
1169,1,SKU-0054,Material COC 1 EF,59,73,0,2025-09-29,C,173.89,10259.51
1169,2,SKU-0037,Material COC 9 EF,54,14,40,2025-11-08,O,54.19,2926.26
1169,3,SKU-0044,Material Isaac 3 EM,140,84,56,2025-10-14,O,297.0,41580.0
1170,0,SKU-0038,Material PGS 3 EF,95,61,34,2025-07-04,O,42.31,4019.45
1170,1,SKU-0060,Material PGS 2 EF,300,241,59,2025-07-01,O,168.16,50448.0
1170,2,SKU-0055,Material COC 9 EF,117,95,22,2025-06-22,O,104.74,12254.58
1170,3,SKU-0001,Material Isaac 3 EM,250,129,121,2025-06-21,O,227.64,56910.0
1170,4,SKU-0011,Material PGS 8 EF,257,234,23,2025-07-29,O,139.53,35859.21
1171,0,SKU-0054,Material NSE 1 EM,246,94,152,2025-12-08,O,124.47,30619.62
1172,0,SKU-0015,Material Isaac 3 EM,106,41,65,2025-11-11,O,285.59,30272.54
1173,0,SKU-0038,Material SAE 5 EF,143,85,58,2023-04-25,O,54.01,7723.43
1173,1,SKU-0003,Material COC 6 EF,153,57,96,2023-03-25,O,92.86,14207.58
1173,2,SKU-0005,Material Isaac 9 EF,294,185,109,2023-05-01,O,112.77,33154.38
1173,3,SKU-0001,Material NSE 2 EM,278,52,226,2023-04-09,O,46.88,13032.64
1174,0,SKU-0054,Material NSE 7 EF,150,62,88,2024-09-26,O,115.07,17260.5
1174,1,SKU-0048,Material PGS 2 EM,157,101,56,2024-11-04,O,23.11,3628.27
1174,2,SKU-0032,Material PGS 6 EF,78,43,35,2024-10-07,O,159.84,12467.52
1174,3,SKU-0028,Material NSE 4 EF,130,30,100,2024-11-07,O,145.98,18977.4
1175,0,SKU-0054,Material Isaac 1 EF,107,60,47,2024-03-29,O,42.31,4527.17
1175,1,SKU-0034,Material NSE 8 EF,70,19,51,2024-03-03,O,292.86,20500.2
1175,2,SKU-0013,Material Isaac 7 EF,140,72,68,2024-03-22,O,182.58,25561.2
1176,0,SKU-0044,Material Isaac 7 EF,55,55,0,2024-08-08,C,116.59,6412.45
1176,1,SKU-0041,Material SAE 5 EF,157,157,0,2024-06-26,C,158.18,24834.26
1176,2,SKU-0037,Material COC 4 EF,184,176,8,2024-07-19,O,100.81,18549.04
1176,3,SKU-0040,Material Isaac 2 EF,22,13,9,2024-06-29,O,258.04,5676.88
1176,4,SKU-0011,Material SAE 7 EF,255,150,105,2024-07-05,O,291.68,74378.4
1177,0,SKU-0042,Material SAE 8 EF,71,7,64,2023-08-02,O,220.14,15629.94
1177,1,SKU-0023,Material COC 6 EF,111,3,108,2023-08-27,O,168.13,18662.43
1177,2,SKU-0014,Material SAE 2 EM,283,104,179,2023-07-19,O,223.25,63179.75
1177,3,SKU-0005,Material PGS 3 EM,194,29,165,2023-07-24,O,73.42,14243.48
1178,0,SKU-0018,Material PGS 1 EM,200,50,150,2024-11-07,O,88.52,17704.0
1178,1,SKU-0036,Material NSE 4 EF,122,15,107,2024-11-25,O,192.8,23521.6
1178,2,SKU-0049,Material Isaac 5 EF,264,242,22,2024-11-29,O,243.07,64170.48
1178,3,SKU-0036,Material SAE 3 EF,127,127,0,2024-11-06,C,160.57,20392.39
1178,4,SKU-0028,Material SAE 7 EF,248,188,60,2024-11-23,O,222.82,55259.36
1179,0,SKU-0011,Material NSE 5 EF,191,55,136,2022-11-14,O,187.75,35860.25
1179,1,SKU-0039,Material PGS 5 EF,19,8,11,2022-10-26,O,141.13,2681.47
1179,2,SKU-0034,Material NSE 1 EM,199,78,121,2022-09-25,O,136.99,27261.01
1180,0,SKU-0038,Material COC 1 EF,86,20,66,2024-08-17,O,72.87,6266.82
1180,1,SKU-0035,Material PGS 3 EF,293,50,243,2024-08-26,O,207.2,60709.6
1180,2,SKU-0011,Material Isaac 3 EM,68,24,44,2024-08-31,O,24.78,1685.04
1181,0,SKU-0057,Material COC 2 EM,191,160,31,2024-06-10,O,115.6,22079.6
1182,0,SKU-0005,Material NSE 7 EF,284,63,221,2024-08-15,O,225.42,64019.28
1182,1,SKU-0055,Material PGS 2 EM,45,15,30,2024-09-07,O,223.93,10076.85
1183,0,SKU-0003,Material SAE 3 EM,40,37,3,2025-02-05,O,284.81,11392.4
1183,1,SKU-0032,Material PGS 4 EF,48,19,29,2025-01-17,O,102.96,4942.08
1183,2,SKU-0020,Material NSE 8 EF,191,30,161,2025-02-16,O,239.83,45807.53
1184,0,SKU-0021,Material SAE 7 EF,42,11,31,2025-01-05,O,295.27,12401.34
1184,1,SKU-0055,Material Isaac 3 EF,124,29,95,2025-01-22,O,134.14,16633.36
1184,2,SKU-0032,Material NSE 2 EM,124,111,13,2025-02-10,O,240.53,29825.72
1185,0,SKU-0016,Material Isaac 3 EM,64,22,42,2024-07-16,O,180.7,11564.8
1185,1,SKU-0002,Material SAE 2 EM,175,39,136,2024-07-11,O,44.05,7708.75
1186,0,SKU-0004,Material SAE 7 EF,54,40,14,2023-01-15,O,137.5,7425.0
1186,1,SKU-0030,Material NSE 3 EM,81,27,54,2022-12-12,O,185.41,15018.21
1186,2,SKU-0018,Material COC 5 EF,240,131,109,2023-01-12,O,114.29,27429.6
1186,3,SKU-0040,Material SAE 5 EF,207,70,137,2022-12-30,O,161.68,33467.76
1186,4,SKU-0060,Material Isaac 1 EF,216,122,94,2022-12-23,O,89.52,19336.32
1187,0,SKU-0052,Material COC 4 EF,13,1,12,2024-07-19,O,206.93,2690.09
1187,1,SKU-0042,Material Isaac 2 EF,155,45,110,2024-07-18,O,89.29,13839.95
1188,0,SKU-0049,Material Isaac 2 EF,279,45,234,2023-11-19,O,100.68,28089.72
1188,1,SKU-0043,Material NSE 2 EF,55,22,33,2023-10-21,O,34.44,1894.2
1189,0,SKU-0023,Material PGS 7 EF,263,149,114,2022-03-07,O,104.94,27599.22
1189,1,SKU-0050,Material COC 2 EM,131,126,5,2022-03-03,O,196.87,25789.97
1189,2,SKU-0006,Material SAE 4 EF,253,236,17,2022-03-30,O,217.08,54921.24
1189,3,SKU-0028,Material COC 3 EF,201,82,119,2022-03-23,O,227.79,45785.79
1189,4,SKU-0026,Material PGS 1 EF,88,38,50,2022-03-30,O,233.63,20559.44
1190,0,SKU-0059,Material Isaac 2 EM,259,0,259,2022-05-23,O,285.94,74058.46
1191,0,SKU-0024,Material Isaac 5 EF,204,57,147,2024-03-13,O,175.37,35775.48
1191,1,SKU-0059,Material SAE 1 EF,59,55,4,2024-03-13,O,194.21,11458.39
1192,0,SKU-0001,Material NSE 5 EF,169,154,15,2022-07-10,O,113.84,19238.96
1193,0,SKU-0058,Material PGS 3 EM,298,139,159,2023-03-29,O,260.42,77605.16
1193,1,SKU-0059,Material Isaac 3 EF,299,236,63,2023-03-14,O,123.2,36836.8
1193,2,SKU-0021,Material COC 3 EF,135,11,124,2023-02-24,O,231.34,31230.9
1193,3,SKU-0002,Material PGS 7 EF,23,0,23,2023-03-31,O,45.06,1036.38
1194,0,SKU-0030,Material COC 3 EF,148,25,123,2022-06-14,O,228.73,33852.04
1194,1,SKU-0002,Material NSE 3 EF,31,14,17,2022-06-21,O,68.74,2130.94
1195,0,SKU-0030,Material NSE 8 EF,53,35,18,2023-10-19,O,120.65,6394.45
1195,1,SKU-0029,Material COC 4 EF,118,85,33,2023-10-23,O,87.05,10271.9
1195,2,SKU-0007,Material COC 7 EF,30,14,16,2023-09-22,O,108.31,3249.3
1196,0,SKU-0059,Material NSE 6 EF,266,130,136,2022-04-09,O,159.26,42363.16
1197,0,SKU-0056,Material COC 6 EF,196,41,155,2024-07-26,O,169.38,33198.48
1197,1,SKU-0021,Material SAE 2 EF,175,158,17,2024-08-11,O,115.36,20188.0
1198,0,SKU-0032,Material COC 5 EF,137,13,124,2022-12-23,O,87.17,11942.29
1198,1,SKU-0049,Material PGS 3 EM,130,165,0,2023-01-06,C,102.37,13308.1
1198,2,SKU-0020,Material SAE 3 EM,26,8,18,2023-01-15,O,53.27,1385.02
1199,0,SKU-0044,Material PGS 1 EM,195,176,19,2025-10-14,O,178.98,34901.1
1199,1,SKU-0037,Material Isaac 2 EF,108,63,45,2025-11-01,O,215.87,23313.96
1200,0,SKU-0028,Material COC 1 EM,192,135,57,2026-02-06,O,20.28,3893.76
1200,1,SKU-0041,Material SAE 3 EM,183,85,98,2026-01-20,O,117.22,21451.26
1200,2,SKU-0031,Material Isaac 5 EF,102,77,25,2026-01-27,O,116.32,11864.64
1201,0,SKU-0056,Material PGS 9 EF,220,15,205,2022-05-11,O,174.78,38451.6
1201,1,SKU-0034,Material COC 5 EF,130,13,117,2022-04-25,O,47.38,6159.4
1201,2,SKU-0017,Material PGS 2 EM,167,46,121,2022-05-02,O,121.47,20285.49
1201,3,SKU-0038,Material SAE 1 EF,37,17,20,2022-04-14,O,267.9,9912.3
1202,0,SKU-0020,Material Isaac 3 EF,113,31,82,2025-02-28,O,172.3,19469.9
1202,1,SKU-0037,Material NSE 1 EF,62,17,45,2025-02-26,O,103.46,6414.52
1203,0,SKU-0041,Material NSE 4 EF,209,233,0,2022-07-29,C,273.9,57245.1
1203,1,SKU-0013,Material SAE 1 EM,20,13,7,2022-08-13,O,275.31,5506.2
1203,2,SKU-0032,Material PGS 4 EF,73,6,67,2022-08-09,O,227.88,16635.24
1204,0,SKU-0027,Material COC 4 EF,30,10,20,2025-09-30,O,102.82,3084.6
1204,1,SKU-0045,Material COC 2 EM,108,80,28,2025-10-10,O,79.25,8559.0
1204,2,SKU-0003,Material COC 9 EF,48,35,13,2025-08-28,O,52.91,2539.68
1204,3,SKU-0048,Material PGS 9 EF,260,13,247,2025-08-23,O,285.2,74152.0
1204,4,SKU-0029,Material Isaac 3 EM,274,206,68,2025-09-25,O,236.98,64932.52
1205,0,SKU-0060,Material COC 4 EF,207,130,77,2022-05-12,O,161.98,33529.86
1205,1,SKU-0015,Material NSE 2 EF,55,2,53,2022-05-08,O,172.02,9461.1
1205,2,SKU-0003,Material Isaac 5 EF,102,100,2,2022-04-18,O,189.78,19357.56
1205,3,SKU-0025,Material NSE 9 EF,37,12,25,2022-05-08,O,84.46,3125.02
1206,0,SKU-0016,Material NSE 6 EF,276,125,151,2024-10-18,O,265.2,73195.2
1206,1,SKU-0001,Material Isaac 6 EF,119,22,97,2024-10-09,O,222.06,26425.14
1206,2,SKU-0027,Material COC 1 EF,128,94,34,2024-10-19,O,98.77,12642.56
1206,3,SKU-0001,Material Isaac 3 EM,28,26,2,2024-09-30,O,29.88,836.64
1206,4,SKU-0008,Material PGS 4 EF,79,68,11,2024-10-11,O,36.95,2919.05
1207,0,SKU-0023,Material Isaac 2 EM,191,93,98,2025-06-04,O,119.1,22748.1
1207,1,SKU-0060,Material Isaac 5 EF,288,238,50,2025-06-24,O,279.01,80354.88
1207,2,SKU-0015,Material PGS 8 EF,91,53,38,2025-05-20,O,102.84,9358.44
1207,3,SKU-0045,Material Isaac 2 EF,254,0,254,2025-05-28,O,196.24,49844.96
1207,4,SKU-0042,Material PGS 5 EF,18,1,17,2025-06-21,O,268.44,4831.92
1208,0,SKU-0017,Material NSE 1 EM,62,20,42,2024-10-17,O,184.93,11465.66
1208,1,SKU-0032,Material SAE 3 EM,193,68,125,2024-09-13,O,124.13,23957.09
1208,2,SKU-0005,Material Isaac 6 EF,119,62,57,2024-10-23,O,183.57,21844.83
1208,3,SKU-0015,Material COC 8 EF,128,91,37,2024-10-01,O,116.34,14891.52
1208,4,SKU-0039,Material Isaac 1 EM,111,24,87,2024-09-24,O,173.07,19210.77
1209,0,SKU-0012,Material Isaac 2 EF,22,0,22,2024-05-12,O,67.18,1477.96
1210,0,SKU-0026,Material COC 6 EF,240,202,38,2022-12-16,O,128.95,30948.0
1210,1,SKU-0020,Material Isaac 2 EF,199,120,79,2023-01-18,O,152.26,30299.74
1211,0,SKU-0048,Material COC 8 EF,267,146,121,2022-12-21,O,46.17,12327.39
1211,1,SKU-0040,Material SAE 1 EF,139,38,101,2022-12-14,O,294.83,40981.37
1212,0,SKU-0028,Material PGS 2 EF,252,144,108,2024-03-01,O,44.15,11125.8
1212,1,SKU-0049,Material NSE 2 EM,233,106,127,2024-02-21,O,292.53,68159.49
1212,2,SKU-0056,Material COC 3 EM,267,38,229,2024-02-28,O,62.77,16759.59
1213,0,SKU-0042,Material SAE 1 EF,74,39,35,2023-02-13,O,105.81,7829.94
1213,1,SKU-0003,Material NSE 9 EF,248,195,53,2023-02-21,O,74.8,18550.4
1213,2,SKU-0018,Material COC 1 EM,254,218,36,2023-03-12,O,65.22,16565.88
1213,3,SKU-0040,Material PGS 2 EM,289,79,210,2023-03-11,O,36.66,10594.74
1213,4,SKU-0052,Material SAE 7 EF,128,78,50,2023-03-04,O,266.11,34062.08
1214,0,SKU-0016,Material Isaac 2 EF,256,221,35,2024-07-02,O,178.94,45808.64
1214,1,SKU-0047,Material Isaac 2 EM,17,11,6,2024-06-19,O,254.49,4326.33
1214,2,SKU-0011,Material COC 7 EF,281,181,100,2024-07-15,O,169.11,47519.91
1215,0,SKU-0012,Material COC 3 EF,279,16,263,2022-08-05,O,204.01,56918.79
1215,1,SKU-0038,Material SAE 3 EM,131,25,106,2022-07-08,O,88.99,11657.69
1215,2,SKU-0051,Material SAE 6 EF,94,92,2,2022-07-20,O,181.11,17024.34
1215,3,SKU-0043,Material Isaac 1 EF,240,246,0,2022-08-03,C,132.6,31824.0
1215,4,SKU-0018,Material PGS 1 EF,54,41,13,2022-07-17,O,252.58,13639.32
1216,0,SKU-0012,Material COC 8 EF,106,12,94,2024-10-06,O,42.05,4457.3
1216,1,SKU-0018,Material SAE 2 EM,193,70,123,2024-11-02,O,116.13,22413.09
1216,2,SKU-0049,Material COC 1 EF,72,56,16,2024-11-05,O,285.2,20534.4
1216,3,SKU-0030,Material PGS 6 EF,44,44,0,2024-10-04,C,255.49,11241.56
1217,0,SKU-0027,Material PGS 6 EF,281,190,91,2023-09-07,O,177.76,49950.56
1217,1,SKU-0051,Material NSE 7 EF,181,23,158,2023-09-10,O,142.79,25844.99
1217,2,SKU-0008,Material PGS 2 EF,138,55,83,2023-08-18,O,34.84,4807.92
1217,3,SKU-0009,Material NSE 3 EM,165,40,125,2023-08-02,O,248.38,40982.7
1218,0,SKU-0052,Material SAE 2 EF,179,25,154,2024-04-26,O,133.53,23901.87
1218,1,SKU-0001,Material SAE 5 EF,206,74,132,2024-03-27,O,173.23,35685.38
1218,2,SKU-0048,Material Isaac 2 EM,15,36,0,2024-05-06,C,82.93,1243.95
1219,0,SKU-0030,Material NSE 7 EF,149,4,145,2023-01-09,O,295.23,43989.27
1219,1,SKU-0038,Material NSE 1 EM,64,4,60,2022-12-31,O,192.36,12311.04
1219,2,SKU-0007,Material Isaac 9 EF,228,147,81,2023-01-04,O,42.33,9651.24
1219,3,SKU-0048,Material Isaac 6 EF,265,308,0,2022-12-24,C,148.59,39376.35
1219,4,SKU-0008,Material PGS 8 EF,239,177,62,2022-12-28,O,280.56,67053.84
1220,0,SKU-0037,Material NSE 7 EF,226,110,116,2023-04-13,O,33.75,7627.5
1221,0,SKU-0036,Material COC 1 EF,262,168,94,2024-11-14,O,224.81,58900.22
1221,1,SKU-0034,Material SAE 8 EF,113,106,7,2024-11-30,O,60.87,6878.31
1221,2,SKU-0019,Material Isaac 2 EM,163,16,147,2024-11-28,O,285.41,46521.83
1221,3,SKU-0036,Material SAE 2 EF,198,102,96,2024-12-09,O,239.84,47488.32
1222,0,SKU-0051,Material PGS 9 EF,288,46,242,2022-03-20,O,126.55,36446.4
1223,0,SKU-0008,Material SAE 1 EM,112,7,105,2025-06-15,O,236.91,26533.92
1223,1,SKU-0007,Material PGS 1 EM,216,115,101,2025-06-03,O,148.25,32022.0
1223,2,SKU-0051,Material COC 3 EM,172,35,137,2025-05-23,O,46.28,7960.16
1223,3,SKU-0042,Material PGS 1 EM,157,98,59,2025-06-15,O,74.98,11771.86
1224,0,SKU-0053,Material SAE 8 EF,186,56,130,2022-11-27,O,197.59,36751.74
1224,1,SKU-0023,Material Isaac 2 EM,21,13,8,2022-11-22,O,294.1,6176.1
1224,2,SKU-0012,Material COC 9 EF,84,34,50,2022-11-27,O,283.74,23834.16
1224,3,SKU-0013,Material Isaac 4 EF,237,137,100,2022-11-26,O,209.53,49658.61
1224,4,SKU-0053,Material Isaac 5 EF,285,151,134,2022-12-03,O,150.32,42841.2
1225,0,SKU-0010,Material NSE 3 EF,212,47,165,2022-03-17,O,275.8,58469.6
1226,0,SKU-0023,Material COC 8 EF,188,145,43,2023-05-18,O,299.09,56228.92
1226,1,SKU-0036,Material SAE 4 EF,228,219,9,2023-03-29,O,222.79,50796.12
1227,0,SKU-0003,Material PGS 7 EF,237,205,32,2024-12-31,O,243.26,57652.62
1227,1,SKU-0024,Material NSE 8 EF,247,70,177,2025-01-29,O,201.3,49721.1
1228,0,SKU-0050,Material SAE 6 EF,18,10,8,2025-05-20,O,87.69,1578.42
1228,1,SKU-0026,Material NSE 3 EF,41,33,8,2025-04-21,O,21.12,865.92
1229,0,SKU-0038,Material PGS 8 EF,143,113,30,2023-07-29,O,97.91,14001.13
1229,1,SKU-0049,Material Isaac 1 EM,86,17,69,2023-08-23,O,221.64,19061.04
1229,2,SKU-0034,Material Isaac 1 EF,45,13,32,2023-08-23,O,214.26,9641.7
1229,3,SKU-0045,Material NSE 9 EF,147,114,33,2023-08-04,O,20.43,3003.21
1229,4,SKU-0059,Material PGS 1 EF,295,109,186,2023-09-01,O,143.95,42465.25
1230,0,SKU-0011,Material SAE 2 EM,235,220,15,2024-05-25,O,108.48,25492.8
1230,1,SKU-0060,Material COC 1 EM,98,36,62,2024-06-05,O,44.44,4355.12
1230,2,SKU-0026,Material PGS 2 EM,121,12,109,2024-05-22,O,270.69,32753.49
1230,3,SKU-0047,Material SAE 2 EM,145,9,136,2024-06-27,O,71.63,10386.35
1230,4,SKU-0014,Material Isaac 3 EM,144,6,138,2024-07-10,O,184.98,26637.12
1231,0,SKU-0013,Material Isaac 8 EF,72,7,65,2023-05-22,O,237.39,17092.08
1231,1,SKU-0048,Material SAE 6 EF,63,27,36,2023-05-09,O,281.08,17708.04
1231,2,SKU-0041,Material SAE 2 EM,22,17,5,2023-05-15,O,278.85,6134.7
1231,3,SKU-0036,Material Isaac 1 EM,288,203,85,2023-06-09,O,123.25,35496.0
1231,4,SKU-0017,Material NSE 3 EF,262,153,109,2023-06-02,O,203.54,53327.48
1232,0,SKU-0017,Material COC 6 EF,107,68,39,2023-03-06,O,291.73,31215.11
1232,1,SKU-0045,Material PGS 5 EF,14,4,10,2023-03-10,O,46.21,646.94
1233,0,SKU-0020,Material Isaac 7 EF,208,139,69,2023-11-13,O,271.4,56451.2
1233,1,SKU-0006,Material Isaac 7 EF,232,38,194,2023-10-27,O,116.59,27048.88
1234,0,SKU-0008,Material NSE 2 EF,61,40,21,2024-04-11,O,217.08,13241.88
1235,0,SKU-0002,Material NSE 7 EF,219,101,118,2023-01-02,O,227.24,49765.56
1236,0,SKU-0018,Material PGS 3 EF,93,23,70,2022-08-31,O,125.46,11667.78
1236,1,SKU-0020,Material Isaac 1 EF,19,12,7,2022-09-07,O,39.44,749.36
1236,2,SKU-0048,Material SAE 1 EF,76,27,49,2022-09-06,O,183.83,13971.08
1236,3,SKU-0010,Material NSE 7 EF,186,135,51,2022-10-09,O,129.36,24060.96
1236,4,SKU-0051,Material PGS 3 EF,73,62,11,2022-09-06,O,234.76,17137.48
1237,0,SKU-0003,Material PGS 1 EF,116,110,6,2023-04-29,O,179.43,20813.88
1237,1,SKU-0019,Material SAE 3 EM,168,36,132,2023-03-26,O,79.02,13275.36
1237,2,SKU-0028,Material PGS 4 EF,191,147,44,2023-05-03,O,41.33,7894.03
1237,3,SKU-0006,Material Isaac 5 EF,154,18,136,2023-04-10,O,60.49,9315.46
1238,0,SKU-0028,Material PGS 5 EF,247,197,50,2023-02-25,O,261.77,64657.19
1239,0,SKU-0034,Material COC 1 EM,77,1,76,2024-01-11,O,36.05,2775.85
1239,1,SKU-0017,Material COC 5 EF,159,29,130,2024-01-27,O,81.66,12983.94
1239,2,SKU-0009,Material COC 3 EF,260,152,108,2024-01-22,O,207.03,53827.8
1239,3,SKU-0019,Material Isaac 1 EF,171,24,147,2024-01-06,O,222.81,38100.51
1239,4,SKU-0017,Material Isaac 5 EF,153,146,7,2024-01-03,O,250.28,38292.84
1240,0,SKU-0059,Material PGS 4 EF,153,93,60,2023-06-27,O,106.17,16244.01
1240,1,SKU-0009,Material Isaac 7 EF,256,256,0,2023-06-02,C,255.39,65379.84
1241,0,SKU-0040,Material PGS 1 EM,133,126,7,2023-03-15,O,198.26,26368.58
1241,1,SKU-0027,Material SAE 7 EF,149,80,69,2023-03-18,O,148.96,22195.04
1242,0,SKU-0046,Material Isaac 4 EF,263,225,38,2024-01-22,O,289.98,76264.74
1242,1,SKU-0049,Material SAE 1 EF,164,26,138,2024-01-31,O,276.73,45383.72
1242,2,SKU-0028,Material SAE 3 EM,118,99,19,2024-01-15,O,65.19,7692.42
1242,3,SKU-0019,Material COC 2 EF,190,34,156,2024-02-18,O,99.43,18891.7
1243,0,SKU-0013,Material SAE 1 EM,214,4,210,2022-11-06,O,180.21,38564.94
1243,1,SKU-0040,Material NSE 4 EF,31,21,10,2022-11-20,O,48.07,1490.17
1243,2,SKU-0004,Material SAE 1 EM,226,195,31,2022-11-06,O,132.09,29852.34
1244,0,SKU-0040,Material PGS 1 EM,284,246,38,2024-09-28,O,118.96,33784.64
1245,0,SKU-0006,Material Isaac 9 EF,28,17,11,2025-01-14,O,234.37,6562.36
1246,0,SKU-0014,Material SAE 5 EF,264,169,95,2025-07-29,O,204.2,53908.8
1247,0,SKU-0047,Material NSE 5 EF,67,55,12,2022-07-21,O,30.46,2040.82
1247,1,SKU-0043,Material NSE 6 EF,99,19,80,2022-08-17,O,249.04,24654.96
1247,2,SKU-0051,Material Isaac 6 EF,174,187,0,2022-08-23,C,47.9,8334.6
1248,0,SKU-0012,Material SAE 2 EF,192,189,3,2022-03-14,O,179.74,34510.08
1248,1,SKU-0052,Material COC 7 EF,234,100,134,2022-03-12,O,110.34,25819.56
1248,2,SKU-0050,Material Isaac 4 EF,33,5,28,2022-02-25,O,200.85,6628.05
1249,0,SKU-0013,Material NSE 4 EF,290,127,163,2022-03-30,O,214.28,62141.2
1249,1,SKU-0045,Material NSE 2 EF,213,73,140,2022-04-07,O,293.1,62430.3
1250,0,SKU-0020,Material NSE 2 EF,89,83,6,2026-01-29,O,114.62,10201.18
1250,1,SKU-0012,Material PGS 2 EF,42,18,24,2026-01-29,O,174.85,7343.7
1250,2,SKU-0024,Material COC 9 EF,70,61,9,2026-01-03,O,68.44,4790.8
1250,3,SKU-0038,Material NSE 7 EF,141,52,89,2026-01-26,O,111.21,15680.61
1251,0,SKU-0013,Material Isaac 3 EM,124,85,39,2024-06-11,O,62.51,7751.24
1251,1,SKU-0025,Material PGS 3 EF,104,32,72,2024-07-20,O,206.58,21484.32
1251,2,SKU-0015,Material NSE 5 EF,66,48,18,2024-06-16,O,41.92,2766.72
1251,3,SKU-0019,Material PGS 3 EM,142,167,0,2024-06-05,C,41.53,5897.26
1252,0,SKU-0036,Material SAE 5 EF,77,123,0,2026-01-14,C,97.06,7473.62
1253,0,SKU-0002,Material PGS 5 EF,200,51,149,2025-09-26,O,274.11,54822.0
1253,1,SKU-0016,Material COC 3 EM,274,103,171,2025-10-12,O,72.88,19969.12
1253,2,SKU-0023,Material Isaac 9 EF,135,70,65,2025-09-03,O,263.89,35625.15
1253,3,SKU-0024,Material NSE 3 EF,25,14,11,2025-10-11,O,117.95,2948.75
1254,0,SKU-0048,Material PGS 2 EF,177,61,116,2023-06-06,O,139.22,24641.94
1254,1,SKU-0040,Material Isaac 6 EF,82,43,39,2023-06-23,O,165.93,13606.26
1254,2,SKU-0039,Material Isaac 8 EF,12,3,9,2023-05-07,O,216.68,2600.16
1255,0,SKU-0051,Material COC 7 EF,299,270,29,2024-06-14,O,128.18,38325.82
1255,1,SKU-0014,Material NSE 3 EM,228,49,179,2024-05-31,O,275.57,62829.96
1256,0,SKU-0037,Material PGS 6 EF,101,50,51,2022-08-25,O,77.19,7796.19
1256,1,SKU-0006,Material SAE 4 EF,167,30,137,2022-09-21,O,42.25,7055.75
1256,2,SKU-0015,Material NSE 5 EF,193,190,3,2022-08-22,O,270.76,52256.68
1256,3,SKU-0050,Material COC 9 EF,92,21,71,2022-09-11,O,251.46,23134.32
1257,0,SKU-0049,Material PGS 1 EF,71,53,18,2023-06-08,O,228.08,16193.68
1257,1,SKU-0020,Material PGS 8 EF,160,142,18,2023-06-27,O,150.1,24016.0
1257,2,SKU-0022,Material PGS 9 EF,19,17,2,2023-05-21,O,77.58,1474.02
1257,3,SKU-0056,Material SAE 3 EF,91,75,16,2023-07-05,O,63.47,5775.77
1257,4,SKU-0020,Material COC 1 EM,128,11,117,2023-06-10,O,172.96,22138.88
1258,0,SKU-0026,Material COC 7 EF,124,104,20,2026-02-03,O,129.03,15999.72
1258,1,SKU-0039,Material COC 1 EM,110,18,92,2026-01-09,O,193.65,21301.5
1259,0,SKU-0031,Material SAE 6 EF,250,190,60,2025-02-11,O,212.48,53120.0
1259,1,SKU-0052,Material Isaac 4 EF,141,107,34,2025-02-24,O,210.36,29660.76
1259,2,SKU-0053,Material PGS 6 EF,72,69,3,2025-02-05,O,161.23,11608.56
1260,0,SKU-0008,Material COC 1 EM,103,76,27,2024-05-28,O,279.32,28769.96
1260,1,SKU-0058,Material COC 8 EF,221,72,149,2024-06-11,O,253.58,56041.18
1260,2,SKU-0041,Material Isaac 1 EM,263,177,86,2024-06-16,O,42.58,11198.54
1260,3,SKU-0044,Material PGS 8 EF,144,58,86,2024-06-03,O,103.3,14875.2
1260,4,SKU-0019,Material SAE 1 EF,92,15,77,2024-06-12,O,160.69,14783.48
1261,0,SKU-0013,Material Isaac 2 EM,140,0,140,2025-04-07,O,69.52,9732.8
1262,0,SKU-0055,Material NSE 3 EF,203,166,37,2023-08-11,O,118.81,24118.43
1262,1,SKU-0029,Material Isaac 2 EM,274,134,140,2023-09-17,O,67.77,18568.98
1262,2,SKU-0060,Material Isaac 3 EF,269,135,134,2023-08-25,O,111.27,29931.63
1262,3,SKU-0041,Material PGS 5 EF,287,190,97,2023-08-09,O,65.13,18692.31
1262,4,SKU-0048,Material COC 7 EF,167,95,72,2023-08-29,O,230.13,38431.71
1263,0,SKU-0002,Material SAE 8 EF,73,27,46,2022-11-01,O,237.48,17336.04
1263,1,SKU-0042,Material COC 6 EF,31,12,19,2022-10-11,O,233.83,7248.73
1263,2,SKU-0009,Material Isaac 4 EF,21,16,5,2022-09-23,O,51.07,1072.47
1264,0,SKU-0041,Material PGS 1 EM,273,123,150,2025-06-06,O,279.63,76338.99
1264,1,SKU-0045,Material SAE 6 EF,179,174,5,2025-05-15,O,197.52,35356.08
1264,2,SKU-0030,Material COC 4 EF,86,46,40,2025-05-11,O,161.8,13914.8
1265,0,SKU-0052,Material NSE 6 EF,42,36,6,2023-02-10,O,194.88,8184.96
1265,1,SKU-0029,Material PGS 1 EF,193,43,150,2023-02-06,O,63.64,12282.52
1265,2,SKU-0023,Material NSE 6 EF,103,74,29,2023-02-18,O,174.38,17961.14
1266,0,SKU-0033,Material PGS 3 EF,155,9,146,2025-09-26,O,102.44,15878.2
1266,1,SKU-0044,Material NSE 7 EF,66,64,2,2025-10-18,O,212.89,14050.74
1266,2,SKU-0044,Material COC 8 EF,239,166,73,2025-09-29,O,209.32,50027.48
1267,0,SKU-0041,Material Isaac 8 EF,229,37,192,2025-03-14,O,34.33,7861.57
1268,0,SKU-0013,Material COC 1 EM,191,91,100,2023-12-26,O,242.57,46330.87
1269,0,SKU-0023,Material PGS 2 EM,71,52,19,2024-04-29,O,39.76,2822.96
1269,1,SKU-0032,Material SAE 8 EF,252,142,110,2024-06-07,O,125.4,31600.8
1269,2,SKU-0016,Material NSE 7 EF,36,1,35,2024-05-04,O,135.87,4891.32
1270,0,SKU-0044,Material PGS 6 EF,75,65,10,2022-12-09,O,251.79,18884.25
1271,0,SKU-0049,Material Isaac 9 EF,142,5,137,2025-09-17,O,83.39,11841.38
1271,1,SKU-0033,Material NSE 2 EM,292,279,13,2025-09-16,O,71.1,20761.2
1271,2,SKU-0018,Material PGS 1 EF,250,31,219,2025-09-24,O,63.93,15982.5
1271,3,SKU-0024,Material NSE 9 EF,15,9,6,2025-09-01,O,20.01,300.15
1271,4,SKU-0024,Material Isaac 8 EF,98,57,41,2025-08-28,O,255.31,25020.38
1272,0,SKU-0001,Material Isaac 1 EM,147,144,3,2022-02-10,O,92.24,13559.28
1273,0,SKU-0045,Material PGS 2 EM,35,16,19,2025-05-13,O,244.52,8558.2
1273,1,SKU-0019,Material PGS 2 EF,46,43,3,2025-05-30,O,84.05,3866.3
1273,2,SKU-0012,Material SAE 2 EM,59,54,5,2025-05-31,O,195.27,11520.93
1273,3,SKU-0047,Material COC 1 EF,25,14,11,2025-06-14,O,246.17,6154.25
1274,0,SKU-0058,Material NSE 2 EM,195,29,166,2024-05-27,O,278.89,54383.55
1275,0,SKU-0040,Material SAE 2 EM,189,19,170,2024-12-28,O,141.41,26726.49
1275,1,SKU-0056,Material COC 5 EF,73,16,57,2024-11-18,O,267.79,19548.67
1276,0,SKU-0044,Material PGS 2 EF,38,35,3,2024-06-03,O,138.33,5256.54
1276,1,SKU-0052,Material PGS 1 EF,121,121,0,2024-06-16,C,127.36,15410.56
1276,2,SKU-0004,Material SAE 3 EM,297,196,101,2024-06-15,O,22.79,6768.63
1277,0,SKU-0015,Material COC 9 EF,224,90,134,2025-10-26,O,44.67,10006.08
1278,0,SKU-0018,Material Isaac 8 EF,21,3,18,2022-08-24,O,102.3,2148.3
1278,1,SKU-0053,Material COC 6 EF,20,16,4,2022-08-18,O,268.63,5372.6
1278,2,SKU-0019,Material PGS 2 EF,125,24,101,2022-08-29,O,61.0,7625.0
1279,0,SKU-0005,Material COC 5 EF,193,74,119,2022-05-14,O,218.62,42193.66
1279,1,SKU-0047,Material NSE 1 EM,50,35,15,2022-04-09,O,58.73,2936.5
1279,2,SKU-0015,Material SAE 2 EM,78,49,29,2022-04-26,O,171.07,13343.46
1280,0,SKU-0040,Material PGS 9 EF,251,52,199,2024-05-19,O,202.0,50702.0
1280,1,SKU-0059,Material NSE 5 EF,289,13,276,2024-05-18,O,279.26,80706.14
1281,0,SKU-0039,Material COC 2 EF,217,217,0,2023-04-29,C,142.94,31017.98
1281,1,SKU-0037,Material Isaac 3 EF,201,170,31,2023-05-19,O,140.11,28162.11
1281,2,SKU-0042,Material NSE 5 EF,134,64,70,2023-04-28,O,249.24,33398.16
1282,0,SKU-0022,Material PGS 9 EF,121,163,0,2024-09-26,C,174.84,21155.64
1282,1,SKU-0052,Material COC 1 EF,144,15,129,2024-09-29,O,245.58,35363.52
1282,2,SKU-0051,Material SAE 2 EM,255,242,13,2024-08-20,O,265.97,67822.35
1282,3,SKU-0044,Material COC 9 EF,207,175,32,2024-08-15,O,203.01,42023.07
1282,4,SKU-0029,Material PGS 1 EM,226,231,0,2024-08-17,C,162.14,36643.64
1283,0,SKU-0035,Material Isaac 3 EM,26,25,1,2023-08-24,O,219.32,5702.32
1284,0,SKU-0030,Material Isaac 9 EF,252,28,224,2025-08-06,O,32.3,8139.6
1284,1,SKU-0057,Material COC 2 EM,147,64,83,2025-08-15,O,108.46,15943.62
1285,0,SKU-0059,Material Isaac 1 EM,188,34,154,2023-03-21,O,292.51,54991.88
1285,1,SKU-0024,Material COC 7 EF,179,22,157,2023-03-16,O,179.11,32060.69
1286,0,SKU-0023,Material Isaac 5 EF,278,67,211,2023-06-27,O,133.85,37210.3
1286,1,SKU-0001,Material NSE 9 EF,232,224,8,2023-06-23,O,258.0,59856.0
1286,2,SKU-0048,Material Isaac 5 EF,287,241,46,2023-08-03,O,137.98,39600.26
1287,0,SKU-0024,Material SAE 7 EF,244,42,202,2022-11-03,O,70.05,17092.2
1287,1,SKU-0023,Material SAE 9 EF,107,96,11,2022-11-10,O,177.83,19027.81
1288,0,SKU-0030,Material PGS 3 EM,46,46,0,2024-10-03,C,76.23,3506.58
1288,1,SKU-0029,Material PGS 8 EF,46,38,8,2024-10-18,O,31.42,1445.32
1288,2,SKU-0054,Material SAE 3 EM,136,2,134,2024-10-22,O,67.6,9193.6
1288,3,SKU-0038,Material COC 4 EF,108,84,24,2024-09-22,O,260.25,28107.0
1288,4,SKU-0023,Material Isaac 2 EM,179,80,99,2024-09-09,O,214.5,38395.5
1289,0,SKU-0053,Material PGS 8 EF,150,5,145,2022-04-21,O,94.15,14122.5
1289,1,SKU-0054,Material NSE 9 EF,78,58,20,2022-05-09,O,194.38,15161.64
1289,2,SKU-0060,Material Isaac 8 EF,51,32,19,2022-03-30,O,46.95,2394.45
1290,0,SKU-0058,Material SAE 9 EF,26,24,2,2023-03-25,O,277.76,7221.76
1290,1,SKU-0015,Material PGS 8 EF,247,11,236,2023-03-05,O,60.35,14906.45
1290,2,SKU-0009,Material SAE 5 EF,218,104,114,2023-03-19,O,220.27,48018.86
1290,3,SKU-0012,Material NSE 2 EM,210,209,1,2023-03-20,O,239.74,50345.4
1291,0,SKU-0014,Material NSE 1 EF,119,101,18,2022-07-29,O,254.96,30340.24
1291,1,SKU-0054,Material PGS 3 EF,194,39,155,2022-07-05,O,132.85,25772.9
1291,2,SKU-0045,Material COC 8 EF,206,98,108,2022-07-31,O,196.58,40495.48
1291,3,SKU-0011,Material PGS 9 EF,127,15,112,2022-08-08,O,246.24,31272.48
1292,0,SKU-0046,Material PGS 9 EF,159,0,159,2025-06-17,O,203.22,32311.98
1292,1,SKU-0056,Material COC 3 EF,279,259,20,2025-06-15,O,190.36,53110.44
1292,2,SKU-0047,Material Isaac 5 EF,46,42,4,2025-06-24,O,84.24,3875.04
1293,0,SKU-0045,Material NSE 6 EF,74,41,33,2024-03-23,O,103.9,7688.6
1293,1,SKU-0020,Material PGS 3 EF,223,89,134,2024-04-26,O,23.96,5343.08
1293,2,SKU-0049,Material SAE 2 EF,142,192,0,2024-03-29,C,211.8,30075.6
1294,0,SKU-0049,Material PGS 5 EF,120,92,28,2023-11-03,O,220.54,26464.8
1294,1,SKU-0029,Material NSE 1 EF,58,3,55,2023-09-25,O,81.81,4744.98
1294,2,SKU-0008,Material COC 3 EM,141,112,29,2023-10-09,O,243.4,34319.4
1294,3,SKU-0024,Material NSE 1 EF,30,27,3,2023-11-04,O,130.5,3915.0
1295,0,SKU-0036,Material NSE 2 EF,176,1,175,2023-10-13,O,56.9,10014.4
1295,1,SKU-0052,Material COC 5 EF,264,259,5,2023-09-27,O,23.27,6143.28
1295,2,SKU-0049,Material NSE 3 EM,86,61,25,2023-09-16,O,85.79,7377.94
1295,3,SKU-0039,Material PGS 7 EF,237,37,200,2023-09-04,O,126.18,29904.66
1295,4,SKU-0034,Material PGS 1 EF,237,158,79,2023-09-15,O,269.17,63793.29
1296,0,SKU-0036,Material SAE 5 EF,176,11,165,2025-02-01,O,124.05,21832.8
1297,0,SKU-0028,Material PGS 1 EM,44,44,0,2025-04-20,C,118.04,5193.76
1297,1,SKU-0039,Material SAE 3 EF,96,18,78,2025-04-24,O,38.25,3672.0
1297,2,SKU-0004,Material NSE 7 EF,217,31,186,2025-04-28,O,137.31,29796.27
1297,3,SKU-0005,Material PGS 5 EF,268,242,26,2025-04-04,O,266.97,71547.96
1297,4,SKU-0016,Material COC 3 EF,287,161,126,2025-04-12,O,149.53,42915.11
1298,0,SKU-0057,Material Isaac 4 EF,293,208,85,2025-11-10,O,91.02,26668.86
1298,1,SKU-0016,Material PGS 3 EF,19,9,10,2025-12-10,O,291.13,5531.47
1298,2,SKU-0022,Material COC 3 EM,200,100,100,2025-12-03,O,52.22,10444.0
1299,0,SKU-0060,Material NSE 8 EF,132,168,0,2024-04-06,C,286.85,37864.2
1299,1,SKU-0028,Material PGS 2 EF,204,72,132,2024-02-16,O,98.61,20116.44
1299,2,SKU-0059,Material Isaac 1 EM,24,1,23,2024-03-14,O,291.29,6990.96
1299,3,SKU-0034,Material NSE 4 EF,187,17,170,2024-04-06,O,125.21,23414.27
1299,4,SKU-0028,Material PGS 2 EF,86,69,17,2024-03-14,O,110.78,9527.08
1300,0,SKU-0031,Material NSE 6 EF,192,197,0,2022-03-10,C,40.08,7695.36
1300,1,SKU-0013,Material PGS 2 EM,39,29,10,2022-02-22,O,230.64,8994.96
1300,2,SKU-0043,Material PGS 2 EF,48,4,44,2022-02-21,O,66.5,3192.0
1301,0,SKU-0011,Material Isaac 3 EF,50,4,46,2024-08-25,O,248.06,12403.0
1301,1,SKU-0051,Material COC 9 EF,51,50,1,2024-09-14,O,194.89,9939.39
1301,2,SKU-0051,Material COC 2 EM,242,11,231,2024-09-17,O,128.17,31017.14
1301,3,SKU-0051,Material SAE 8 EF,91,64,27,2024-09-11,O,144.29,13130.39
1301,4,SKU-0048,Material SAE 2 EM,126,124,2,2024-09-03,O,122.9,15485.4
1302,0,SKU-0031,Material COC 6 EF,21,9,12,2025-04-29,O,58.61,1230.81
1303,0,SKU-0038,Material SAE 3 EM,149,49,100,2022-02-12,O,127.87,19052.63
1303,1,SKU-0033,Material SAE 3 EM,50,15,35,2022-01-13,O,281.69,14084.5
1303,2,SKU-0056,Material NSE 3 EM,173,34,139,2022-02-04,O,110.64,19140.72
1303,3,SKU-0056,Material Isaac 5 EF,140,43,97,2022-02-13,O,115.51,16171.4
1303,4,SKU-0010,Material SAE 6 EF,56,48,8,2022-02-06,O,226.2,12667.2
1304,0,SKU-0060,Material COC 1 EF,230,60,170,2025-03-28,O,225.67,51904.1
1304,1,SKU-0008,Material COC 8 EF,188,160,28,2025-03-29,O,50.21,9439.48
1304,2,SKU-0040,Material Isaac 9 EF,81,53,28,2025-04-14,O,220.75,17880.75
1304,3,SKU-0024,Material COC 3 EM,102,15,87,2025-03-28,O,227.56,23211.12
1304,4,SKU-0038,Material Isaac 1 EM,87,15,72,2025-03-19,O,49.08,4269.96
1305,0,SKU-0037,Material COC 4 EF,120,6,114,2025-07-02,O,154.98,18597.6
1305,1,SKU-0052,Material NSE 2 EF,115,83,32,2025-06-04,O,72.71,8361.65
1305,2,SKU-0055,Material NSE 3 EF,297,216,81,2025-06-01,O,65.28,19388.16
1305,3,SKU-0008,Material SAE 4 EF,297,259,38,2025-07-10,O,53.11,15773.67
1305,4,SKU-0035,Material COC 6 EF,114,82,32,2025-07-03,O,138.06,15738.84
1306,0,SKU-0029,Material PGS 2 EM,297,332,0,2023-09-21,C,297.48,88351.56
1306,1,SKU-0037,Material Isaac 3 EF,233,117,116,2023-09-14,O,175.81,40963.73
1306,2,SKU-0013,Material SAE 1 EM,153,66,87,2023-09-05,O,64.38,9850.14
1306,3,SKU-0002,Material NSE 3 EF,281,195,86,2023-09-05,O,164.0,46084.0
1306,4,SKU-0032,Material SAE 5 EF,251,261,0,2023-09-24,C,31.32,7861.32
1307,0,SKU-0036,Material Isaac 2 EF,88,81,7,2023-04-16,O,175.24,15421.12
1307,1,SKU-0055,Material COC 7 EF,164,138,26,2023-05-06,O,174.02,28539.28
1308,0,SKU-0025,Material PGS 2 EM,65,50,15,2024-03-21,O,234.1,15216.5
1308,1,SKU-0016,Material SAE 9 EF,278,54,224,2024-03-16,O,35.14,9768.92
1309,0,SKU-0037,Material COC 2 EM,184,83,101,2026-01-07,O,137.99,25390.16
1309,1,SKU-0044,Material PGS 1 EF,98,24,74,2026-01-05,O,92.96,9110.08
1309,2,SKU-0054,Material NSE 7 EF,269,36,233,2026-01-22,O,120.62,32446.78
1310,0,SKU-0025,Material SAE 9 EF,54,18,36,2022-06-12,O,204.78,11058.12
1310,1,SKU-0052,Material SAE 8 EF,147,15,132,2022-06-26,O,214.22,31490.34
1310,2,SKU-0017,Material Isaac 3 EF,72,5,67,2022-06-17,O,52.58,3785.76
1310,3,SKU-0059,Material NSE 7 EF,95,81,14,2022-06-14,O,270.41,25688.95
1311,0,SKU-0012,Material COC 1 EM,203,133,70,2024-12-30,O,259.13,52603.39
1312,0,SKU-0002,Material SAE 9 EF,21,9,12,2023-10-14,O,80.05,1681.05
1312,1,SKU-0046,Material PGS 3 EM,273,147,126,2023-10-30,O,204.17,55738.41
1312,2,SKU-0048,Material SAE 8 EF,43,31,12,2023-10-14,O,110.48,4750.64
1313,0,SKU-0028,Material NSE 3 EM,277,221,56,2024-03-05,O,79.81,22107.37
1313,1,SKU-0015,Material Isaac 4 EF,16,16,0,2024-03-01,C,204.42,3270.72
1313,2,SKU-0003,Material PGS 8 EF,227,157,70,2024-03-08,O,260.95,59235.65
1313,3,SKU-0060,Material Isaac 1 EM,150,64,86,2024-02-06,O,74.65,11197.5
1314,0,SKU-0045,Material COC 4 EF,37,21,16,2025-08-15,O,28.32,1047.84
1314,1,SKU-0015,Material Isaac 8 EF,109,99,10,2025-07-14,O,261.99,28556.91
1314,2,SKU-0028,Material COC 2 EF,78,62,16,2025-08-09,O,100.84,7865.52
1314,3,SKU-0002,Material COC 7 EF,266,182,84,2025-07-11,O,228.6,60807.6
1315,0,SKU-0010,Material PGS 4 EF,34,33,1,2024-02-19,O,290.82,9887.88
1316,0,SKU-0051,Material NSE 3 EM,116,5,111,2023-08-18,O,216.76,25144.16
1316,1,SKU-0027,Material COC 1 EF,182,131,51,2023-09-03,O,173.44,31566.08
1317,0,SKU-0026,Material NSE 3 EF,158,22,136,2025-11-26,O,165.17,26096.86
1317,1,SKU-0006,Material NSE 9 EF,250,58,192,2026-01-07,O,104.96,26240.0
1317,2,SKU-0017,Material Isaac 9 EF,57,28,29,2026-01-05,O,143.15,8159.55
1318,0,SKU-0023,Material Isaac 4 EF,267,64,203,2024-12-01,O,42.28,11288.76
1319,0,SKU-0030,Material PGS 3 EM,148,137,11,2022-08-13,O,233.97,34627.56
1320,0,SKU-0029,Material Isaac 9 EF,148,67,81,2025-02-16,O,85.24,12615.52
1320,1,SKU-0018,Material PGS 4 EF,280,275,5,2025-03-09,O,75.14,21039.2
1321,0,SKU-0051,Material PGS 3 EF,156,28,128,2024-12-05,O,253.52,39549.12
1321,1,SKU-0060,Material COC 2 EF,239,172,67,2025-01-02,O,147.49,35250.11
1321,2,SKU-0028,Material PGS 9 EF,286,291,0,2024-11-24,C,89.38,25562.68
1321,3,SKU-0018,Material COC 4 EF,62,46,16,2024-11-22,O,112.83,6995.46
1322,0,SKU-0002,Material SAE 2 EM,135,115,20,2024-12-21,O,205.89,27795.15
1322,1,SKU-0035,Material NSE 7 EF,62,44,18,2024-12-14,O,276.85,17164.7
1322,2,SKU-0024,Material NSE 1 EF,52,17,35,2024-12-05,O,62.24,3236.48
1322,3,SKU-0049,Material SAE 5 EF,214,129,85,2024-12-22,O,146.49,31348.86
1323,0,SKU-0052,Material Isaac 2 EM,156,3,153,2025-08-31,O,61.99,9670.44
1323,1,SKU-0001,Material Isaac 2 EM,258,170,88,2025-09-11,O,134.07,34590.06
1323,2,SKU-0037,Material COC 1 EM,217,168,49,2025-09-06,O,212.4,46090.8
1323,3,SKU-0013,Material PGS 2 EM,299,252,47,2025-09-16,O,208.48,62335.52
1323,4,SKU-0039,Material Isaac 3 EM,26,22,4,2025-09-13,O,182.84,4753.84
1324,0,SKU-0058,Material NSE 9 EF,259,93,166,2023-11-18,O,159.96,41429.64
1324,1,SKU-0001,Material Isaac 4 EF,130,62,68,2023-12-20,O,39.69,5159.7
1324,2,SKU-0013,Material Isaac 1 EM,216,71,145,2023-11-17,O,161.99,34989.84
1324,3,SKU-0025,Material SAE 7 EF,181,38,143,2024-01-01,O,290.72,52620.32
1324,4,SKU-0057,Material COC 3 EM,256,129,127,2023-12-07,O,135.13,34593.28
1325,0,SKU-0042,Material PGS 8 EF,84,42,42,2022-05-22,O,122.33,10275.72
1325,1,SKU-0054,Material Isaac 6 EF,277,147,130,2022-06-22,O,264.35,73224.95
1326,0,SKU-0009,Material NSE 1 EM,179,73,106,2022-01-23,O,22.07,3950.53
1326,1,SKU-0007,Material SAE 3 EF,86,28,58,2022-02-23,O,146.77,12622.22
1326,2,SKU-0051,Material Isaac 4 EF,155,128,27,2022-02-23,O,163.85,25396.75
1326,3,SKU-0011,Material NSE 9 EF,246,45,201,2022-02-23,O,96.31,23692.26
1326,4,SKU-0027,Material SAE 8 EF,161,146,15,2022-02-06,O,189.94,30580.34
1327,0,SKU-0021,Material Isaac 3 EF,280,172,108,2025-05-02,O,195.66,54784.8
1327,1,SKU-0021,Material NSE 2 EM,87,96,0,2025-04-23,C,250.83,21822.21
1328,0,SKU-0010,Material SAE 8 EF,34,0,34,2022-04-22,O,276.07,9386.38
1328,1,SKU-0051,Material COC 8 EF,28,20,8,2022-05-25,O,43.54,1219.12
1328,2,SKU-0020,Material Isaac 1 EM,283,8,275,2022-04-14,O,128.74,36433.42
1328,3,SKU-0036,Material SAE 6 EF,219,37,182,2022-05-17,O,249.87,54721.53
1328,4,SKU-0050,Material Isaac 1 EF,197,160,37,2022-05-18,O,72.88,14357.36
1329,0,SKU-0046,Material NSE 2 EF,78,38,40,2025-03-01,O,210.79,16441.62
1329,1,SKU-0024,Material SAE 2 EM,122,49,73,2025-02-18,O,20.04,2444.88
1329,2,SKU-0017,Material Isaac 7 EF,258,62,196,2025-03-21,O,72.75,18769.5
1329,3,SKU-0008,Material NSE 3 EF,150,95,55,2025-02-18,O,291.13,43669.5
1329,4,SKU-0056,Material COC 3 EM,103,14,89,2025-02-26,O,207.79,21402.37
1330,0,SKU-0013,Material COC 3 EM,200,6,194,2025-06-05,O,88.52,17704.0
1330,1,SKU-0060,Material NSE 2 EF,71,17,54,2025-07-12,O,171.27,12160.17
1330,2,SKU-0012,Material COC 2 EF,154,126,28,2025-06-11,O,108.74,16745.96
1330,3,SKU-0004,Material Isaac 1 EM,147,21,126,2025-06-22,O,257.48,37849.56
1330,4,SKU-0040,Material PGS 9 EF,183,36,147,2025-06-02,O,20.02,3663.66
1331,0,SKU-0019,Material COC 2 EM,101,84,17,2022-09-07,O,44.86,4530.86
1331,1,SKU-0045,Material Isaac 1 EM,175,167,8,2022-09-12,O,201.35,35236.25
1331,2,SKU-0032,Material PGS 4 EF,249,201,48,2022-09-07,O,263.27,65554.23
1332,0,SKU-0052,Material COC 3 EM,64,13,51,2024-09-29,O,117.38,7512.32
1333,0,SKU-0008,Material Isaac 5 EF,232,13,219,2024-01-10,O,206.95,48012.4
1334,0,SKU-0023,Material PGS 3 EF,277,14,263,2025-10-07,O,93.46,25888.42
1334,1,SKU-0012,Material PGS 4 EF,25,19,6,2025-10-16,O,72.76,1819.0
1334,2,SKU-0037,Material COC 1 EM,231,37,194,2025-10-22,O,213.09,49223.79
1334,3,SKU-0004,Material SAE 7 EF,243,163,80,2025-10-27,O,216.83,52689.69
1334,4,SKU-0007,Material PGS 8 EF,189,187,2,2025-10-10,O,193.28,36529.92
1335,0,SKU-0046,Material Isaac 2 EF,82,78,4,2024-03-05,O,245.09,20097.38
1336,0,SKU-0052,Material COC 4 EF,21,18,3,2025-05-03,O,56.57,1187.97
1336,1,SKU-0003,Material PGS 2 EM,94,80,14,2025-05-12,O,147.29,13845.26
1337,0,SKU-0036,Material PGS 2 EF,18,13,5,2025-09-21,O,162.68,2928.24
1337,1,SKU-0057,Material COC 3 EM,103,7,96,2025-10-01,O,208.22,21446.66
1338,0,SKU-0010,Material PGS 2 EF,288,147,141,2024-01-31,O,95.07,27380.16
1338,1,SKU-0021,Material Isaac 2 EF,229,201,28,2024-03-02,O,203.84,46679.36
1339,0,SKU-0035,Material SAE 9 EF,231,33,198,2022-11-04,O,115.89,26770.59
1339,1,SKU-0022,Material NSE 9 EF,68,2,66,2022-11-20,O,23.68,1610.24
1339,2,SKU-0031,Material Isaac 6 EF,105,70,35,2022-10-29,O,99.3,10426.5
1340,0,SKU-0031,Material COC 1 EM,164,118,46,2023-05-05,O,46.9,7691.6
1340,1,SKU-0053,Material COC 4 EF,73,72,1,2023-04-24,O,46.66,3406.18
1340,2,SKU-0020,Material COC 1 EF,148,91,57,2023-04-06,O,73.74,10913.52
1340,3,SKU-0013,Material COC 2 EF,80,58,22,2023-04-24,O,162.77,13021.6
1341,0,SKU-0010,Material Isaac 2 EM,100,6,94,2024-08-19,O,115.44,11544.0
1342,0,SKU-0013,Material SAE 5 EF,214,157,57,2022-11-08,O,22.73,4864.22
1342,1,SKU-0040,Material SAE 2 EF,36,22,14,2022-11-02,O,119.81,4313.16
1342,2,SKU-0050,Material SAE 1 EF,251,178,73,2022-10-21,O,237.35,59574.85
1343,0,SKU-0037,Material COC 2 EM,161,77,84,2024-07-23,O,294.92,47482.12
1343,1,SKU-0039,Material Isaac 3 EF,18,8,10,2024-06-28,O,122.27,2200.86
1343,2,SKU-0037,Material SAE 1 EM,279,50,229,2024-07-06,O,268.86,75011.94
1344,0,SKU-0040,Material NSE 6 EF,148,47,101,2022-06-21,O,86.25,12765.0
1344,1,SKU-0059,Material NSE 7 EF,266,151,115,2022-05-29,O,142.73,37966.18
1344,2,SKU-0053,Material SAE 1 EF,122,140,0,2022-06-28,C,260.24,31749.28
1345,0,SKU-0046,Material SAE 2 EF,165,136,29,2026-02-15,O,208.71,34437.15
1345,1,SKU-0059,Material Isaac 1 EF,232,141,91,2026-01-15,O,161.75,37526.0
1345,2,SKU-0007,Material COC 2 EF,182,144,38,2026-02-22,O,65.03,11835.46
1345,3,SKU-0019,Material PGS 3 EF,71,64,7,2026-02-11,O,223.8,15889.8
1345,4,SKU-0025,Material SAE 6 EF,135,21,114,2026-02-01,O,293.96,39684.6
1346,0,SKU-0060,Material SAE 2 EM,124,54,70,2024-11-30,O,20.13,2496.12
1346,1,SKU-0026,Material SAE 1 EF,108,74,34,2024-11-18,O,42.08,4544.64
1346,2,SKU-0049,Material SAE 3 EM,244,161,83,2024-12-09,O,254.36,62063.84
1346,3,SKU-0047,Material PGS 4 EF,216,23,193,2024-12-02,O,280.88,60670.08
1347,0,SKU-0040,Material PGS 3 EF,84,24,60,2023-05-24,O,210.25,17661.0
1347,1,SKU-0043,Material PGS 2 EF,198,117,81,2023-04-24,O,216.03,42773.94
1347,2,SKU-0049,Material SAE 8 EF,226,93,133,2023-05-04,O,212.49,48022.74
1348,0,SKU-0022,Material NSE 7 EF,168,182,0,2025-06-18,C,127.2,21369.6
1348,1,SKU-0053,Material PGS 8 EF,68,10,58,2025-06-06,O,138.28,9403.04
1348,2,SKU-0038,Material PGS 3 EF,209,157,52,2025-06-14,O,98.6,20607.4
1348,3,SKU-0012,Material NSE 6 EF,126,25,101,2025-06-30,O,188.17,23709.42
1349,0,SKU-0032,Material NSE 5 EF,186,182,4,2022-05-23,O,77.74,14459.64
1350,0,SKU-0015,Material COC 7 EF,239,17,222,2024-06-24,O,226.32,54090.48
1350,1,SKU-0031,Material PGS 2 EM,38,30,8,2024-06-27,O,284.07,10794.66
1350,2,SKU-0003,Material COC 6 EF,33,18,15,2024-07-10,O,299.47,9882.51
1350,3,SKU-0052,Material SAE 5 EF,290,51,239,2024-06-20,O,208.29,60404.1
1351,0,SKU-0007,Material NSE 5 EF,286,28,258,2025-04-05,O,209.79,59999.94
1351,1,SKU-0034,Material SAE 8 EF,205,201,4,2025-03-27,O,125.39,25704.95
1351,2,SKU-0025,Material COC 2 EM,210,204,6,2025-02-25,O,77.04,16178.4
1351,3,SKU-0026,Material COC 3 EF,96,16,80,2025-03-30,O,238.42,22888.32
1351,4,SKU-0027,Material PGS 3 EM,265,72,193,2025-03-01,O,147.9,39193.5
1352,0,SKU-0059,Material Isaac 8 EF,232,59,173,2026-01-24,O,35.64,8268.48
1352,1,SKU-0051,Material COC 7 EF,91,63,28,2026-02-03,O,65.67,5975.97
1352,2,SKU-0030,Material PGS 7 EF,201,105,96,2025-12-21,O,283.92,57067.92
1353,0,SKU-0011,Material COC 7 EF,250,106,144,2025-03-02,O,27.84,6960.0
1353,1,SKU-0059,Material NSE 3 EM,66,16,50,2025-02-26,O,91.51,6039.66
1353,2,SKU-0018,Material SAE 1 EM,140,86,54,2025-04-01,O,145.6,20384.0
1354,0,SKU-0028,Material Isaac 5 EF,243,137,106,2022-03-20,O,274.35,66667.05
1355,0,SKU-0031,Material NSE 2 EF,47,86,0,2025-12-19,C,277.12,13024.64
1355,1,SKU-0032,Material Isaac 4 EF,297,265,32,2026-01-07,O,233.1,69230.7
1355,2,SKU-0031,Material Isaac 6 EF,132,89,43,2025-12-23,O,233.98,30885.36
1355,3,SKU-0050,Material SAE 2 EF,108,82,26,2026-01-09,O,31.28,3378.24
1355,4,SKU-0026,Material COC 5 EF,284,197,87,2025-12-01,O,131.25,37275.0
1356,0,SKU-0006,Material Isaac 1 EF,290,186,104,2024-01-20,O,227.54,65986.6
1356,1,SKU-0023,Material NSE 7 EF,109,144,0,2024-01-31,C,143.45,15636.05
1356,2,SKU-0017,Material Isaac 5 EF,119,83,36,2024-02-11,O,27.91,3321.29
1356,3,SKU-0041,Material Isaac 4 EF,147,99,48,2023-12-29,O,130.88,19239.36
1356,4,SKU-0013,Material NSE 7 EF,11,5,6,2024-01-12,O,167.33,1840.63
1357,0,SKU-0036,Material Isaac 6 EF,16,16,0,2025-11-08,C,25.56,408.96
1358,0,SKU-0024,Material NSE 3 EM,144,133,11,2023-02-26,O,219.24,31570.56
1358,1,SKU-0038,Material COC 9 EF,139,13,126,2023-01-22,O,104.03,14460.17
1358,2,SKU-0049,Material COC 8 EF,245,55,190,2023-02-15,O,187.99,46057.55
1358,3,SKU-0056,Material SAE 2 EM,300,173,127,2023-02-23,O,98.76,29628.0
1359,0,SKU-0040,Material Isaac 6 EF,182,138,44,2025-07-10,O,266.07,48424.74
1359,1,SKU-0008,Material NSE 3 EM,234,51,183,2025-07-04,O,37.41,8753.94
1359,2,SKU-0023,Material PGS 2 EM,175,19,156,2025-07-12,O,97.63,17085.25
1360,0,SKU-0028,Material COC 7 EF,97,47,50,2024-05-26,O,199.23,19325.31
1360,1,SKU-0006,Material PGS 4 EF,119,14,105,2024-04-18,O,164.72,19601.68
1360,2,SKU-0030,Material COC 4 EF,234,111,123,2024-04-24,O,266.15,62279.1
1360,3,SKU-0041,Material COC 7 EF,111,71,40,2024-05-02,O,130.88,14527.68
1360,4,SKU-0022,Material Isaac 3 EM,180,161,19,2024-04-13,O,242.13,43583.4
1361,0,SKU-0013,Material SAE 7 EF,148,109,39,2023-11-06,O,190.64,28214.72
1361,1,SKU-0016,Material SAE 8 EF,104,30,74,2023-11-13,O,248.16,25808.64
1362,0,SKU-0009,Material Isaac 4 EF,98,119,0,2022-08-03,C,106.83,10469.34
1363,0,SKU-0029,Material COC 2 EM,227,260,0,2024-12-26,C,168.61,38274.47
1363,1,SKU-0020,Material SAE 4 EF,271,72,199,2024-12-31,O,123.61,33498.31
1363,2,SKU-0038,Material Isaac 8 EF,71,6,65,2025-01-14,O,131.52,9337.92
1363,3,SKU-0036,Material NSE 7 EF,25,69,0,2025-01-20,C,127.98,3199.5
1363,4,SKU-0052,Material NSE 4 EF,248,58,190,2025-01-25,O,274.85,68162.8
1364,0,SKU-0044,Material Isaac 6 EF,196,126,70,2024-02-29,O,133.82,26228.72
1364,1,SKU-0006,Material Isaac 3 EM,227,99,128,2024-02-26,O,134.18,30458.86
1364,2,SKU-0012,Material COC 1 EF,50,43,7,2024-03-06,O,79.65,3982.5
1365,0,SKU-0015,Material Isaac 9 EF,214,109,105,2024-11-26,O,99.28,21245.92
1365,1,SKU-0014,Material SAE 3 EF,54,2,52,2024-11-06,O,115.94,6260.76
1366,0,SKU-0034,Material Isaac 5 EF,214,184,30,2024-01-19,O,116.16,24858.24
1367,0,SKU-0059,Material Isaac 2 EM,159,141,18,2022-09-10,O,247.84,39406.56
1367,1,SKU-0015,Material NSE 3 EF,49,33,16,2022-10-05,O,176.32,8639.68
1368,0,SKU-0036,Material SAE 9 EF,43,15,28,2023-06-01,O,125.69,5404.67
1369,0,SKU-0060,Material PGS 7 EF,129,67,62,2022-03-10,O,125.99,16252.71
1369,1,SKU-0002,Material PGS 4 EF,214,157,57,2022-02-27,O,35.25,7543.5
1369,2,SKU-0019,Material PGS 5 EF,251,284,0,2022-03-14,C,242.6,60892.6
1369,3,SKU-0055,Material COC 6 EF,128,87,41,2022-02-15,O,166.95,21369.6
1370,0,SKU-0023,Material SAE 3 EF,25,23,2,2022-03-13,O,114.38,2859.5
1370,1,SKU-0041,Material SAE 3 EF,295,262,33,2022-02-27,O,286.07,84390.65
1370,2,SKU-0003,Material SAE 5 EF,59,17,42,2022-02-07,O,260.07,15344.13
1370,3,SKU-0048,Material NSE 1 EM,243,151,92,2022-03-06,O,223.8,54383.4
1371,0,SKU-0028,Material Isaac 9 EF,128,136,0,2023-05-22,C,233.0,29824.0
1371,1,SKU-0015,Material NSE 4 EF,24,14,10,2023-05-12,O,241.38,5793.12
1371,2,SKU-0028,Material Isaac 1 EF,292,192,100,2023-05-17,O,233.53,68190.76
1371,3,SKU-0039,Material PGS 6 EF,139,10,129,2023-05-26,O,164.14,22815.46
1371,4,SKU-0060,Material SAE 2 EM,159,134,25,2023-05-29,O,183.74,29214.66
1372,0,SKU-0059,Material SAE 4 EF,120,65,55,2025-02-27,O,297.53,35703.6
1372,1,SKU-0006,Material PGS 8 EF,220,113,107,2025-03-08,O,276.22,60768.4
1373,0,SKU-0029,Material NSE 1 EF,30,26,4,2024-11-11,O,281.39,8441.7
1373,1,SKU-0051,Material COC 1 EM,186,179,7,2024-10-12,O,90.1,16758.6
1373,2,SKU-0019,Material NSE 1 EF,97,23,74,2024-10-09,O,182.49,17701.53
1373,3,SKU-0042,Material NSE 1 EM,295,167,128,2024-10-29,O,68.41,20180.95
1373,4,SKU-0057,Material PGS 7 EF,113,91,22,2024-09-25,O,117.04,13225.52
1374,0,SKU-0005,Material NSE 5 EF,214,186,28,2025-01-18,O,244.8,52387.2
1374,1,SKU-0007,Material PGS 9 EF,52,46,6,2025-02-02,O,37.51,1950.52
1374,2,SKU-0008,Material Isaac 6 EF,241,240,1,2025-02-20,O,207.79,50077.39
1374,3,SKU-0055,Material SAE 7 EF,215,33,182,2025-01-28,O,273.22,58742.3
1374,4,SKU-0022,Material PGS 9 EF,121,4,117,2025-01-13,O,282.89,34229.69
1375,0,SKU-0027,Material PGS 8 EF,182,85,97,2022-05-08,O,174.46,31751.72
1375,1,SKU-0010,Material Isaac 2 EF,119,99,20,2022-04-09,O,81.3,9674.7
1375,2,SKU-0057,Material SAE 8 EF,95,71,24,2022-05-05,O,42.97,4082.15
1375,3,SKU-0007,Material NSE 2 EM,269,152,117,2022-04-24,O,213.02,57302.38
1376,0,SKU-0011,Material PGS 3 EM,43,26,17,2025-07-28,O,76.96,3309.28
1376,1,SKU-0004,Material NSE 3 EF,224,202,22,2025-07-30,O,184.8,41395.2
1376,2,SKU-0001,Material COC 4 EF,122,3,119,2025-07-19,O,185.82,22670.04
1377,0,SKU-0010,Material PGS 3 EF,270,299,0,2024-02-05,C,298.14,80497.8
1377,1,SKU-0048,Material Isaac 2 EF,75,62,13,2024-01-11,O,288.82,21661.5
1378,0,SKU-0048,Material PGS 2 EF,78,49,29,2025-09-02,O,192.01,14976.78
1378,1,SKU-0029,Material PGS 8 EF,267,60,207,2025-08-03,O,207.54,55413.18
1378,2,SKU-0013,Material NSE 1 EF,71,14,57,2025-08-30,O,108.45,7699.95
1378,3,SKU-0026,Material Isaac 2 EF,215,188,27,2025-08-15,O,163.2,35088.0
1379,0,SKU-0018,Material SAE 1 EF,43,35,8,2022-06-12,O,212.16,9122.88
1379,1,SKU-0058,Material COC 6 EF,76,5,71,2022-07-10,O,163.6,12433.6
1379,2,SKU-0019,Material COC 6 EF,294,277,17,2022-07-15,O,178.64,52520.16
1379,3,SKU-0060,Material NSE 5 EF,166,130,36,2022-07-18,O,108.21,17962.86
1379,4,SKU-0041,Material SAE 1 EM,91,38,53,2022-07-07,O,233.17,21218.47
1380,0,SKU-0029,Material SAE 4 EF,267,239,28,2024-03-11,O,114.93,30686.31
1380,1,SKU-0022,Material COC 1 EM,276,264,12,2024-02-02,O,107.33,29623.08
1381,0,SKU-0032,Material COC 4 EF,167,51,116,2024-10-22,O,268.56,44849.52
1381,1,SKU-0034,Material Isaac 1 EM,98,84,14,2024-09-24,O,255.03,24992.94
1382,0,SKU-0010,Material Isaac 9 EF,168,146,22,2025-12-31,O,235.02,39483.36
1382,1,SKU-0038,Material Isaac 1 EM,161,119,42,2026-01-11,O,119.83,19292.63
1382,2,SKU-0053,Material SAE 3 EM,75,60,15,2026-02-08,O,161.92,12144.0
1383,0,SKU-0006,Material COC 1 EF,281,83,198,2025-12-17,O,284.64,79983.84
1383,1,SKU-0008,Material NSE 1 EF,170,130,40,2025-12-09,O,27.66,4702.2
1383,2,SKU-0024,Material COC 2 EF,202,73,129,2025-12-08,O,299.36,60470.72
1384,0,SKU-0030,Material PGS 3 EF,87,19,68,2022-08-10,O,101.32,8814.84
1384,1,SKU-0023,Material SAE 6 EF,89,4,85,2022-08-21,O,137.22,12212.58
1385,0,SKU-0004,Material PGS 1 EF,225,13,212,2025-08-16,O,143.31,32244.75
1385,1,SKU-0057,Material SAE 8 EF,44,36,8,2025-08-27,O,292.06,12850.64
1385,2,SKU-0009,Material SAE 3 EM,190,129,61,2025-09-06,O,286.6,54454.0
1385,3,SKU-0007,Material PGS 2 EM,241,176,65,2025-08-17,O,148.5,35788.5
1386,0,SKU-0005,Material PGS 9 EF,294,206,88,2025-06-26,O,49.93,14679.42
1387,0,SKU-0006,Material SAE 9 EF,266,168,98,2023-05-13,O,161.37,42924.42
1388,0,SKU-0014,Material PGS 9 EF,71,54,17,2023-05-31,O,86.04,6108.84
1388,1,SKU-0031,Material Isaac 6 EF,146,118,28,2023-05-27,O,181.02,26428.92
1388,2,SKU-0004,Material Isaac 5 EF,215,45,170,2023-07-10,O,49.72,10689.8
1388,3,SKU-0019,Material Isaac 7 EF,259,35,224,2023-07-12,O,179.96,46609.64
1388,4,SKU-0003,Material Isaac 4 EF,178,132,46,2023-06-13,O,244.98,43606.44
1389,0,SKU-0020,Material PGS 4 EF,12,6,6,2024-08-29,O,279.35,3352.2
1389,1,SKU-0012,Material COC 8 EF,52,50,2,2024-09-23,O,197.35,10262.2
1389,2,SKU-0008,Material SAE 8 EF,269,216,53,2024-09-02,O,272.38,73270.22
1389,3,SKU-0048,Material SAE 7 EF,12,2,10,2024-09-19,O,211.91,2542.92
1390,0,SKU-0025,Material COC 1 EF,75,75,0,2023-10-02,C,270.51,20288.25
1390,1,SKU-0007,Material SAE 3 EM,58,14,44,2023-10-10,O,59.61,3457.38
1391,0,SKU-0033,Material PGS 3 EF,265,15,250,2025-02-22,O,217.36,57600.4
1391,1,SKU-0026,Material NSE 9 EF,267,9,258,2025-02-25,O,53.51,14287.17
1391,2,SKU-0023,Material NSE 3 EF,178,151,27,2025-02-17,O,73.72,13122.16
1391,3,SKU-0034,Material NSE 3 EM,229,226,3,2025-03-31,O,98.92,22652.68
1391,4,SKU-0058,Material Isaac 1 EM,281,152,129,2025-03-06,O,211.95,59557.95
1392,0,SKU-0051,Material PGS 3 EF,265,110,155,2024-09-25,O,179.06,47450.9
1392,1,SKU-0049,Material COC 1 EM,111,70,41,2024-10-15,O,64.17,7122.87
1392,2,SKU-0050,Material COC 9 EF,103,58,45,2024-10-02,O,105.73,10890.19
1392,3,SKU-0019,Material Isaac 6 EF,251,236,15,2024-10-02,O,99.97,25092.47
1392,4,SKU-0008,Material COC 7 EF,162,90,72,2024-09-24,O,71.21,11536.02
1393,0,SKU-0047,Material SAE 1 EM,30,1,29,2024-12-18,O,257.93,7737.9
1393,1,SKU-0056,Material Isaac 8 EF,70,13,57,2024-10-29,O,213.22,14925.4
1393,2,SKU-0023,Material COC 3 EM,292,289,3,2024-11-24,O,158.81,46372.52
1393,3,SKU-0021,Material SAE 6 EF,205,0,205,2024-11-15,O,253.4,51947.0
1393,4,SKU-0015,Material PGS 4 EF,265,71,194,2024-11-29,O,261.23,69225.95
1394,0,SKU-0023,Material COC 8 EF,116,50,66,2022-05-27,O,181.14,21012.24
1394,1,SKU-0047,Material Isaac 3 EF,85,35,50,2022-05-19,O,285.82,24294.7
1394,2,SKU-0019,Material COC 7 EF,91,75,16,2022-05-03,O,282.0,25662.0
1394,3,SKU-0050,Material COC 6 EF,93,5,88,2022-04-16,O,182.34,16957.62
1395,0,SKU-0009,Material NSE 8 EF,201,79,122,2023-12-17,O,281.8,56641.8
1395,1,SKU-0051,Material NSE 8 EF,18,18,0,2023-11-22,C,86.1,1549.8
1395,2,SKU-0014,Material PGS 5 EF,21,21,0,2023-11-16,C,29.83,626.43
1395,3,SKU-0028,Material COC 8 EF,293,255,38,2023-12-05,O,246.9,72341.7
1395,4,SKU-0022,Material NSE 2 EM,204,67,137,2023-11-25,O,39.39,8035.56
1396,0,SKU-0050,Material PGS 1 EM,134,5,129,2025-01-08,O,206.82,27713.88
1396,1,SKU-0045,Material SAE 2 EF,155,83,72,2024-12-23,O,243.25,37703.75
1396,2,SKU-0004,Material COC 6 EF,180,154,26,2024-12-21,O,134.56,24220.8
1396,3,SKU-0058,Material PGS 2 EF,224,41,183,2025-01-19,O,293.78,65806.72
1396,4,SKU-0039,Material Isaac 8 EF,19,1,18,2024-12-24,O,296.81,5639.39
1397,0,SKU-0030,Material PGS 3 EM,196,38,158,2024-09-12,O,268.19,52565.24
1398,0,SKU-0037,Material PGS 6 EF,13,8,5,2024-08-21,O,107.21,1393.73
1398,1,SKU-0048,Material SAE 6 EF,118,87,31,2024-09-03,O,52.9,6242.2
1398,2,SKU-0042,Material NSE 9 EF,42,13,29,2024-09-04,O,88.31,3709.02
1399,0,SKU-0001,Material Isaac 1 EM,276,197,79,2025-10-12,O,253.81,70051.56
1399,1,SKU-0036,Material COC 9 EF,243,26,217,2025-09-27,O,173.49,42158.07
1400,0,SKU-0035,Material NSE 8 EF,190,24,166,2025-03-30,O,208.74,39660.6
1400,1,SKU-0029,Material SAE 3 EM,105,87,18,2025-03-05,O,34.56,3628.8
1400,2,SKU-0007,Material PGS 6 EF,187,140,47,2025-03-19,O,251.45,47021.15
1400,3,SKU-0055,Material NSE 4 EF,293,100,193,2025-02-21,O,30.36,8895.48
1401,0,SKU-0027,Material PGS 8 EF,94,113,0,2023-10-11,C,69.81,6562.14
1401,1,SKU-0006,Material NSE 2 EM,98,64,34,2023-10-01,O,136.69,13395.62
1402,0,SKU-0045,Material COC 1 EM,52,1,51,2024-04-22,O,260.03,13521.56
1402,1,SKU-0012,Material PGS 5 EF,216,192,24,2024-05-13,O,212.4,45878.4
1402,2,SKU-0023,Material Isaac 2 EM,88,71,17,2024-04-14,O,84.66,7450.08
1403,0,SKU-0006,Material PGS 8 EF,96,40,56,2023-08-16,O,239.29,22971.84
1403,1,SKU-0030,Material NSE 4 EF,99,82,17,2023-08-16,O,71.67,7095.33
1404,0,SKU-0021,Material COC 3 EF,129,27,102,2024-06-23,O,82.31,10617.99
1404,1,SKU-0006,Material NSE 2 EM,177,12,165,2024-06-17,O,39.17,6933.09
1404,2,SKU-0034,Material NSE 9 EF,64,31,33,2024-06-16,O,154.45,9884.8
1404,3,SKU-0006,Material COC 5 EF,41,4,37,2024-07-25,O,59.7,2447.7
1405,0,SKU-0003,Material PGS 2 EM,222,32,190,2024-08-31,O,36.85,8180.7
1405,1,SKU-0004,Material Isaac 1 EM,149,12,137,2024-10-10,O,117.44,17498.56
1406,0,SKU-0021,Material NSE 1 EF,50,40,10,2024-04-06,O,149.22,7461.0
1406,1,SKU-0005,Material SAE 1 EF,271,63,208,2024-02-25,O,292.07,79150.97
1406,2,SKU-0004,Material Isaac 2 EF,165,41,124,2024-04-06,O,259.06,42744.9
1406,3,SKU-0022,Material Isaac 9 EF,95,58,37,2024-04-09,O,234.23,22251.85
1406,4,SKU-0004,Material NSE 8 EF,103,102,1,2024-02-22,O,74.63,7686.89
1407,0,SKU-0039,Material COC 8 EF,295,335,0,2025-03-24,C,46.52,13723.4
1407,1,SKU-0020,Material Isaac 5 EF,65,4,61,2025-03-04,O,123.56,8031.4
1408,0,SKU-0049,Material PGS 2 EF,285,61,224,2023-05-03,O,158.55,45186.75
1408,1,SKU-0035,Material COC 6 EF,31,14,17,2023-05-03,O,291.41,9033.71
1408,2,SKU-0027,Material COC 5 EF,43,29,14,2023-04-04,O,265.25,11405.75
1408,3,SKU-0012,Material COC 2 EM,252,158,94,2023-04-30,O,35.67,8988.84
1409,0,SKU-0037,Material Isaac 8 EF,167,3,164,2025-01-28,O,232.44,38817.48
1409,1,SKU-0025,Material SAE 1 EF,291,215,76,2024-12-22,O,277.25,80679.75
1410,0,SKU-0035,Material SAE 6 EF,280,259,21,2024-07-04,O,40.46,11328.8
1410,1,SKU-0029,Material SAE 8 EF,240,120,120,2024-05-31,O,143.9,34536.0
1410,2,SKU-0030,Material Isaac 1 EF,228,110,118,2024-06-07,O,296.2,67533.6
1411,0,SKU-0003,Material COC 1 EF,62,18,44,2023-04-17,O,237.87,14747.94
1411,1,SKU-0036,Material PGS 9 EF,252,180,72,2023-05-22,O,117.7,29660.4
1411,2,SKU-0030,Material NSE 1 EF,83,8,75,2023-04-26,O,194.33,16129.39
1411,3,SKU-0025,Material Isaac 7 EF,14,14,0,2023-05-17,C,258.65,3621.1
1412,0,SKU-0046,Material PGS 6 EF,10,8,2,2023-02-28,O,88.7,887.0
1412,1,SKU-0007,Material SAE 5 EF,171,112,59,2023-02-27,O,290.16,49617.36
1412,2,SKU-0048,Material NSE 3 EF,166,151,15,2023-02-24,O,98.6,16367.6
1412,3,SKU-0058,Material SAE 2 EF,214,106,108,2023-03-29,O,80.67,17263.38
1412,4,SKU-0015,Material COC 5 EF,277,116,161,2023-03-14,O,266.45,73806.65
1413,0,SKU-0037,Material NSE 3 EF,165,81,84,2022-09-24,O,272.5,44962.5
1413,1,SKU-0024,Material NSE 1 EM,246,173,73,2022-10-02,O,44.92,11050.32
1413,2,SKU-0006,Material COC 2 EF,220,207,13,2022-09-28,O,26.53,5836.6
1413,3,SKU-0052,Material NSE 8 EF,69,63,6,2022-10-05,O,144.57,9975.33
1413,4,SKU-0011,Material NSE 4 EF,246,134,112,2022-10-14,O,257.25,63283.5
1414,0,SKU-0021,Material NSE 5 EF,39,28,11,2022-02-10,O,59.42,2317.38
1415,0,SKU-0041,Material SAE 1 EF,36,0,36,2023-07-26,O,284.38,10237.68
1416,0,SKU-0022,Material Isaac 7 EF,149,98,51,2023-07-19,O,130.55,19451.95
1416,1,SKU-0047,Material COC 9 EF,274,93,181,2023-06-30,O,227.47,62326.78
1416,2,SKU-0036,Material SAE 1 EF,276,233,43,2023-06-19,O,148.82,41074.32
1416,3,SKU-0012,Material SAE 2 EF,236,67,169,2023-06-14,O,182.82,43145.52
1416,4,SKU-0009,Material COC 8 EF,220,198,22,2023-06-13,O,158.83,34942.6
1417,0,SKU-0022,Material COC 4 EF,235,8,227,2025-11-01,O,256.84,60357.4
1417,1,SKU-0055,Material NSE 7 EF,38,37,1,2025-10-06,O,112.32,4268.16
1417,2,SKU-0050,Material SAE 1 EF,154,66,88,2025-10-29,O,124.36,19151.44
1417,3,SKU-0059,Material SAE 3 EM,97,31,66,2025-11-14,O,145.94,14156.18
1417,4,SKU-0023,Material Isaac 4 EF,148,30,118,2025-10-18,O,275.62,40791.76
1418,0,SKU-0001,Material PGS 5 EF,60,47,13,2022-05-10,O,274.12,16447.2
1418,1,SKU-0010,Material Isaac 2 EF,294,261,33,2022-04-04,O,142.13,41786.22
1418,2,SKU-0026,Material COC 1 EF,83,13,70,2022-04-15,O,245.99,20417.17
1418,3,SKU-0024,Material PGS 6 EF,257,217,40,2022-05-08,O,152.11,39092.27
1419,0,SKU-0029,Material COC 6 EF,63,55,8,2025-11-30,O,239.87,15111.81
1419,1,SKU-0028,Material SAE 9 EF,18,13,5,2025-11-30,O,150.55,2709.9
1419,2,SKU-0038,Material COC 2 EM,239,164,75,2025-12-07,O,183.18,43780.02
1419,3,SKU-0057,Material NSE 2 EF,117,44,73,2025-10-29,O,50.83,5947.11
1420,0,SKU-0005,Material NSE 1 EF,272,116,156,2023-08-01,O,256.81,69852.32
1420,1,SKU-0031,Material PGS 6 EF,110,52,58,2023-08-07,O,221.37,24350.7
1420,2,SKU-0057,Material COC 8 EF,269,43,226,2023-08-13,O,239.12,64323.28
1420,3,SKU-0029,Material Isaac 3 EF,203,107,96,2023-07-15,O,202.02,41010.06
1421,0,SKU-0037,Material COC 1 EM,184,115,69,2023-03-09,O,171.44,31544.96
1421,1,SKU-0054,Material PGS 5 EF,69,61,8,2023-03-21,O,64.68,4462.92
1421,2,SKU-0018,Material SAE 4 EF,39,12,27,2023-03-04,O,280.71,10947.69
1422,0,SKU-0055,Material SAE 1 EM,41,33,8,2025-11-28,O,113.77,4664.57
1422,1,SKU-0021,Material PGS 7 EF,53,29,24,2025-11-23,O,50.31,2666.43
1422,2,SKU-0033,Material Isaac 9 EF,136,0,136,2025-11-07,O,251.88,34255.68
1423,0,SKU-0047,Material COC 9 EF,276,31,245,2023-12-08,O,150.95,41662.2
1423,1,SKU-0007,Material Isaac 3 EF,211,74,137,2023-12-22,O,144.58,30506.38
1423,2,SKU-0030,Material COC 3 EF,211,149,62,2023-12-19,O,167.01,35239.11
1423,3,SKU-0040,Material COC 5 EF,144,113,31,2024-01-03,O,45.22,6511.68
1424,0,SKU-0007,Material Isaac 3 EM,263,195,68,2022-03-25,O,47.06,12376.78
1424,1,SKU-0006,Material Isaac 6 EF,283,67,216,2022-04-08,O,121.8,34469.4
1424,2,SKU-0009,Material COC 8 EF,262,71,191,2022-05-11,O,129.35,33889.7
1424,3,SKU-0028,Material PGS 6 EF,69,51,18,2022-04-25,O,92.77,6401.13
1424,4,SKU-0041,Material NSE 2 EF,223,64,159,2022-03-25,O,99.37,22159.51
1425,0,SKU-0013,Material PGS 5 EF,120,34,86,2025-06-11,O,283.58,34029.6
1426,0,SKU-0045,Material COC 5 EF,222,18,204,2023-03-08,O,250.56,55624.32
1426,1,SKU-0020,Material Isaac 6 EF,292,228,64,2023-03-25,O,199.18,58160.56
1426,2,SKU-0044,Material COC 2 EF,190,190,0,2023-04-09,C,58.13,11044.7
1427,0,SKU-0052,Material NSE 3 EM,52,24,28,2024-02-01,O,276.91,14399.32
1427,1,SKU-0028,Material PGS 3 EM,34,32,2,2024-01-09,O,181.49,6170.66
1427,2,SKU-0006,Material Isaac 4 EF,100,2,98,2024-01-30,O,246.77,24677.0
1427,3,SKU-0027,Material PGS 9 EF,197,239,0,2024-02-13,C,83.7,16488.9
1427,4,SKU-0036,Material COC 7 EF,157,73,84,2024-02-06,O,59.41,9327.37
1428,0,SKU-0019,Material SAE 8 EF,256,251,5,2025-08-11,O,67.38,17249.28
1428,1,SKU-0049,Material PGS 9 EF,68,42,26,2025-08-22,O,95.96,6525.28
1428,2,SKU-0017,Material Isaac 3 EM,139,116,23,2025-09-11,O,132.52,18420.28
1428,3,SKU-0032,Material Isaac 7 EF,99,11,88,2025-08-29,O,159.98,15838.02
1429,0,SKU-0013,Material NSE 7 EF,156,47,109,2023-12-07,O,284.75,44421.0
1429,1,SKU-0058,Material Isaac 5 EF,119,22,97,2023-11-13,O,158.05,18807.95
1429,2,SKU-0047,Material SAE 8 EF,95,84,11,2023-11-19,O,291.22,27665.9
1429,3,SKU-0006,Material PGS 9 EF,69,4,65,2023-11-24,O,84.95,5861.55
1429,4,SKU-0018,Material COC 4 EF,31,24,7,2023-12-16,O,176.98,5486.38
1430,0,SKU-0021,Material COC 3 EF,252,100,152,2025-04-14,O,154.92,39039.84
1430,1,SKU-0031,Material SAE 1 EM,300,113,187,2025-04-06,O,48.32,14496.0
1430,2,SKU-0038,Material SAE 9 EF,36,33,3,2025-03-20,O,283.59,10209.24
1430,3,SKU-0050,Material Isaac 2 EF,103,37,66,2025-04-13,O,276.09,28437.27
1430,4,SKU-0029,Material Isaac 3 EM,280,118,162,2025-04-16,O,95.49,26737.2
1431,0,SKU-0051,Material SAE 8 EF,226,108,118,2022-04-14,O,80.13,18109.38
1432,0,SKU-0001,Material PGS 3 EF,271,202,69,2024-10-09,O,159.51,43227.21
1432,1,SKU-0026,Material Isaac 7 EF,46,2,44,2024-10-29,O,55.76,2564.96
1433,0,SKU-0033,Material SAE 1 EM,167,72,95,2025-05-07,O,99.99,16698.33
1433,1,SKU-0053,Material SAE 1 EF,20,15,5,2025-05-05,O,292.79,5855.8
1434,0,SKU-0043,Material COC 6 EF,46,23,23,2024-12-21,O,102.01,4692.46
1435,0,SKU-0032,Material Isaac 2 EF,290,47,243,2023-08-05,O,287.97,83511.3
1435,1,SKU-0009,Material NSE 4 EF,194,133,61,2023-08-27,O,187.29,36334.26
1435,2,SKU-0008,Material Isaac 2 EM,96,19,77,2023-08-11,O,160.62,15419.52
1435,3,SKU-0004,Material PGS 5 EF,293,142,151,2023-09-06,O,242.8,71140.4
1436,0,SKU-0014,Material COC 4 EF,83,68,15,2026-02-11,O,196.46,16306.18
1436,1,SKU-0009,Material NSE 5 EF,259,109,150,2026-01-16,O,125.56,32520.04
1437,0,SKU-0011,Material PGS 5 EF,84,61,23,2025-01-17,O,260.19,21855.96
1437,1,SKU-0020,Material COC 3 EF,255,126,129,2025-02-16,O,88.59,22590.45
1437,2,SKU-0009,Material COC 2 EM,203,175,28,2025-02-18,O,80.72,16386.16
1438,0,SKU-0060,Material SAE 9 EF,179,127,52,2024-10-04,O,269.1,48168.9
1438,1,SKU-0053,Material PGS 4 EF,119,34,85,2024-10-05,O,273.99,32604.81
1438,2,SKU-0051,Material NSE 2 EF,22,16,6,2024-10-07,O,43.44,955.68
1438,3,SKU-0055,Material COC 1 EM,83,18,65,2024-09-10,O,50.64,4203.12
1439,0,SKU-0009,Material NSE 3 EM,125,77,48,2022-11-17,O,123.74,15467.5
1439,1,SKU-0038,Material PGS 5 EF,270,15,255,2022-12-04,O,193.48,52239.6
1439,2,SKU-0040,Material COC 7 EF,290,13,277,2022-12-06,O,189.72,55018.8
1439,3,SKU-0023,Material SAE 5 EF,236,94,142,2022-10-22,O,97.17,22932.12
1440,0,SKU-0039,Material PGS 4 EF,169,78,91,2022-05-09,O,239.82,40529.58
1440,1,SKU-0014,Material SAE 9 EF,260,96,164,2022-05-10,O,241.8,62868.0
1440,2,SKU-0045,Material PGS 2 EM,119,86,33,2022-05-22,O,124.14,14772.66
1440,3,SKU-0039,Material COC 2 EF,122,43,79,2022-05-05,O,84.92,10360.24
1440,4,SKU-0010,Material PGS 5 EF,64,49,15,2022-05-21,O,80.36,5143.04
1441,0,SKU-0023,Material PGS 1 EF,205,157,48,2022-05-06,O,144.55,29632.75
1441,1,SKU-0042,Material Isaac 2 EM,191,122,69,2022-04-17,O,121.27,23162.57
1441,2,SKU-0015,Material SAE 7 EF,286,117,169,2022-06-01,O,272.83,78029.38
1442,0,SKU-0036,Material SAE 2 EF,200,31,169,2024-08-26,O,113.86,22772.0
1442,1,SKU-0005,Material COC 8 EF,38,15,23,2024-09-28,O,92.91,3530.58
1443,0,SKU-0009,Material Isaac 2 EF,81,124,0,2022-04-05,C,203.43,16477.83
1443,1,SKU-0055,Material COC 2 EM,243,209,34,2022-03-30,O,299.55,72790.65
1444,0,SKU-0056,Material NSE 3 EM,30,12,18,2026-01-29,O,130.28,3908.4
1444,1,SKU-0040,Material NSE 7 EF,221,0,221,2026-02-12,O,154.57,34159.97
1444,2,SKU-0060,Material NSE 3 EM,155,138,17,2026-01-21,O,244.67,37923.85
1444,3,SKU-0007,Material NSE 3 EF,270,160,110,2026-01-22,O,177.0,47790.0
1445,0,SKU-0009,Material NSE 9 EF,179,20,159,2024-05-04,O,291.65,52205.35
1445,1,SKU-0021,Material Isaac 1 EM,166,53,113,2024-06-01,O,260.9,43309.4
1445,2,SKU-0040,Material PGS 1 EM,135,113,22,2024-05-22,O,73.31,9896.85
1445,3,SKU-0043,Material COC 1 EF,158,101,57,2024-05-11,O,264.32,41762.56
1445,4,SKU-0026,Material SAE 4 EF,51,46,5,2024-06-16,O,23.66,1206.66
1446,0,SKU-0039,Material Isaac 2 EF,97,88,9,2024-09-25,O,275.79,26751.63
1446,1,SKU-0005,Material SAE 2 EF,295,158,137,2024-10-13,O,234.06,69047.7
1447,0,SKU-0039,Material COC 4 EF,160,64,96,2022-10-09,O,243.16,38905.6
1447,1,SKU-0028,Material NSE 1 EF,222,152,70,2022-10-13,O,177.21,39340.62
1447,2,SKU-0013,Material COC 3 EF,36,0,36,2022-10-01,O,147.49,5309.64
1447,3,SKU-0056,Material NSE 5 EF,223,3,220,2022-10-16,O,161.11,35927.53
1448,0,SKU-0008,Material Isaac 6 EF,298,136,162,2025-05-01,O,148.66,44300.68
1448,1,SKU-0015,Material Isaac 3 EF,118,67,51,2025-05-03,O,204.73,24158.14
1449,0,SKU-0033,Material COC 4 EF,14,14,0,2023-10-29,C,96.27,1347.78
1449,1,SKU-0043,Material NSE 8 EF,225,8,217,2023-10-30,O,43.93,9884.25
1449,2,SKU-0014,Material NSE 3 EF,85,71,14,2023-10-21,O,196.72,16721.2
1449,3,SKU-0024,Material Isaac 1 EF,45,40,5,2023-09-18,O,30.98,1394.1
1449,4,SKU-0052,Material NSE 5 EF,222,217,5,2023-10-29,O,187.86,41704.92
1450,0,SKU-0045,Material Isaac 1 EM,256,144,112,2024-08-24,O,199.22,51000.32
1450,1,SKU-0059,Material PGS 2 EM,234,117,117,2024-08-24,O,133.5,31239.0
1450,2,SKU-0020,Material SAE 4 EF,133,8,125,2024-07-15,O,188.96,25131.68
1450,3,SKU-0009,Material COC 7 EF,49,45,4,2024-08-21,O,97.97,4800.53
1450,4,SKU-0017,Material PGS 3 EM,177,61,116,2024-07-22,O,152.4,26974.8
1451,0,SKU-0053,Material COC 8 EF,187,212,0,2025-07-29,C,74.89,14004.43
1451,1,SKU-0053,Material SAE 9 EF,200,169,31,2025-08-06,O,274.05,54810.0
1452,0,SKU-0019,Material NSE 4 EF,52,49,3,2025-02-14,O,284.77,14808.04
1452,1,SKU-0046,Material NSE 8 EF,222,227,0,2025-01-20,C,42.88,9519.36
1453,0,SKU-0011,Material COC 2 EM,124,118,6,2023-05-23,O,76.03,9427.72
1453,1,SKU-0026,Material COC 1 EM,171,139,32,2023-05-08,O,168.58,28827.18
1453,2,SKU-0051,Material NSE 1 EM,70,4,66,2023-04-28,O,250.26,17518.2
1453,3,SKU-0053,Material PGS 9 EF,295,3,292,2023-05-01,O,179.32,52899.4
1454,0,SKU-0055,Material SAE 9 EF,74,26,48,2025-12-08,O,209.72,15519.28
1454,1,SKU-0015,Material SAE 3 EF,229,70,159,2025-12-03,O,203.84,46679.36
1454,2,SKU-0041,Material SAE 3 EF,83,9,74,2025-11-25,O,54.05,4486.15
1454,3,SKU-0051,Material SAE 8 EF,108,46,62,2025-12-18,O,250.29,27031.32
1454,4,SKU-0041,Material COC 6 EF,241,186,55,2026-01-11,O,133.07,32069.87
1455,0,SKU-0035,Material SAE 4 EF,258,154,104,2023-02-13,O,54.92,14169.36
1456,0,SKU-0002,Material COC 3 EM,284,102,182,2023-08-02,O,288.9,82047.6
1456,1,SKU-0034,Material Isaac 3 EF,61,26,35,2023-07-05,O,129.14,7877.54
1456,2,SKU-0048,Material NSE 6 EF,210,187,23,2023-07-24,O,153.13,32157.3
1456,3,SKU-0028,Material PGS 2 EF,66,13,53,2023-07-17,O,251.53,16600.98
1456,4,SKU-0021,Material NSE 8 EF,85,48,37,2023-07-30,O,295.8,25143.0
1457,0,SKU-0028,Material SAE 1 EM,227,109,118,2023-08-04,O,64.13,14557.51
1457,1,SKU-0030,Material SAE 7 EF,30,30,0,2023-07-09,C,152.48,4574.4
1457,2,SKU-0019,Material SAE 8 EF,152,139,13,2023-07-10,O,112.97,17171.44
1457,3,SKU-0011,Material Isaac 1 EF,204,75,129,2023-07-27,O,207.05,42238.2
1458,0,SKU-0060,Material COC 3 EM,108,49,59,2025-05-30,O,89.21,9634.68
1459,0,SKU-0057,Material Isaac 5 EF,49,8,41,2026-02-22,O,93.91,4601.59
1459,1,SKU-0042,Material PGS 2 EM,224,58,166,2026-01-30,O,64.35,14414.4
1459,2,SKU-0032,Material PGS 1 EM,41,30,11,2026-01-18,O,125.83,5159.03
1459,3,SKU-0048,Material Isaac 4 EF,291,22,269,2026-01-13,O,60.61,17637.51
1459,4,SKU-0032,Material PGS 1 EM,29,6,23,2026-01-13,O,277.72,8053.88
1460,0,SKU-0057,Material COC 3 EF,24,4,20,2025-09-06,O,255.24,6125.76
1461,0,SKU-0024,Material SAE 1 EF,267,31,236,2023-01-20,O,191.34,51087.78
1461,1,SKU-0004,Material PGS 4 EF,229,124,105,2022-12-22,O,176.01,40306.29
1462,0,SKU-0028,Material PGS 8 EF,283,141,142,2023-07-13,O,172.11,48707.13
1463,0,SKU-0051,Material Isaac 2 EM,148,110,38,2025-11-17,O,198.19,29332.12
1463,1,SKU-0026,Material SAE 5 EF,225,102,123,2025-12-01,O,43.91,9879.75
1463,2,SKU-0051,Material Isaac 5 EF,253,123,130,2025-11-11,O,96.32,24368.96
1463,3,SKU-0052,Material NSE 8 EF,71,30,41,2025-12-14,O,145.96,10363.16
1464,0,SKU-0023,Material Isaac 7 EF,23,57,0,2025-08-10,C,95.9,2205.7
1465,0,SKU-0043,Material COC 9 EF,115,80,35,2022-11-23,O,131.57,15130.55
1465,1,SKU-0013,Material COC 7 EF,69,41,28,2022-11-12,O,284.84,19653.96
1465,2,SKU-0027,Material Isaac 3 EF,33,9,24,2022-10-24,O,77.83,2568.39
1465,3,SKU-0016,Material PGS 7 EF,29,1,28,2022-11-21,O,89.02,2581.58
1465,4,SKU-0042,Material PGS 7 EF,284,46,238,2022-11-20,O,253.65,72036.6
1466,0,SKU-0042,Material PGS 1 EF,239,3,236,2022-04-04,O,271.02,64773.78
1467,0,SKU-0038,Material SAE 1 EM,182,60,122,2023-05-18,O,38.15,6943.3
1468,0,SKU-0006,Material SAE 1 EM,150,17,133,2025-06-06,O,202.24,30336.0
1468,1,SKU-0057,Material COC 7 EF,32,28,4,2025-06-04,O,215.65,6900.8
1469,0,SKU-0020,Material Isaac 1 EM,81,43,38,2022-07-24,O,144.73,11723.13
1469,1,SKU-0040,Material Isaac 7 EF,143,11,132,2022-08-05,O,197.42,28231.06
1470,0,SKU-0042,Material Isaac 3 EM,22,7,15,2024-07-10,O,23.7,521.4
1470,1,SKU-0008,Material COC 4 EF,204,20,184,2024-07-19,O,178.41,36395.64
1470,2,SKU-0012,Material NSE 1 EF,137,74,63,2024-07-13,O,242.27,33190.99
1470,3,SKU-0025,Material SAE 5 EF,147,48,99,2024-07-04,O,227.39,33426.33
1471,0,SKU-0018,Material PGS 2 EF,201,24,177,2024-09-18,O,104.55,21014.55
1471,1,SKU-0008,Material SAE 1 EM,178,162,16,2024-09-25,O,134.83,23999.74
1471,2,SKU-0002,Material PGS 3 EM,65,59,6,2024-09-12,O,202.44,13158.6
1472,0,SKU-0040,Material Isaac 7 EF,139,112,27,2023-07-05,O,214.38,29798.82
1472,1,SKU-0029,Material Isaac 7 EF,18,17,1,2023-05-31,O,58.97,1061.46
1472,2,SKU-0010,Material SAE 9 EF,25,19,6,2023-06-27,O,222.11,5552.75
1472,3,SKU-0032,Material SAE 1 EM,234,121,113,2023-05-28,O,297.58,69633.72
1472,4,SKU-0050,Material Isaac 3 EF,210,8,202,2023-07-14,O,245.62,51580.2
1473,0,SKU-0027,Material SAE 2 EM,240,235,5,2023-08-19,O,231.32,55516.8
1474,0,SKU-0002,Material Isaac 7 EF,13,11,2,2024-12-30,O,134.7,1751.1
1474,1,SKU-0009,Material SAE 7 EF,184,36,148,2024-12-14,O,142.2,26164.8
1474,2,SKU-0052,Material COC 9 EF,187,95,92,2024-11-29,O,138.15,25834.05
1474,3,SKU-0056,Material SAE 3 EF,25,3,22,2025-01-14,O,245.23,6130.75
1475,0,SKU-0038,Material PGS 9 EF,279,149,130,2025-10-13,O,100.36,28000.44
1475,1,SKU-0005,Material NSE 5 EF,186,53,133,2025-10-09,O,288.94,53742.84
1476,0,SKU-0059,Material SAE 2 EM,21,8,13,2022-04-21,O,125.33,2631.93
1476,1,SKU-0009,Material PGS 3 EF,291,21,270,2022-04-22,O,198.61,57795.51
1476,2,SKU-0007,Material COC 1 EM,57,17,40,2022-03-13,O,49.57,2825.49
1476,3,SKU-0047,Material NSE 5 EF,30,11,19,2022-04-08,O,160.6,4818.0
1476,4,SKU-0047,Material COC 7 EF,44,12,32,2022-03-31,O,197.3,8681.2
1477,0,SKU-0028,Material Isaac 8 EF,56,44,12,2023-12-12,O,183.84,10295.04
1477,1,SKU-0058,Material COC 2 EF,272,261,11,2023-12-03,O,194.69,52955.68
1478,0,SKU-0060,Material NSE 4 EF,130,87,43,2023-11-27,O,57.5,7475.0
1478,1,SKU-0006,Material Isaac 6 EF,72,39,33,2023-11-28,O,257.58,18545.76
1478,2,SKU-0047,Material Isaac 5 EF,169,148,21,2023-12-31,O,146.59,24773.71
1478,3,SKU-0046,Material COC 1 EF,283,116,167,2023-11-22,O,241.34,68299.22
1478,4,SKU-0056,Material SAE 4 EF,203,80,123,2023-12-01,O,183.11,37171.33
1479,0,SKU-0043,Material NSE 4 EF,273,39,234,2023-07-29,O,253.5,69205.5
1479,1,SKU-0005,Material Isaac 8 EF,284,267,17,2023-08-22,O,95.7,27178.8
1480,0,SKU-0018,Material COC 8 EF,51,33,18,2023-09-21,O,136.08,6940.08
1480,1,SKU-0054,Material Isaac 9 EF,121,122,0,2023-09-30,C,66.72,8073.12
1480,2,SKU-0054,Material NSE 3 EM,297,31,266,2023-10-12,O,137.11,40721.67
1481,0,SKU-0004,Material Isaac 2 EF,110,73,37,2023-11-28,O,247.86,27264.6
1481,1,SKU-0027,Material NSE 1 EF,203,130,73,2023-11-20,O,44.59,9051.77
1481,2,SKU-0037,Material PGS 6 EF,247,43,204,2023-12-22,O,49.31,12179.57
1481,3,SKU-0054,Material NSE 1 EM,26,4,22,2023-11-23,O,161.0,4186.0
1481,4,SKU-0022,Material PGS 6 EF,19,11,8,2023-12-30,O,35.65,677.35
1482,0,SKU-0028,Material PGS 2 EF,129,5,124,2023-07-11,O,243.45,31405.05
1482,1,SKU-0015,Material NSE 1 EM,220,34,186,2023-08-06,O,144.6,31812.0
1482,2,SKU-0041,Material PGS 2 EF,179,53,126,2023-08-20,O,46.21,8271.59
1483,0,SKU-0050,Material COC 2 EM,286,264,22,2025-09-28,O,267.44,76487.84
1484,0,SKU-0004,Material Isaac 5 EF,269,92,177,2024-08-26,O,280.29,75398.01
1485,0,SKU-0056,Material NSE 1 EM,84,74,10,2022-12-07,O,135.56,11387.04
1485,1,SKU-0050,Material Isaac 2 EF,249,26,223,2022-12-16,O,250.22,62304.78
1485,2,SKU-0054,Material Isaac 1 EM,284,18,266,2023-01-06,O,33.85,9613.4
1486,0,SKU-0059,Material PGS 7 EF,40,30,10,2023-08-27,O,144.07,5762.8
1486,1,SKU-0022,Material PGS 3 EF,174,121,53,2023-08-20,O,190.36,33122.64
1487,0,SKU-0027,Material SAE 2 EF,31,4,27,2022-06-15,O,84.31,2613.61
1487,1,SKU-0043,Material COC 2 EM,247,127,120,2022-06-17,O,274.6,67826.2
1487,2,SKU-0038,Material Isaac 7 EF,254,124,130,2022-05-15,O,116.47,29583.38
1487,3,SKU-0050,Material Isaac 3 EM,107,88,19,2022-05-19,O,53.87,5764.09
1487,4,SKU-0039,Material Isaac 3 EF,194,11,183,2022-05-06,O,189.6,36782.4
1488,0,SKU-0028,Material Isaac 4 EF,279,139,140,2024-02-06,O,279.47,77972.13
1488,1,SKU-0002,Material PGS 8 EF,52,12,40,2024-01-24,O,274.32,14264.64
1488,2,SKU-0060,Material SAE 3 EM,53,37,16,2024-01-09,O,66.5,3524.5
1488,3,SKU-0039,Material SAE 1 EM,184,148,36,2024-01-18,O,163.19,30026.96
1488,4,SKU-0021,Material SAE 7 EF,202,168,34,2024-01-23,O,110.22,22264.44
1489,0,SKU-0058,Material Isaac 1 EF,68,49,19,2022-09-30,O,251.6,17108.8
1489,1,SKU-0050,Material SAE 8 EF,107,29,78,2022-10-14,O,75.06,8031.42
1489,2,SKU-0054,Material Isaac 3 EM,28,10,18,2022-09-23,O,214.55,6007.4
1489,3,SKU-0050,Material PGS 9 EF,243,224,19,2022-10-23,O,83.38,20261.34
1489,4,SKU-0020,Material PGS 5 EF,104,37,67,2022-11-02,O,254.59,26477.36
1490,0,SKU-0003,Material COC 7 EF,196,56,140,2024-05-13,O,37.25,7301.0
1490,1,SKU-0055,Material COC 8 EF,229,155,74,2024-06-23,O,144.16,33012.64
1490,2,SKU-0005,Material COC 6 EF,173,18,155,2024-05-26,O,166.55,28813.15
1491,0,SKU-0039,Material PGS 1 EM,77,51,26,2024-06-05,O,76.77,5911.29
1491,1,SKU-0059,Material SAE 9 EF,138,64,74,2024-05-14,O,38.4,5299.2
1491,2,SKU-0019,Material NSE 3 EF,221,106,115,2024-06-16,O,261.33,57753.93
1492,0,SKU-0034,Material COC 3 EM,91,42,49,2025-12-23,O,67.38,6131.58
1492,1,SKU-0034,Material NSE 3 EM,86,17,69,2025-11-16,O,29.06,2499.16
1492,2,SKU-0040,Material PGS 2 EF,47,47,0,2025-12-11,C,98.98,4652.06
1492,3,SKU-0057,Material COC 1 EM,170,27,143,2025-11-07,O,61.59,10470.3
1493,0,SKU-0004,Material Isaac 1 EM,69,16,53,2024-04-18,O,213.31,14718.39
1493,1,SKU-0017,Material NSE 2 EM,164,113,51,2024-04-05,O,251.2,41196.8
1493,2,SKU-0019,Material NSE 6 EF,59,59,0,2024-04-07,C,76.73,4527.07
1494,0,SKU-0054,Material PGS 1 EF,67,113,0,2025-01-02,C,268.22,17970.74
1495,0,SKU-0056,Material NSE 4 EF,161,18,143,2025-04-03,O,135.94,21886.34
1495,1,SKU-0027,Material COC 1 EM,162,142,20,2025-04-04,O,146.84,23788.08
1496,0,SKU-0059,Material Isaac 3 EM,149,99,50,2022-05-18,O,189.9,28295.1
1496,1,SKU-0032,Material NSE 3 EF,246,239,7,2022-06-08,O,225.78,55541.88
1496,2,SKU-0031,Material NSE 1 EF,47,44,3,2022-06-02,O,284.02,13348.94
1496,3,SKU-0055,Material PGS 5 EF,38,32,6,2022-05-31,O,90.82,3451.16
1497,0,SKU-0029,Material PGS 4 EF,282,126,156,2024-11-18,O,122.41,34519.62
1497,1,SKU-0006,Material Isaac 4 EF,197,186,11,2024-11-28,O,74.01,14579.97
1498,0,SKU-0031,Material SAE 6 EF,157,46,111,2023-01-13,O,177.26,27829.82
1498,1,SKU-0008,Material COC 3 EF,218,74,144,2023-01-12,O,299.92,65382.56
1498,2,SKU-0027,Material NSE 3 EF,284,191,93,2023-01-17,O,41.77,11862.68
1499,0,SKU-0046,Material SAE 7 EF,130,37,93,2024-06-12,O,218.98,28467.4
1499,1,SKU-0043,Material PGS 5 EF,11,4,7,2024-05-28,O,211.2,2323.2
1500,0,SKU-0056,Material Isaac 3 EM,250,208,42,2022-12-02,O,168.01,42002.5
1501,0,SKU-0032,Material NSE 1 EF,273,247,26,2024-04-24,O,238.76,65181.48
1502,0,SKU-0032,Material PGS 3 EM,140,81,59,2025-10-13,O,296.9,41566.0
1502,1,SKU-0001,Material PGS 2 EM,64,20,44,2025-09-30,O,110.03,7041.92
1502,2,SKU-0053,Material COC 3 EF,114,54,60,2025-09-04,O,258.36,29453.04
1502,3,SKU-0050,Material COC 3 EF,28,25,3,2025-09-24,O,255.55,7155.4
1502,4,SKU-0042,Material NSE 8 EF,109,82,27,2025-10-01,O,294.81,32134.29
1503,0,SKU-0031,Material COC 7 EF,50,50,0,2024-07-09,C,79.4,3970.0
1503,1,SKU-0026,Material PGS 2 EF,208,192,16,2024-08-22,O,187.89,39081.12
1503,2,SKU-0029,Material NSE 2 EF,235,110,125,2024-08-23,O,292.02,68624.7
1503,3,SKU-0018,Material Isaac 7 EF,204,97,107,2024-08-04,O,46.48,9481.92
1503,4,SKU-0004,Material PGS 4 EF,289,186,103,2024-08-10,O,158.04,45673.56
1504,0,SKU-0047,Material COC 2 EF,66,17,49,2025-04-13,O,40.49,2672.34
1504,1,SKU-0002,Material NSE 7 EF,191,158,33,2025-04-13,O,269.09,51396.19
1505,0,SKU-0054,Material SAE 1 EM,244,203,41,2025-07-09,O,152.96,37322.24
1505,1,SKU-0034,Material PGS 3 EM,86,33,53,2025-06-21,O,140.77,12106.22
1506,0,SKU-0035,Material SAE 2 EM,239,71,168,2023-11-18,O,110.73,26464.47
1507,0,SKU-0033,Material PGS 4 EF,75,82,0,2025-04-27,C,226.19,16964.25
1508,0,SKU-0054,Material NSE 8 EF,16,8,8,2025-01-17,O,209.62,3353.92
1508,1,SKU-0039,Material COC 8 EF,257,187,70,2025-01-11,O,201.47,51777.79
1508,2,SKU-0033,Material COC 4 EF,294,74,220,2025-01-21,O,120.08,35303.52
1508,3,SKU-0047,Material NSE 4 EF,298,39,259,2025-01-15,O,157.62,46970.76
1509,0,SKU-0005,Material Isaac 3 EM,266,136,130,2025-09-13,O,52.92,14076.72
1509,1,SKU-0038,Material Isaac 3 EM,78,50,28,2025-09-07,O,298.48,23281.44
1509,2,SKU-0025,Material SAE 4 EF,79,19,60,2025-10-03,O,156.41,12356.39
1509,3,SKU-0041,Material PGS 4 EF,300,108,192,2025-10-04,O,139.8,41940.0
1510,0,SKU-0011,Material PGS 2 EM,225,208,17,2023-05-08,O,298.71,67209.75
1510,1,SKU-0017,Material COC 4 EF,222,113,109,2023-05-02,O,27.76,6162.72
1511,0,SKU-0019,Material Isaac 8 EF,80,78,2,2022-07-04,O,94.96,7596.8
1511,1,SKU-0047,Material PGS 7 EF,47,47,0,2022-06-16,C,59.7,2805.9
1511,2,SKU-0020,Material NSE 7 EF,233,135,98,2022-07-06,O,261.33,60889.89
1512,0,SKU-0002,Material PGS 7 EF,171,30,141,2023-12-01,O,42.29,7231.59
1513,0,SKU-0022,Material Isaac 4 EF,32,31,1,2024-02-20,O,192.29,6153.28
1513,1,SKU-0005,Material SAE 9 EF,191,1,190,2024-03-20,O,185.77,35482.07
1513,2,SKU-0041,Material SAE 1 EM,17,2,15,2024-02-14,O,267.53,4548.01
1513,3,SKU-0014,Material COC 7 EF,196,52,144,2024-03-23,O,131.79,25830.84
1514,0,SKU-0054,Material SAE 4 EF,126,2,124,2023-12-23,O,299.2,37699.2
1514,1,SKU-0031,Material NSE 5 EF,88,53,35,2023-12-02,O,292.47,25737.36
1515,0,SKU-0034,Material COC 8 EF,103,7,96,2025-06-20,O,272.27,28043.81
1515,1,SKU-0031,Material Isaac 3 EF,181,66,115,2025-07-11,O,119.83,21689.23
1515,2,SKU-0003,Material SAE 7 EF,119,60,59,2025-07-06,O,241.87,28782.53
1515,3,SKU-0020,Material Isaac 6 EF,166,5,161,2025-06-22,O,146.05,24244.3
1516,0,SKU-0047,Material Isaac 2 EM,207,81,126,2024-02-20,O,56.71,11738.97
1516,1,SKU-0055,Material SAE 1 EF,284,139,145,2024-01-14,O,108.5,30814.0
1516,2,SKU-0025,Material COC 1 EM,242,106,136,2024-01-24,O,105.73,25586.66
1516,3,SKU-0020,Material COC 5 EF,103,71,32,2024-01-15,O,179.63,18501.89
1516,4,SKU-0048,Material SAE 2 EF,41,12,29,2024-02-02,O,122.44,5020.04
1517,0,SKU-0012,Material COC 3 EF,48,27,21,2024-11-23,O,34.12,1637.76
1517,1,SKU-0057,Material NSE 1 EM,228,84,144,2025-01-04,O,138.16,31500.48
1517,2,SKU-0018,Material Isaac 8 EF,90,17,73,2024-12-09,O,84.22,7579.8
1517,3,SKU-0048,Material Isaac 9 EF,288,33,255,2024-12-09,O,166.41,47926.08
1517,4,SKU-0025,Material Isaac 5 EF,209,186,23,2024-12-31,O,279.54,58423.86
1518,0,SKU-0038,Material COC 2 EM,87,14,73,2025-09-09,O,41.54,3613.98
1518,1,SKU-0006,Material COC 3 EF,205,192,13,2025-08-19,O,154.09,31588.45
1518,2,SKU-0018,Material SAE 8 EF,270,248,22,2025-07-27,O,209.92,56678.4
1518,3,SKU-0015,Material NSE 1 EF,46,36,10,2025-08-14,O,204.64,9413.44
1519,0,SKU-0047,Material NSE 3 EM,28,16,12,2024-05-23,O,59.35,1661.8
1519,1,SKU-0019,Material COC 8 EF,128,83,45,2024-06-06,O,154.85,19820.8
1519,2,SKU-0012,Material Isaac 3 EF,26,2,24,2024-06-04,O,43.3,1125.8
1520,0,SKU-0047,Material SAE 2 EF,181,85,96,2023-02-12,O,196.07,35488.67
1520,1,SKU-0043,Material Isaac 7 EF,94,53,41,2023-02-24,O,215.12,20221.28
1520,2,SKU-0059,Material Isaac 1 EM,297,200,97,2023-02-25,O,239.01,70985.97
1521,0,SKU-0005,Material Isaac 3 EM,87,42,45,2024-06-20,O,105.05,9139.35
1522,0,SKU-0025,Material Isaac 6 EF,77,100,0,2022-10-03,C,63.32,4875.64
1523,0,SKU-0057,Material Isaac 2 EM,140,118,22,2024-12-25,O,144.89,20284.6
1523,1,SKU-0009,Material NSE 9 EF,149,13,136,2024-11-30,O,276.87,41253.63
1523,2,SKU-0033,Material Isaac 1 EM,251,187,64,2024-12-08,O,161.95,40649.45
1524,0,SKU-0022,Material Isaac 3 EM,139,82,57,2024-08-17,O,126.59,17596.01
1525,0,SKU-0007,Material COC 8 EF,198,187,11,2026-02-06,O,127.66,25276.68
1525,1,SKU-0011,Material COC 2 EF,84,71,13,2025-12-27,O,49.54,4161.36
1525,2,SKU-0027,Material PGS 9 EF,165,136,29,2026-01-15,O,284.79,46990.35
1525,3,SKU-0035,Material SAE 1 EM,26,10,16,2026-01-13,O,95.02,2470.52
1525,4,SKU-0023,Material PGS 1 EF,238,207,31,2026-01-01,O,259.84,61841.92
1526,0,SKU-0056,Material COC 3 EF,187,134,53,2023-05-11,O,101.11,18907.57
1527,0,SKU-0028,Material Isaac 3 EM,26,17,9,2024-02-05,O,217.73,5660.98
1527,1,SKU-0021,Material PGS 2 EF,220,175,45,2024-02-15,O,178.31,39228.2
1527,2,SKU-0058,Material Isaac 4 EF,109,41,68,2024-03-21,O,48.64,5301.76
1527,3,SKU-0001,Material NSE 7 EF,263,75,188,2024-02-07,O,243.52,64045.76
1527,4,SKU-0032,Material PGS 2 EM,272,18,254,2024-02-03,O,214.21,58265.12
1528,0,SKU-0022,Material PGS 3 EF,238,92,146,2022-11-16,O,240.13,57150.94
1528,1,SKU-0058,Material PGS 3 EM,106,36,70,2022-11-24,O,136.49,14467.94
1528,2,SKU-0024,Material NSE 3 EM,42,21,21,2022-11-22,O,162.86,6840.12
1529,0,SKU-0039,Material NSE 1 EF,182,140,42,2023-02-27,O,184.2,33524.4
1530,0,SKU-0056,Material PGS 3 EF,202,216,0,2024-07-15,C,129.13,26084.26
1530,1,SKU-0055,Material COC 1 EF,184,14,170,2024-07-21,O,47.16,8677.44
1530,2,SKU-0055,Material COC 5 EF,270,17,253,2024-07-22,O,83.53,22553.1
1531,0,SKU-0027,Material NSE 2 EM,257,214,43,2023-02-16,O,194.81,50066.17
1531,1,SKU-0019,Material Isaac 1 EF,294,228,66,2023-02-20,O,21.48,6315.12
1531,2,SKU-0010,Material NSE 1 EM,270,33,237,2023-01-05,O,151.56,40921.2
1531,3,SKU-0034,Material SAE 6 EF,232,45,187,2023-01-23,O,235.57,54652.24
1532,0,SKU-0017,Material COC 5 EF,184,114,70,2022-11-07,O,282.82,52038.88
1533,0,SKU-0004,Material COC 2 EM,57,56,1,2025-10-27,O,205.92,11737.44
1533,1,SKU-0035,Material COC 2 EM,185,160,25,2025-10-25,O,113.67,21028.95
1533,2,SKU-0038,Material SAE 4 EF,122,82,40,2025-12-12,O,106.26,12963.72
1533,3,SKU-0026,Material NSE 6 EF,259,191,68,2025-10-26,O,140.29,36335.11
1533,4,SKU-0033,Material PGS 3 EM,116,110,6,2025-12-06,O,282.98,32825.68
1534,0,SKU-0015,Material SAE 2 EM,202,166,36,2022-03-10,O,276.38,55828.76
1534,1,SKU-0018,Material Isaac 2 EM,50,23,27,2022-02-03,O,119.7,5985.0
1535,0,SKU-0015,Material Isaac 6 EF,191,110,81,2022-02-03,O,79.22,15131.02
1535,1,SKU-0007,Material SAE 9 EF,161,103,58,2022-02-21,O,139.21,22412.81
1535,2,SKU-0022,Material PGS 4 EF,82,71,11,2022-01-27,O,147.71,12112.22
1535,3,SKU-0056,Material Isaac 2 EF,136,37,99,2022-02-28,O,63.44,8627.84
1536,0,SKU-0032,Material COC 2 EF,252,90,162,2024-09-11,O,73.76,18587.52
1536,1,SKU-0022,Material COC 2 EF,257,80,177,2024-09-16,O,38.48,9889.36
1536,2,SKU-0037,Material NSE 8 EF,91,76,15,2024-08-12,O,137.55,12517.05
1536,3,SKU-0024,Material Isaac 4 EF,30,27,3,2024-09-05,O,193.62,5808.6
1537,0,SKU-0050,Material NSE 9 EF,22,20,2,2023-06-04,O,170.79,3757.38
1538,0,SKU-0001,Material PGS 6 EF,109,37,72,2024-05-23,O,59.4,6474.6
1538,1,SKU-0047,Material PGS 1 EF,203,77,126,2024-06-06,O,89.79,18227.37
1538,2,SKU-0014,Material NSE 6 EF,212,39,173,2024-05-25,O,122.8,26033.6
1538,3,SKU-0050,Material NSE 2 EF,44,12,32,2024-05-24,O,63.22,2781.68
1539,0,SKU-0020,Material SAE 5 EF,145,49,96,2023-05-25,O,278.52,40385.4
1539,1,SKU-0022,Material SAE 7 EF,39,30,9,2023-06-05,O,96.11,3748.29
1539,2,SKU-0056,Material COC 8 EF,138,93,45,2023-05-14,O,179.08,24713.04
1540,0,SKU-0006,Material Isaac 5 EF,103,1,102,2025-08-19,O,104.74,10788.22
1541,0,SKU-0054,Material COC 3 EF,207,171,36,2023-12-18,O,156.33,32360.31
1541,1,SKU-0049,Material COC 1 EM,268,165,103,2023-11-15,O,165.82,44439.76
1541,2,SKU-0055,Material SAE 3 EM,73,55,18,2023-11-30,O,246.06,17962.38
1541,3,SKU-0038,Material COC 3 EM,16,0,16,2023-12-20,O,182.28,2916.48
1541,4,SKU-0010,Material Isaac 6 EF,226,114,112,2023-11-05,O,38.55,8712.3
1542,0,SKU-0051,Material Isaac 1 EF,282,238,44,2024-03-16,O,99.25,27988.5
1543,0,SKU-0043,Material COC 3 EF,172,63,109,2024-03-16,O,45.24,7781.28
1544,0,SKU-0011,Material SAE 2 EM,223,47,176,2024-08-01,O,63.55,14171.65
1544,1,SKU-0003,Material COC 9 EF,167,162,5,2024-08-29,O,120.52,20126.84
1545,0,SKU-0040,Material NSE 6 EF,116,54,62,2024-01-20,O,98.4,11414.4
1545,1,SKU-0013,Material PGS 8 EF,103,24,79,2023-12-19,O,257.57,26529.71
1545,2,SKU-0029,Material Isaac 7 EF,161,40,121,2024-01-19,O,135.14,21757.54
1545,3,SKU-0019,Material SAE 5 EF,157,61,96,2024-01-27,O,116.32,18262.24
1545,4,SKU-0033,Material SAE 6 EF,217,10,207,2023-12-30,O,115.98,25167.66
1546,0,SKU-0041,Material NSE 1 EM,287,50,237,2025-09-03,O,272.49,78204.63
1546,1,SKU-0060,Material SAE 5 EF,41,17,24,2025-08-18,O,148.58,6091.78
1546,2,SKU-0039,Material Isaac 2 EF,188,142,46,2025-08-09,O,79.24,14897.12
1547,0,SKU-0010,Material Isaac 3 EF,124,103,21,2025-07-07,O,249.67,30959.08
1548,0,SKU-0058,Material PGS 7 EF,228,194,34,2023-06-29,O,289.01,65894.28
1549,0,SKU-0044,Material Isaac 2 EM,192,147,45,2025-05-31,O,77.94,14964.48
1549,1,SKU-0041,Material COC 4 EF,25,20,5,2025-06-13,O,188.31,4707.75
1550,0,SKU-0001,Material Isaac 8 EF,83,18,65,2023-04-30,O,160.17,13294.11
1551,0,SKU-0001,Material SAE 5 EF,289,275,14,2026-01-22,O,41.15,11892.35
1551,1,SKU-0060,Material NSE 1 EF,277,140,137,2026-02-11,O,88.86,24614.22
1551,2,SKU-0034,Material Isaac 6 EF,39,24,15,2026-01-18,O,134.96,5263.44
1552,0,SKU-0057,Material COC 4 EF,137,96,41,2024-02-13,O,60.88,8340.56
1552,1,SKU-0018,Material NSE 2 EM,117,99,18,2024-03-02,O,180.44,21111.48
1553,0,SKU-0010,Material Isaac 6 EF,230,178,52,2022-03-13,O,273.38,62877.4
1553,1,SKU-0058,Material COC 3 EF,163,134,29,2022-02-28,O,34.4,5607.2
1553,2,SKU-0042,Material NSE 2 EM,198,22,176,2022-03-03,O,71.72,14200.56
1554,0,SKU-0024,Material COC 4 EF,256,84,172,2022-09-20,O,189.68,48558.08
1555,0,SKU-0029,Material COC 6 EF,30,20,10,2022-06-17,O,137.01,4110.3
1555,1,SKU-0001,Material NSE 5 EF,27,2,25,2022-05-31,O,236.39,6382.53
1556,0,SKU-0009,Material COC 8 EF,253,232,21,2023-05-10,O,163.3,41314.9
1557,0,SKU-0005,Material PGS 9 EF,169,151,18,2022-02-26,O,82.67,13971.23
1557,1,SKU-0014,Material SAE 1 EF,181,129,52,2022-03-01,O,280.37,50746.97
1558,0,SKU-0030,Material Isaac 2 EM,129,122,7,2024-12-13,O,133.19,17181.51
1558,1,SKU-0053,Material PGS 8 EF,106,80,26,2024-11-11,O,143.83,15245.98
1558,2,SKU-0057,Material Isaac 3 EM,82,5,77,2024-11-11,O,134.45,11024.9
1559,0,SKU-0013,Material SAE 8 EF,138,94,44,2022-04-24,O,44.7,6168.6
1559,1,SKU-0018,Material NSE 3 EM,279,89,190,2022-05-04,O,199.16,55565.64
1559,2,SKU-0004,Material PGS 3 EF,246,236,10,2022-05-26,O,81.65,20085.9
1559,3,SKU-0020,Material SAE 2 EF,202,94,108,2022-06-04,O,84.84,17137.68
1559,4,SKU-0060,Material SAE 6 EF,148,121,27,2022-06-11,O,157.21,23267.08
1560,0,SKU-0033,Material Isaac 9 EF,299,256,43,2024-07-07,O,83.68,25020.32
1560,1,SKU-0038,Material COC 3 EF,279,268,11,2024-07-18,O,229.54,64041.66
1560,2,SKU-0034,Material Isaac 8 EF,20,12,8,2024-06-21,O,101.87,2037.4
1560,3,SKU-0054,Material COC 1 EM,191,90,101,2024-06-11,O,248.13,47392.83
1560,4,SKU-0021,Material Isaac 1 EF,43,22,21,2024-06-23,O,58.81,2528.83
1561,0,SKU-0031,Material PGS 1 EF,36,29,7,2025-12-17,O,290.93,10473.48
1561,1,SKU-0013,Material COC 3 EF,99,66,33,2026-01-04,O,35.71,3535.29
1562,0,SKU-0026,Material COC 1 EF,183,128,55,2024-03-24,O,78.63,14389.29
1563,0,SKU-0028,Material PGS 5 EF,74,44,30,2025-02-03,O,225.7,16701.8
1563,1,SKU-0044,Material NSE 9 EF,124,49,75,2025-01-02,O,101.76,12618.24
1564,0,SKU-0042,Material Isaac 8 EF,130,35,95,2025-02-06,O,173.6,22568.0
1564,1,SKU-0046,Material PGS 2 EF,172,175,0,2025-02-03,C,185.31,31873.32
1564,2,SKU-0025,Material NSE 2 EM,283,264,19,2024-12-21,O,208.87,59110.21
1564,3,SKU-0057,Material SAE 3 EF,186,59,127,2024-12-26,O,183.92,34209.12
1564,4,SKU-0017,Material PGS 9 EF,299,102,197,2025-02-08,O,24.37,7286.63
1565,0,SKU-0005,Material Isaac 3 EM,114,48,66,2023-07-19,O,128.87,14691.18
1565,1,SKU-0030,Material NSE 5 EF,243,193,50,2023-07-07,O,68.1,16548.3
1565,2,SKU-0058,Material NSE 9 EF,72,41,31,2023-07-21,O,287.3,20685.6
1565,3,SKU-0031,Material Isaac 5 EF,270,33,237,2023-07-27,O,220.88,59637.6
1566,0,SKU-0049,Material SAE 7 EF,61,41,20,2025-06-28,O,166.1,10132.1
1566,1,SKU-0044,Material COC 2 EF,75,26,49,2025-07-25,O,255.66,19174.5
1566,2,SKU-0029,Material COC 2 EM,215,148,67,2025-06-24,O,29.74,6394.1
1566,3,SKU-0043,Material SAE 2 EF,167,15,152,2025-08-07,O,205.37,34296.79
1566,4,SKU-0021,Material SAE 3 EF,193,50,143,2025-06-24,O,156.77,30256.61
1567,0,SKU-0011,Material Isaac 6 EF,27,6,21,2022-10-14,O,191.93,5182.11
1567,1,SKU-0013,Material NSE 2 EM,254,223,31,2022-09-24,O,258.98,65780.92
1567,2,SKU-0047,Material Isaac 4 EF,77,19,58,2022-10-18,O,87.79,6759.83
1567,3,SKU-0054,Material PGS 5 EF,37,14,23,2022-11-01,O,159.15,5888.55
1567,4,SKU-0007,Material COC 2 EM,85,35,50,2022-11-10,O,224.47,19079.95
1568,0,SKU-0013,Material Isaac 2 EM,260,62,198,2023-07-29,O,66.46,17279.6
1568,1,SKU-0046,Material NSE 1 EM,225,211,14,2023-06-27,O,34.42,7744.5
1568,2,SKU-0058,Material Isaac 2 EF,104,86,18,2023-07-08,O,132.75,13806.0
1569,0,SKU-0004,Material NSE 1 EF,21,3,18,2025-05-15,O,78.76,1653.96
1569,1,SKU-0058,Material PGS 9 EF,154,117,37,2025-05-19,O,40.19,6189.26
1569,2,SKU-0016,Material COC 4 EF,61,44,17,2025-05-25,O,185.03,11286.83
1570,0,SKU-0014,Material Isaac 3 EM,201,169,32,2025-03-01,O,232.26,46684.26
1570,1,SKU-0012,Material Isaac 3 EM,254,132,122,2025-02-27,O,279.21,70919.34
1570,2,SKU-0028,Material SAE 8 EF,150,121,29,2025-03-18,O,121.66,18249.0
1571,0,SKU-0008,Material PGS 4 EF,254,17,237,2024-10-28,O,91.26,23180.04
1572,0,SKU-0059,Material Isaac 7 EF,38,4,34,2025-02-26,O,72.43,2752.34
1572,1,SKU-0048,Material PGS 5 EF,71,33,38,2025-02-12,O,294.71,20924.41
1572,2,SKU-0044,Material NSE 5 EF,174,128,46,2025-02-19,O,21.83,3798.42
1573,0,SKU-0007,Material NSE 5 EF,75,32,43,2025-10-24,O,54.84,4113.0
1574,0,SKU-0014,Material NSE 2 EM,180,118,62,2022-10-19,O,194.89,35080.2
1574,1,SKU-0012,Material COC 3 EF,251,132,119,2022-11-03,O,245.11,61522.61
1574,2,SKU-0039,Material NSE 1 EM,134,112,22,2022-11-16,O,255.07,34179.38
1574,3,SKU-0050,Material Isaac 8 EF,199,76,123,2022-10-28,O,119.14,23708.86
1575,0,SKU-0006,Material COC 2 EF,72,40,32,2025-04-19,O,169.39,12196.08
1576,0,SKU-0037,Material NSE 4 EF,201,89,112,2024-10-28,O,93.95,18883.95
1576,1,SKU-0001,Material Isaac 7 EF,10,8,2,2024-11-19,O,54.5,545.0
1576,2,SKU-0049,Material Isaac 2 EF,56,33,23,2024-10-21,O,106.44,5960.64
1577,0,SKU-0043,Material Isaac 7 EF,43,24,19,2025-10-19,O,33.98,1461.14
1577,1,SKU-0059,Material PGS 8 EF,70,17,53,2025-11-27,O,180.03,12602.1
1578,0,SKU-0002,Material COC 5 EF,224,152,72,2024-11-19,O,142.9,32009.6
1578,1,SKU-0014,Material SAE 9 EF,109,102,7,2024-11-03,O,222.1,24208.9
1578,2,SKU-0035,Material SAE 8 EF,130,113,17,2024-11-08,O,181.34,23574.2
1579,0,SKU-0027,Material SAE 9 EF,259,226,33,2022-03-28,O,109.54,28370.86
1579,1,SKU-0050,Material PGS 1 EM,202,39,163,2022-03-31,O,219.73,44385.46
1579,2,SKU-0007,Material SAE 9 EF,207,207,0,2022-04-25,C,283.19,58620.33
1580,0,SKU-0042,Material COC 7 EF,225,265,0,2023-02-08,C,216.93,48809.25
1580,1,SKU-0011,Material Isaac 5 EF,113,6,107,2023-03-06,O,61.92,6996.96
1580,2,SKU-0023,Material COC 2 EF,272,10,262,2023-02-03,O,245.59,66800.48
1580,3,SKU-0043,Material NSE 1 EM,240,138,102,2023-02-03,O,34.2,8208.0
1580,4,SKU-0019,Material PGS 2 EF,237,52,185,2023-03-12,O,195.08,46233.96
1581,0,SKU-0039,Material PGS 8 EF,93,74,19,2024-09-19,O,297.35,27653.55
1581,1,SKU-0037,Material PGS 3 EF,129,48,81,2024-08-17,O,231.45,29857.05
1581,2,SKU-0024,Material NSE 5 EF,276,276,0,2024-09-29,C,237.22,65472.72
1582,0,SKU-0037,Material Isaac 2 EM,244,219,25,2025-04-29,O,84.08,20515.52
1583,0,SKU-0040,Material NSE 3 EM,191,179,12,2025-05-22,O,97.32,18588.12
1583,1,SKU-0039,Material PGS 1 EF,232,86,146,2025-06-21,O,173.99,40365.68
1583,2,SKU-0060,Material COC 2 EM,57,45,12,2025-06-22,O,224.26,12782.82
1583,3,SKU-0059,Material SAE 6 EF,78,63,15,2025-05-11,O,193.72,15110.16
1583,4,SKU-0055,Material Isaac 3 EM,253,166,87,2025-05-19,O,29.74,7524.22
1584,0,SKU-0018,Material COC 6 EF,129,13,116,2022-07-10,O,181.35,23394.15
1584,1,SKU-0031,Material PGS 7 EF,135,45,90,2022-06-07,O,48.65,6567.75
1584,2,SKU-0060,Material SAE 3 EM,241,41,200,2022-07-25,O,180.05,43392.05
1585,0,SKU-0007,Material COC 3 EM,45,40,5,2025-07-19,O,290.78,13085.1
1586,0,SKU-0004,Material PGS 2 EM,38,12,26,2025-08-25,O,132.03,5017.14
1586,1,SKU-0001,Material NSE 1 EM,87,33,54,2025-08-18,O,147.19,12805.53
1586,2,SKU-0028,Material COC 4 EF,229,93,136,2025-08-01,O,146.98,33658.42
1586,3,SKU-0023,Material SAE 6 EF,89,45,44,2025-08-09,O,141.8,12620.2
1587,0,SKU-0008,Material COC 1 EF,183,104,79,2023-10-28,O,163.89,29991.87
1587,1,SKU-0023,Material COC 1 EF,28,13,15,2023-10-06,O,212.19,5941.32
1587,2,SKU-0057,Material NSE 4 EF,139,186,0,2023-10-03,C,75.78,10533.42
1587,3,SKU-0058,Material SAE 1 EM,281,230,51,2023-09-16,O,153.11,43023.91
1588,0,SKU-0013,Material NSE 5 EF,126,83,43,2023-02-09,O,100.08,12610.08
1588,1,SKU-0035,Material NSE 1 EF,138,33,105,2023-02-13,O,212.72,29355.36
1589,0,SKU-0005,Material Isaac 9 EF,251,101,150,2023-05-10,O,156.3,39231.3
1590,0,SKU-0044,Material SAE 5 EF,277,124,153,2022-02-22,O,79.07,21902.39
1590,1,SKU-0045,Material Isaac 3 EF,107,42,65,2022-03-09,O,159.77,17095.39
1590,2,SKU-0049,Material Isaac 6 EF,296,111,185,2022-03-08,O,162.03,47960.88
1590,3,SKU-0056,Material NSE 3 EM,292,237,55,2022-03-10,O,21.82,6371.44
1591,0,SKU-0015,Material COC 4 EF,300,58,242,2022-06-22,O,202.52,60756.0
1592,0,SKU-0009,Material COC 4 EF,177,84,93,2024-12-25,O,192.31,34038.87
1592,1,SKU-0049,Material COC 9 EF,166,93,73,2025-02-07,O,223.9,37167.4
1593,0,SKU-0034,Material PGS 4 EF,288,100,188,2023-01-22,O,144.81,41705.28
1593,1,SKU-0036,Material COC 1 EM,127,15,112,2023-01-29,O,253.14,32148.78
1593,2,SKU-0005,Material SAE 9 EF,281,173,108,2023-02-14,O,229.39,64458.59
1593,3,SKU-0022,Material PGS 8 EF,284,324,0,2023-01-30,C,38.73,10999.32
1593,4,SKU-0004,Material Isaac 7 EF,150,34,116,2023-01-20,O,149.53,22429.5
1594,0,SKU-0031,Material Isaac 5 EF,210,9,201,2022-04-23,O,245.33,51519.3
1594,1,SKU-0060,Material NSE 1 EM,81,80,1,2022-04-08,O,291.19,23586.39
1595,0,SKU-0014,Material COC 2 EM,82,80,2,2023-03-07,O,144.02,11809.64
1596,0,SKU-0017,Material PGS 1 EF,260,122,138,2025-06-19,O,25.3,6578.0
1596,1,SKU-0028,Material Isaac 5 EF,68,1,67,2025-05-30,O,297.24,20212.32
1596,2,SKU-0037,Material PGS 1 EF,65,12,53,2025-07-04,O,158.08,10275.2
1596,3,SKU-0002,Material NSE 1 EF,179,172,7,2025-06-15,O,80.62,14430.98
1597,0,SKU-0056,Material COC 6 EF,259,116,143,2022-08-28,O,66.52,17228.68
1597,1,SKU-0001,Material COC 3 EF,198,72,126,2022-08-05,O,299.83,59366.34
1598,0,SKU-0028,Material NSE 2 EM,78,28,50,2023-02-07,O,161.92,12629.76
1598,1,SKU-0001,Material NSE 5 EF,44,27,17,2022-12-26,O,266.58,11729.52
1599,0,SKU-0006,Material PGS 9 EF,174,126,48,2025-06-18,O,235.15,40916.1
1600,0,SKU-0014,Material PGS 1 EM,269,131,138,2023-04-21,O,215.37,57934.53
1600,1,SKU-0023,Material COC 3 EM,270,37,233,2023-05-09,O,30.86,8332.2
1600,2,SKU-0019,Material NSE 3 EF,168,183,0,2023-04-17,C,159.13,26733.84
1601,0,SKU-0047,Material NSE 1 EM,31,4,27,2024-06-22,O,34.06,1055.86
1601,1,SKU-0015,Material NSE 2 EM,128,103,25,2024-05-26,O,40.03,5123.84
1602,0,SKU-0020,Material SAE 4 EF,250,43,207,2022-04-07,O,147.32,36830.0
1603,0,SKU-0006,Material PGS 9 EF,202,186,16,2026-01-23,O,186.13,37598.26
1603,1,SKU-0012,Material COC 8 EF,25,5,20,2026-01-17,O,47.56,1189.0
1604,0,SKU-0027,Material COC 9 EF,256,82,174,2022-07-27,O,59.03,15111.68
1604,1,SKU-0005,Material COC 9 EF,226,119,107,2022-06-18,O,126.49,28586.74
1605,0,SKU-0050,Material SAE 3 EF,183,126,57,2023-12-13,O,46.53,8514.99
1605,1,SKU-0030,Material NSE 4 EF,162,82,80,2023-11-11,O,72.64,11767.68
1606,0,SKU-0057,Material SAE 8 EF,169,29,140,2023-11-28,O,264.89,44766.41
1606,1,SKU-0022,Material PGS 1 EM,212,67,145,2023-11-01,O,26.47,5611.64
1606,2,SKU-0022,Material COC 3 EF,259,155,104,2023-10-28,O,43.18,11183.62
1607,0,SKU-0023,Material SAE 1 EF,53,43,10,2022-08-29,O,105.4,5586.2
1607,1,SKU-0042,Material Isaac 1 EF,217,211,6,2022-08-15,O,22.72,4930.24
1607,2,SKU-0011,Material COC 3 EF,226,103,123,2022-09-19,O,117.16,26478.16
1607,3,SKU-0010,Material SAE 8 EF,35,1,34,2022-09-10,O,100.93,3532.55
1608,0,SKU-0004,Material Isaac 4 EF,143,75,68,2023-06-09,O,294.87,42166.41
1609,0,SKU-0016,Material COC 3 EM,257,172,85,2023-06-11,O,176.97,45481.29
1609,1,SKU-0045,Material NSE 2 EM,37,33,4,2023-06-30,O,270.57,10011.09
1609,2,SKU-0025,Material NSE 5 EF,236,16,220,2023-07-16,O,83.33,19665.88
1609,3,SKU-0009,Material NSE 2 EF,151,78,73,2023-06-24,O,47.73,7207.23
1610,0,SKU-0034,Material COC 2 EM,23,13,10,2023-11-24,O,115.63,2659.49
1610,1,SKU-0057,Material PGS 9 EF,193,164,29,2023-11-27,O,276.52,53368.36
1611,0,SKU-0038,Material NSE 8 EF,79,127,0,2024-08-23,C,68.16,5384.64
1611,1,SKU-0034,Material Isaac 8 EF,108,27,81,2024-07-27,O,179.68,19405.44
1611,2,SKU-0029,Material SAE 1 EF,145,128,17,2024-08-24,O,22.47,3258.15
1611,3,SKU-0023,Material Isaac 4 EF,58,22,36,2024-08-02,O,146.4,8491.2
1612,0,SKU-0033,Material Isaac 6 EF,224,206,18,2025-11-08,O,256.47,57449.28
1613,0,SKU-0039,Material PGS 9 EF,107,39,68,2025-03-06,O,23.92,2559.44
1613,1,SKU-0002,Material NSE 2 EM,13,0,13,2025-01-20,O,78.88,1025.44
1613,2,SKU-0020,Material PGS 7 EF,72,58,14,2025-03-06,O,36.12,2600.64
1613,3,SKU-0019,Material Isaac 9 EF,183,85,98,2025-02-06,O,264.74,48447.42
1614,0,SKU-0011,Material Isaac 1 EM,294,5,289,2025-12-02,O,244.74,71953.56
1614,1,SKU-0034,Material SAE 9 EF,114,120,0,2025-12-25,C,240.63,27431.82
1614,2,SKU-0019,Material PGS 3 EF,77,52,25,2025-11-21,O,219.68,16915.36
1614,3,SKU-0036,Material SAE 4 EF,38,35,3,2025-12-21,O,84.94,3227.72
1614,4,SKU-0051,Material SAE 4 EF,81,46,35,2026-01-07,O,129.55,10493.55
1615,0,SKU-0009,Material COC 9 EF,258,257,1,2024-02-17,O,195.96,50557.68
1615,1,SKU-0014,Material COC 2 EM,58,18,40,2024-03-09,O,105.98,6146.84
1615,2,SKU-0051,Material NSE 4 EF,192,114,78,2024-03-01,O,107.62,20663.04
1615,3,SKU-0005,Material COC 1 EM,195,88,107,2024-03-23,O,280.38,54674.1
1615,4,SKU-0056,Material SAE 4 EF,25,15,10,2024-03-19,O,254.39,6359.75
1616,0,SKU-0009,Material COC 2 EF,258,1,257,2022-11-14,O,270.28,69732.24
1616,1,SKU-0015,Material COC 2 EM,83,57,26,2022-12-15,O,22.31,1851.73
1617,0,SKU-0051,Material Isaac 2 EM,278,273,5,2022-06-30,O,223.06,62010.68
1617,1,SKU-0041,Material SAE 3 EF,102,94,8,2022-06-19,O,28.49,2905.98
1618,0,SKU-0034,Material SAE 2 EF,226,29,197,2026-01-04,O,231.33,52280.58
1619,0,SKU-0044,Material PGS 6 EF,207,168,39,2023-02-05,O,158.79,32869.53
1620,0,SKU-0031,Material PGS 4 EF,81,50,31,2025-07-29,O,206.08,16692.48
1620,1,SKU-0022,Material PGS 3 EF,216,37,179,2025-07-24,O,143.83,31067.28
1621,0,SKU-0045,Material COC 7 EF,273,9,264,2023-09-10,O,94.74,25864.02
1621,1,SKU-0012,Material COC 9 EF,55,47,8,2023-08-13,O,287.43,15808.65
1622,0,SKU-0034,Material Isaac 1 EM,284,45,239,2025-05-17,O,297.01,84350.84
1623,0,SKU-0009,Material PGS 6 EF,63,38,25,2023-06-25,O,112.15,7065.45
1623,1,SKU-0008,Material Isaac 3 EF,111,1,110,2023-06-06,O,90.38,10032.18
1623,2,SKU-0025,Material SAE 2 EF,112,49,63,2023-07-24,O,64.84,7262.08
1623,3,SKU-0042,Material Isaac 4 EF,45,38,7,2023-06-13,O,157.41,7083.45
1623,4,SKU-0045,Material PGS 2 EM,292,36,256,2023-07-17,O,82.71,24151.32
1624,0,SKU-0005,Material PGS 9 EF,20,13,7,2025-10-29,O,111.66,2233.2
1624,1,SKU-0005,Material NSE 1 EF,275,75,200,2025-10-21,O,202.15,55591.25
1624,2,SKU-0023,Material SAE 1 EF,48,5,43,2025-10-18,O,117.63,5646.24
1625,0,SKU-0002,Material COC 9 EF,258,146,112,2025-07-20,O,156.09,40271.22
1625,1,SKU-0018,Material PGS 5 EF,53,31,22,2025-06-23,O,155.43,8237.79
1625,2,SKU-0010,Material NSE 6 EF,21,15,6,2025-07-26,O,71.12,1493.52
1626,0,SKU-0002,Material SAE 8 EF,130,63,67,2023-06-06,O,60.99,7928.7
1626,1,SKU-0055,Material PGS 3 EF,215,204,11,2023-06-25,O,34.05,7320.75
1627,0,SKU-0035,Material SAE 9 EF,218,154,64,2024-01-31,O,54.21,11817.78
1627,1,SKU-0034,Material PGS 3 EF,183,180,3,2024-02-26,O,48.36,8849.88
1627,2,SKU-0017,Material NSE 8 EF,199,91,108,2024-02-09,O,79.84,15888.16
1627,3,SKU-0038,Material Isaac 1 EM,154,65,89,2024-01-29,O,224.01,34497.54
1628,0,SKU-0059,Material SAE 5 EF,140,40,100,2023-02-27,O,82.06,11488.4
1628,1,SKU-0002,Material SAE 5 EF,163,1,162,2023-02-17,O,51.22,8348.86
1629,0,SKU-0041,Material PGS 8 EF,281,5,276,2024-01-10,O,186.77,52482.37
1629,1,SKU-0028,Material PGS 3 EM,96,63,33,2024-01-26,O,199.76,19176.96
1629,2,SKU-0045,Material PGS 2 EF,285,251,34,2024-01-18,O,106.69,30406.65
1630,0,SKU-0023,Material SAE 1 EF,247,131,116,2024-06-08,O,134.31,33174.57
1631,0,SKU-0017,Material PGS 2 EM,228,34,194,2023-12-06,O,76.47,17435.16
1631,1,SKU-0029,Material PGS 6 EF,160,11,149,2023-12-07,O,23.56,3769.6
1632,0,SKU-0006,Material COC 5 EF,230,193,37,2024-12-03,O,117.74,27080.2
1632,1,SKU-0055,Material PGS 3 EM,126,88,38,2024-11-21,O,149.79,18873.54
1632,2,SKU-0037,Material PGS 7 EF,204,59,145,2024-11-29,O,217.71,44412.84
1632,3,SKU-0001,Material SAE 6 EF,136,109,27,2024-11-11,O,70.9,9642.4
1633,0,SKU-0042,Material SAE 1 EF,262,209,53,2022-07-24,O,257.51,67467.62
1633,1,SKU-0060,Material NSE 3 EF,139,7,132,2022-07-19,O,240.75,33464.25
1633,2,SKU-0006,Material SAE 2 EM,188,154,34,2022-08-05,O,280.92,52812.96
1633,3,SKU-0030,Material NSE 2 EF,201,45,156,2022-08-02,O,260.8,52420.8
1633,4,SKU-0050,Material SAE 7 EF,107,33,74,2022-08-06,O,173.69,18584.83
1634,0,SKU-0038,Material SAE 3 EM,250,56,194,2025-11-19,O,175.72,43930.0
1634,1,SKU-0043,Material COC 2 EM,37,29,8,2025-12-12,O,128.2,4743.4
1634,2,SKU-0006,Material COC 6 EF,207,173,34,2025-11-13,O,93.98,19453.86
1634,3,SKU-0055,Material SAE 2 EF,27,26,1,2025-12-15,O,146.21,3947.67
1635,0,SKU-0002,Material PGS 8 EF,46,4,42,2024-05-30,O,234.4,10782.4
1635,1,SKU-0044,Material COC 8 EF,259,213,46,2024-06-29,O,109.4,28334.6
1635,2,SKU-0022,Material SAE 9 EF,168,118,50,2024-06-21,O,54.17,9100.56
1636,0,SKU-0034,Material Isaac 2 EF,254,129,125,2022-09-02,O,22.72,5770.88
1636,1,SKU-0002,Material PGS 7 EF,41,9,32,2022-08-19,O,67.03,2748.23
1636,2,SKU-0040,Material NSE 7 EF,221,96,125,2022-09-27,O,240.59,53170.39
1637,0,SKU-0015,Material COC 2 EF,158,62,96,2023-12-29,O,75.84,11982.72
1637,1,SKU-0013,Material Isaac 1 EF,33,19,14,2023-12-24,O,131.98,4355.34
1637,2,SKU-0016,Material NSE 7 EF,250,48,202,2024-01-06,O,122.89,30722.5
1637,3,SKU-0051,Material SAE 8 EF,145,79,66,2023-12-01,O,66.13,9588.85
1638,0,SKU-0004,Material NSE 1 EM,284,89,195,2025-02-03,O,231.01,65606.84
1638,1,SKU-0040,Material NSE 8 EF,110,46,64,2025-01-09,O,63.25,6957.5
1638,2,SKU-0046,Material Isaac 1 EF,193,191,2,2025-01-30,O,159.61,30804.73
1638,3,SKU-0007,Material COC 3 EM,156,140,16,2025-02-03,O,32.13,5012.28
1638,4,SKU-0018,Material Isaac 2 EF,275,311,0,2025-02-03,C,29.11,8005.25
1639,0,SKU-0034,Material COC 1 EF,110,9,101,2025-10-31,O,45.49,5003.9
1639,1,SKU-0041,Material COC 8 EF,62,21,41,2025-12-16,O,280.96,17419.52
1639,2,SKU-0003,Material NSE 9 EF,294,341,0,2025-11-18,C,134.39,39510.66
1639,3,SKU-0006,Material NSE 7 EF,218,142,76,2025-12-10,O,244.14,53222.52
1640,0,SKU-0029,Material SAE 7 EF,288,54,234,2024-08-22,O,93.24,26853.12
1640,1,SKU-0011,Material Isaac 9 EF,24,15,9,2024-08-21,O,66.57,1597.68
1641,0,SKU-0039,Material COC 4 EF,175,138,37,2025-09-07,O,74.99,13123.25
1641,1,SKU-0006,Material PGS 9 EF,177,68,109,2025-08-23,O,190.32,33686.64
1642,0,SKU-0040,Material NSE 2 EM,130,45,85,2022-03-03,O,165.13,21466.9
1642,1,SKU-0025,Material PGS 3 EM,197,120,77,2022-03-20,O,260.36,51290.92
1642,2,SKU-0024,Material PGS 9 EF,113,76,37,2022-03-20,O,254.35,28741.55
1642,3,SKU-0039,Material PGS 7 EF,276,265,11,2022-02-22,O,226.9,62624.4
1643,0,SKU-0041,Material SAE 9 EF,83,48,35,2023-03-19,O,296.12,24577.96
1643,1,SKU-0056,Material NSE 1 EF,253,209,44,2023-03-30,O,229.67,58106.51
1643,2,SKU-0019,Material COC 2 EM,73,14,59,2023-04-16,O,45.99,3357.27
1644,0,SKU-0057,Material Isaac 6 EF,165,1,164,2023-09-15,O,61.0,10065.0
1644,1,SKU-0036,Material NSE 1 EF,283,165,118,2023-10-15,O,153.42,43417.86
1644,2,SKU-0047,Material PGS 4 EF,282,68,214,2023-09-29,O,259.85,73277.7
1644,3,SKU-0045,Material PGS 1 EF,285,202,83,2023-09-06,O,142.17,40518.45
1645,0,SKU-0043,Material PGS 3 EM,84,0,84,2024-01-03,O,42.54,3573.36
1645,1,SKU-0046,Material NSE 3 EM,95,12,83,2023-12-01,O,193.11,18345.45
1645,2,SKU-0051,Material PGS 2 EM,41,20,21,2023-12-22,O,216.84,8890.44
1645,3,SKU-0028,Material PGS 3 EM,131,62,69,2023-12-03,O,225.9,29592.9
1646,0,SKU-0004,Material Isaac 1 EM,214,175,39,2022-11-23,O,221.99,47505.86
1646,1,SKU-0002,Material COC 8 EF,254,17,237,2022-11-12,O,235.56,59832.24
1647,0,SKU-0043,Material Isaac 1 EM,101,30,71,2022-06-21,O,156.78,15834.78
1647,1,SKU-0016,Material COC 5 EF,124,72,52,2022-06-25,O,204.86,25402.64
1648,0,SKU-0038,Material COC 4 EF,181,62,119,2024-10-02,O,101.38,18349.78
1649,0,SKU-0038,Material NSE 3 EM,206,109,97,2025-06-14,O,92.18,18989.08
1649,1,SKU-0056,Material PGS 5 EF,227,96,131,2025-06-20,O,185.46,42099.42
1650,0,SKU-0040,Material Isaac 3 EF,207,53,154,2024-10-14,O,279.47,57850.29
1650,1,SKU-0015,Material PGS 1 EF,85,3,82,2024-09-12,O,71.86,6108.1
1651,0,SKU-0030,Material COC 3 EM,20,6,14,2024-11-24,O,100.03,2000.6
1651,1,SKU-0013,Material NSE 2 EF,137,40,97,2024-12-04,O,184.84,25323.08
1651,2,SKU-0042,Material NSE 8 EF,290,175,115,2024-12-30,O,98.31,28509.9
1651,3,SKU-0022,Material COC 4 EF,189,176,13,2025-01-09,O,210.85,39850.65
1652,0,SKU-0051,Material PGS 8 EF,184,112,72,2025-09-27,O,117.46,21612.64
1652,1,SKU-0029,Material Isaac 1 EM,48,8,40,2025-10-31,O,232.73,11171.04
1652,2,SKU-0026,Material SAE 5 EF,18,3,15,2025-10-03,O,106.53,1917.54
1652,3,SKU-0055,Material COC 4 EF,126,89,37,2025-09-23,O,112.13,14128.38
1652,4,SKU-0043,Material PGS 6 EF,181,48,133,2025-11-01,O,57.41,10391.21
1653,0,SKU-0042,Material NSE 1 EM,16,16,0,2024-11-24,C,161.48,2583.68
1654,0,SKU-0055,Material Isaac 1 EF,208,153,55,2022-03-22,O,89.12,18536.96
1654,1,SKU-0042,Material COC 5 EF,208,200,8,2022-04-24,O,185.92,38671.36
1655,0,SKU-0025,Material SAE 7 EF,296,195,101,2023-11-29,O,243.78,72158.88
1655,1,SKU-0031,Material COC 7 EF,43,43,0,2023-11-20,C,255.64,10992.52
1655,2,SKU-0035,Material NSE 3 EM,258,155,103,2023-10-22,O,294.82,76063.56
1655,3,SKU-0059,Material COC 9 EF,235,123,112,2023-12-08,O,265.36,62359.6
1656,0,SKU-0029,Material COC 3 EM,209,176,33,2024-09-02,O,218.1,45582.9
1656,1,SKU-0002,Material NSE 1 EM,163,32,131,2024-08-08,O,170.48,27788.24
1656,2,SKU-0057,Material COC 3 EM,114,77,37,2024-09-03,O,57.74,6582.36
1656,3,SKU-0020,Material COC 2 EM,265,190,75,2024-08-17,O,291.3,77194.5
1657,0,SKU-0015,Material SAE 3 EF,178,128,50,2023-02-19,O,289.44,51520.32
1658,0,SKU-0040,Material NSE 1 EF,240,99,141,2023-12-23,O,266.73,64015.2
1658,1,SKU-0001,Material Isaac 5 EF,201,9,192,2023-12-13,O,131.23,26377.23
1658,2,SKU-0001,Material Isaac 2 EF,232,5,227,2024-01-16,O,113.04,26225.28
1658,3,SKU-0052,Material NSE 3 EM,298,174,124,2023-12-01,O,33.01,9836.98
1659,0,SKU-0027,Material PGS 6 EF,96,53,43,2024-09-04,O,145.91,14007.36
1659,1,SKU-0049,Material SAE 5 EF,76,46,30,2024-10-01,O,88.5,6726.0
1659,2,SKU-0038,Material PGS 5 EF,50,31,19,2024-10-11,O,64.1,3205.0
1659,3,SKU-0021,Material NSE 1 EM,104,59,45,2024-09-13,O,61.77,6424.08
1660,0,SKU-0021,Material Isaac 1 EM,171,125,46,2022-05-03,O,106.62,18232.02
1661,0,SKU-0048,Material Isaac 7 EF,161,95,66,2022-03-20,O,79.15,12743.15
1661,1,SKU-0036,Material NSE 1 EM,25,5,20,2022-04-06,O,176.97,4424.25
1661,2,SKU-0040,Material SAE 2 EF,142,123,19,2022-03-31,O,251.9,35769.8
1661,3,SKU-0009,Material NSE 9 EF,262,115,147,2022-04-09,O,217.55,56998.1
1661,4,SKU-0034,Material COC 4 EF,80,64,16,2022-02-24,O,210.13,16810.4
1662,0,SKU-0010,Material SAE 3 EF,169,169,0,2024-03-17,C,30.66,5181.54
1663,0,SKU-0027,Material NSE 3 EM,15,0,15,2023-10-27,O,65.28,979.2
1664,0,SKU-0025,Material PGS 2 EM,33,11,22,2022-10-16,O,86.22,2845.26
1664,1,SKU-0022,Material Isaac 7 EF,10,7,3,2022-11-07,O,161.22,1612.2
1664,2,SKU-0008,Material PGS 9 EF,46,15,31,2022-10-03,O,202.15,9298.9
1664,3,SKU-0046,Material Isaac 7 EF,283,273,10,2022-11-10,O,165.68,46887.44
1664,4,SKU-0018,Material COC 3 EF,104,51,53,2022-11-04,O,162.24,16872.96
1665,0,SKU-0020,Material PGS 2 EF,126,67,59,2022-09-21,O,105.27,13264.02
1665,1,SKU-0020,Material NSE 3 EM,56,46,10,2022-10-21,O,288.29,16144.24
1666,0,SKU-0001,Material SAE 1 EM,244,174,70,2022-04-22,O,143.51,35016.44
1666,1,SKU-0024,Material COC 7 EF,141,79,62,2022-05-28,O,197.65,27868.65
1666,2,SKU-0058,Material NSE 4 EF,72,9,63,2022-05-30,O,206.19,14845.68
1667,0,SKU-0031,Material Isaac 5 EF,127,28,99,2025-02-13,O,125.56,15946.12
1668,0,SKU-0004,Material PGS 3 EF,63,50,13,2025-08-17,O,23.13,1457.19
1668,1,SKU-0023,Material Isaac 7 EF,231,97,134,2025-09-12,O,211.03,48747.93
1668,2,SKU-0019,Material Isaac 1 EF,159,14,145,2025-09-21,O,254.91,40530.69
1668,3,SKU-0023,Material Isaac 3 EM,182,182,0,2025-08-29,C,287.74,52368.68
1668,4,SKU-0009,Material NSE 5 EF,78,21,57,2025-09-10,O,238.8,18626.4
1669,0,SKU-0059,Material PGS 5 EF,284,38,246,2024-07-11,O,256.51,72848.84
1669,1,SKU-0051,Material COC 6 EF,253,69,184,2024-08-06,O,229.18,57982.54
1670,0,SKU-0049,Material COC 4 EF,174,141,33,2025-01-18,O,194.12,33776.88
1670,1,SKU-0051,Material NSE 3 EF,265,101,164,2025-01-09,O,91.58,24268.7
1670,2,SKU-0026,Material NSE 5 EF,116,11,105,2025-01-27,O,156.84,18193.44
1670,3,SKU-0057,Material NSE 2 EM,206,196,10,2025-01-17,O,141.07,29060.42
1670,4,SKU-0030,Material PGS 9 EF,79,23,56,2025-01-14,O,201.06,15883.74
1671,0,SKU-0023,Material Isaac 4 EF,251,120,131,2023-10-05,O,179.75,45117.25
1672,0,SKU-0042,Material PGS 3 EF,175,107,68,2022-12-29,O,138.5,24237.5
1673,0,SKU-0040,Material SAE 3 EM,121,104,17,2024-08-10,O,141.33,17100.93
1674,0,SKU-0051,Material PGS 3 EF,151,119,32,2024-10-07,O,286.16,43210.16
1674,1,SKU-0038,Material NSE 8 EF,169,124,45,2024-09-21,O,187.86,31748.34
1674,2,SKU-0055,Material COC 2 EM,170,159,11,2024-09-15,O,167.98,28556.6
1674,3,SKU-0014,Material NSE 1 EM,113,50,63,2024-10-15,O,268.73,30366.49
1674,4,SKU-0032,Material Isaac 6 EF,230,17,213,2024-09-16,O,283.7,65251.0
1675,0,SKU-0060,Material SAE 6 EF,244,211,33,2023-03-11,O,181.11,44190.84
1675,1,SKU-0003,Material NSE 8 EF,196,157,39,2023-04-01,O,41.99,8230.04
1675,2,SKU-0054,Material COC 7 EF,242,21,221,2023-04-08,O,98.82,23914.44
1675,3,SKU-0009,Material NSE 4 EF,139,83,56,2023-03-22,O,289.81,40283.59
1675,4,SKU-0032,Material COC 3 EM,99,59,40,2023-04-01,O,184.36,18251.64
1676,0,SKU-0018,Material SAE 2 EM,176,46,130,2022-03-15,O,162.83,28658.08
1677,0,SKU-0030,Material SAE 1 EM,76,11,65,2024-02-13,O,193.04,14671.04
1677,1,SKU-0011,Material PGS 3 EM,299,142,157,2024-02-10,O,199.94,59782.06
1678,0,SKU-0017,Material PGS 1 EF,61,0,61,2024-07-17,O,107.94,6584.34
1678,1,SKU-0032,Material COC 3 EM,38,26,12,2024-08-12,O,176.45,6705.1
1678,2,SKU-0009,Material Isaac 6 EF,12,12,0,2024-07-31,C,136.86,1642.32
1678,3,SKU-0004,Material NSE 8 EF,219,59,160,2024-07-20,O,259.99,56937.81
1678,4,SKU-0060,Material COC 3 EM,218,139,79,2024-07-05,O,144.12,31418.16
1679,0,SKU-0047,Material NSE 7 EF,291,210,81,2022-09-05,O,54.37,15821.67
1679,1,SKU-0020,Material Isaac 8 EF,289,88,201,2022-09-13,O,287.48,83081.72
1679,2,SKU-0034,Material Isaac 7 EF,262,129,133,2022-09-24,O,281.09,73645.58
1679,3,SKU-0054,Material NSE 2 EF,269,5,264,2022-09-07,O,80.46,21643.74
1679,4,SKU-0030,Material PGS 5 EF,79,62,17,2022-09-03,O,51.67,4081.93
1680,0,SKU-0044,Material NSE 8 EF,256,135,121,2022-07-16,O,153.89,39395.84
1680,1,SKU-0006,Material SAE 1 EF,91,59,32,2022-07-26,O,160.32,14589.12
1681,0,SKU-0047,Material NSE 2 EM,177,84,93,2022-12-26,O,22.25,3938.25
1681,1,SKU-0024,Material NSE 2 EM,199,109,90,2022-12-11,O,143.53,28562.47
1681,2,SKU-0045,Material SAE 1 EF,144,142,2,2022-12-21,O,114.75,16524.0
1681,3,SKU-0019,Material SAE 7 EF,257,110,147,2022-12-03,O,170.52,43823.64
1682,0,SKU-0034,Material Isaac 2 EM,271,120,151,2025-06-26,O,58.8,15934.8
1682,1,SKU-0060,Material NSE 2 EF,255,18,237,2025-07-22,O,72.3,18436.5
1682,2,SKU-0045,Material PGS 8 EF,299,109,190,2025-06-29,O,91.92,27484.08
1682,3,SKU-0016,Material COC 7 EF,193,161,32,2025-07-26,O,241.9,46686.7
1682,4,SKU-0055,Material SAE 6 EF,236,59,177,2025-07-09,O,163.95,38692.2
1683,0,SKU-0034,Material Isaac 4 EF,26,13,13,2025-06-09,O,197.4,5132.4
1683,1,SKU-0045,Material Isaac 3 EM,267,72,195,2025-06-26,O,85.06,22711.02
1683,2,SKU-0046,Material PGS 2 EM,60,51,9,2025-06-23,O,159.91,9594.6
1684,0,SKU-0016,Material COC 6 EF,241,133,108,2023-02-13,O,260.4,62756.4
1684,1,SKU-0057,Material COC 9 EF,203,132,71,2023-01-30,O,207.91,42205.73
1684,2,SKU-0057,Material NSE 8 EF,94,1,93,2023-01-22,O,280.99,26413.06
1685,0,SKU-0012,Material NSE 9 EF,243,8,235,2024-12-21,O,247.91,60242.13
1685,1,SKU-0009,Material COC 7 EF,170,115,55,2024-12-15,O,30.92,5256.4
1685,2,SKU-0056,Material PGS 4 EF,286,27,259,2025-01-02,O,205.96,58904.56
1685,3,SKU-0057,Material SAE 5 EF,208,36,172,2025-01-03,O,25.34,5270.72
1686,0,SKU-0055,Material Isaac 3 EM,46,16,30,2024-03-05,O,184.19,8472.74
1686,1,SKU-0044,Material PGS 4 EF,99,68,31,2024-02-29,O,197.82,19584.18
1686,2,SKU-0041,Material NSE 5 EF,63,33,30,2024-03-05,O,53.79,3388.77
1686,3,SKU-0008,Material NSE 6 EF,86,86,0,2024-02-08,C,210.19,18076.34
1687,0,SKU-0006,Material SAE 2 EM,38,0,38,2024-10-06,O,201.83,7669.54
1687,1,SKU-0001,Material NSE 7 EF,95,89,6,2024-11-11,O,200.38,19036.1
1687,2,SKU-0008,Material NSE 3 EM,45,39,6,2024-10-04,O,37.29,1678.05
1687,3,SKU-0031,Material COC 1 EF,162,83,79,2024-11-10,O,221.56,35892.72
1687,4,SKU-0057,Material COC 9 EF,276,163,113,2024-10-25,O,60.82,16786.32
1688,0,SKU-0024,Material PGS 4 EF,62,21,41,2023-11-03,O,105.87,6563.94
1689,0,SKU-0024,Material COC 7 EF,138,73,65,2022-12-01,O,21.93,3026.34
1689,1,SKU-0021,Material SAE 2 EM,10,6,4,2022-11-16,O,48.07,480.7
1690,0,SKU-0029,Material PGS 3 EF,276,186,90,2024-12-06,O,64.14,17702.64
1691,0,SKU-0047,Material SAE 3 EM,233,38,195,2022-11-30,O,72.02,16780.66
1691,1,SKU-0005,Material PGS 4 EF,221,138,83,2022-11-12,O,96.21,21262.41
1691,2,SKU-0026,Material PGS 8 EF,81,31,50,2022-10-25,O,204.52,16566.12
1691,3,SKU-0047,Material SAE 8 EF,139,3,136,2022-10-30,O,197.72,27483.08
1691,4,SKU-0024,Material COC 6 EF,228,149,79,2022-12-01,O,250.28,57063.84
1692,0,SKU-0060,Material Isaac 9 EF,202,208,0,2024-01-15,C,96.63,19519.26
1692,1,SKU-0057,Material Isaac 2 EM,138,97,41,2024-01-28,O,216.18,29832.84
1692,2,SKU-0030,Material Isaac 9 EF,187,47,140,2024-02-18,O,103.4,19335.8
1692,3,SKU-0053,Material Isaac 2 EM,40,40,0,2024-02-25,C,164.41,6576.4
1692,4,SKU-0058,Material SAE 3 EM,158,61,97,2024-02-04,O,48.91,7727.78
1693,0,SKU-0003,Material Isaac 3 EM,277,30,247,2023-05-18,O,132.59,36727.43
1693,1,SKU-0030,Material SAE 3 EF,242,117,125,2023-05-25,O,236.92,57334.64
1693,2,SKU-0027,Material PGS 8 EF,92,58,34,2023-05-13,O,22.5,2070.0
1694,0,SKU-0005,Material PGS 4 EF,266,102,164,2022-08-12,O,217.94,57972.04
1694,1,SKU-0059,Material PGS 4 EF,230,69,161,2022-08-20,O,263.62,60632.6
1694,2,SKU-0016,Material SAE 6 EF,118,70,48,2022-09-18,O,46.5,5487.0
1695,0,SKU-0032,Material NSE 2 EF,232,41,191,2025-12-03,O,60.52,14040.64
1695,1,SKU-0020,Material PGS 7 EF,268,130,138,2025-12-17,O,52.04,13946.72
1695,2,SKU-0011,Material PGS 8 EF,104,86,18,2025-11-19,O,162.61,16911.44
1695,3,SKU-0036,Material PGS 8 EF,39,38,1,2025-11-22,O,134.01,5226.39
1695,4,SKU-0034,Material Isaac 5 EF,257,208,49,2025-12-22,O,97.97,25178.29
1696,0,SKU-0038,Material COC 7 EF,36,36,0,2023-07-31,C,44.37,1597.32
1696,1,SKU-0048,Material COC 1 EM,112,18,94,2023-07-27,O,28.27,3166.24
1696,2,SKU-0054,Material Isaac 4 EF,239,130,109,2023-06-24,O,239.71,57290.69
1696,3,SKU-0059,Material COC 9 EF,162,10,152,2023-07-30,O,141.52,22926.24
1697,0,SKU-0014,Material PGS 7 EF,208,17,191,2024-12-07,O,140.71,29267.68
1697,1,SKU-0059,Material COC 8 EF,244,62,182,2024-12-07,O,262.82,64128.08
1697,2,SKU-0035,Material COC 1 EM,164,152,12,2024-11-03,O,103.14,16914.96
1697,3,SKU-0015,Material Isaac 9 EF,236,209,27,2024-10-29,O,115.98,27371.28
1698,0,SKU-0019,Material PGS 8 EF,118,97,21,2023-10-02,O,273.38,32258.84
1698,1,SKU-0036,Material NSE 9 EF,67,10,57,2023-11-09,O,171.16,11467.72
1699,0,SKU-0019,Material NSE 1 EM,259,81,178,2023-02-16,O,253.18,65573.62
1699,1,SKU-0029,Material SAE 6 EF,42,2,40,2023-01-19,O,268.54,11278.68
1700,0,SKU-0047,Material COC 1 EM,239,111,128,2024-08-16,O,299.57,71597.23
1700,1,SKU-0032,Material SAE 9 EF,165,171,0,2024-08-03,C,290.03,47854.95
1700,2,SKU-0038,Material SAE 8 EF,150,40,110,2024-07-29,O,143.4,21510.0
1701,0,SKU-0004,Material Isaac 1 EM,105,59,46,2023-01-18,O,267.56,28093.8
1701,1,SKU-0021,Material PGS 1 EM,87,48,39,2023-01-05,O,119.4,10387.8
1701,2,SKU-0045,Material Isaac 1 EM,206,121,85,2022-12-14,O,293.92,60547.52
1701,3,SKU-0036,Material PGS 2 EF,112,111,1,2023-01-05,O,28.6,3203.2
1701,4,SKU-0014,Material PGS 7 EF,223,135,88,2022-12-14,O,150.97,33666.31
1702,0,SKU-0007,Material PGS 1 EM,121,36,85,2023-07-28,O,174.3,21090.3
1703,0,SKU-0020,Material COC 2 EM,178,139,39,2025-03-03,O,108.1,19241.8
1703,1,SKU-0023,Material COC 1 EM,247,69,178,2025-03-27,O,262.42,64817.74
1703,2,SKU-0019,Material NSE 3 EF,293,68,225,2025-03-29,O,29.44,8625.92
1704,0,SKU-0051,Material COC 6 EF,95,61,34,2022-11-14,O,297.6,28272.0
1704,1,SKU-0027,Material Isaac 2 EF,205,170,35,2022-10-26,O,22.33,4577.65
1704,2,SKU-0026,Material SAE 2 EF,53,21,32,2022-11-08,O,281.72,14931.16
1704,3,SKU-0024,Material NSE 2 EF,51,1,50,2022-10-21,O,110.71,5646.21
1704,4,SKU-0002,Material SAE 7 EF,288,26,262,2022-11-01,O,131.97,38007.36
1705,0,SKU-0028,Material Isaac 1 EF,255,95,160,2023-02-02,O,49.39,12594.45
1705,1,SKU-0002,Material PGS 4 EF,285,109,176,2023-01-27,O,29.63,8444.55
1705,2,SKU-0016,Material PGS 1 EM,129,35,94,2023-02-11,O,284.99,36763.71
1705,3,SKU-0032,Material NSE 8 EF,68,112,0,2023-02-01,C,223.1,15170.8
1706,0,SKU-0045,Material NSE 2 EF,43,24,19,2023-01-31,O,207.55,8924.65
1706,1,SKU-0018,Material PGS 3 EF,231,107,124,2023-02-22,O,31.76,7336.56
1707,0,SKU-0040,Material COC 6 EF,177,120,57,2023-06-06,O,28.93,5120.61
1708,0,SKU-0001,Material Isaac 2 EM,240,124,116,2025-04-12,O,271.93,65263.2
1708,1,SKU-0057,Material Isaac 3 EM,189,169,20,2025-05-02,O,23.98,4532.22
1708,2,SKU-0004,Material SAE 3 EF,288,270,18,2025-05-16,O,23.31,6713.28
1708,3,SKU-0017,Material COC 2 EM,144,33,111,2025-05-01,O,116.93,16837.92
1708,4,SKU-0012,Material Isaac 3 EF,110,21,89,2025-05-22,O,236.68,26034.8
1709,0,SKU-0041,Material COC 4 EF,111,18,93,2023-01-05,O,164.3,18237.3
1709,1,SKU-0032,Material PGS 3 EM,18,2,16,2022-12-30,O,57.82,1040.76
1709,2,SKU-0032,Material COC 1 EF,17,15,2,2023-01-25,O,93.82,1594.94
1710,0,SKU-0041,Material NSE 1 EF,272,15,257,2026-01-24,O,144.57,39323.04
1710,1,SKU-0022,Material COC 4 EF,295,194,101,2026-01-07,O,167.74,49483.3
1710,2,SKU-0044,Material PGS 9 EF,158,48,110,2026-01-23,O,87.87,13883.46
1710,3,SKU-0005,Material NSE 2 EM,162,10,152,2026-01-26,O,39.54,6405.48
1710,4,SKU-0014,Material PGS 3 EM,33,25,8,2025-12-13,O,77.29,2550.57
1711,0,SKU-0047,Material SAE 2 EF,22,10,12,2023-12-18,O,81.79,1799.38
1711,1,SKU-0054,Material SAE 6 EF,67,61,6,2024-01-19,O,231.3,15497.1
1711,2,SKU-0011,Material SAE 4 EF,240,60,180,2024-01-10,O,247.46,59390.4
1712,0,SKU-0001,Material COC 8 EF,135,32,103,2022-02-15,O,239.63,32350.05
1713,0,SKU-0057,Material PGS 3 EF,105,51,54,2024-02-29,O,190.48,20000.4
1713,1,SKU-0048,Material Isaac 1 EF,274,66,208,2024-02-01,O,189.19,51838.06
1714,0,SKU-0037,Material COC 1 EM,260,35,225,2023-04-22,O,238.1,61906.0
1714,1,SKU-0055,Material NSE 1 EM,145,105,40,2023-05-14,O,137.04,19870.8
1714,2,SKU-0044,Material NSE 2 EM,193,70,123,2023-06-08,O,119.39,23042.27
1714,3,SKU-0057,Material Isaac 4 EF,56,28,28,2023-04-26,O,79.05,4426.8
1714,4,SKU-0020,Material COC 3 EM,92,18,74,2023-06-11,O,177.03,16286.76
1715,0,SKU-0009,Material Isaac 4 EF,64,37,27,2023-11-26,O,77.09,4933.76
1715,1,SKU-0047,Material COC 1 EM,127,15,112,2023-11-20,O,34.09,4329.43
1716,0,SKU-0013,Material Isaac 1 EM,202,204,0,2026-01-24,C,56.13,11338.26
1716,1,SKU-0011,Material Isaac 8 EF,183,125,58,2026-01-17,O,71.13,13016.79
1716,2,SKU-0023,Material PGS 1 EM,192,5,187,2026-01-20,O,68.22,13098.24
1717,0,SKU-0011,Material COC 2 EM,52,27,25,2022-12-30,O,141.84,7375.68
1717,1,SKU-0015,Material PGS 4 EF,69,67,2,2023-01-29,O,98.82,6818.58
1718,0,SKU-0032,Material PGS 4 EF,189,90,99,2022-10-25,O,137.53,25993.17
1719,0,SKU-0060,Material COC 6 EF,27,15,12,2025-04-16,O,234.04,6319.08
1720,0,SKU-0032,Material SAE 9 EF,244,155,89,2025-08-08,O,273.11,66638.84
1720,1,SKU-0001,Material COC 8 EF,290,48,242,2025-07-28,O,60.96,17678.4
1721,0,SKU-0016,Material Isaac 5 EF,211,79,132,2023-02-21,O,242.66,51201.26
1721,1,SKU-0045,Material NSE 5 EF,24,18,6,2023-03-22,O,177.06,4249.44
1721,2,SKU-0013,Material PGS 2 EF,92,47,45,2023-03-04,O,218.89,20137.88
1722,0,SKU-0001,Material NSE 3 EM,140,47,93,2025-07-07,O,268.14,37539.6
1722,1,SKU-0015,Material NSE 1 EF,282,259,23,2025-06-26,O,135.25,38140.5
1722,2,SKU-0010,Material Isaac 1 EF,103,99,4,2025-06-24,O,61.6,6344.8
1722,3,SKU-0057,Material SAE 3 EM,156,103,53,2025-06-20,O,281.33,43887.48
1722,4,SKU-0026,Material SAE 9 EF,57,23,34,2025-06-25,O,178.88,10196.16
1723,0,SKU-0034,Material PGS 1 EF,26,26,0,2022-04-25,C,280.77,7300.02
1723,1,SKU-0051,Material NSE 9 EF,132,10,122,2022-06-02,O,206.7,27284.4
1723,2,SKU-0040,Material SAE 1 EF,274,118,156,2022-05-29,O,258.47,70820.78
1723,3,SKU-0045,Material Isaac 7 EF,79,8,71,2022-05-13,O,181.07,14304.53
1724,0,SKU-0046,Material PGS 3 EF,45,40,5,2025-12-03,O,77.13,3470.85
1724,1,SKU-0028,Material SAE 6 EF,83,36,47,2025-12-06,O,235.77,19568.91
1724,2,SKU-0009,Material COC 6 EF,220,170,50,2025-12-10,O,203.9,44858.0
1724,3,SKU-0045,Material NSE 5 EF,186,122,64,2025-11-17,O,149.19,27749.34
1724,4,SKU-0057,Material SAE 1 EM,243,174,69,2025-11-20,O,150.81,36646.83
1725,0,SKU-0015,Material SAE 4 EF,145,71,74,2022-05-03,O,47.62,6904.9
1725,1,SKU-0019,Material PGS 3 EM,215,180,35,2022-05-11,O,100.35,21575.25
1725,2,SKU-0039,Material Isaac 2 EM,11,11,0,2022-05-10,C,106.05,1166.55
1725,3,SKU-0059,Material Isaac 1 EF,90,19,71,2022-05-19,O,162.03,14582.7
1725,4,SKU-0019,Material NSE 1 EF,239,27,212,2022-04-10,O,140.11,33486.29
1726,0,SKU-0026,Material NSE 1 EM,109,45,64,2024-05-08,O,231.17,25197.53
1726,1,SKU-0060,Material Isaac 5 EF,271,31,240,2024-05-14,O,171.87,46576.77
1727,0,SKU-0054,Material SAE 5 EF,163,154,9,2025-12-12,O,128.47,20940.61
1727,1,SKU-0012,Material COC 1 EM,47,11,36,2025-12-10,O,298.68,14037.96
1727,2,SKU-0006,Material COC 9 EF,220,15,205,2025-12-20,O,234.46,51581.2
1727,3,SKU-0048,Material NSE 6 EF,102,15,87,2025-12-23,O,219.33,22371.66
1727,4,SKU-0034,Material COC 4 EF,83,71,12,2025-12-19,O,140.56,11666.48
1728,0,SKU-0046,Material SAE 1 EM,218,110,108,2023-12-21,O,147.15,32078.7
1728,1,SKU-0036,Material PGS 2 EM,158,142,16,2023-11-30,O,82.76,13076.08
1728,2,SKU-0059,Material Isaac 9 EF,281,227,54,2023-11-12,O,269.87,75833.47
1728,3,SKU-0008,Material NSE 3 EM,256,144,112,2023-12-20,O,165.24,42301.44
1728,4,SKU-0041,Material NSE 8 EF,237,265,0,2023-11-17,C,80.94,19182.78
1729,0,SKU-0047,Material COC 3 EF,237,105,132,2023-08-17,O,236.95,56157.15
1729,1,SKU-0022,Material NSE 4 EF,207,28,179,2023-07-13,O,136.74,28305.18
1729,2,SKU-0003,Material COC 2 EM,214,123,91,2023-08-12,O,129.71,27757.94
1730,0,SKU-0038,Material SAE 3 EM,89,3,86,2024-03-24,O,106.09,9442.01
1730,1,SKU-0016,Material COC 5 EF,219,216,3,2024-03-11,O,44.95,9844.05
1730,2,SKU-0044,Material Isaac 5 EF,185,27,158,2024-04-09,O,56.12,10382.2
1730,3,SKU-0022,Material SAE 6 EF,52,5,47,2024-03-16,O,165.77,8620.04
1730,4,SKU-0010,Material SAE 1 EF,70,39,31,2024-03-07,O,171.72,12020.4
1731,0,SKU-0050,Material NSE 3 EF,279,195,84,2026-01-19,O,189.16,52775.64
1732,0,SKU-0005,Material SAE 1 EM,188,49,139,2022-07-22,O,214.1,40250.8
1733,0,SKU-0019,Material COC 9 EF,80,69,11,2023-09-08,O,99.15,7932.0
1733,1,SKU-0001,Material PGS 8 EF,136,34,102,2023-09-24,O,37.0,5032.0
1733,2,SKU-0015,Material PGS 1 EM,48,30,18,2023-09-21,O,101.61,4877.28
1734,0,SKU-0009,Material SAE 3 EF,262,23,239,2024-09-20,O,238.63,62521.06
1735,0,SKU-0030,Material NSE 3 EM,126,126,0,2022-09-21,C,286.47,36095.22
1735,1,SKU-0004,Material Isaac 6 EF,87,10,77,2022-10-05,O,49.47,4303.89
1736,0,SKU-0007,Material COC 8 EF,157,100,57,2023-06-24,O,193.95,30450.15
1736,1,SKU-0019,Material Isaac 3 EF,71,4,67,2023-07-30,O,208.22,14783.62
1737,0,SKU-0006,Material SAE 3 EF,27,18,9,2023-03-15,O,74.96,2023.92
1737,1,SKU-0034,Material PGS 3 EM,69,62,7,2023-03-05,O,152.22,10503.18
1737,2,SKU-0006,Material SAE 7 EF,103,83,20,2023-03-23,O,214.63,22106.89
1737,3,SKU-0025,Material SAE 2 EM,133,102,31,2023-03-15,O,296.56,39442.48
1738,0,SKU-0050,Material PGS 3 EF,155,96,59,2024-07-19,O,128.4,19902.0
1739,0,SKU-0053,Material SAE 1 EM,189,161,28,2024-12-04,O,222.09,41975.01
1739,1,SKU-0031,Material Isaac 2 EF,97,8,89,2024-11-25,O,299.49,29050.53
1739,2,SKU-0019,Material COC 2 EF,113,52,61,2024-11-06,O,118.21,13357.73
1739,3,SKU-0044,Material PGS 3 EM,129,30,99,2024-10-28,O,214.53,27674.37
1739,4,SKU-0057,Material NSE 4 EF,36,18,18,2024-11-12,O,106.68,3840.48
1740,0,SKU-0046,Material Isaac 1 EF,300,142,158,2024-01-17,O,152.69,45807.0
1740,1,SKU-0038,Material NSE 2 EF,132,53,79,2023-12-25,O,252.05,33270.6
1740,2,SKU-0011,Material NSE 8 EF,217,131,86,2024-01-01,O,220.5,47848.5
1740,3,SKU-0055,Material Isaac 1 EM,214,199,15,2024-01-07,O,92.07,19702.98
1740,4,SKU-0029,Material PGS 3 EM,117,89,28,2024-01-28,O,109.68,12832.56
1741,0,SKU-0026,Material Isaac 1 EF,158,98,60,2023-02-23,O,227.46,35938.68
1742,0,SKU-0032,Material SAE 1 EF,155,106,49,2023-12-08,O,117.34,18187.7
1742,1,SKU-0017,Material SAE 5 EF,295,172,123,2023-12-01,O,144.1,42509.5
1742,2,SKU-0054,Material COC 6 EF,48,48,0,2023-12-28,C,280.57,13467.36
1743,0,SKU-0010,Material PGS 4 EF,102,99,3,2022-07-21,O,118.39,12075.78
1743,1,SKU-0055,Material PGS 2 EF,245,137,108,2022-07-28,O,36.54,8952.3
1743,2,SKU-0055,Material COC 9 EF,263,262,1,2022-07-15,O,32.55,8560.65
1743,3,SKU-0001,Material SAE 1 EM,54,0,54,2022-07-04,O,80.4,4341.6
1743,4,SKU-0043,Material SAE 9 EF,190,216,0,2022-06-16,C,91.47,17379.3
1744,0,SKU-0051,Material COC 4 EF,269,222,47,2023-08-18,O,36.63,9853.47
1744,1,SKU-0004,Material Isaac 1 EM,294,54,240,2023-07-14,O,188.05,55286.7
1744,2,SKU-0036,Material SAE 1 EF,65,17,48,2023-07-18,O,212.15,13789.75
1744,3,SKU-0040,Material NSE 2 EM,271,143,128,2023-08-09,O,194.18,52622.78
1745,0,SKU-0041,Material PGS 2 EM,207,65,142,2024-06-26,O,188.55,39029.85
1745,1,SKU-0015,Material NSE 3 EM,67,95,0,2024-06-03,C,81.86,5484.62
1746,0,SKU-0011,Material COC 4 EF,85,26,59,2023-07-06,O,196.66,16716.1
1746,1,SKU-0009,Material PGS 3 EM,201,81,120,2023-06-21,O,210.16,42242.16
1747,0,SKU-0005,Material NSE 2 EM,180,163,17,2023-10-25,O,27.88,5018.4
1748,0,SKU-0056,Material PGS 8 EF,237,104,133,2023-03-07,O,132.4,31378.8
1748,1,SKU-0035,Material NSE 8 EF,217,186,31,2023-03-17,O,268.62,58290.54
1748,2,SKU-0053,Material NSE 4 EF,72,1,71,2023-02-28,O,195.41,14069.52
1748,3,SKU-0014,Material COC 1 EM,264,20,244,2023-02-21,O,216.9,57261.6
1748,4,SKU-0023,Material PGS 5 EF,181,144,37,2023-03-02,O,298.78,54079.18
1749,0,SKU-0037,Material PGS 6 EF,134,4,130,2023-12-04,O,229.8,30793.2
1749,1,SKU-0057,Material SAE 2 EM,14,48,0,2023-11-11,C,247.31,3462.34
1749,2,SKU-0023,Material COC 2 EF,38,35,3,2023-12-11,O,20.68,785.84
1749,3,SKU-0045,Material NSE 4 EF,190,1,189,2023-11-07,O,230.59,43812.1
1749,4,SKU-0042,Material NSE 5 EF,199,77,122,2023-12-21,O,171.71,34170.29
1750,0,SKU-0059,Material Isaac 3 EM,179,17,162,2024-11-15,O,276.34,49464.86
1750,1,SKU-0056,Material PGS 7 EF,236,77,159,2024-11-11,O,267.31,63085.16
1751,0,SKU-0023,Material PGS 2 EM,60,47,13,2025-07-31,O,72.34,4340.4
1752,0,SKU-0043,Material COC 2 EM,271,196,75,2026-02-08,O,119.43,32365.53
1752,1,SKU-0053,Material NSE 4 EF,197,172,25,2026-02-16,O,133.97,26392.09
1752,2,SKU-0037,Material NSE 1 EF,228,194,34,2026-02-15,O,71.45,16290.6
1752,3,SKU-0016,Material NSE 6 EF,142,1,141,2026-01-05,O,192.03,27268.26
1752,4,SKU-0047,Material SAE 4 EF,296,40,256,2026-02-15,O,228.87,67745.52
1753,0,SKU-0046,Material SAE 4 EF,153,78,75,2025-06-12,O,121.38,18571.14
1753,1,SKU-0005,Material COC 3 EF,169,80,89,2025-05-30,O,119.38,20175.22
1754,0,SKU-0046,Material COC 3 EM,216,85,131,2023-03-29,O,183.6,39657.6
1754,1,SKU-0025,Material NSE 6 EF,266,25,241,2023-04-16,O,63.17,16803.22
1754,2,SKU-0015,Material SAE 1 EM,79,5,74,2023-03-22,O,216.97,17140.63
1754,3,SKU-0023,Material PGS 1 EF,26,5,21,2023-05-05,O,248.99,6473.74
1754,4,SKU-0010,Material COC 5 EF,165,21,144,2023-05-09,O,92.67,15290.55
1755,0,SKU-0034,Material NSE 6 EF,19,10,9,2024-11-04,O,110.79,2105.01
1755,1,SKU-0039,Material PGS 5 EF,176,53,123,2024-11-03,O,256.98,45228.48
1756,0,SKU-0043,Material PGS 3 EF,214,237,0,2024-03-20,C,32.44,6942.16
1756,1,SKU-0049,Material COC 6 EF,201,150,51,2024-04-06,O,50.65,10180.65
1757,0,SKU-0008,Material PGS 3 EF,194,81,113,2023-11-03,O,188.58,36584.52
1757,1,SKU-0040,Material NSE 9 EF,17,7,10,2023-11-04,O,216.64,3682.88
1758,0,SKU-0004,Material Isaac 6 EF,114,49,65,2024-04-22,O,271.59,30961.26
1758,1,SKU-0046,Material NSE 2 EF,103,61,42,2024-04-20,O,151.08,15561.24
1758,2,SKU-0038,Material Isaac 6 EF,72,35,37,2024-05-12,O,158.46,11409.12
1758,3,SKU-0037,Material Isaac 1 EF,86,69,17,2024-04-26,O,101.04,8689.44
1758,4,SKU-0010,Material SAE 8 EF,95,41,54,2024-05-11,O,147.94,14054.3
1759,0,SKU-0052,Material Isaac 4 EF,66,2,64,2022-10-06,O,63.83,4212.78
1759,1,SKU-0003,Material SAE 2 EM,241,62,179,2022-11-04,O,116.93,28180.13
1760,0,SKU-0052,Material Isaac 7 EF,112,32,80,2023-12-17,O,242.08,27112.96
1760,1,SKU-0043,Material Isaac 3 EM,152,117,35,2023-12-02,O,225.6,34291.2
1761,0,SKU-0005,Material NSE 9 EF,26,23,3,2024-10-19,O,75.44,1961.44
1761,1,SKU-0046,Material Isaac 3 EM,204,81,123,2024-10-09,O,25.92,5287.68
1761,2,SKU-0037,Material COC 3 EF,157,66,91,2024-11-08,O,270.1,42405.7
1761,3,SKU-0060,Material Isaac 6 EF,95,2,93,2024-11-24,O,244.55,23232.25
1762,0,SKU-0029,Material PGS 1 EM,172,20,152,2024-02-28,O,246.99,42482.28
1762,1,SKU-0020,Material PGS 2 EM,271,160,111,2024-01-22,O,257.12,69679.52
1763,0,SKU-0053,Material Isaac 2 EF,15,12,3,2023-05-12,O,59.32,889.8
1764,0,SKU-0052,Material NSE 2 EM,262,39,223,2024-07-12,O,211.99,55541.38
1764,1,SKU-0037,Material COC 7 EF,29,29,0,2024-06-24,C,75.78,2197.62
1764,2,SKU-0047,Material Isaac 7 EF,18,8,10,2024-07-14,O,25.02,450.36
1764,3,SKU-0058,Material SAE 3 EF,231,91,140,2024-07-14,O,192.68,44509.08
1765,0,SKU-0036,Material COC 2 EF,115,100,15,2025-03-20,O,260.69,29979.35
1765,1,SKU-0056,Material COC 3 EF,58,54,4,2025-02-18,O,185.93,10783.94
1765,2,SKU-0001,Material Isaac 7 EF,53,38,15,2025-03-04,O,145.7,7722.1
1765,3,SKU-0005,Material PGS 1 EM,89,87,2,2025-02-14,O,95.21,8473.69
1766,0,SKU-0053,Material NSE 2 EM,52,0,52,2022-09-05,O,93.25,4849.0
1766,1,SKU-0021,Material Isaac 3 EF,154,133,21,2022-09-10,O,82.93,12771.22
1766,2,SKU-0039,Material Isaac 1 EM,243,61,182,2022-09-26,O,88.27,21449.61
1766,3,SKU-0038,Material SAE 9 EF,61,24,37,2022-09-12,O,97.67,5957.87
1767,0,SKU-0009,Material PGS 1 EM,220,147,73,2025-01-28,O,108.54,23878.8
1768,0,SKU-0023,Material Isaac 1 EM,266,202,64,2023-08-03,O,145.78,38777.48
1768,1,SKU-0002,Material COC 1 EF,107,85,22,2023-09-14,O,81.48,8718.36
1768,2,SKU-0014,Material NSE 5 EF,223,47,176,2023-08-09,O,23.74,5294.02
1769,0,SKU-0033,Material SAE 8 EF,92,26,66,2022-06-25,O,180.42,16598.64
1769,1,SKU-0006,Material Isaac 4 EF,173,57,116,2022-06-18,O,125.62,21732.26
1769,2,SKU-0001,Material SAE 1 EF,291,60,231,2022-07-12,O,135.6,39459.6
1770,0,SKU-0057,Material NSE 2 EM,200,81,119,2023-11-18,O,87.83,17566.0
1770,1,SKU-0051,Material PGS 5 EF,210,155,55,2023-12-03,O,70.42,14788.2
1771,0,SKU-0019,Material SAE 7 EF,265,8,257,2025-02-25,O,25.72,6815.8
1771,1,SKU-0058,Material SAE 3 EF,99,45,54,2025-02-16,O,58.27,5768.73
1771,2,SKU-0049,Material PGS 6 EF,66,13,53,2025-03-04,O,266.79,17608.14
1771,3,SKU-0047,Material Isaac 5 EF,300,155,145,2025-02-02,O,205.61,61683.0
1771,4,SKU-0020,Material PGS 9 EF,175,147,28,2025-01-29,O,141.74,24804.5
1772,0,SKU-0025,Material PGS 7 EF,85,83,2,2025-02-16,O,160.5,13642.5
1772,1,SKU-0056,Material PGS 1 EF,47,42,5,2025-01-14,O,262.55,12339.85
1773,0,SKU-0052,Material Isaac 1 EF,234,197,37,2025-06-06,O,175.21,40999.14
1774,0,SKU-0008,Material SAE 6 EF,56,9,47,2022-12-23,O,275.78,15443.68
1774,1,SKU-0057,Material PGS 4 EF,231,118,113,2023-01-10,O,71.97,16625.07
1774,2,SKU-0018,Material SAE 6 EF,198,40,158,2023-01-30,O,91.85,18186.3
1774,3,SKU-0058,Material NSE 1 EM,24,10,14,2023-01-09,O,147.82,3547.68
1775,0,SKU-0038,Material PGS 8 EF,172,159,13,2022-09-22,O,194.37,33431.64
1776,0,SKU-0033,Material Isaac 8 EF,70,17,53,2022-07-07,O,279.77,19583.9
1776,1,SKU-0013,Material PGS 3 EM,161,29,132,2022-06-27,O,20.35,3276.35
1776,2,SKU-0021,Material COC 4 EF,119,1,118,2022-06-17,O,49.73,5917.87
1777,0,SKU-0041,Material Isaac 5 EF,135,27,108,2023-03-19,O,100.68,13591.8
1777,1,SKU-0015,Material NSE 5 EF,61,13,48,2023-03-16,O,180.35,11001.35
1778,0,SKU-0027,Material PGS 1 EF,17,2,15,2024-02-14,O,162.97,2770.49
1778,1,SKU-0039,Material Isaac 2 EM,23,10,13,2024-01-08,O,201.76,4640.48
1779,0,SKU-0057,Material PGS 3 EM,121,12,109,2023-12-16,O,179.37,21703.77
1779,1,SKU-0047,Material Isaac 2 EM,28,11,17,2024-01-14,O,152.51,4270.28
1780,0,SKU-0027,Material PGS 7 EF,113,46,67,2024-02-15,O,233.35,26368.55
1780,1,SKU-0009,Material PGS 4 EF,99,64,35,2024-01-30,O,120.49,11928.51
1780,2,SKU-0033,Material Isaac 4 EF,23,22,1,2024-01-27,O,261.52,6014.96
1780,3,SKU-0052,Material NSE 5 EF,27,21,6,2024-01-16,O,166.64,4499.28
1781,0,SKU-0019,Material PGS 6 EF,213,72,141,2025-01-17,O,224.97,47918.61
1781,1,SKU-0034,Material COC 3 EF,200,193,7,2025-02-28,O,132.57,26514.0
1782,0,SKU-0057,Material Isaac 1 EM,46,35,11,2023-08-19,O,65.62,3018.52
1782,1,SKU-0045,Material Isaac 2 EF,44,36,8,2023-08-20,O,151.14,6650.16
1783,0,SKU-0051,Material Isaac 8 EF,279,249,30,2024-01-19,O,200.98,56073.42
1783,1,SKU-0036,Material PGS 7 EF,182,132,50,2024-01-11,O,287.28,52284.96
1783,2,SKU-0046,Material SAE 3 EM,233,20,213,2024-02-04,O,146.13,34048.29
1783,3,SKU-0019,Material COC 8 EF,142,88,54,2024-01-14,O,120.79,17152.18
1783,4,SKU-0035,Material Isaac 4 EF,181,153,28,2024-01-23,O,71.43,12928.83
1784,0,SKU-0051,Material Isaac 3 EF,285,59,226,2025-01-02,O,289.76,82581.6
1784,1,SKU-0029,Material COC 6 EF,197,69,128,2025-01-12,O,96.91,19091.27
1785,0,SKU-0047,Material SAE 2 EM,209,205,4,2023-10-20,O,50.27,10506.43
1785,1,SKU-0047,Material SAE 3 EF,52,2,50,2023-10-08,O,140.79,7321.08
1786,0,SKU-0021,Material SAE 4 EF,169,67,102,2023-05-30,O,140.9,23812.1
1786,1,SKU-0053,Material COC 7 EF,44,36,8,2023-05-11,O,86.59,3809.96
1786,2,SKU-0037,Material NSE 3 EF,173,150,23,2023-05-24,O,146.25,25301.25
1786,3,SKU-0042,Material Isaac 1 EM,217,49,168,2023-06-05,O,29.11,6316.87
1787,0,SKU-0054,Material COC 3 EF,72,10,62,2024-08-04,O,246.18,17724.96
1787,1,SKU-0017,Material COC 6 EF,235,110,125,2024-06-28,O,118.31,27802.85
1787,2,SKU-0045,Material SAE 3 EF,53,34,19,2024-08-09,O,263.65,13973.45
1788,0,SKU-0006,Material COC 3 EF,132,84,48,2023-05-19,O,80.44,10618.08
1788,1,SKU-0057,Material Isaac 1 EM,257,13,244,2023-04-29,O,101.58,26106.06
1789,0,SKU-0035,Material SAE 5 EF,70,68,2,2023-01-19,O,94.96,6647.2
1789,1,SKU-0042,Material SAE 9 EF,127,37,90,2023-02-23,O,236.88,30083.76
1789,2,SKU-0036,Material SAE 3 EF,64,24,40,2023-01-21,O,154.07,9860.48
1789,3,SKU-0056,Material PGS 9 EF,255,83,172,2023-02-15,O,90.88,23174.4
1790,0,SKU-0060,Material SAE 2 EM,73,51,22,2022-10-03,O,156.49,11423.77
1790,1,SKU-0045,Material SAE 3 EF,286,204,82,2022-11-06,O,61.62,17623.32
1790,2,SKU-0008,Material PGS 2 EF,35,3,32,2022-10-13,O,193.59,6775.65
1791,0,SKU-0032,Material Isaac 5 EF,80,13,67,2023-12-26,O,284.77,22781.6
1792,0,SKU-0052,Material PGS 4 EF,158,127,31,2024-10-08,O,203.64,32175.12
1793,0,SKU-0044,Material PGS 3 EM,163,95,68,2024-07-21,O,53.05,8647.15
1793,1,SKU-0031,Material Isaac 2 EM,11,7,4,2024-07-28,O,178.23,1960.53
1793,2,SKU-0038,Material SAE 9 EF,50,14,36,2024-07-20,O,138.42,6921.0
1793,3,SKU-0026,Material PGS 7 EF,43,28,15,2024-08-12,O,51.32,2206.76
1794,0,SKU-0004,Material PGS 5 EF,141,103,38,2023-05-02,O,297.51,41948.91
1794,1,SKU-0049,Material NSE 9 EF,290,281,9,2023-05-21,O,249.48,72349.2
1794,2,SKU-0019,Material SAE 1 EF,156,79,77,2023-04-25,O,206.41,32199.96
1794,3,SKU-0055,Material SAE 4 EF,149,129,20,2023-05-10,O,133.13,19836.37
1795,0,SKU-0012,Material PGS 6 EF,226,191,35,2024-02-10,O,108.53,24527.78
1795,1,SKU-0029,Material COC 2 EF,100,53,47,2024-02-18,O,285.42,28542.0
1795,2,SKU-0030,Material NSE 4 EF,185,80,105,2024-02-09,O,45.71,8456.35
