id_pedido,id_escola,num_contrato,dt_pedido,dt_entrega_prevista,status,id_vendedor,dt_criacao,dt_atualizacao
1,218,ARCO-2024-00344,2022-05-09,2022-07-16,C,3,2022-05-09 00:00:00,2022-06-05 00:00:00
2,238,,2025-09-17,2025-10-27,E,5,2025-09-18 00:00:00,2025-10-02 00:00:00
3,239,,2022-04-09,2022-06-27,IN_PROGRESS,18,2022-04-09 00:00:00,2022-05-18 00:00:00
4,124,Arco-2023-00355,2023-12-18,2024-01-17,cancelado,17,2023-12-18 00:00:00,2024-01-02 00:00:00
5,7,ARCO-2025-00311,2024-05-12,2024-07-03,cancelled,3,2024-05-13 00:00:00,2024-07-03 00:00:00
6,165,,2023-10-02,2023-11-27,pending,20,2023-10-02 00:00:00,2023-10-27 00:00:00
7,94,ARCO-2022-00192,2024-11-16,2025-01-14,cancelado,19,2024-11-17 00:00:00,2024-12-07 00:00:00
8,150,ARCO-2025-00079,2022-08-06,2022-09-21,cancelado,9,2022-08-06 00:00:00,2022-08-17 00:00:00
9,72,ARCO-2023-00102,2023-05-03,2023-06-10,pendente,19,2023-05-04 00:00:00,2023-06-15 00:00:00
10,55,ARCO-2022-00336,2022-09-09,2022-10-07,A,15,2022-09-10 00:00:00,2022-11-01 00:00:00
11,19,ARCO-2025-00157,2024-09-30,2024-11-27,IN_PROGRESS,5,2024-09-30 00:00:00,2024-11-23 00:00:00
12,242,ARCO-2022-00243,2023-02-04,2023-03-17,P,16,2023-02-05 00:00:00,2023-02-21 00:00:00
13,115,ARCO-2023-00205,2022-04-27,2022-06-23,delivered,14,2022-04-27 00:00:00,2022-06-19 00:00:00
14,190,ARCO-2025-00363,2023-05-02,2023-07-29,P,10,2023-05-03 00:00:00,2023-05-24 00:00:00
15,13,ARCO-2025-00122,2022-07-18,2022-09-17,A,10,2022-07-19 00:00:00,2022-08-12 00:00:00
16,33,,2022-05-17,2022-07-13,entregue,9,2022-05-18 00:00:00,2022-06-18 00:00:00
17,129,,2025-12-01,2026-01-13,P,8,2025-12-01 00:00:00,2026-01-16 00:00:00
18,188,,2022-01-16,2022-03-24,C,9,2022-01-17 00:00:00,2022-03-12 00:00:00
19,100,ARCO-2025-00042,2023-05-20,2023-07-17,IN_PROGRESS,14,2023-05-21 00:00:00,2023-07-18 00:00:00
20,62,,2022-08-21,2022-11-16,IN_PROGRESS,20,2022-08-21 00:00:00,2022-10-06 00:00:00
21,246,,2024-10-28,2024-12-13,pending,4,2024-10-28 00:00:00,2024-11-29 00:00:00
22,138,ARCO-2025-00185,2023-12-09,2024-01-03,IN_PROGRESS,14,2023-12-10 00:00:00,2023-12-22 00:00:00
23,133,ARCO-2023-00275,2024-07-21,2024-10-03,delivered,6,2024-07-22 00:00:00,2024-08-27 00:00:00
24,89,,2023-03-21,2023-05-16,C,16,2023-03-22 00:00:00,2023-04-03 00:00:00
25,50,ARCO-2022-00171,2025-06-01,2025-08-16,cancelled,16,2025-06-02 00:00:00,2025-07-09 00:00:00
26,114,,2023-09-19,2023-10-27,E,18,2023-09-19 00:00:00,2023-10-08 00:00:00
27,72,,2025-09-19,2025-12-09,pendente,19,2025-09-19 00:00:00,2025-11-03 00:00:00
28,242,ARCO-2025-00018,2022-09-24,2022-11-12,pendente,16,2022-09-25 00:00:00,2022-11-04 00:00:00
29,29,,2024-09-16,2024-12-13,IN_PROGRESS,4,2024-09-17 00:00:00,2024-10-23 00:00:00
30,238,,2024-12-09,2025-02-11,em_andamento,5,2024-12-09 00:00:00,2024-12-25 00:00:00
31,239,ARCO-2023-00221,2025-02-14,2025-03-02,PENDING,18,2025-02-15 00:00:00,2025-02-20 00:00:00
32,1,,2025-07-24,2025-08-21,cancelado,16,2025-07-25 00:00:00,2025-09-02 00:00:00
33,48,ARCO-2025-00010,2022-05-30,2022-08-15,cancelado,11,2022-05-30 00:00:00,2022-07-08 00:00:00
34,26,ARCO-2025-00188,2022-10-31,2022-11-28,cancelled,18,2022-10-31 00:00:00,2022-12-22 00:00:00
35,14,ARCO-2023-00176,2025-05-22,2025-06-19,em_andamento,10,2025-05-23 00:00:00,2025-07-14 00:00:00
36,226,ARCO202300353,2022-09-24,2022-10-12,entregue,13,2022-09-24 00:00:00,2022-10-15 00:00:00
37,201,,2025-01-08,2025-03-11,A,10,2025-01-08 00:00:00,2025-02-09 00:00:00
38,82,ARCo-2022-00249,2023-11-22,2024-02-05,CANCELLED,15,2023-11-22 00:00:00,2024-01-01 00:00:00
39,79,ARCO202400282,2025-12-13,2026-02-09,PENDING,9,2025-12-13 00:00:00,2026-01-26 00:00:00
40,28,ARCO-2025-00297,2022-05-27,2022-08-08,em_andamento,4,2022-05-28 00:00:00,2022-07-18 00:00:00
41,155,ARCO-2025-00043,2023-11-05,2023-12-20,P,20,2023-11-06 00:00:00,2023-11-12 00:00:00
42,163,ARCO-2023-00275,2023-07-30,2023-09-22,CANCELLED,4,2023-07-30 00:00:00,2023-09-10 00:00:00
43,222,,2024-09-13,2024-10-02,E,20,2024-09-13 00:00:00,2024-10-07 00:00:00
44,187,,2024-09-21,2024-11-03,E,4,2024-09-21 00:00:00,2024-10-12 00:00:00
45,143,,2023-02-21,2023-03-13,pendente,11,2023-02-21 00:00:00,2023-03-08 00:00:00
46,72,,2024-09-04,2024-10-25,entregue,19,2024-09-05 00:00:00,2024-09-21 00:00:00
47,197,ARCO-2025-00312,2023-11-02,2023-12-05,C,3,2023-11-03 00:00:00,2023-11-16 00:00:00
48,151,ARCo-2024-00139,2023-09-17,2023-12-12,pending,6,2023-09-18 00:00:00,2023-10-04 00:00:00
49,136,ARCO-2025-00058,2024-07-31,2024-10-08,delivered,6,2024-08-01 00:00:00,2024-08-11 00:00:00
50,228,ARCO-2025-00365,2023-10-12,2023-10-30,cancelado,3,2023-10-13 00:00:00,2023-11-27 00:00:00
51,175,,2023-09-19,2023-11-18,E,4,2023-09-20 00:00:00,2023-10-01 00:00:00
52,248,,2022-05-04,2022-06-22,pending,2,2022-05-04 00:00:00,2022-06-27 00:00:00
53,134,,2024-05-02,2024-07-31,cancelled,15,2024-05-03 00:00:00,2024-06-07 00:00:00
54,88,ARCO-2024-00202,2024-02-14,2024-03-14,C,8,2024-02-14 00:00:00,2024-04-03 00:00:00
55,84,ARCO202300135,2022-02-26,2022-03-15,cancelado,5,2022-02-26 00:00:00,2022-03-20 00:00:00
56,143,,2025-04-26,2025-07-10,cancelled,11,2025-04-27 00:00:00,2025-04-30 00:00:00
57,42,ARCO-2024-00214,2024-12-19,2025-01-29,cancelled,16,2024-12-20 00:00:00,2025-01-03 00:00:00
58,151,,2025-02-10,2025-03-23,C,6,2025-02-10 00:00:00,2025-04-05 00:00:00
59,162,ARCO-2023-00267,2023-08-23,2023-10-22,A,8,2023-08-23 00:00:00,2023-09-20 00:00:00
60,27,ARCO-2024-00081,2025-12-04,2026-01-06,em_andamento,20,2025-12-05 00:00:00,2026-01-15 00:00:00
61,57,ARCO-2023-00120,2025-10-12,2025-11-21,C,12,2025-10-13 00:00:00,2025-11-28 00:00:00
62,198,ARCo-2025-00365,2023-06-06,2023-08-08,cancelled,4,2023-06-07 00:00:00,2023-06-30 00:00:00
63,101,,2024-02-15,2024-03-19,A,6,2024-02-15 00:00:00,2024-02-19 00:00:00
64,35,,2022-04-08,2022-05-06,entregue,3,2022-04-09 00:00:00,2022-04-30 00:00:00
65,63,ARCO-2023-00116,2024-07-09,2024-09-30,C,9,2024-07-09 00:00:00,2024-09-07 00:00:00
66,113,,2023-01-05,2023-02-19,DELIVERED,15,2023-01-06 00:00:00,2023-02-25 00:00:00
67,194,,2023-06-21,2023-07-29,pending,1,2023-06-22 00:00:00,2023-08-05 00:00:00
68,84,ARCO-2025-00311,2025-07-31,2025-09-22,cancelado,5,2025-08-01 00:00:00,2025-08-23 00:00:00
69,177,ARCO-2025-00058,2023-03-28,2023-05-02,em_andamento,1,2023-03-28 00:00:00,2023-05-07 00:00:00
70,158,ARCO-2025-00350,2022-06-08,2022-07-27,entregue,16,2022-06-09 00:00:00,2022-07-27 00:00:00
71,14,ARCO-2023-00258,2022-07-26,2022-09-03,pendente,10,2022-07-27 00:00:00,2022-08-09 00:00:00
72,245,,2025-12-22,2026-02-27,A,4,2025-12-22 00:00:00,2026-01-03 00:00:00
73,93,ARCO-2025-00365,2025-07-15,2025-10-07,CANCELLED,10,2025-07-16 00:00:00,2025-09-11 00:00:00
74,120,Arco-2025-00164,2025-07-13,2025-09-24,C,7,2025-07-13 00:00:00,2025-07-17 00:00:00
75,30,ARCO-2022-00053,2022-03-01,2022-05-01,DELIVERED,11,2022-03-01 00:00:00,2022-04-16 00:00:00
76,218,ARCO202400080,2025-03-25,2025-04-17,pending,3,2025-03-26 00:00:00,2025-05-01 00:00:00
77,214,ARCO-2022-00022,2024-10-20,2024-12-12,cancelled,9,2024-10-20 00:00:00,2024-11-06 00:00:00
78,121,ARCO-2022-00123,2025-02-02,2025-03-19,P,2,2025-02-02 00:00:00,2025-03-22 00:00:00
79,10,ARCO-2024-00118,2025-07-10,2025-08-07,A,20,2025-07-10 00:00:00,2025-07-19 00:00:00
80,38,ARCO-2023-00140,2025-12-03,2025-12-29,IN_PROGRESS,17,2025-12-03 00:00:00,2026-01-16 00:00:00
81,120,ARCO-2023-00038,2023-12-30,2024-01-17,pendente,7,2023-12-30 00:00:00,2024-01-21 00:00:00
82,181,Arco-2023-00078,2022-04-08,2022-06-26,entregue,8,2022-04-08 00:00:00,2022-04-21 00:00:00
83,239,ARCO-2025-00074,2023-05-30,2023-07-02,C,18,2023-05-30 00:00:00,2023-07-17 00:00:00
84,179,ARCO-2023-00248,2022-12-13,2023-02-12,PENDING,5,2022-12-14 00:00:00,2023-01-12 00:00:00
85,62,ARCO-2025-00114,2023-03-12,2023-05-17,A,20,2023-03-13 00:00:00,2023-04-08 00:00:00
86,42,,2024-11-25,2024-12-12,cancelled,16,2024-11-25 00:00:00,2024-12-16 00:00:00
87,36,,2023-09-26,2023-11-19,PENDING,10,2023-09-27 00:00:00,2023-11-18 00:00:00
88,196,ARCo-2025-00358,2022-10-21,2022-12-31,cancelled,6,2022-10-22 00:00:00,2022-12-19 00:00:00
89,139,ARCO-2025-00255,2022-09-04,2022-11-13,C,9,2022-09-04 00:00:00,2022-11-02 00:00:00
90,79,,2025-01-14,2025-02-22,em_andamento,9,2025-01-15 00:00:00,2025-01-26 00:00:00
91,165,ARCO-2023-00335,2024-03-30,2024-05-11,pending,20,2024-03-30 00:00:00,2024-05-14 00:00:00
92,139,ARCO-2024-00239,2023-12-29,2024-03-11,E,9,2023-12-29 00:00:00,2024-02-10 00:00:00
93,190,Arco-2023-00102,2023-05-27,2023-08-21,A,10,2023-05-28 00:00:00,2023-07-02 00:00:00
94,41,,2024-09-26,2024-11-16,IN_PROGRESS,3,2024-09-26 00:00:00,2024-10-06 00:00:00
95,249,ARCO-2022-00168,2024-02-08,2024-03-25,IN_PROGRESS,2,2024-02-08 00:00:00,2024-03-27 00:00:00
96,246,ARCO-2023-00316,2024-02-16,2024-04-23,pending,4,2024-02-17 00:00:00,2024-04-11 00:00:00
97,146,arco-2023-00101,2022-07-08,2022-09-01,CANCELLED,18,2022-07-09 00:00:00,2022-08-06 00:00:00
98,177,ARCO-2022-00274,2023-09-30,2023-12-11,pending,1,2023-10-01 00:00:00,2023-10-23 00:00:00
99,192,ARCO-2024-00341,2024-11-11,2025-01-11,em_andamento,6,2024-11-11 00:00:00,2024-12-31 00:00:00
100,187,ARCO-2024-00260,2022-04-21,2022-07-15,PENDING,4,2022-04-22 00:00:00,2022-04-24 00:00:00
101,171,Arco-2024-00151,2023-03-17,2023-05-16,IN_PROGRESS,10,2023-03-17 00:00:00,2023-04-13 00:00:00
102,245,,2023-08-01,2023-08-22,CANCELLED,4,2023-08-02 00:00:00,2023-08-06 00:00:00
103,77,,2025-05-14,2025-07-14,A,10,2025-05-14 00:00:00,2025-06-18 00:00:00
104,26,ARCO-2025-00018,2023-10-27,2024-01-03,PENDING,18,2023-10-27 00:00:00,2023-11-20 00:00:00
105,115,ARCO-2024-00214,2024-07-27,2024-10-20,pending,14,2024-07-28 00:00:00,2024-08-25 00:00:00
106,187,,2023-03-27,2023-04-26,C,4,2023-03-27 00:00:00,2023-04-12 00:00:00
107,203,ARCO-2024-00303,2024-05-22,2024-06-11,C,9,2024-05-22 00:00:00,2024-07-14 00:00:00
108,12,ARCO202400173,2022-10-13,2022-10-31,DELIVERED,11,2022-10-13 00:00:00,2022-12-06 00:00:00
109,216,,2022-02-25,2022-04-25,delivered,4,2022-02-25 00:00:00,2022-03-24 00:00:00
110,52,ARCO-2023-00200,2023-10-29,2024-01-07,PENDING,12,2023-10-29 00:00:00,2023-11-22 00:00:00
111,40,ARCO-2025-00350,2023-07-31,2023-10-20,P,15,2023-07-31 00:00:00,2023-09-19 00:00:00
112,166,ARCO-2025-00026,2024-08-27,2024-11-18,E,14,2024-08-27 00:00:00,2024-09-26 00:00:00
113,108,ARCO-2022-00340,2025-11-23,2026-02-21,A,3,2025-11-24 00:00:00,2025-12-22 00:00:00
114,92,ARCO-2024-00238,2024-01-11,2024-01-28,IN_PROGRESS,13,2024-01-11 00:00:00,2024-01-22 00:00:00
115,158,ARCO-2025-00086,2025-01-23,2025-04-08,pendente,16,2025-01-23 00:00:00,2025-03-05 00:00:00
116,206,ARCO-2024-00264,2023-05-28,2023-07-01,P,7,2023-05-29 00:00:00,2023-06-22 00:00:00
117,120,ARCO-2023-00266,2025-08-18,2025-11-13,cancelado,7,2025-08-18 00:00:00,2025-09-07 00:00:00
118,10,ARCO-2022-00277,2022-05-14,2022-07-28,E,20,2022-05-14 00:00:00,2022-06-18 00:00:00
119,101,,2025-10-19,2026-01-03,IN_PROGRESS,6,2025-10-20 00:00:00,2025-12-08 00:00:00
120,14,ARCO-2022-00162,2022-09-29,2022-12-26,cancelado,10,2022-09-29 00:00:00,2022-10-03 00:00:00
121,92,,2025-05-28,2025-08-04,IN_PROGRESS,13,2025-05-28 00:00:00,2025-07-03 00:00:00
122,47,,2023-03-10,2023-03-31,A,15,2023-03-10 00:00:00,2023-05-05 00:00:00
123,115,,2024-09-18,2024-10-29,CANCELLED,14,2024-09-19 00:00:00,2024-10-18 00:00:00
124,85,ARCO-2022-00333,2022-01-08,2022-01-30,em_andamento,16,2022-01-08 00:00:00,2022-02-05 00:00:00
125,89,ARCO-2023-00290,2022-04-28,2022-07-16,CANCELLED,16,2022-04-28 00:00:00,2022-06-14 00:00:00
126,20,Arco-2025-00179,2023-09-03,2023-10-22,cancelled,20,2023-09-04 00:00:00,2023-10-19 00:00:00
127,229,,2022-08-15,2022-09-12,em_andamento,17,2022-08-15 00:00:00,2022-09-10 00:00:00
128,39,ARCO-2024-00094,2024-11-11,2024-12-15,pendente,15,2024-11-11 00:00:00,2024-11-13 00:00:00
129,33,,2022-10-28,2022-12-27,em_andamento,9,2022-10-28 00:00:00,2022-11-08 00:00:00
130,105,,2023-10-03,2023-11-27,cancelado,16,2023-10-03 00:00:00,2023-10-23 00:00:00
131,227,,2022-12-21,2023-01-22,E,13,2022-12-21 00:00:00,2022-12-27 00:00:00
132,126,ARCO-2023-00275,2022-07-17,2022-09-08,C,19,2022-07-18 00:00:00,2022-08-02 00:00:00
133,160,ARCO-2025-00072,2023-08-17,2023-11-10,em_andamento,2,2023-08-17 00:00:00,2023-09-30 00:00:00
134,15,ARCO-2023-00205,2023-07-02,2023-08-13,em_andamento,17,2023-07-02 00:00:00,2023-08-13 00:00:00
135,27,ARCO-2025-00263,2022-11-21,2022-12-07,CANCELLED,20,2022-11-22 00:00:00,2022-12-03 00:00:00
136,82,ARCo-2023-00066,2022-04-17,2022-05-17,IN_PROGRESS,15,2022-04-17 00:00:00,2022-04-20 00:00:00
137,118,ARCO-2023-00180,2024-09-06,2024-10-09,em_andamento,12,2024-09-06 00:00:00,2024-09-20 00:00:00
138,56,,2023-11-10,2024-01-17,cancelled,19,2023-11-10 00:00:00,2024-01-02 00:00:00
139,40,Arco-2023-00200,2024-11-16,2025-02-07,CANCELLED,15,2024-11-16 00:00:00,2025-01-15 00:00:00
140,193,ARCO-2023-00359,2025-07-23,2025-09-05,DELIVERED,6,2025-07-24 00:00:00,2025-09-07 00:00:00
141,47,,2025-04-15,2025-06-30,pending,15,2025-04-15 00:00:00,2025-06-03 00:00:00
142,234,ARCO-2022-00006,2023-05-10,2023-06-20,E,14,2023-05-11 00:00:00,2023-06-17 00:00:00
143,123,ARCO-2025-00031,2023-04-14,2023-07-03,IN_PROGRESS,5,2023-04-15 00:00:00,2023-06-11 00:00:00
144,90,ARCO-2022-00319,2025-07-12,2025-08-22,CANCELLED,15,2025-07-13 00:00:00,2025-08-26 00:00:00
145,104,ARCO202300076,2023-12-02,2024-01-14,delivered,16,2023-12-03 00:00:00,2023-12-05 00:00:00
146,18,ARCO-2023-00084,2023-11-27,2024-01-31,delivered,17,2023-11-28 00:00:00,2024-01-13 00:00:00
147,244,ARCO-2023-00228,2023-08-04,2023-10-13,IN_PROGRESS,17,2023-08-04 00:00:00,2023-08-12 00:00:00
148,120,ARCO-2024-00139,2023-11-04,2024-01-05,C,7,2023-11-04 00:00:00,2023-12-22 00:00:00
149,68,,2023-07-19,2023-08-03,delivered,10,2023-07-19 00:00:00,2023-08-23 00:00:00
150,154,ARCO-2025-00166,2023-06-17,2023-09-01,delivered,13,2023-06-17 00:00:00,2023-07-23 00:00:00
151,43,,2024-04-06,2024-06-26,pendente,3,2024-04-06 00:00:00,2024-04-12 00:00:00
152,183,ARCO-2025-00287,2023-11-14,2023-12-27,entregue,10,2023-11-15 00:00:00,2023-12-12 00:00:00
153,176,ARCO-2023-00198,2023-12-12,2023-12-29,cancelado,6,2023-12-13 00:00:00,2024-02-07 00:00:00
154,101,,2022-05-04,2022-07-25,P,6,2022-05-04 00:00:00,2022-05-06 00:00:00
155,61,ARCO202400057,2023-07-13,2023-08-11,delivered,13,2023-07-13 00:00:00,2023-07-13 00:00:00
156,210,ARCO-2022-00028,2022-10-12,2023-01-02,pending,9,2022-10-12 00:00:00,2022-11-19 00:00:00
157,182,,2025-11-04,2025-12-27,cancelled,16,2025-11-05 00:00:00,2025-11-28 00:00:00
158,244,,2022-12-30,2023-03-06,em_andamento,17,2022-12-30 00:00:00,2023-01-30 00:00:00
159,99,ARCO-2024-00280,2025-07-13,2025-08-08,A,8,2025-07-14 00:00:00,2025-08-03 00:00:00
160,184,ARCO-2023-00156,2022-01-25,2022-04-03,pending,11,2022-01-25 00:00:00,2022-02-17 00:00:00
161,80,ARCO-2025-00058,2025-04-26,2025-07-16,IN_PROGRESS,9,2025-04-26 00:00:00,2025-05-02 00:00:00
162,21,arco-2025-00219,2024-10-24,2025-01-12,A,15,2024-10-24 00:00:00,2024-11-10 00:00:00
163,83,ARCO-2025-00338,2023-05-25,2023-06-22,cancelado,17,2023-05-25 00:00:00,2023-06-17 00:00:00
164,44,ARCO-2025-00166,2023-01-07,2023-02-09,P,8,2023-01-07 00:00:00,2023-02-19 00:00:00
165,128,,2023-10-01,2023-11-15,P,20,2023-10-01 00:00:00,2023-11-17 00:00:00
166,239,,2022-07-18,2022-08-13,DELIVERED,18,2022-07-18 00:00:00,2022-09-05 00:00:00
167,26,,2024-10-11,2024-11-12,DELIVERED,18,2024-10-12 00:00:00,2024-11-05 00:00:00
168,186,ARCO-2023-00324,2025-07-10,2025-10-06,cancelado,6,2025-07-11 00:00:00,2025-08-14 00:00:00
169,213,,2025-04-19,2025-05-09,delivered,8,2025-04-19 00:00:00,2025-06-09 00:00:00
170,206,ARCO-2023-00078,2023-01-04,2023-04-03,pending,7,2023-01-04 00:00:00,2023-02-17 00:00:00
171,72,ARCO-2023-00355,2025-05-05,2025-07-29,pending,19,2025-05-05 00:00:00,2025-06-15 00:00:00
172,5,ARCO-2022-00192,2025-03-22,2025-06-04,A,1,2025-03-23 00:00:00,2025-04-10 00:00:00
173,192,ARCO-2023-00323,2023-06-16,2023-08-30,E,6,2023-06-17 00:00:00,2023-07-29 00:00:00
174,187,arco-2023-00290,2024-01-20,2024-02-05,cancelled,4,2024-01-21 00:00:00,2024-03-01 00:00:00
175,239,ARCO-2024-00321,2022-10-01,2022-11-20,cancelled,18,2022-10-02 00:00:00,2022-11-28 00:00:00
176,196,ARCO-2023-00176,2024-01-28,2024-03-01,cancelado,6,2024-01-28 00:00:00,2024-03-28 00:00:00
177,197,ARCO-2024-00070,2025-08-03,2025-10-29,PENDING,3,2025-08-03 00:00:00,2025-09-14 00:00:00
178,163,ARCO-2025-00365,2023-04-23,2023-05-30,pendente,4,2023-04-24 00:00:00,2023-06-17 00:00:00
179,143,arco-2024-00254,2023-05-29,2023-06-26,cancelled,11,2023-05-29 00:00:00,2023-06-10 00:00:00
180,47,,2024-11-28,2025-02-21,CANCELLED,15,2024-11-28 00:00:00,2024-11-29 00:00:00
181,84,ARCO-2022-00314,2025-02-09,2025-04-27,CANCELLED,5,2025-02-09 00:00:00,2025-04-10 00:00:00
182,90,ARCO-2025-00086,2025-05-03,2025-06-06,cancelled,15,2025-05-04 00:00:00,2025-05-19 00:00:00
183,6,,2022-03-30,2022-06-03,em_andamento,8,2022-03-31 00:00:00,2022-05-08 00:00:00
184,7,ARCO-2022-00210,2025-09-24,2025-10-26,delivered,3,2025-09-24 00:00:00,2025-09-29 00:00:00
185,198,,2023-08-19,2023-09-11,CANCELLED,4,2023-08-19 00:00:00,2023-10-05 00:00:00
186,12,,2022-08-15,2022-10-25,em_andamento,11,2022-08-16 00:00:00,2022-10-14 00:00:00
187,220,Arco-2023-00194,2023-05-02,2023-07-03,em_andamento,12,2023-05-03 00:00:00,2023-05-12 00:00:00
188,101,ARCO202200300,2023-05-08,2023-06-13,delivered,6,2023-05-08 00:00:00,2023-05-31 00:00:00
189,49,ARCO-2025-00223,2024-07-15,2024-08-06,pendente,15,2024-07-15 00:00:00,2024-08-27 00:00:00
190,194,,2024-03-14,2024-06-08,IN_PROGRESS,1,2024-03-14 00:00:00,2024-05-09 00:00:00
191,63,ARCO-2024-00368,2023-04-18,2023-05-15,em_andamento,9,2023-04-19 00:00:00,2023-05-22 00:00:00
192,103,ARCO202200294,2022-03-17,2022-05-12,pendente,14,2022-03-17 00:00:00,2022-04-16 00:00:00
193,203,ARCO-2024-00149,2024-05-06,2024-05-26,P,9,2024-05-07 00:00:00,2024-06-07 00:00:00
194,122,ARCo-2022-00152,2025-07-11,2025-08-05,delivered,19,2025-07-11 00:00:00,2025-07-11 00:00:00
195,234,,2023-03-10,2023-04-03,PENDING,14,2023-03-10 00:00:00,2023-04-29 00:00:00
196,148,arco-2022-00274,2024-05-29,2024-08-26,P,9,2024-05-30 00:00:00,2024-07-26 00:00:00
197,183,,2023-06-23,2023-08-07,delivered,10,2023-06-23 00:00:00,2023-06-29 00:00:00
198,73,ARCO-2024-00113,2022-10-20,2022-11-23,CANCELLED,7,2022-10-20 00:00:00,2022-11-25 00:00:00
199,239,ARCO-2022-00192,2023-09-01,2023-09-28,pendente,18,2023-09-02 00:00:00,2023-09-02 00:00:00
200,154,ARCO-2023-00095,2024-03-19,2024-04-06,em_andamento,13,2024-03-20 00:00:00,2024-05-02 00:00:00
201,69,,2023-03-19,2023-04-18,pendente,15,2023-03-19 00:00:00,2023-04-27 00:00:00
202,105,,2024-06-22,2024-09-06,C,16,2024-06-22 00:00:00,2024-07-30 00:00:00
203,195,ARCO-2023-00083,2022-09-25,2022-11-01,PENDING,12,2022-09-25 00:00:00,2022-10-09 00:00:00
204,182,ARCO-2025-00003,2022-12-22,2023-02-04,PENDING,16,2022-12-22 00:00:00,2023-02-18 00:00:00
205,69,,2025-01-15,2025-02-16,em_andamento,15,2025-01-15 00:00:00,2025-02-03 00:00:00
206,190,ARCO-2025-00360,2023-02-16,2023-04-08,IN_PROGRESS,10,2023-02-17 00:00:00,2023-02-25 00:00:00
207,186,ARCO-2024-00380,2023-10-02,2023-12-26,DELIVERED,6,2023-10-02 00:00:00,2023-11-10 00:00:00
208,154,ARCO-2025-00227,2024-08-13,2024-10-22,A,13,2024-08-14 00:00:00,2024-08-23 00:00:00
209,95,ARCO-2025-00235,2023-08-10,2023-10-04,em_andamento,4,2023-08-11 00:00:00,2023-10-05 00:00:00
210,31,,2023-12-18,2024-01-28,em_andamento,20,2023-12-18 00:00:00,2024-01-20 00:00:00
211,200,ARCO-2025-00157,2025-03-24,2025-05-10,P,6,2025-03-25 00:00:00,2025-03-29 00:00:00
212,222,,2023-08-25,2023-11-22,IN_PROGRESS,20,2023-08-26 00:00:00,2023-09-06 00:00:00
213,245,ARCO-2024-00378,2023-08-31,2023-10-25,A,4,2023-08-31 00:00:00,2023-10-17 00:00:00
214,215,ARCO-2025-00318,2025-12-29,2026-01-24,em_andamento,19,2025-12-30 00:00:00,2026-01-18 00:00:00
215,179,ARCO-2024-00107,2025-09-10,2025-10-08,pendente,5,2025-09-10 00:00:00,2025-10-19 00:00:00
216,94,ARCO-2022-00234,2024-08-26,2024-10-09,em_andamento,19,2024-08-26 00:00:00,2024-10-24 00:00:00
217,25,ARCO-2024-00211,2022-12-20,2023-01-30,PENDING,10,2022-12-20 00:00:00,2022-12-26 00:00:00
218,26,,2022-12-30,2023-02-25,DELIVERED,18,2022-12-30 00:00:00,2023-01-16 00:00:00
219,226,ARCO-2023-00324,2024-07-26,2024-08-26,P,13,2024-07-26 00:00:00,2024-08-06 00:00:00
220,82,ARCO-2022-00204,2024-07-15,2024-10-11,cancelled,15,2024-07-15 00:00:00,2024-07-22 00:00:00
221,55,ARCO-2024-00366,2022-03-31,2022-04-24,delivered,15,2022-03-31 00:00:00,2022-04-13 00:00:00
222,149,ARCO-2025-00250,2024-01-16,2024-03-31,IN_PROGRESS,17,2024-01-17 00:00:00,2024-03-06 00:00:00
223,175,ARCO202300198,2024-05-08,2024-07-08,PENDING,4,2024-05-08 00:00:00,2024-05-27 00:00:00
224,187,,2022-08-10,2022-08-25,pending,4,2022-08-10 00:00:00,2022-08-11 00:00:00
225,213,ARCO-2025-00263,2025-07-18,2025-09-01,em_andamento,8,2025-07-18 00:00:00,2025-07-20 00:00:00
226,105,Arco-2025-00219,2022-03-22,2022-04-16,pending,16,2022-03-23 00:00:00,2022-04-14 00:00:00
227,30,ARCO-2022-00259,2025-04-13,2025-05-29,cancelled,11,2025-04-14 00:00:00,2025-04-27 00:00:00
228,19,ARCO-2022-00041,2024-04-11,2024-05-02,pendente,5,2024-04-11 00:00:00,2024-05-28 00:00:00
229,136,ARCO-2022-00243,2022-03-31,2022-06-03,pendente,6,2022-04-01 00:00:00,2022-04-20 00:00:00
230,95,ARCO-2025-00297,2022-05-12,2022-06-24,entregue,4,2022-05-12 00:00:00,2022-06-07 00:00:00
231,111,,2023-11-14,2023-12-04,P,8,2023-11-15 00:00:00,2023-12-24 00:00:00
232,213,,2022-04-20,2022-06-19,IN_PROGRESS,8,2022-04-21 00:00:00,2022-05-28 00:00:00
233,186,,2023-07-30,2023-09-24,IN_PROGRESS,6,2023-07-31 00:00:00,2023-08-30 00:00:00
234,31,ARCO-2022-00108,2022-12-26,2023-01-11,PENDING,20,2022-12-27 00:00:00,2023-02-09 00:00:00
235,211,ARCO-2023-00261,2025-01-25,2025-03-20,delivered,3,2025-01-26 00:00:00,2025-02-21 00:00:00
236,248,ARCO-2024-00190,2024-03-06,2024-05-21,CANCELLED,2,2024-03-06 00:00:00,2024-03-07 00:00:00
237,39,ARCO-2023-00316,2022-06-09,2022-08-21,CANCELLED,15,2022-06-10 00:00:00,2022-06-15 00:00:00
238,161,ARCO-2025-00033,2024-02-04,2024-03-23,PENDING,18,2024-02-04 00:00:00,2024-03-24 00:00:00
239,80,ARCO-2022-00371,2025-01-07,2025-02-07,CANCELLED,9,2025-01-07 00:00:00,2025-01-21 00:00:00
240,198,,2025-12-22,2026-01-27,PENDING,4,2025-12-23 00:00:00,2025-12-24 00:00:00
241,243,ARCO-2022-00288,2022-06-05,2022-08-30,cancelado,19,2022-06-05 00:00:00,2022-07-14 00:00:00
242,219,ARCO-2023-00332,2025-01-26,2025-03-15,em_andamento,4,2025-01-27 00:00:00,2025-01-26 00:00:00
243,88,ARCO-2022-00193,2023-07-01,2023-08-28,E,8,2023-07-01 00:00:00,2023-08-28 00:00:00
244,205,ARCO-2024-00214,2022-09-16,2022-10-26,A,4,2022-09-17 00:00:00,2022-11-02 00:00:00
245,166,ARCO-2022-00373,2022-10-30,2022-12-09,IN_PROGRESS,14,2022-10-31 00:00:00,2022-11-01 00:00:00
246,81,ARCO-2022-00244,2022-05-27,2022-08-06,cancelled,16,2022-05-27 00:00:00,2022-06-06 00:00:00
247,38,ARCo-2023-00222,2023-09-24,2023-11-01,P,17,2023-09-24 00:00:00,2023-10-28 00:00:00
248,124,ARCO-2022-00125,2022-01-11,2022-02-20,A,17,2022-01-12 00:00:00,2022-02-20 00:00:00
249,86,ARCO-2025-00297,2022-09-20,2022-11-11,entregue,14,2022-09-20 00:00:00,2022-10-17 00:00:00
250,118,ARCO-2025-00170,2025-11-10,2025-12-01,delivered,12,2025-11-10 00:00:00,2025-12-10 00:00:00
251,90,ARCO-2024-00264,2024-07-02,2024-08-13,P,15,2024-07-03 00:00:00,2024-07-03 00:00:00
252,227,ARCO-2023-00066,2022-01-30,2022-03-10,A,13,2022-01-30 00:00:00,2022-02-25 00:00:00
253,3,ARCO-2022-00241,2023-12-18,2024-02-27,CANCELLED,17,2023-12-19 00:00:00,2024-01-09 00:00:00
254,184,ARCO-2023-00324,2022-05-22,2022-06-11,E,11,2022-05-22 00:00:00,2022-06-23 00:00:00
255,148,ARCO-2025-00187,2023-04-18,2023-05-14,entregue,9,2023-04-19 00:00:00,2023-05-21 00:00:00
256,185,ARCO-2024-00206,2023-12-11,2023-12-28,DELIVERED,20,2023-12-11 00:00:00,2024-02-05 00:00:00
257,72,,2025-02-10,2025-04-14,P,19,2025-02-10 00:00:00,2025-02-15 00:00:00
258,104,ARCO-2023-00076,2022-01-03,2022-01-24,cancelado,16,2022-01-03 00:00:00,2022-02-11 00:00:00
259,151,ARCO-2024-00322,2025-03-11,2025-04-22,IN_PROGRESS,6,2025-03-11 00:00:00,2025-04-11 00:00:00
260,50,ARCO-2024-00094,2025-11-25,2026-01-29,PENDING,16,2025-11-25 00:00:00,2025-11-27 00:00:00
261,99,ARCO-2022-00136,2022-11-13,2023-01-01,DELIVERED,8,2022-11-13 00:00:00,2022-11-19 00:00:00
262,235,ARCO-2024-00059,2023-10-19,2023-11-19,entregue,16,2023-10-19 00:00:00,2023-10-30 00:00:00
263,138,arco-2024-00151,2025-07-22,2025-08-29,em_andamento,14,2025-07-23 00:00:00,2025-08-13 00:00:00
264,186,ARCO-2025-00292,2024-01-07,2024-02-22,DELIVERED,6,2024-01-07 00:00:00,2024-01-27 00:00:00
265,221,,2025-11-24,2026-02-03,CANCELLED,1,2025-11-25 00:00:00,2025-12-18 00:00:00
266,45,ARCO-2025-00297,2025-01-18,2025-03-27,pending,16,2025-01-19 00:00:00,2025-01-28 00:00:00
267,133,ARCO-2023-00093,2024-06-30,2024-07-20,delivered,6,2024-06-30 00:00:00,2024-07-17 00:00:00
268,81,arco-2023-00066,2025-10-03,2025-11-15,pending,16,2025-10-04 00:00:00,2025-10-11 00:00:00
269,14,ARCO-2022-00371,2024-11-26,2025-01-18,A,10,2024-11-26 00:00:00,2024-12-29 00:00:00
270,105,ARCO-2024-00094,2025-09-02,2025-10-28,PENDING,16,2025-09-02 00:00:00,2025-10-22 00:00:00
271,191,ARCO-2023-00224,2023-06-11,2023-07-13,C,5,2023-06-12 00:00:00,2023-07-02 00:00:00
272,98,ARCO-2025-00297,2023-11-22,2024-01-23,entregue,10,2023-11-23 00:00:00,2023-11-29 00:00:00
273,149,arco-2023-00085,2025-11-06,2025-12-06,CANCELLED,17,2025-11-06 00:00:00,2025-12-11 00:00:00
274,245,ARCO-2023-00222,2024-07-13,2024-09-10,DELIVERED,4,2024-07-14 00:00:00,2024-07-26 00:00:00
275,99,,2025-03-12,2025-04-17,IN_PROGRESS,8,2025-03-13 00:00:00,2025-04-08 00:00:00
276,242,ARCO-2023-00354,2024-09-07,2024-11-10,PENDING,16,2024-09-08 00:00:00,2024-09-30 00:00:00
277,189,ARCO-2023-00140,2024-10-30,2025-01-13,pending,16,2024-10-30 00:00:00,2024-12-27 00:00:00
278,134,ARCO-2022-00022,2022-01-25,2022-04-05,IN_PROGRESS,15,2022-01-26 00:00:00,2022-02-11 00:00:00
279,222,ARCO-2023-00180,2022-03-10,2022-05-09,A,20,2022-03-10 00:00:00,2022-05-03 00:00:00
280,15,,2025-09-30,2025-10-23,A,17,2025-09-30 00:00:00,2025-11-26 00:00:00
281,138,,2024-03-25,2024-05-20,P,14,2024-03-26 00:00:00,2024-05-13 00:00:00
282,210,Arco-2025-00263,2023-07-06,2023-09-12,C,9,2023-07-06 00:00:00,2023-07-15 00:00:00
283,75,,2023-02-28,2023-03-18,A,18,2023-02-28 00:00:00,2023-03-02 00:00:00
284,142,ARCO-2024-00351,2023-07-15,2023-08-22,DELIVERED,10,2023-07-15 00:00:00,2023-09-01 00:00:00
285,121,,2024-04-25,2024-06-09,cancelled,2,2024-04-25 00:00:00,2024-05-28 00:00:00
286,157,,2024-10-01,2024-11-09,em_andamento,6,2024-10-02 00:00:00,2024-11-29 00:00:00
287,126,ARCO-2022-00212,2022-06-17,2022-07-12,PENDING,19,2022-06-17 00:00:00,2022-07-26 00:00:00
288,223,,2025-04-08,2025-04-29,pending,13,2025-04-08 00:00:00,2025-04-30 00:00:00
289,133,ARCO-2024-00054,2022-02-11,2022-03-04,DELIVERED,6,2022-02-11 00:00:00,2022-02-12 00:00:00
290,4,ARCO-2025-00185,2025-07-24,2025-10-12,C,17,2025-07-24 00:00:00,2025-09-03 00:00:00
291,185,ARCO-2025-00318,2022-05-20,2022-08-15,CANCELLED,20,2022-05-20 00:00:00,2022-05-27 00:00:00
292,233,ARCO-2024-00151,2024-01-05,2024-01-22,DELIVERED,19,2024-01-06 00:00:00,2024-01-21 00:00:00
293,157,,2022-09-14,2022-11-08,E,6,2022-09-15 00:00:00,2022-11-03 00:00:00
294,134,,2025-12-14,2026-01-09,DELIVERED,15,2025-12-15 00:00:00,2025-12-21 00:00:00
295,234,ARCO-2025-00337,2025-09-18,2025-11-07,P,14,2025-09-18 00:00:00,2025-10-23 00:00:00
296,169,,2023-12-20,2024-02-14,IN_PROGRESS,4,2023-12-20 00:00:00,2024-01-14 00:00:00
297,175,ARCO-2022-00142,2024-05-17,2024-07-28,delivered,4,2024-05-18 00:00:00,2024-05-19 00:00:00
298,39,ARCO-2024-00280,2023-01-31,2023-04-05,E,15,2023-02-01 00:00:00,2023-03-04 00:00:00
299,19,ARCO-2025-00132,2024-12-16,2025-02-06,P,5,2024-12-17 00:00:00,2025-01-09 00:00:00
300,27,ARCO-2022-00333,2024-10-06,2024-11-27,entregue,20,2024-10-06 00:00:00,2024-11-12 00:00:00
301,155,ARCo-2023-00101,2025-10-12,2026-01-08,A,20,2025-10-13 00:00:00,2025-10-18 00:00:00
302,163,,2022-11-11,2022-12-01,entregue,4,2022-11-12 00:00:00,2022-12-19 00:00:00
303,46,ARCO-2022-00314,2024-04-04,2024-04-29,E,5,2024-04-04 00:00:00,2024-05-28 00:00:00
304,131,,2022-12-22,2023-03-17,pendente,10,2022-12-22 00:00:00,2023-01-25 00:00:00
305,235,ARCO-2022-00022,2024-08-06,2024-10-25,delivered,16,2024-08-06 00:00:00,2024-08-10 00:00:00
306,174,ARCO-2023-00133,2025-04-22,2025-05-19,P,8,2025-04-22 00:00:00,2025-04-30 00:00:00
307,219,Arco-2023-00355,2023-03-09,2023-04-26,cancelado,4,2023-03-10 00:00:00,2023-03-20 00:00:00
308,164,ARCO-2022-00192,2025-11-28,2025-12-26,pendente,12,2025-11-28 00:00:00,2025-11-30 00:00:00
309,231,,2023-04-11,2023-05-02,cancelado,9,2023-04-12 00:00:00,2023-04-12 00:00:00
310,52,arco-2023-00374,2023-09-20,2023-10-12,cancelado,12,2023-09-20 00:00:00,2023-10-21 00:00:00
311,230,,2023-12-28,2024-02-26,C,16,2023-12-29 00:00:00,2024-02-14 00:00:00
312,162,,2025-08-03,2025-10-03,cancelled,8,2025-08-04 00:00:00,2025-08-19 00:00:00
313,81,ARCO-2025-00147,2022-02-19,2022-05-05,entregue,16,2022-02-19 00:00:00,2022-04-11 00:00:00
314,172,ARCo-2023-00140,2025-09-04,2025-11-13,DELIVERED,5,2025-09-05 00:00:00,2025-10-08 00:00:00
315,57,ARCO-2024-00251,2023-03-27,2023-04-19,C,12,2023-03-27 00:00:00,2023-03-30 00:00:00
316,248,Arco-2024-00206,2023-03-02,2023-04-04,A,2,2023-03-02 00:00:00,2023-04-29 00:00:00
317,6,ARCO-2022-00022,2022-01-18,2022-03-23,cancelled,8,2022-01-18 00:00:00,2022-03-13 00:00:00
318,155,,2024-12-19,2025-01-07,P,20,2024-12-20 00:00:00,2025-01-04 00:00:00
319,79,ARCO-2023-00047,2024-08-13,2024-09-17,E,9,2024-08-14 00:00:00,2024-09-07 00:00:00
320,104,ARCO-2025-00318,2025-04-17,2025-06-30,DELIVERED,16,2025-04-18 00:00:00,2025-04-29 00:00:00
321,71,ARCO-2022-00241,2023-12-05,2023-12-27,delivered,8,2023-12-05 00:00:00,2023-12-15 00:00:00
322,154,ARCo-2023-00111,2022-11-13,2023-01-26,P,13,2022-11-13 00:00:00,2023-01-11 00:00:00
323,150,,2024-11-21,2025-01-08,cancelled,9,2024-11-22 00:00:00,2025-01-10 00:00:00
324,35,ARCO-2023-00271,2024-05-23,2024-07-22,entregue,3,2024-05-24 00:00:00,2024-06-05 00:00:00
325,15,ARCO-2023-00198,2022-09-18,2022-11-16,DELIVERED,17,2022-09-19 00:00:00,2022-10-25 00:00:00
326,234,ARCO-2023-00101,2023-08-08,2023-09-05,CANCELLED,14,2023-08-09 00:00:00,2023-09-06 00:00:00
327,159,,2025-03-22,2025-05-18,PENDING,13,2025-03-22 00:00:00,2025-03-29 00:00:00
328,42,,2024-12-10,2025-01-20,E,16,2024-12-10 00:00:00,2025-01-05 00:00:00
329,232,ARCo-2024-00254,2024-03-27,2024-05-27,C,5,2024-03-27 00:00:00,2024-05-09 00:00:00
330,163,Arco-2023-00140,2025-07-08,2025-09-14,E,4,2025-07-09 00:00:00,2025-08-19 00:00:00
331,105,ARCO-2024-00046,2023-03-22,2023-04-07,PENDING,16,2023-03-22 00:00:00,2023-03-28 00:00:00
332,25,,2025-06-24,2025-08-15,PENDING,10,2025-06-25 00:00:00,2025-07-24 00:00:00
333,155,,2025-01-28,2025-03-26,em_andamento,20,2025-01-28 00:00:00,2025-02-28 00:00:00
334,159,ARCO-2023-00276,2022-04-18,2022-06-06,E,13,2022-04-18 00:00:00,2022-05-14 00:00:00
335,184,ARCO-2024-00141,2022-09-09,2022-11-18,A,11,2022-09-09 00:00:00,2022-11-04 00:00:00
336,25,ARCO-2024-00107,2024-08-30,2024-10-08,A,10,2024-08-31 00:00:00,2024-10-05 00:00:00
337,140,ARCO-2022-00328,2025-05-21,2025-08-08,DELIVERED,16,2025-05-22 00:00:00,2025-06-09 00:00:00
338,167,ARCO-2025-00175,2022-10-12,2022-11-30,pending,3,2022-10-13 00:00:00,2022-11-20 00:00:00
339,193,,2025-10-28,2026-01-04,cancelled,6,2025-10-28 00:00:00,2025-11-15 00:00:00
340,111,ARCO-2023-00156,2022-04-21,2022-05-20,C,8,2022-04-21 00:00:00,2022-05-06 00:00:00
341,125,ARCO-2024-00326,2022-12-06,2023-02-09,E,13,2022-12-07 00:00:00,2023-01-27 00:00:00
342,61,ARCO-2022-00240,2024-05-12,2024-06-07,cancelled,13,2024-05-13 00:00:00,2024-07-06 00:00:00
343,206,ARCO-2022-00168,2023-04-05,2023-06-07,cancelado,7,2023-04-05 00:00:00,2023-06-04 00:00:00
344,26,,2024-02-26,2024-04-17,cancelado,18,2024-02-27 00:00:00,2024-03-25 00:00:00
345,166,ARCO-2024-00325,2025-09-04,2025-11-20,P,14,2025-09-05 00:00:00,2025-10-13 00:00:00
346,44,ARCO-2025-00051,2022-11-30,2023-02-01,em_andamento,8,2022-11-30 00:00:00,2023-01-01 00:00:00
347,159,,2024-03-10,2024-05-14,PENDING,13,2024-03-11 00:00:00,2024-03-25 00:00:00
348,214,ARCO-2023-00146,2023-06-12,2023-07-31,IN_PROGRESS,9,2023-06-13 00:00:00,2023-08-10 00:00:00
349,167,ARCO-2022-00234,2022-07-12,2022-09-05,em_andamento,3,2022-07-12 00:00:00,2022-08-07 00:00:00
350,125,,2022-01-13,2022-01-30,pendente,13,2022-01-13 00:00:00,2022-01-14 00:00:00
351,37,ARCO-2025-00036,2025-02-13,2025-03-10,P,12,2025-02-13 00:00:00,2025-03-31 00:00:00
352,165,ARCO-2023-00111,2023-03-27,2023-06-01,CANCELLED,20,2023-03-28 00:00:00,2023-03-27 00:00:00
353,46,ARCO-2022-00330,2025-09-23,2025-11-06,em_andamento,5,2025-09-24 00:00:00,2025-10-20 00:00:00
354,119,ARCO-2022-00294,2022-05-10,2022-06-29,IN_PROGRESS,15,2022-05-11 00:00:00,2022-06-07 00:00:00
355,69,,2023-09-08,2023-11-05,entregue,15,2023-09-09 00:00:00,2023-10-26 00:00:00
356,242,ARCO-2024-00280,2023-03-29,2023-05-09,em_andamento,16,2023-03-29 00:00:00,2023-05-10 00:00:00
357,146,,2022-12-05,2023-02-17,DELIVERED,18,2022-12-06 00:00:00,2023-01-08 00:00:00
358,117,ARCO202500229,2022-11-05,2023-01-02,IN_PROGRESS,14,2022-11-05 00:00:00,2022-12-26 00:00:00
359,172,,2023-09-13,2023-11-19,A,5,2023-09-14 00:00:00,2023-10-23 00:00:00
360,10,ARCO-2022-00108,2024-10-28,2024-12-29,entregue,20,2024-10-28 00:00:00,2024-12-25 00:00:00
361,55,ARCO-2023-00001,2024-03-26,2024-04-15,IN_PROGRESS,15,2024-03-26 00:00:00,2024-05-06 00:00:00
362,125,ARCO-2023-00176,2024-03-07,2024-03-31,E,13,2024-03-08 00:00:00,2024-05-05 00:00:00
363,70,ARCO-2025-00027,2023-01-10,2023-03-31,pending,15,2023-01-10 00:00:00,2023-01-22 00:00:00
364,139,ARCo-2025-00363,2023-08-19,2023-11-05,C,9,2023-08-20 00:00:00,2023-10-18 00:00:00
365,29,ARCO-2024-00209,2025-01-10,2025-02-19,entregue,4,2025-01-11 00:00:00,2025-02-10 00:00:00
366,82,,2023-06-07,2023-07-29,cancelado,15,2023-06-08 00:00:00,2023-07-18 00:00:00
367,166,ARCO-2022-00138,2024-10-12,2024-12-23,E,14,2024-10-13 00:00:00,2024-12-10 00:00:00
368,61,ARCO-2024-00144,2023-03-04,2023-03-21,DELIVERED,13,2023-03-04 00:00:00,2023-04-09 00:00:00
369,72,ARCO-2023-00276,2024-08-06,2024-09-04,DELIVERED,19,2024-08-06 00:00:00,2024-08-21 00:00:00
370,174,,2024-12-05,2025-02-04,cancelado,8,2024-12-05 00:00:00,2025-01-01 00:00:00
371,101,ARCO-2022-00265,2022-05-28,2022-07-13,E,6,2022-05-29 00:00:00,2022-06-24 00:00:00
372,117,,2023-01-05,2023-02-01,A,14,2023-01-06 00:00:00,2023-02-17 00:00:00
373,111,,2023-11-28,2024-02-08,cancelado,8,2023-11-29 00:00:00,2023-12-27 00:00:00
374,85,ARCO-2024-00004,2022-04-11,2022-06-30,A,16,2022-04-11 00:00:00,2022-05-01 00:00:00
375,172,ARCO-2023-00213,2023-11-01,2023-12-04,cancelled,5,2023-11-01 00:00:00,2023-11-21 00:00:00
376,150,ARCO-2022-00154,2022-09-03,2022-09-20,C,9,2022-09-03 00:00:00,2022-09-30 00:00:00
377,94,ARCO-2023-00332,2024-02-15,2024-04-26,entregue,19,2024-02-15 00:00:00,2024-03-10 00:00:00
378,86,ARCO-2025-00343,2025-03-02,2025-04-12,E,14,2025-03-02 00:00:00,2025-04-10 00:00:00
379,166,arco-2023-00127,2023-01-01,2023-02-16,P,14,2023-01-02 00:00:00,2023-02-28 00:00:00
380,22,ARCO-2024-00211,2022-10-23,2022-12-03,cancelado,18,2022-10-23 00:00:00,2022-11-28 00:00:00
381,71,ARCO-2022-00234,2025-06-26,2025-09-15,pending,8,2025-06-27 00:00:00,2025-08-08 00:00:00
382,131,ARCO-2023-00203,2023-07-06,2023-08-18,PENDING,10,2023-07-06 00:00:00,2023-07-27 00:00:00
383,112,arco-2023-00130,2024-05-29,2024-07-06,CANCELLED,3,2024-05-30 00:00:00,2024-06-04 00:00:00
384,39,,2022-02-24,2022-04-15,E,15,2022-02-25 00:00:00,2022-04-08 00:00:00
385,193,ARCO-2022-00142,2025-08-23,2025-09-10,cancelled,6,2025-08-24 00:00:00,2025-09-10 00:00:00
386,135,arco-2024-00141,2023-10-15,2023-12-27,cancelado,17,2023-10-15 00:00:00,2023-11-21 00:00:00
387,85,ARCO-2024-00183,2023-07-07,2023-09-14,pending,16,2023-07-08 00:00:00,2023-09-01 00:00:00
388,129,ARCO-2024-00278,2023-01-15,2023-03-03,IN_PROGRESS,8,2023-01-16 00:00:00,2023-01-27 00:00:00
389,190,ARCO-2023-00370,2022-12-24,2023-03-24,CANCELLED,10,2022-12-24 00:00:00,2022-12-28 00:00:00
390,81,ARCO-2023-00088,2023-04-23,2023-05-20,cancelled,16,2023-04-24 00:00:00,2023-05-16 00:00:00
391,243,,2025-03-12,2025-05-19,C,19,2025-03-12 00:00:00,2025-04-16 00:00:00
392,146,,2024-12-14,2025-03-09,em_andamento,18,2024-12-15 00:00:00,2025-02-09 00:00:00
393,152,,2025-06-03,2025-06-19,cancelled,17,2025-06-03 00:00:00,2025-06-06 00:00:00
394,245,ARCO-2025-00327,2023-12-04,2024-01-05,em_andamento,4,2023-12-05 00:00:00,2024-01-22 00:00:00
395,85,ARCO-2023-00222,2025-08-20,2025-09-16,CANCELLED,16,2025-08-20 00:00:00,2025-09-18 00:00:00
396,26,,2024-08-09,2024-10-11,C,18,2024-08-09 00:00:00,2024-09-07 00:00:00
397,102,,2022-09-03,2022-11-04,E,14,2022-09-03 00:00:00,2022-09-24 00:00:00
398,9,,2023-03-28,2023-06-01,A,2,2023-03-29 00:00:00,2023-04-27 00:00:00
399,241,,2023-07-11,2023-09-03,em_andamento,17,2023-07-11 00:00:00,2023-07-18 00:00:00
400,208,ARCO-2025-00338,2024-12-23,2025-03-23,delivered,19,2024-12-23 00:00:00,2024-12-24 00:00:00
401,166,ARCO-2025-00287,2022-06-27,2022-07-31,pendente,14,2022-06-28 00:00:00,2022-07-17 00:00:00
402,8,ARCO-2023-00093,2024-04-06,2024-05-25,C,1,2024-04-07 00:00:00,2024-05-13 00:00:00
403,174,,2022-07-21,2022-10-02,em_andamento,8,2022-07-21 00:00:00,2022-08-08 00:00:00
404,14,ARCO-2022-00314,2022-05-08,2022-06-13,pending,10,2022-05-08 00:00:00,2022-07-04 00:00:00
405,69,ARCO-2022-00105,2023-09-19,2023-12-08,A,15,2023-09-20 00:00:00,2023-11-17 00:00:00
406,23,ARCO202300084,2024-09-09,2024-11-02,pending,13,2024-09-09 00:00:00,2024-09-25 00:00:00
407,78,ARCO202500317,2022-05-17,2022-07-02,CANCELLED,20,2022-05-18 00:00:00,2022-06-19 00:00:00
408,72,Arco-2023-00194,2023-07-26,2023-10-13,cancelado,19,2023-07-26 00:00:00,2023-09-10 00:00:00
409,60,ARCO-2022-00334,2023-05-30,2023-07-20,PENDING,4,2023-05-30 00:00:00,2023-07-23 00:00:00
410,215,ARCO-2025-00327,2025-07-04,2025-09-07,A,19,2025-07-05 00:00:00,2025-08-11 00:00:00
411,99,ARCO-2022-00270,2022-01-01,2022-03-19,PENDING,8,2022-01-01 00:00:00,2022-01-14 00:00:00
412,54,ARCO-2025-00376,2024-02-21,2024-04-01,pendente,18,2024-02-22 00:00:00,2024-04-21 00:00:00
413,166,,2025-09-29,2025-12-12,em_andamento,14,2025-09-29 00:00:00,2025-11-10 00:00:00
414,105,,2025-09-22,2025-10-22,E,16,2025-09-23 00:00:00,2025-11-15 00:00:00
415,171,ARCO-2024-00167,2023-07-20,2023-08-09,pendente,10,2023-07-20 00:00:00,2023-08-19 00:00:00
416,50,Arco-2025-00150,2024-01-02,2024-03-22,A,16,2024-01-03 00:00:00,2024-01-22 00:00:00
417,229,ARCO-2025-00027,2023-06-17,2023-08-05,cancelado,17,2023-06-17 00:00:00,2023-07-24 00:00:00
418,136,arco-2022-00265,2023-08-29,2023-11-20,PENDING,6,2023-08-29 00:00:00,2023-09-01 00:00:00
419,231,,2024-11-26,2025-01-23,pending,9,2024-11-27 00:00:00,2024-11-26 00:00:00
420,82,ARCO-2025-00293,2023-06-07,2023-07-07,pending,15,2023-06-07 00:00:00,2023-07-05 00:00:00
421,202,ARCO-2023-00271,2022-09-18,2022-10-26,cancelled,15,2022-09-19 00:00:00,2022-10-12 00:00:00
422,240,ARCO-2022-00143,2024-12-10,2024-12-30,A,11,2024-12-11 00:00:00,2025-02-01 00:00:00
423,76,,2024-11-16,2024-12-06,entregue,5,2024-11-17 00:00:00,2024-11-17 00:00:00
424,126,ARCO-2024-00211,2025-08-17,2025-10-27,delivered,19,2025-08-17 00:00:00,2025-08-23 00:00:00
425,129,,2024-12-30,2025-01-15,E,8,2024-12-31 00:00:00,2025-01-19 00:00:00
426,159,ARCO-2025-00309,2022-01-27,2022-04-10,DELIVERED,13,2022-01-27 00:00:00,2022-02-14 00:00:00
427,147,ARCO202200049,2025-12-17,2026-02-03,em_andamento,17,2025-12-18 00:00:00,2026-01-27 00:00:00
428,140,ARCO-2022-00241,2022-03-26,2022-06-02,cancelled,16,2022-03-27 00:00:00,2022-04-11 00:00:00
429,96,ARCO-2022-00029,2025-08-25,2025-11-12,pending,1,2025-08-25 00:00:00,2025-09-17 00:00:00
430,12,,2023-11-08,2023-12-20,CANCELLED,11,2023-11-08 00:00:00,2023-12-15 00:00:00
431,201,ARCO-2023-00339,2023-09-18,2023-12-13,IN_PROGRESS,10,2023-09-18 00:00:00,2023-11-09 00:00:00
432,151,ARCO-2024-00002,2024-08-05,2024-09-03,A,6,2024-08-05 00:00:00,2024-09-12 00:00:00
433,7,ARCO-2023-00374,2025-10-21,2025-11-19,entregue,3,2025-10-21 00:00:00,2025-11-20 00:00:00
434,134,ARCo-2024-00059,2023-09-03,2023-11-22,delivered,15,2023-09-04 00:00:00,2023-10-26 00:00:00
435,209,ARCO-2025-00179,2024-05-19,2024-08-05,PENDING,3,2024-05-20 00:00:00,2024-07-17 00:00:00
436,87,ARCo-2024-00094,2024-04-23,2024-05-14,C,11,2024-04-23 00:00:00,2024-05-27 00:00:00
437,127,,2023-03-03,2023-05-03,em_andamento,9,2023-03-03 00:00:00,2023-03-15 00:00:00
438,174,ARCO-2025-00157,2025-06-08,2025-08-07,entregue,8,2025-06-09 00:00:00,2025-07-09 00:00:00
439,153,ARCO-2023-00291,2023-08-12,2023-08-31,cancelled,3,2023-08-12 00:00:00,2023-10-09 00:00:00
440,118,ARCO-2025-00003,2025-02-19,2025-05-14,CANCELLED,12,2025-02-19 00:00:00,2025-03-28 00:00:00
441,196,Arco-2024-00262,2023-06-08,2023-08-12,PENDING,6,2023-06-08 00:00:00,2023-06-17 00:00:00
442,33,,2025-02-19,2025-03-06,CANCELLED,9,2025-02-20 00:00:00,2025-04-07 00:00:00
443,30,ARCO-2023-00186,2024-03-18,2024-06-03,delivered,11,2024-03-19 00:00:00,2024-03-22 00:00:00
444,203,ARCO-2023-00186,2025-10-30,2026-01-20,IN_PROGRESS,9,2025-10-30 00:00:00,2025-11-10 00:00:00
445,186,ARCO-2025-00086,2022-10-07,2022-12-14,cancelled,6,2022-10-07 00:00:00,2022-11-24 00:00:00
446,225,,2023-06-09,2023-07-26,E,4,2023-06-10 00:00:00,2023-07-07 00:00:00
447,212,arco-2023-00093,2022-04-02,2022-05-26,IN_PROGRESS,4,2022-04-03 00:00:00,2022-05-24 00:00:00
448,232,,2024-08-12,2024-10-18,CANCELLED,5,2024-08-12 00:00:00,2024-09-03 00:00:00
449,213,ARCO-2022-00249,2023-11-06,2024-01-26,cancelado,8,2023-11-06 00:00:00,2023-12-03 00:00:00
450,248,,2022-09-23,2022-11-21,delivered,2,2022-09-23 00:00:00,2022-10-20 00:00:00
451,155,ARCO-2023-00133,2022-12-06,2023-01-22,IN_PROGRESS,20,2022-12-07 00:00:00,2022-12-21 00:00:00
452,85,ARCO-2025-00147,2022-07-28,2022-09-06,CANCELLED,16,2022-07-28 00:00:00,2022-09-11 00:00:00
453,247,ARCO-2025-00003,2022-09-30,2022-12-27,pendente,12,2022-09-30 00:00:00,2022-10-13 00:00:00
454,191,,2025-09-29,2025-12-14,E,5,2025-09-30 00:00:00,2025-10-25 00:00:00
455,224,ARCO-2023-00016,2024-10-16,2024-12-16,E,17,2024-10-17 00:00:00,2024-11-21 00:00:00
456,123,,2022-10-07,2022-10-30,pending,5,2022-10-08 00:00:00,2022-10-24 00:00:00
457,100,ARCO-2023-00120,2024-03-21,2024-04-09,em_andamento,14,2024-03-21 00:00:00,2024-04-17 00:00:00
458,180,Arco-2025-00069,2022-11-08,2022-12-16,CANCELLED,6,2022-11-08 00:00:00,2022-12-18 00:00:00
459,60,,2023-07-18,2023-08-17,IN_PROGRESS,4,2023-07-19 00:00:00,2023-08-23 00:00:00
460,228,ARCO-2024-00283,2024-09-10,2024-10-27,P,3,2024-09-10 00:00:00,2024-10-10 00:00:00
461,105,ARCO-2024-00059,2022-02-09,2022-03-04,pendente,16,2022-02-10 00:00:00,2022-03-05 00:00:00
462,174,ARCO-2025-00307,2025-07-06,2025-08-22,entregue,8,2025-07-07 00:00:00,2025-07-13 00:00:00
463,32,,2025-08-27,2025-11-04,em_andamento,16,2025-08-28 00:00:00,2025-09-24 00:00:00
464,237,,2023-03-04,2023-03-28,entregue,20,2023-03-05 00:00:00,2023-04-18 00:00:00
465,235,ARCO-2022-00247,2022-04-04,2022-05-07,A,16,2022-04-04 00:00:00,2022-04-25 00:00:00
466,188,ARCO-2022-00243,2025-11-08,2026-01-26,IN_PROGRESS,9,2025-11-09 00:00:00,2025-11-12 00:00:00
467,121,ARCO-2022-00161,2023-01-12,2023-03-02,E,2,2023-01-12 00:00:00,2023-01-14 00:00:00
468,213,ARCO-2023-00040,2023-11-27,2024-02-16,entregue,8,2023-11-28 00:00:00,2024-01-12 00:00:00
469,203,ARCO-2024-00182,2022-11-03,2022-12-12,cancelled,9,2022-11-04 00:00:00,2022-12-30 00:00:00
470,228,,2022-06-16,2022-08-10,pendente,3,2022-06-17 00:00:00,2022-07-27 00:00:00
471,85,,2023-07-30,2023-08-26,pending,16,2023-07-31 00:00:00,2023-08-21 00:00:00
472,132,ARCO-2024-00272,2023-07-17,2023-09-18,DELIVERED,19,2023-07-17 00:00:00,2023-08-04 00:00:00
473,29,ARCO202400037,2024-10-29,2025-01-23,pendente,4,2024-10-29 00:00:00,2024-11-09 00:00:00
474,85,ARCO-2022-00138,2022-04-13,2022-06-01,DELIVERED,16,2022-04-14 00:00:00,2022-04-21 00:00:00
475,109,ARCO-2023-00012,2022-07-05,2022-08-25,P,4,2022-07-06 00:00:00,2022-08-28 00:00:00
476,150,ARCO-2022-00234,2023-02-16,2023-04-10,entregue,9,2023-02-16 00:00:00,2023-03-12 00:00:00
477,101,ARCO-2025-00021,2022-11-06,2022-12-20,IN_PROGRESS,6,2022-11-06 00:00:00,2022-11-19 00:00:00
478,233,arco-2023-00085,2022-01-24,2022-03-03,C,19,2022-01-24 00:00:00,2022-02-28 00:00:00
479,198,ARCO-2022-00220,2025-01-29,2025-03-09,PENDING,4,2025-01-29 00:00:00,2025-02-28 00:00:00
480,212,,2025-06-23,2025-08-16,pending,4,2025-06-24 00:00:00,2025-07-25 00:00:00
481,30,ARCO-2025-00199,2024-12-06,2025-02-13,cancelled,11,2024-12-07 00:00:00,2024-12-26 00:00:00
482,146,,2024-01-16,2024-02-20,DELIVERED,18,2024-01-17 00:00:00,2024-03-01 00:00:00
483,26,,2022-09-08,2022-10-12,delivered,18,2022-09-08 00:00:00,2022-09-15 00:00:00
484,245,ARCO-2023-00071,2023-04-07,2023-06-04,A,4,2023-04-08 00:00:00,2023-05-19 00:00:00
485,184,,2023-03-08,2023-04-21,DELIVERED,11,2023-03-08 00:00:00,2023-03-12 00:00:00
486,213,,2022-12-21,2023-01-25,IN_PROGRESS,8,2022-12-21 00:00:00,2023-02-18 00:00:00
487,148,ARCO-2025-00242,2025-08-16,2025-09-01,E,9,2025-08-16 00:00:00,2025-09-05 00:00:00
488,202,ARCo-2024-00254,2025-04-27,2025-07-18,E,15,2025-04-28 00:00:00,2025-06-26 00:00:00
489,223,,2025-09-07,2025-10-16,IN_PROGRESS,13,2025-09-08 00:00:00,2025-09-28 00:00:00
490,57,ARCO-2023-00271,2024-07-04,2024-08-20,entregue,12,2024-07-04 00:00:00,2024-07-27 00:00:00
491,192,ARCO-2025-00042,2023-06-11,2023-07-28,CANCELLED,6,2023-06-11 00:00:00,2023-07-21 00:00:00
492,120,ARCO-2025-00096,2024-09-04,2024-11-24,IN_PROGRESS,7,2024-09-04 00:00:00,2024-09-05 00:00:00
493,13,ARCO-2025-00242,2023-11-18,2024-02-04,cancelado,10,2023-11-19 00:00:00,2024-01-16 00:00:00
494,73,ARCO-2025-00069,2025-05-24,2025-07-28,IN_PROGRESS,7,2025-05-24 00:00:00,2025-05-24 00:00:00
495,219,ARCO202400118,2025-10-24,2025-11-29,pendente,4,2025-10-25 00:00:00,2025-12-07 00:00:00
496,89,ARCO-2023-00172,2023-04-12,2023-07-05,E,16,2023-04-12 00:00:00,2023-04-13 00:00:00
497,140,,2025-02-25,2025-05-03,cancelado,16,2025-02-26 00:00:00,2025-04-08 00:00:00
498,207,ARCO-2022-00041,2024-08-10,2024-10-01,DELIVERED,6,2024-08-11 00:00:00,2024-09-15 00:00:00
499,79,ARCO-2022-00314,2024-01-31,2024-04-21,IN_PROGRESS,9,2024-02-01 00:00:00,2024-03-13 00:00:00
500,228,,2025-11-15,2026-01-24,IN_PROGRESS,3,2025-11-16 00:00:00,2026-01-05 00:00:00
501,6,ARCO-2025-00031,2025-06-23,2025-08-03,CANCELLED,8,2025-06-23 00:00:00,2025-07-21 00:00:00
502,232,ARCO-2023-00065,2022-06-20,2022-09-02,A,5,2022-06-21 00:00:00,2022-07-18 00:00:00
503,245,ARCO-2024-00124,2025-10-01,2025-12-09,IN_PROGRESS,4,2025-10-02 00:00:00,2025-10-07 00:00:00
504,109,,2022-03-17,2022-05-02,PENDING,4,2022-03-17 00:00:00,2022-04-07 00:00:00
505,217,ARCO-2024-00054,2023-01-21,2023-02-08,cancelled,16,2023-01-21 00:00:00,2023-02-14 00:00:00
506,5,,2022-02-24,2022-04-26,pendente,1,2022-02-25 00:00:00,2022-03-01 00:00:00
507,196,ARCO-2022-00105,2025-12-17,2026-02-21,PENDING,6,2025-12-17 00:00:00,2025-12-18 00:00:00
508,144,Arco-2023-00285,2025-01-23,2025-03-10,E,18,2025-01-23 00:00:00,2025-02-17 00:00:00
509,81,ARCO-2022-00154,2023-10-15,2024-01-05,pending,16,2023-10-15 00:00:00,2023-12-09 00:00:00
510,61,ARCO-2022-00053,2023-08-19,2023-09-24,entregue,13,2023-08-20 00:00:00,2023-08-25 00:00:00
511,103,ARCO-2022-00125,2024-04-21,2024-05-11,cancelado,14,2024-04-22 00:00:00,2024-05-07 00:00:00
512,82,ARCO-2024-00151,2022-02-04,2022-04-01,C,15,2022-02-04 00:00:00,2022-02-14 00:00:00
513,53,ARCO-2024-00183,2024-08-08,2024-10-05,DELIVERED,13,2024-08-09 00:00:00,2024-09-18 00:00:00
514,94,ARCO-2023-00065,2022-08-11,2022-10-06,PENDING,19,2022-08-12 00:00:00,2022-09-10 00:00:00
515,208,,2024-02-21,2024-04-22,E,19,2024-02-21 00:00:00,2024-03-04 00:00:00
516,103,ARCO-2025-00074,2023-05-06,2023-06-30,cancelled,14,2023-05-06 00:00:00,2023-05-15 00:00:00
517,132,ARCO-2023-00323,2023-04-26,2023-07-23,pendente,19,2023-04-26 00:00:00,2023-05-06 00:00:00
518,95,ARCO-2025-00217,2022-03-05,2022-03-26,P,4,2022-03-05 00:00:00,2022-03-23 00:00:00
519,175,ARCO-2023-00248,2023-05-03,2023-07-11,cancelado,4,2023-05-04 00:00:00,2023-05-19 00:00:00
520,131,,2022-10-16,2022-12-21,entregue,10,2022-10-16 00:00:00,2022-12-06 00:00:00
521,146,ARCO-2022-00210,2022-07-19,2022-10-13,pending,18,2022-07-19 00:00:00,2022-08-10 00:00:00
522,197,arco-2023-00038,2024-06-16,2024-07-01,cancelado,3,2024-06-16 00:00:00,2024-07-26 00:00:00
523,38,ARCo-2022-00017,2023-08-08,2023-08-30,PENDING,17,2023-08-08 00:00:00,2023-08-13 00:00:00
524,68,ARCo-2022-00225,2025-05-17,2025-06-12,CANCELLED,10,2025-05-17 00:00:00,2025-05-27 00:00:00
525,228,ARCO-2023-00140,2022-05-05,2022-07-12,cancelado,3,2022-05-05 00:00:00,2022-05-24 00:00:00
526,219,ARCO-2023-00285,2024-05-22,2024-06-30,entregue,4,2024-05-22 00:00:00,2024-07-04 00:00:00
527,16,,2024-06-08,2024-08-27,delivered,17,2024-06-08 00:00:00,2024-06-09 00:00:00
528,118,ARCO-2022-00138,2023-01-28,2023-04-21,P,12,2023-01-28 00:00:00,2023-03-29 00:00:00
529,63,,2024-05-19,2024-06-14,PENDING,9,2024-05-19 00:00:00,2024-07-13 00:00:00
530,236,,2024-04-04,2024-05-28,em_andamento,11,2024-04-05 00:00:00,2024-05-21 00:00:00
531,173,ARCO-2025-00100,2024-05-02,2024-05-26,P,2,2024-05-03 00:00:00,2024-05-27 00:00:00
532,196,,2023-06-23,2023-09-04,DELIVERED,6,2023-06-23 00:00:00,2023-08-02 00:00:00
533,62,ARCO-2022-00347,2022-03-14,2022-05-19,PENDING,20,2022-03-15 00:00:00,2022-05-13 00:00:00
534,229,ARCO-2022-00017,2024-11-17,2024-12-14,PENDING,17,2024-11-18 00:00:00,2025-01-09 00:00:00
535,82,ARCO-2023-00067,2022-02-18,2022-05-01,IN_PROGRESS,15,2022-02-18 00:00:00,2022-03-15 00:00:00
536,205,,2023-11-04,2024-01-13,cancelado,4,2023-11-04 00:00:00,2023-11-11 00:00:00
537,166,ARCO-2025-00227,2023-07-28,2023-10-02,entregue,14,2023-07-29 00:00:00,2023-08-31 00:00:00
538,230,,2025-09-04,2025-10-15,P,16,2025-09-05 00:00:00,2025-09-23 00:00:00
539,86,,2025-10-26,2025-11-10,DELIVERED,14,2025-10-26 00:00:00,2025-11-30 00:00:00
540,69,ARCO-2023-00078,2025-03-03,2025-05-04,cancelado,15,2025-03-03 00:00:00,2025-03-17 00:00:00
541,209,,2022-03-19,2022-05-03,cancelado,3,2022-03-20 00:00:00,2022-04-16 00:00:00
542,45,ARCO-2023-00102,2022-01-21,2022-03-25,A,16,2022-01-21 00:00:00,2022-02-10 00:00:00
543,44,,2023-06-11,2023-07-19,entregue,8,2023-06-11 00:00:00,2023-07-22 00:00:00
544,23,ARCO-2022-00232,2023-03-07,2023-04-26,E,13,2023-03-08 00:00:00,2023-04-03 00:00:00
545,186,,2024-07-21,2024-10-16,A,6,2024-07-22 00:00:00,2024-08-13 00:00:00
546,43,,2022-10-14,2022-11-01,cancelled,3,2022-10-15 00:00:00,2022-11-25 00:00:00
547,189,,2023-10-03,2023-11-25,delivered,16,2023-10-03 00:00:00,2023-10-03 00:00:00
548,89,ARCO-2024-00211,2025-07-13,2025-07-29,pendente,16,2025-07-13 00:00:00,2025-09-08 00:00:00
549,134,ARCO-2022-00294,2022-12-31,2023-03-11,em_andamento,15,2023-01-01 00:00:00,2023-02-18 00:00:00
550,209,ARCO-2024-00238,2022-03-14,2022-05-11,pendente,3,2022-03-15 00:00:00,2022-04-19 00:00:00
551,208,ARCO-2023-00071,2022-10-23,2022-12-09,A,19,2022-10-24 00:00:00,2022-11-27 00:00:00
552,248,ARCO-2025-00360,2023-03-24,2023-04-26,P,2,2023-03-25 00:00:00,2023-04-15 00:00:00
553,100,ARCO-2022-00247,2022-01-23,2022-02-21,IN_PROGRESS,14,2022-01-23 00:00:00,2022-03-24 00:00:00
554,210,ARCO-2023-00088,2025-01-18,2025-04-09,C,9,2025-01-19 00:00:00,2025-02-09 00:00:00
555,162,ARCO-2025-00201,2024-06-17,2024-09-11,pending,8,2024-06-17 00:00:00,2024-08-05 00:00:00
556,120,,2023-02-03,2023-03-04,C,7,2023-02-04 00:00:00,2023-02-10 00:00:00
557,85,ARCO-2023-00156,2022-07-24,2022-09-01,A,16,2022-07-24 00:00:00,2022-08-20 00:00:00
558,233,,2024-11-18,2025-02-15,E,19,2024-11-18 00:00:00,2025-01-12 00:00:00
559,87,ARCO-2025-00026,2023-12-08,2024-02-18,CANCELLED,11,2023-12-08 00:00:00,2024-01-10 00:00:00
560,27,ARCO-2022-00212,2025-09-19,2025-11-16,pending,20,2025-09-19 00:00:00,2025-11-03 00:00:00
561,77,ARCO-2022-00192,2022-04-22,2022-06-08,em_andamento,10,2022-04-23 00:00:00,2022-04-30 00:00:00
562,20,ARCO-2025-00229,2022-10-31,2023-01-18,cancelado,20,2022-11-01 00:00:00,2022-12-09 00:00:00
563,120,ARCO-2024-00341,2023-02-01,2023-04-04,em_andamento,7,2023-02-01 00:00:00,2023-02-05 00:00:00
564,108,,2025-05-18,2025-08-05,A,3,2025-05-19 00:00:00,2025-07-08 00:00:00
565,127,ARCO-2022-00361,2022-02-28,2022-04-13,P,9,2022-03-01 00:00:00,2022-04-14 00:00:00
566,155,ARCO-2024-00378,2024-01-12,2024-01-28,C,20,2024-01-13 00:00:00,2024-02-23 00:00:00
567,36,ARCO202200232,2024-03-05,2024-05-30,DELIVERED,10,2024-03-06 00:00:00,2024-04-25 00:00:00
568,241,ARCO-2022-00193,2023-10-31,2024-01-10,IN_PROGRESS,17,2023-10-31 00:00:00,2023-11-16 00:00:00
569,106,ARCO-2023-00271,2022-05-01,2022-06-11,cancelado,15,2022-05-02 00:00:00,2022-05-09 00:00:00
570,19,,2022-04-27,2022-06-17,pending,5,2022-04-28 00:00:00,2022-05-14 00:00:00
571,62,Arco-2023-00025,2022-07-11,2022-09-04,E,20,2022-07-11 00:00:00,2022-07-14 00:00:00
572,215,,2023-06-18,2023-07-07,pending,19,2023-06-18 00:00:00,2023-08-07 00:00:00
573,115,ARCO-2024-00037,2024-05-01,2024-05-18,CANCELLED,14,2024-05-01 00:00:00,2024-05-16 00:00:00
574,42,ARCO-2025-00061,2023-05-16,2023-07-28,pendente,16,2023-05-17 00:00:00,2023-06-20 00:00:00
575,170,ARCO-2024-00262,2023-05-10,2023-07-25,P,3,2023-05-10 00:00:00,2023-07-05 00:00:00
576,111,ARCO-2024-00321,2024-06-21,2024-08-09,PENDING,8,2024-06-21 00:00:00,2024-08-17 00:00:00
577,134,ARCO-2022-00274,2022-06-29,2022-08-22,cancelled,15,2022-06-29 00:00:00,2022-08-11 00:00:00
578,233,ARCO-2024-00369,2022-05-01,2022-06-19,P,19,2022-05-01 00:00:00,2022-06-12 00:00:00
579,126,ARCO-2023-00306,2025-10-18,2025-11-03,em_andamento,19,2025-10-19 00:00:00,2025-11-01 00:00:00
580,65,,2025-03-11,2025-05-09,em_andamento,4,2025-03-12 00:00:00,2025-03-15 00:00:00
581,220,Arco-2023-00224,2022-07-13,2022-08-25,E,12,2022-07-13 00:00:00,2022-08-13 00:00:00
582,162,ARCO-2023-00116,2023-08-02,2023-10-14,delivered,8,2023-08-02 00:00:00,2023-09-21 00:00:00
583,38,ARCO-2022-00154,2023-04-15,2023-07-14,CANCELLED,17,2023-04-15 00:00:00,2023-05-20 00:00:00
584,76,ARCO-2023-00224,2023-04-08,2023-06-02,pendente,5,2023-04-09 00:00:00,2023-04-08 00:00:00
585,27,ARCO-2023-00269,2024-06-16,2024-07-28,cancelado,20,2024-06-17 00:00:00,2024-08-10 00:00:00
586,233,,2025-11-28,2026-02-16,IN_PROGRESS,19,2025-11-29 00:00:00,2025-12-25 00:00:00
587,207,,2025-05-16,2025-07-23,pending,6,2025-05-16 00:00:00,2025-05-27 00:00:00
588,241,ARCO-2022-00240,2023-12-17,2024-03-14,P,17,2023-12-17 00:00:00,2024-01-14 00:00:00
589,177,ARCO-2025-00132,2023-03-15,2023-05-09,pending,1,2023-03-16 00:00:00,2023-05-02 00:00:00
590,2,ARCO-2025-00122,2024-08-17,2024-10-13,em_andamento,4,2024-08-18 00:00:00,2024-09-28 00:00:00
591,160,,2025-04-20,2025-06-09,em_andamento,2,2025-04-20 00:00:00,2025-06-18 00:00:00
592,143,,2025-08-14,2025-10-11,entregue,11,2025-08-14 00:00:00,2025-09-20 00:00:00
593,116,ARCO-2024-00141,2025-02-15,2025-03-08,A,11,2025-02-15 00:00:00,2025-03-13 00:00:00
594,72,Arco-2024-00366,2023-07-24,2023-09-27,DELIVERED,19,2023-07-25 00:00:00,2023-08-17 00:00:00
595,130,,2024-01-07,2024-01-31,PENDING,3,2024-01-08 00:00:00,2024-01-16 00:00:00
596,82,ARCO-2025-00304,2024-11-21,2025-01-31,IN_PROGRESS,15,2024-11-22 00:00:00,2024-11-28 00:00:00
597,235,ARCO-2024-00344,2023-12-01,2024-01-13,PENDING,16,2023-12-01 00:00:00,2024-01-26 00:00:00
598,178,,2022-03-06,2022-04-13,delivered,1,2022-03-07 00:00:00,2022-04-05 00:00:00
599,55,ARCo-2022-00189,2023-04-25,2023-06-28,CANCELLED,15,2023-04-26 00:00:00,2023-06-02 00:00:00
600,237,,2023-05-14,2023-07-22,cancelled,20,2023-05-15 00:00:00,2023-05-19 00:00:00
601,33,ARCO-2025-00036,2022-12-04,2023-01-31,CANCELLED,9,2022-12-05 00:00:00,2023-01-11 00:00:00
602,48,,2023-05-20,2023-06-12,E,11,2023-05-21 00:00:00,2023-07-10 00:00:00
603,45,,2024-02-24,2024-03-14,DELIVERED,16,2024-02-24 00:00:00,2024-04-10 00:00:00
604,144,ARCO-2022-00105,2022-08-01,2022-10-19,cancelled,18,2022-08-01 00:00:00,2022-09-27 00:00:00
605,111,ARCO-2023-00169,2023-07-19,2023-10-09,CANCELLED,8,2023-07-20 00:00:00,2023-08-07 00:00:00
606,220,ARCO-2025-00021,2022-03-04,2022-04-08,P,12,2022-03-05 00:00:00,2022-03-07 00:00:00
607,188,ARCO-2022-00143,2023-07-21,2023-08-28,CANCELLED,9,2023-07-21 00:00:00,2023-08-24 00:00:00
608,44,,2024-09-02,2024-10-28,cancelado,8,2024-09-02 00:00:00,2024-10-01 00:00:00
609,242,,2023-09-09,2023-10-04,em_andamento,16,2023-09-10 00:00:00,2023-10-19 00:00:00
610,28,,2024-08-02,2024-09-21,IN_PROGRESS,4,2024-08-03 00:00:00,2024-08-31 00:00:00
611,43,,2024-06-08,2024-08-12,P,3,2024-06-09 00:00:00,2024-07-03 00:00:00
612,19,ARCO-2022-00008,2024-07-02,2024-08-19,PENDING,5,2024-07-03 00:00:00,2024-07-06 00:00:00
613,26,ARCO-2023-00087,2024-07-10,2024-10-03,PENDING,18,2024-07-11 00:00:00,2024-08-01 00:00:00
614,62,,2024-02-17,2024-03-13,DELIVERED,20,2024-02-17 00:00:00,2024-02-17 00:00:00
615,24,,2022-04-12,2022-05-16,CANCELLED,20,2022-04-13 00:00:00,2022-06-02 00:00:00
616,135,,2022-09-06,2022-11-18,delivered,17,2022-09-07 00:00:00,2022-11-05 00:00:00
617,237,ARCO-2024-00037,2025-03-17,2025-04-27,C,20,2025-03-18 00:00:00,2025-04-15 00:00:00
618,43,ARCO-2022-00241,2025-07-21,2025-09-28,pendente,3,2025-07-22 00:00:00,2025-09-09 00:00:00
619,121,,2023-09-28,2023-10-17,A,2,2023-09-28 00:00:00,2023-11-13 00:00:00
620,218,ARCO-2024-00322,2024-06-23,2024-09-16,em_andamento,3,2024-06-24 00:00:00,2024-06-29 00:00:00
621,227,,2023-06-01,2023-07-17,em_andamento,13,2023-06-01 00:00:00,2023-07-18 00:00:00
622,200,ARCO-2022-00296,2024-03-10,2024-05-21,P,6,2024-03-10 00:00:00,2024-03-14 00:00:00
623,201,,2023-02-17,2023-03-09,DELIVERED,10,2023-02-17 00:00:00,2023-02-28 00:00:00
624,92,ARCo-2025-00045,2025-04-13,2025-05-25,P,13,2025-04-14 00:00:00,2025-05-02 00:00:00
625,197,ARCO-2022-00204,2025-03-02,2025-04-27,C,3,2025-03-03 00:00:00,2025-03-22 00:00:00
626,53,ARCO-2024-00278,2023-12-16,2024-02-06,em_andamento,13,2023-12-16 00:00:00,2024-01-21 00:00:00
627,69,ARCO-2023-00266,2023-04-03,2023-05-01,C,15,2023-04-03 00:00:00,2023-04-24 00:00:00
628,128,,2025-04-07,2025-04-29,A,20,2025-04-07 00:00:00,2025-04-24 00:00:00
629,141,,2023-05-03,2023-07-30,DELIVERED,18,2023-05-03 00:00:00,2023-06-21 00:00:00
630,190,ARCO-2023-00066,2024-05-05,2024-06-30,P,10,2024-05-06 00:00:00,2024-05-07 00:00:00
631,42,,2022-03-28,2022-04-14,IN_PROGRESS,16,2022-03-28 00:00:00,2022-04-04 00:00:00
632,162,ARCO-2025-00343,2024-02-13,2024-04-29,em_andamento,8,2024-02-14 00:00:00,2024-03-11 00:00:00
633,62,ARCO-2022-00060,2022-05-29,2022-06-16,cancelado,20,2022-05-30 00:00:00,2022-07-13 00:00:00
634,220,ARCO-2023-00364,2022-09-26,2022-12-14,IN_PROGRESS,12,2022-09-27 00:00:00,2022-10-27 00:00:00
635,161,ARCO202500103,2022-06-15,2022-07-12,cancelled,18,2022-06-15 00:00:00,2022-07-04 00:00:00
636,224,ARCO-2022-00052,2024-06-07,2024-07-27,delivered,17,2024-06-08 00:00:00,2024-07-30 00:00:00
637,51,ARCO-2025-00219,2023-12-26,2024-01-23,C,4,2023-12-26 00:00:00,2024-01-19 00:00:00
638,23,ARCO-2024-00149,2025-06-23,2025-09-02,PENDING,13,2025-06-24 00:00:00,2025-08-20 00:00:00
639,29,ARCO-2023-00093,2022-02-07,2022-03-08,delivered,4,2022-02-07 00:00:00,2022-04-01 00:00:00
640,142,,2025-05-03,2025-06-11,delivered,10,2025-05-04 00:00:00,2025-05-30 00:00:00
641,95,,2024-04-22,2024-07-10,cancelado,4,2024-04-22 00:00:00,2024-05-20 00:00:00
642,195,ARCO-2024-00378,2022-07-15,2022-09-03,delivered,12,2022-07-16 00:00:00,2022-08-26 00:00:00
643,65,,2024-05-29,2024-08-24,pendente,4,2024-05-30 00:00:00,2024-07-08 00:00:00
644,110,ARCO-2024-00377,2023-12-29,2024-01-18,delivered,13,2023-12-29 00:00:00,2024-02-14 00:00:00
645,130,arco-2025-00128,2024-06-18,2024-07-19,DELIVERED,3,2024-06-18 00:00:00,2024-08-15 00:00:00
646,187,ARCO-2023-00271,2024-09-05,2024-10-02,A,4,2024-09-05 00:00:00,2024-09-24 00:00:00
647,37,ARCO-2024-00272,2024-03-08,2024-05-27,A,12,2024-03-08 00:00:00,2024-05-05 00:00:00
648,214,,2022-11-03,2022-12-26,E,9,2022-11-03 00:00:00,2022-11-25 00:00:00
649,156,ARCO-2024-00331,2023-07-04,2023-09-28,E,2,2023-07-04 00:00:00,2023-07-24 00:00:00
650,152,,2023-06-15,2023-07-23,IN_PROGRESS,17,2023-06-16 00:00:00,2023-07-07 00:00:00
651,127,,2025-04-18,2025-07-07,A,9,2025-04-19 00:00:00,2025-04-19 00:00:00
652,126,ARCO-2022-00253,2022-02-12,2022-04-24,cancelado,19,2022-02-13 00:00:00,2022-02-16 00:00:00
653,178,,2022-09-21,2022-10-08,A,1,2022-09-21 00:00:00,2022-10-19 00:00:00
654,192,ARCO-2024-00283,2025-05-21,2025-07-15,DELIVERED,6,2025-05-21 00:00:00,2025-06-10 00:00:00
655,246,,2023-08-31,2023-11-17,delivered,4,2023-09-01 00:00:00,2023-10-06 00:00:00
656,24,ARCO-2024-00183,2025-03-29,2025-05-19,entregue,20,2025-03-30 00:00:00,2025-04-02 00:00:00
657,102,ARCO-2022-00136,2024-12-31,2025-03-17,cancelled,14,2025-01-01 00:00:00,2025-01-28 00:00:00
658,100,ARCO-2023-00359,2024-03-20,2024-05-05,C,14,2024-03-21 00:00:00,2024-05-19 00:00:00
659,137,ARCO-2023-00353,2022-03-14,2022-05-27,PENDING,14,2022-03-15 00:00:00,2022-05-03 00:00:00
660,134,ARCO-2023-00078,2025-10-26,2025-12-26,cancelled,15,2025-10-26 00:00:00,2025-11-14 00:00:00
661,170,ARCO-2024-00173,2025-07-27,2025-09-19,P,3,2025-07-27 00:00:00,2025-09-01 00:00:00
662,148,ARCO-2024-00202,2025-08-30,2025-10-17,IN_PROGRESS,9,2025-08-30 00:00:00,2025-10-21 00:00:00
663,117,,2024-08-19,2024-09-05,IN_PROGRESS,14,2024-08-20 00:00:00,2024-10-10 00:00:00
664,52,ARCO-2025-00227,2022-03-22,2022-04-08,E,12,2022-03-23 00:00:00,2022-04-11 00:00:00
665,230,ARCO-2025-00018,2022-05-13,2022-07-16,C,16,2022-05-14 00:00:00,2022-05-25 00:00:00
666,90,ARCO202400080,2025-06-22,2025-07-20,delivered,15,2025-06-22 00:00:00,2025-07-19 00:00:00
667,78,ARCO-2025-00201,2023-04-05,2023-06-28,E,20,2023-04-06 00:00:00,2023-04-10 00:00:00
668,32,,2025-05-10,2025-08-06,cancelado,16,2025-05-11 00:00:00,2025-05-18 00:00:00
669,179,ARCO-2022-00333,2024-12-26,2025-01-18,pendente,5,2024-12-26 00:00:00,2024-12-29 00:00:00
670,193,ARCO-2025-00185,2024-09-16,2024-10-12,cancelado,6,2024-09-16 00:00:00,2024-10-16 00:00:00
671,103,ARCO-2025-00024,2024-06-13,2024-07-19,em_andamento,14,2024-06-14 00:00:00,2024-06-27 00:00:00
672,59,,2022-09-22,2022-12-04,CANCELLED,11,2022-09-23 00:00:00,2022-10-08 00:00:00
673,174,,2022-09-21,2022-11-23,delivered,8,2022-09-22 00:00:00,2022-11-06 00:00:00
674,115,ARCO202200347,2022-04-03,2022-05-18,pending,14,2022-04-04 00:00:00,2022-04-05 00:00:00
675,132,,2024-02-01,2024-03-31,pending,19,2024-02-01 00:00:00,2024-03-24 00:00:00
676,148,ARCO-2025-00069,2023-10-05,2023-10-29,IN_PROGRESS,9,2023-10-06 00:00:00,2023-10-10 00:00:00
677,131,ARCO-2022-00234,2023-06-08,2023-07-26,entregue,10,2023-06-08 00:00:00,2023-08-06 00:00:00
678,133,,2022-05-17,2022-07-06,pending,6,2022-05-17 00:00:00,2022-05-23 00:00:00
679,210,ARCO-2022-00361,2025-04-22,2025-07-02,cancelled,9,2025-04-22 00:00:00,2025-05-03 00:00:00
680,103,,2024-09-10,2024-09-27,CANCELLED,14,2024-09-11 00:00:00,2024-10-17 00:00:00
681,233,ARCO-2024-00230,2023-03-11,2023-05-02,em_andamento,19,2023-03-12 00:00:00,2023-04-09 00:00:00
682,205,,2022-09-27,2022-10-28,E,4,2022-09-27 00:00:00,2022-09-28 00:00:00
683,194,ARCO-2022-00314,2025-02-08,2025-04-27,PENDING,1,2025-02-09 00:00:00,2025-03-11 00:00:00
684,111,ARCO-2024-00081,2023-02-19,2023-04-07,IN_PROGRESS,8,2023-02-19 00:00:00,2023-04-11 00:00:00
685,225,ARCO202400046,2025-01-28,2025-02-19,P,4,2025-01-29 00:00:00,2025-03-27 00:00:00
686,182,ARCO-2024-00158,2024-12-02,2024-12-22,em_andamento,16,2024-12-02 00:00:00,2025-01-19 00:00:00
687,129,,2023-04-09,2023-05-31,cancelado,8,2023-04-10 00:00:00,2023-04-29 00:00:00
688,242,ARCO-2025-00304,2023-10-12,2023-12-16,E,16,2023-10-13 00:00:00,2023-10-14 00:00:00
689,82,ARCO-2023-00205,2024-04-23,2024-06-29,em_andamento,15,2024-04-24 00:00:00,2024-05-19 00:00:00
690,69,Arco-2024-00004,2022-02-26,2022-04-13,em_andamento,15,2022-02-26 00:00:00,2022-04-14 00:00:00
691,248,ARCO-2025-00375,2024-06-07,2024-07-20,DELIVERED,2,2024-06-08 00:00:00,2024-08-03 00:00:00
692,213,ARCo-2025-00137,2023-04-15,2023-05-31,delivered,8,2023-04-16 00:00:00,2023-05-02 00:00:00
693,43,ARCO-2022-00138,2024-12-17,2025-02-11,pending,3,2024-12-18 00:00:00,2025-02-11 00:00:00
694,93,ARCO-2022-00204,2025-01-06,2025-03-28,cancelled,10,2025-01-06 00:00:00,2025-02-09 00:00:00
695,22,ARCO-2024-00134,2024-06-07,2024-07-22,IN_PROGRESS,18,2024-06-07 00:00:00,2024-06-29 00:00:00
696,43,ARCO-2023-00231,2023-11-25,2023-12-21,A,3,2023-11-26 00:00:00,2024-01-05 00:00:00
697,74,ARCO-2023-00078,2024-10-13,2024-12-15,pending,8,2024-10-14 00:00:00,2024-11-04 00:00:00
698,63,ARCO-2023-00093,2024-04-07,2024-06-16,cancelado,9,2024-04-08 00:00:00,2024-05-21 00:00:00
699,203,,2022-05-25,2022-08-22,em_andamento,9,2022-05-25 00:00:00,2022-05-31 00:00:00
700,247,,2025-12-24,2026-01-24,em_andamento,12,2025-12-24 00:00:00,2026-02-21 00:00:00
701,81,ARCo-2023-00245,2024-08-31,2024-11-18,em_andamento,16,2024-09-01 00:00:00,2024-10-10 00:00:00
702,55,ARCO-2025-00281,2023-02-19,2023-03-23,entregue,15,2023-02-20 00:00:00,2023-03-18 00:00:00
703,42,ARCO-2023-00364,2022-07-12,2022-08-07,pendente,16,2022-07-12 00:00:00,2022-08-28 00:00:00
704,103,ARCO-2025-00181,2022-03-02,2022-05-11,entregue,14,2022-03-02 00:00:00,2022-03-06 00:00:00
705,198,ARCO-2023-00146,2022-12-17,2023-02-23,CANCELLED,4,2022-12-17 00:00:00,2022-12-25 00:00:00
706,138,,2025-08-11,2025-10-21,DELIVERED,14,2025-08-11 00:00:00,2025-09-21 00:00:00
707,148,,2024-09-04,2024-10-01,cancelled,9,2024-09-04 00:00:00,2024-10-12 00:00:00
708,122,ARCO-2025-00007,2025-10-12,2025-12-10,delivered,19,2025-10-12 00:00:00,2025-11-19 00:00:00
709,104,ARCO-2025-00043,2022-11-05,2023-01-21,entregue,16,2022-11-05 00:00:00,2022-11-15 00:00:00
710,150,,2025-08-21,2025-10-28,P,9,2025-08-21 00:00:00,2025-08-27 00:00:00
711,135,,2023-05-20,2023-07-03,em_andamento,17,2023-05-21 00:00:00,2023-07-17 00:00:00
712,198,,2024-07-10,2024-09-28,E,4,2024-07-11 00:00:00,2024-09-03 00:00:00
713,229,ARCO-2022-00117,2024-06-10,2024-07-09,C,17,2024-06-10 00:00:00,2024-06-15 00:00:00
714,247,ARCO-2023-00155,2024-01-10,2024-04-02,A,12,2024-01-10 00:00:00,2024-02-05 00:00:00
715,225,ARCO-2025-00157,2022-12-14,2023-02-24,CANCELLED,4,2022-12-14 00:00:00,2022-12-17 00:00:00
716,150,ARCO-2023-00316,2024-04-18,2024-07-06,CANCELLED,9,2024-04-18 00:00:00,2024-04-19 00:00:00
717,105,ARCO-2025-00056,2025-06-12,2025-07-31,cancelado,16,2025-06-13 00:00:00,2025-07-14 00:00:00
718,204,ARCO202200136,2022-02-04,2022-05-03,IN_PROGRESS,13,2022-02-05 00:00:00,2022-03-20 00:00:00
719,174,ARCO-2023-00269,2025-03-22,2025-04-29,cancelado,8,2025-03-22 00:00:00,2025-03-27 00:00:00
720,35,ARCO-2024-00322,2025-04-09,2025-05-21,delivered,3,2025-04-10 00:00:00,2025-05-10 00:00:00
721,139,,2024-10-13,2024-11-22,pendente,9,2024-10-14 00:00:00,2024-12-08 00:00:00
722,4,ARCO-2023-00245,2023-05-15,2023-08-12,C,17,2023-05-15 00:00:00,2023-07-09 00:00:00
723,151,ARCO-2024-00262,2023-04-09,2023-04-24,C,6,2023-04-10 00:00:00,2023-04-27 00:00:00
724,27,ARCO-2023-00257,2024-03-22,2024-05-27,E,20,2024-03-22 00:00:00,2024-04-16 00:00:00
725,122,ARCO-2024-00345,2025-10-05,2025-10-26,DELIVERED,19,2025-10-06 00:00:00,2025-10-29 00:00:00
726,119,,2022-03-26,2022-04-26,em_andamento,15,2022-03-26 00:00:00,2022-05-05 00:00:00
727,107,ARCO-2023-00135,2023-02-06,2023-04-30,DELIVERED,18,2023-02-06 00:00:00,2023-03-27 00:00:00
728,192,ARCO-2025-00317,2022-03-04,2022-04-19,CANCELLED,6,2022-03-05 00:00:00,2022-03-21 00:00:00
729,185,ARCO-2023-00231,2022-04-16,2022-05-02,IN_PROGRESS,20,2022-04-16 00:00:00,2022-04-25 00:00:00
730,44,,2025-02-21,2025-05-14,pendente,8,2025-02-21 00:00:00,2025-03-20 00:00:00
731,56,ARCO-2023-00044,2023-05-26,2023-08-14,pending,19,2023-05-26 00:00:00,2023-07-03 00:00:00
732,165,,2024-02-12,2024-04-19,entregue,20,2024-02-12 00:00:00,2024-02-19 00:00:00
733,147,ARCO-2023-00085,2024-05-10,2024-07-20,CANCELLED,17,2024-05-11 00:00:00,2024-05-24 00:00:00
734,239,ARCO-2025-00242,2023-10-21,2024-01-05,IN_PROGRESS,18,2023-10-21 00:00:00,2023-11-09 00:00:00
735,225,,2024-12-28,2025-02-11,PENDING,4,2024-12-28 00:00:00,2025-01-04 00:00:00
736,229,,2023-06-07,2023-08-19,cancelado,17,2023-06-08 00:00:00,2023-07-14 00:00:00
737,55,Arco-2022-00347,2025-02-12,2025-04-15,cancelled,15,2025-02-12 00:00:00,2025-03-17 00:00:00
738,148,,2025-06-13,2025-07-30,E,9,2025-06-13 00:00:00,2025-08-03 00:00:00
739,70,,2024-11-18,2025-01-16,A,15,2024-11-19 00:00:00,2025-01-13 00:00:00
740,233,ARCO-2024-00151,2025-02-18,2025-03-17,pendente,19,2025-02-18 00:00:00,2025-02-24 00:00:00
741,135,,2022-06-14,2022-09-05,PENDING,17,2022-06-14 00:00:00,2022-07-13 00:00:00
742,166,,2022-10-07,2023-01-02,cancelado,14,2022-10-07 00:00:00,2022-11-09 00:00:00
743,17,ARCO-2024-00251,2024-01-08,2024-03-25,delivered,1,2024-01-09 00:00:00,2024-01-23 00:00:00
744,211,ARCO-2022-00336,2024-07-01,2024-07-28,C,3,2024-07-02 00:00:00,2024-07-05 00:00:00
745,151,ARCO-2023-00126,2025-12-08,2026-01-15,E,6,2025-12-08 00:00:00,2025-12-18 00:00:00
746,233,ARCO-2025-00153,2025-01-16,2025-02-15,delivered,19,2025-01-16 00:00:00,2025-03-02 00:00:00
747,125,,2024-06-14,2024-07-30,P,13,2024-06-15 00:00:00,2024-06-18 00:00:00
748,215,,2023-05-25,2023-07-31,em_andamento,19,2023-05-25 00:00:00,2023-07-14 00:00:00
749,177,,2022-02-16,2022-04-27,IN_PROGRESS,1,2022-02-16 00:00:00,2022-04-08 00:00:00
750,54,ARCO-2025-00132,2025-12-21,2026-02-10,A,18,2025-12-21 00:00:00,2026-01-23 00:00:00
751,191,Arco-2023-00200,2023-09-27,2023-10-16,IN_PROGRESS,5,2023-09-27 00:00:00,2023-11-04 00:00:00
752,172,ARCO-2022-00259,2023-11-06,2023-12-28,PENDING,5,2023-11-07 00:00:00,2023-12-18 00:00:00
753,223,ARCO-2022-00247,2022-12-15,2023-01-06,DELIVERED,13,2022-12-15 00:00:00,2023-01-17 00:00:00
754,163,ARCO-2025-00293,2024-04-26,2024-07-24,CANCELLED,4,2024-04-27 00:00:00,2024-05-03 00:00:00
755,53,,2024-04-06,2024-06-26,em_andamento,13,2024-04-06 00:00:00,2024-05-02 00:00:00
756,144,ARCo-2022-00265,2024-09-16,2024-10-28,P,18,2024-09-17 00:00:00,2024-09-26 00:00:00
757,175,,2022-06-13,2022-08-09,A,4,2022-06-14 00:00:00,2022-08-10 00:00:00
758,143,,2022-05-25,2022-06-25,DELIVERED,11,2022-05-25 00:00:00,2022-07-03 00:00:00
759,175,,2025-05-31,2025-07-06,em_andamento,4,2025-06-01 00:00:00,2025-06-24 00:00:00
760,167,ARCO-2025-00165,2023-05-18,2023-06-03,PENDING,3,2023-05-18 00:00:00,2023-06-15 00:00:00
761,164,ARCO-2023-00016,2023-11-30,2024-02-16,IN_PROGRESS,12,2023-11-30 00:00:00,2023-12-16 00:00:00
762,55,ARCO-2024-00331,2024-06-05,2024-08-31,pending,15,2024-06-05 00:00:00,2024-06-25 00:00:00
763,156,ARCO202300067,2023-09-20,2023-11-11,cancelled,2,2023-09-20 00:00:00,2023-10-20 00:00:00
764,68,ARCO-2024-00346,2024-09-21,2024-11-13,em_andamento,10,2024-09-21 00:00:00,2024-10-10 00:00:00
765,183,ARCO-2022-00154,2023-12-30,2024-03-13,cancelado,10,2023-12-30 00:00:00,2024-01-28 00:00:00
766,229,ARCO-2023-00159,2024-04-30,2024-06-09,P,17,2024-04-30 00:00:00,2024-05-17 00:00:00
767,52,ARCO-2025-00327,2023-01-22,2023-02-25,P,12,2023-01-23 00:00:00,2023-01-23 00:00:00
768,122,ARCO-2023-00198,2024-05-23,2024-07-16,pendente,19,2024-05-24 00:00:00,2024-06-26 00:00:00
769,77,ARCO-2023-00208,2024-07-10,2024-08-14,DELIVERED,10,2024-07-11 00:00:00,2024-07-21 00:00:00
770,63,ARCO202300065,2023-01-12,2023-03-16,cancelado,9,2023-01-13 00:00:00,2023-01-23 00:00:00
771,83,ARCO-2025-00020,2025-05-03,2025-07-10,cancelled,17,2025-05-04 00:00:00,2025-07-02 00:00:00
772,22,ARCO-2022-00168,2023-07-22,2023-09-05,cancelled,18,2023-07-23 00:00:00,2023-09-05 00:00:00
773,134,ARCo-2022-00249,2025-02-17,2025-05-06,pending,15,2025-02-18 00:00:00,2025-04-18 00:00:00
774,9,ARCO-2024-00202,2025-06-07,2025-07-11,delivered,2,2025-06-07 00:00:00,2025-06-15 00:00:00
775,205,,2023-12-17,2024-01-15,cancelado,4,2023-12-17 00:00:00,2024-02-02 00:00:00
776,182,,2023-09-05,2023-10-27,entregue,16,2023-09-06 00:00:00,2023-09-05 00:00:00
777,134,Arco-2022-00125,2022-07-23,2022-10-01,delivered,15,2022-07-23 00:00:00,2022-08-22 00:00:00
778,198,ARCO-2025-00263,2025-09-25,2025-11-25,pendente,4,2025-09-25 00:00:00,2025-11-10 00:00:00
779,185,ARCO-2023-00025,2024-03-05,2024-03-25,E,20,2024-03-06 00:00:00,2024-03-22 00:00:00
780,163,ARCO-2022-00249,2024-12-21,2025-03-21,pending,4,2024-12-21 00:00:00,2025-01-31 00:00:00
781,79,ARCO-2025-00365,2024-05-03,2024-06-10,C,9,2024-05-04 00:00:00,2024-05-07 00:00:00
782,32,ARCO-2025-00166,2024-01-13,2024-03-19,cancelled,16,2024-01-14 00:00:00,2024-01-19 00:00:00
783,242,ARCO-2023-00084,2024-11-25,2025-01-09,cancelled,16,2024-11-25 00:00:00,2025-01-02 00:00:00
784,1,ARCO-2022-00310,2023-05-30,2023-07-29,IN_PROGRESS,16,2023-05-30 00:00:00,2023-07-21 00:00:00
785,50,ARCO-2024-00167,2024-05-11,2024-06-04,cancelado,16,2024-05-12 00:00:00,2024-06-12 00:00:00
786,237,ARCO-2025-00027,2025-08-08,2025-10-16,DELIVERED,20,2025-08-08 00:00:00,2025-09-04 00:00:00
787,97,ARCO-2025-00100,2022-04-16,2022-05-22,em_andamento,6,2022-04-16 00:00:00,2022-06-11 00:00:00
788,191,,2023-04-14,2023-06-08,delivered,5,2023-04-14 00:00:00,2023-05-26 00:00:00
789,234,ARCO-2025-00150,2025-05-29,2025-06-20,P,14,2025-05-30 00:00:00,2025-06-29 00:00:00
790,108,,2025-06-13,2025-07-30,cancelado,3,2025-06-14 00:00:00,2025-07-15 00:00:00
791,7,ARCO-2024-00238,2023-04-15,2023-05-05,PENDING,3,2023-04-15 00:00:00,2023-04-28 00:00:00
792,223,ARCO-2022-00097,2023-06-06,2023-08-02,cancelled,13,2023-06-06 00:00:00,2023-06-29 00:00:00
793,47,ARCO-2024-00178,2023-10-23,2023-11-20,em_andamento,15,2023-10-24 00:00:00,2023-11-23 00:00:00
794,127,ARCO-2023-00224,2024-10-21,2024-11-12,cancelado,9,2024-10-21 00:00:00,2024-12-09 00:00:00
795,3,ARCO-2025-00005,2022-09-14,2022-10-14,entregue,17,2022-09-15 00:00:00,2022-10-17 00:00:00
796,109,ARCO-2022-00123,2025-01-20,2025-04-01,E,4,2025-01-21 00:00:00,2025-03-06 00:00:00
797,134,,2025-05-15,2025-06-06,CANCELLED,15,2025-05-16 00:00:00,2025-07-14 00:00:00
798,47,ARCO-2023-00200,2024-01-22,2024-04-05,pendente,15,2024-01-23 00:00:00,2024-03-18 00:00:00
799,248,arco-2025-00309,2024-11-09,2024-11-25,C,2,2024-11-10 00:00:00,2024-11-25 00:00:00
800,27,ARCO-2025-00114,2024-01-22,2024-02-12,cancelled,20,2024-01-22 00:00:00,2024-02-14 00:00:00
801,56,,2025-08-17,2025-11-07,cancelled,19,2025-08-18 00:00:00,2025-08-28 00:00:00
802,55,ARCO-2025-00079,2022-11-07,2023-01-09,pending,15,2022-11-07 00:00:00,2022-11-21 00:00:00
803,82,,2025-05-09,2025-07-11,IN_PROGRESS,15,2025-05-10 00:00:00,2025-05-24 00:00:00
804,84,ARCO-2022-00184,2025-11-13,2025-12-10,DELIVERED,5,2025-11-14 00:00:00,2026-01-11 00:00:00
805,83,ARCO-2024-00118,2024-03-02,2024-05-13,IN_PROGRESS,17,2024-03-03 00:00:00,2024-04-12 00:00:00
806,59,ARCO-2024-00341,2025-12-19,2026-03-07,entregue,11,2025-12-19 00:00:00,2026-01-29 00:00:00
807,190,ARCO202200220,2024-06-20,2024-07-23,A,10,2024-06-20 00:00:00,2024-07-30 00:00:00
808,63,ARCO-2023-00205,2023-07-22,2023-10-07,pendente,9,2023-07-23 00:00:00,2023-08-22 00:00:00
809,58,ARCO-2022-00029,2023-03-02,2023-04-17,PENDING,10,2023-03-02 00:00:00,2023-04-01 00:00:00
810,66,Arco-2025-00005,2025-10-05,2025-11-09,A,16,2025-10-05 00:00:00,2025-12-02 00:00:00
811,46,ARCO-2022-00371,2023-03-29,2023-04-15,pending,5,2023-03-29 00:00:00,2023-04-08 00:00:00
812,5,ARCO-2023-00176,2022-05-07,2022-07-10,cancelled,1,2022-05-07 00:00:00,2022-05-21 00:00:00
813,179,,2023-02-16,2023-04-20,cancelado,5,2023-02-16 00:00:00,2023-03-29 00:00:00
814,35,ARCO-2023-00040,2025-01-08,2025-03-19,cancelled,3,2025-01-08 00:00:00,2025-01-22 00:00:00
815,111,ARCO-2024-00002,2024-02-26,2024-05-13,C,8,2024-02-26 00:00:00,2024-04-24 00:00:00
816,145,ARCO-2025-00170,2023-10-15,2023-12-09,C,15,2023-10-16 00:00:00,2023-11-15 00:00:00
817,99,,2024-06-03,2024-07-16,PENDING,8,2024-06-04 00:00:00,2024-06-25 00:00:00
818,36,ARCO-2023-00092,2024-01-30,2024-02-20,cancelado,10,2024-01-31 00:00:00,2024-02-07 00:00:00
819,8,ARCO-2023-00228,2024-03-17,2024-05-20,pendente,1,2024-03-17 00:00:00,2024-03-31 00:00:00
820,5,,2025-08-27,2025-09-11,PENDING,1,2025-08-28 00:00:00,2025-09-24 00:00:00
821,126,ARCO-2025-00273,2022-10-22,2022-11-24,cancelled,19,2022-10-22 00:00:00,2022-10-25 00:00:00
822,99,ARCo-2024-00346,2023-12-04,2024-02-04,cancelado,8,2023-12-04 00:00:00,2023-12-14 00:00:00
823,144,,2025-11-26,2026-02-18,DELIVERED,18,2025-11-26 00:00:00,2026-01-20 00:00:00
824,139,ARCO-2022-00008,2023-09-27,2023-10-24,delivered,9,2023-09-27 00:00:00,2023-10-10 00:00:00
825,86,,2023-09-24,2023-11-01,CANCELLED,14,2023-09-25 00:00:00,2023-10-26 00:00:00
826,248,,2022-05-26,2022-07-04,delivered,2,2022-05-27 00:00:00,2022-06-14 00:00:00
827,125,ARCO-2022-00300,2023-06-10,2023-08-25,pending,13,2023-06-11 00:00:00,2023-07-13 00:00:00
828,195,,2024-04-21,2024-06-21,E,12,2024-04-21 00:00:00,2024-06-04 00:00:00
829,169,ARCO-2022-00189,2022-12-17,2023-02-27,delivered,4,2022-12-18 00:00:00,2022-12-28 00:00:00
830,89,ARCO-2023-00332,2025-08-14,2025-08-29,P,16,2025-08-14 00:00:00,2025-09-30 00:00:00
831,22,,2025-11-04,2025-12-21,A,18,2025-11-05 00:00:00,2025-11-09 00:00:00
832,202,ARCO-2024-00238,2024-06-19,2024-09-11,A,15,2024-06-19 00:00:00,2024-07-18 00:00:00
833,129,ARCO-2025-00014,2025-04-15,2025-06-27,entregue,8,2025-04-15 00:00:00,2025-05-04 00:00:00
834,170,,2023-10-11,2023-12-22,entregue,3,2023-10-12 00:00:00,2023-12-09 00:00:00
835,188,ARCO-2023-00176,2022-10-31,2022-12-17,PENDING,9,2022-11-01 00:00:00,2022-11-28 00:00:00
836,153,ARCO-2023-00169,2025-12-18,2026-02-11,E,3,2025-12-18 00:00:00,2025-12-28 00:00:00
837,112,,2024-02-16,2024-04-17,entregue,3,2024-02-16 00:00:00,2024-04-12 00:00:00
838,194,ARCO-2023-00306,2025-02-06,2025-04-06,cancelled,1,2025-02-06 00:00:00,2025-03-11 00:00:00
839,173,ARCO-2022-00097,2024-08-25,2024-11-19,C,2,2024-08-25 00:00:00,2024-09-03 00:00:00
840,45,,2024-01-19,2024-03-01,cancelled,16,2024-01-20 00:00:00,2024-02-14 00:00:00
841,16,ARCO-2025-00185,2022-08-21,2022-10-12,P,17,2022-08-22 00:00:00,2022-10-13 00:00:00
842,144,,2024-02-19,2024-05-08,em_andamento,18,2024-02-20 00:00:00,2024-02-23 00:00:00
843,176,ARCO-2023-00258,2025-09-24,2025-12-10,delivered,6,2025-09-24 00:00:00,2025-09-24 00:00:00
844,140,ARCO-2025-00350,2025-04-21,2025-06-30,IN_PROGRESS,16,2025-04-21 00:00:00,2025-05-31 00:00:00
845,156,ARCO-2024-00075,2025-07-10,2025-09-11,delivered,2,2025-07-11 00:00:00,2025-07-21 00:00:00
846,123,ARCo-2024-00331,2024-12-02,2025-02-01,pending,5,2024-12-02 00:00:00,2025-01-03 00:00:00
847,88,,2024-07-22,2024-09-26,em_andamento,8,2024-07-22 00:00:00,2024-09-02 00:00:00
848,171,,2022-06-09,2022-06-27,delivered,10,2022-06-10 00:00:00,2022-07-16 00:00:00
849,230,ARCO-2023-00261,2023-05-11,2023-06-23,A,16,2023-05-11 00:00:00,2023-06-23 00:00:00
850,205,ARCO-2024-00023,2022-10-20,2023-01-08,delivered,4,2022-10-21 00:00:00,2022-11-27 00:00:00
851,107,,2022-08-17,2022-09-18,pending,18,2022-08-18 00:00:00,2022-09-22 00:00:00
852,126,ARCO-2025-00100,2023-07-08,2023-08-06,PENDING,19,2023-07-08 00:00:00,2023-08-27 00:00:00
853,195,ARCO-2023-00354,2022-07-12,2022-09-28,C,12,2022-07-12 00:00:00,2022-08-20 00:00:00
854,222,ARCO-2023-00095,2023-01-16,2023-03-03,cancelado,20,2023-01-16 00:00:00,2023-03-16 00:00:00
855,207,ARCO-2022-00112,2022-02-07,2022-04-21,entregue,6,2022-02-07 00:00:00,2022-03-05 00:00:00
856,90,ARCO-2023-00228,2024-12-13,2025-03-13,PENDING,15,2024-12-14 00:00:00,2025-01-17 00:00:00
857,87,ARCO-2025-00132,2023-01-14,2023-02-17,A,11,2023-01-15 00:00:00,2023-01-25 00:00:00
858,28,ARCO-2023-00186,2022-03-16,2022-04-12,cancelled,4,2022-03-16 00:00:00,2022-03-25 00:00:00
859,113,ARCO-2025-00121,2025-05-04,2025-05-22,cancelado,15,2025-05-05 00:00:00,2025-05-12 00:00:00
860,111,ARCO-2024-00256,2025-10-15,2025-11-28,cancelado,8,2025-10-15 00:00:00,2025-11-20 00:00:00
861,100,,2025-04-16,2025-06-15,cancelled,14,2025-04-17 00:00:00,2025-04-25 00:00:00
862,146,ARCo-2023-00155,2024-06-26,2024-08-10,em_andamento,18,2024-06-27 00:00:00,2024-07-01 00:00:00
863,22,ARCO-2022-00232,2023-06-14,2023-07-05,IN_PROGRESS,18,2023-06-15 00:00:00,2023-07-23 00:00:00
864,151,ARCO-2025-00061,2024-01-05,2024-02-14,P,6,2024-01-06 00:00:00,2024-02-10 00:00:00
865,160,,2024-06-18,2024-07-27,em_andamento,2,2024-06-18 00:00:00,2024-08-07 00:00:00
866,84,,2022-02-27,2022-05-13,P,5,2022-02-27 00:00:00,2022-04-16 00:00:00
867,240,ARCO-2024-00002,2022-03-25,2022-06-14,em_andamento,11,2022-03-25 00:00:00,2022-03-25 00:00:00
868,228,ARCO-2025-00376,2024-01-10,2024-01-29,cancelado,3,2024-01-10 00:00:00,2024-02-29 00:00:00
869,89,ARCO-2024-00158,2024-12-09,2025-02-02,pendente,16,2024-12-09 00:00:00,2024-12-24 00:00:00
870,247,ARCO-2024-00075,2023-11-18,2023-12-31,delivered,12,2023-11-19 00:00:00,2023-12-15 00:00:00
871,75,ARCO-2023-00291,2023-01-01,2023-01-16,em_andamento,18,2023-01-02 00:00:00,2023-01-10 00:00:00
872,218,ARCO-2023-00085,2025-11-22,2026-02-17,entregue,3,2025-11-23 00:00:00,2025-11-27 00:00:00
873,84,ARCO-2023-00258,2022-03-23,2022-06-04,DELIVERED,5,2022-03-24 00:00:00,2022-03-23 00:00:00
874,8,ARCO-2024-00280,2023-10-25,2023-11-11,P,1,2023-10-26 00:00:00,2023-10-30 00:00:00
875,3,,2024-01-29,2024-02-27,pendente,17,2024-01-29 00:00:00,2024-03-17 00:00:00
876,182,ARCO-2022-00008,2022-07-09,2022-09-08,entregue,16,2022-07-09 00:00:00,2022-07-29 00:00:00
877,130,ARCO-2022-00362,2022-01-18,2022-02-23,pending,3,2022-01-18 00:00:00,2022-02-25 00:00:00
878,197,Arco-2025-00216,2024-11-10,2025-01-10,A,3,2024-11-11 00:00:00,2024-11-30 00:00:00
879,165,ARCO-2025-00358,2023-05-12,2023-07-19,em_andamento,20,2023-05-12 00:00:00,2023-06-30 00:00:00
880,137,,2022-03-09,2022-03-30,A,14,2022-03-10 00:00:00,2022-05-06 00:00:00
881,95,,2025-05-21,2025-07-22,cancelado,4,2025-05-21 00:00:00,2025-07-18 00:00:00
882,36,,2022-10-05,2022-11-02,CANCELLED,10,2022-10-06 00:00:00,2022-11-17 00:00:00
883,50,ARCO-2022-00143,2025-09-25,2025-10-13,CANCELLED,16,2025-09-26 00:00:00,2025-10-27 00:00:00
884,206,,2024-09-20,2024-12-02,cancelled,7,2024-09-20 00:00:00,2024-10-14 00:00:00
885,160,ARCO-2025-00090,2025-08-14,2025-11-11,delivered,2,2025-08-14 00:00:00,2025-08-14 00:00:00
886,99,,2024-09-14,2024-11-19,em_andamento,8,2024-09-15 00:00:00,2024-10-24 00:00:00
887,133,ARCo-2023-00050,2022-12-06,2023-01-14,cancelado,6,2022-12-06 00:00:00,2022-12-19 00:00:00
888,100,ARCo-2023-00172,2025-01-21,2025-04-01,C,14,2025-01-22 00:00:00,2025-03-09 00:00:00
889,230,,2022-01-11,2022-04-06,pending,16,2022-01-12 00:00:00,2022-03-05 00:00:00
890,213,ARCo-2025-00365,2023-02-17,2023-03-07,DELIVERED,8,2023-02-18 00:00:00,2023-02-26 00:00:00
891,162,ARCO-2023-00098,2022-01-28,2022-04-04,cancelled,8,2022-01-28 00:00:00,2022-03-12 00:00:00
892,7,ARCO-2025-00304,2024-08-18,2024-10-23,P,3,2024-08-18 00:00:00,2024-10-04 00:00:00
893,245,,2023-04-30,2023-06-12,PENDING,4,2023-05-01 00:00:00,2023-06-11 00:00:00
894,23,,2024-01-08,2024-02-05,cancelado,13,2024-01-08 00:00:00,2024-02-07 00:00:00
895,230,ARCO-2025-00042,2023-04-09,2023-07-01,A,16,2023-04-10 00:00:00,2023-05-01 00:00:00
896,74,ARCO-2025-00079,2024-11-03,2024-12-31,A,8,2024-11-03 00:00:00,2024-11-11 00:00:00
897,95,ARCO-2025-00115,2022-03-18,2022-05-12,entregue,4,2022-03-18 00:00:00,2022-05-06 00:00:00
898,170,ARCO-2022-00174,2024-06-09,2024-08-14,C,3,2024-06-09 00:00:00,2024-08-01 00:00:00
899,124,ARCO202400023,2023-02-07,2023-05-03,pending,17,2023-02-08 00:00:00,2023-02-15 00:00:00
900,172,,2022-01-30,2022-02-25,pendente,5,2022-01-30 00:00:00,2022-03-03 00:00:00
901,231,ARCo-2025-00043,2023-01-20,2023-04-04,cancelled,9,2023-01-20 00:00:00,2023-03-13 00:00:00
902,206,,2025-05-09,2025-07-10,IN_PROGRESS,7,2025-05-10 00:00:00,2025-07-07 00:00:00
903,109,ARCO-2024-00326,2025-12-05,2025-12-29,E,4,2025-12-06 00:00:00,2026-01-25 00:00:00
904,201,ARCO-2025-00010,2022-01-14,2022-02-21,DELIVERED,10,2022-01-15 00:00:00,2022-02-23 00:00:00
905,1,,2025-07-05,2025-08-02,IN_PROGRESS,16,2025-07-06 00:00:00,2025-08-18 00:00:00
906,142,ARCO-2025-00096,2024-03-24,2024-06-12,pendente,10,2024-03-25 00:00:00,2024-05-09 00:00:00
907,130,,2024-12-15,2025-01-13,P,3,2024-12-15 00:00:00,2025-01-05 00:00:00
908,46,ARCO-2025-00219,2025-07-31,2025-08-27,entregue,5,2025-08-01 00:00:00,2025-09-22 00:00:00
909,10,Arco-2023-00355,2023-05-28,2023-07-22,em_andamento,20,2023-05-28 00:00:00,2023-06-15 00:00:00
910,87,,2024-11-13,2024-12-21,E,11,2024-11-13 00:00:00,2025-01-08 00:00:00
911,179,ARCO-2023-00155,2024-08-12,2024-09-21,entregue,5,2024-08-12 00:00:00,2024-09-09 00:00:00
912,115,,2024-08-13,2024-10-14,DELIVERED,14,2024-08-14 00:00:00,2024-08-30 00:00:00
913,120,ARCO-2025-00195,2022-11-05,2022-12-14,PENDING,7,2022-11-06 00:00:00,2022-12-16 00:00:00
914,79,arco-2023-00066,2022-10-25,2023-01-14,DELIVERED,9,2022-10-26 00:00:00,2022-11-19 00:00:00
915,237,ARCO-2025-00338,2025-07-04,2025-08-03,C,20,2025-07-04 00:00:00,2025-07-18 00:00:00
916,99,ARCO-2025-00304,2022-10-07,2022-11-19,cancelled,8,2022-10-07 00:00:00,2022-11-27 00:00:00
917,8,ARCO-2022-00097,2024-03-24,2024-06-04,C,1,2024-03-25 00:00:00,2024-04-04 00:00:00
918,9,ARCO-2025-00005,2024-12-10,2025-02-12,IN_PROGRESS,2,2024-12-11 00:00:00,2024-12-15 00:00:00
919,76,ARCO-2025-00033,2024-02-04,2024-04-23,CANCELLED,5,2024-02-05 00:00:00,2024-03-27 00:00:00
920,176,ARCO-2023-00156,2023-07-18,2023-10-12,pending,6,2023-07-18 00:00:00,2023-08-29 00:00:00
921,113,ARCO-2024-00252,2022-06-13,2022-08-12,em_andamento,15,2022-06-13 00:00:00,2022-07-20 00:00:00
922,239,ARCO-2022-00234,2024-01-10,2024-02-28,E,18,2024-01-11 00:00:00,2024-01-13 00:00:00
923,172,ARCO-2025-00147,2024-07-05,2024-07-29,pendente,5,2024-07-06 00:00:00,2024-08-21 00:00:00
924,1,ARCO-2024-00107,2025-03-16,2025-05-18,C,16,2025-03-16 00:00:00,2025-04-15 00:00:00
925,122,ARCO-2024-00149,2022-03-14,2022-04-13,delivered,19,2022-03-14 00:00:00,2022-04-09 00:00:00
926,215,ARCO-2024-00163,2022-08-28,2022-09-24,P,19,2022-08-28 00:00:00,2022-09-01 00:00:00
927,204,ARCO-2023-00276,2024-06-19,2024-07-08,DELIVERED,13,2024-06-20 00:00:00,2024-08-18 00:00:00
928,45,ARCO-2025-00358,2023-04-20,2023-06-20,A,16,2023-04-20 00:00:00,2023-05-09 00:00:00
929,57,,2025-04-06,2025-06-04,P,12,2025-04-07 00:00:00,2025-04-23 00:00:00
930,18,ARCO-2025-00035,2024-12-13,2025-02-25,pendente,17,2024-12-13 00:00:00,2025-01-04 00:00:00
931,14,ARCO-2023-00076,2022-10-05,2022-12-20,pendente,10,2022-10-05 00:00:00,2022-10-06 00:00:00
932,154,ARCO-2023-00159,2024-02-28,2024-03-29,delivered,13,2024-02-28 00:00:00,2024-03-03 00:00:00
933,218,ARCO-2025-00188,2024-08-30,2024-09-26,IN_PROGRESS,3,2024-08-30 00:00:00,2024-09-25 00:00:00
934,34,ARCo-2025-00286,2023-07-10,2023-09-08,em_andamento,3,2023-07-11 00:00:00,2023-08-24 00:00:00
935,116,,2022-03-14,2022-04-19,A,11,2022-03-15 00:00:00,2022-04-16 00:00:00
936,107,ARCO-2024-00321,2023-05-04,2023-06-27,A,18,2023-05-05 00:00:00,2023-05-29 00:00:00
937,161,ARCO-2025-00100,2025-03-24,2025-06-17,em_andamento,18,2025-03-25 00:00:00,2025-05-19 00:00:00
938,65,,2025-04-13,2025-06-12,A,4,2025-04-14 00:00:00,2025-05-18 00:00:00
939,110,ARCO-2023-00208,2025-04-27,2025-05-27,pending,13,2025-04-28 00:00:00,2025-05-09 00:00:00
940,146,ARCO-2022-00249,2025-08-07,2025-09-18,DELIVERED,18,2025-08-07 00:00:00,2025-09-18 00:00:00
941,47,ARCO-2025-00191,2022-12-02,2023-02-07,E,15,2022-12-03 00:00:00,2023-01-09 00:00:00
942,43,ARCO202300066,2023-05-03,2023-07-17,em_andamento,3,2023-05-03 00:00:00,2023-06-13 00:00:00
943,76,ARCO-2023-00126,2024-05-22,2024-07-14,pending,5,2024-05-23 00:00:00,2024-05-25 00:00:00
944,101,ARCO-2024-00295,2023-11-20,2024-02-02,em_andamento,6,2023-11-20 00:00:00,2023-12-25 00:00:00
945,142,ARCO-2025-00099,2025-12-24,2026-02-25,entregue,10,2025-12-25 00:00:00,2026-02-07 00:00:00
946,103,ARCO-2023-00065,2022-12-03,2023-01-08,E,14,2022-12-03 00:00:00,2023-01-29 00:00:00
947,2,,2022-01-04,2022-01-19,C,4,2022-01-04 00:00:00,2022-02-20 00:00:00
948,158,ARCO-2023-00271,2025-06-14,2025-07-23,C,16,2025-06-15 00:00:00,2025-07-22 00:00:00
949,92,ARCO-2022-00333,2023-04-27,2023-06-26,delivered,13,2023-04-27 00:00:00,2023-05-10 00:00:00
950,173,ARCO-2024-00004,2025-07-15,2025-08-08,delivered,2,2025-07-15 00:00:00,2025-08-09 00:00:00
951,57,ARCO-2025-00121,2024-10-26,2024-12-15,DELIVERED,12,2024-10-26 00:00:00,2024-11-04 00:00:00
952,16,ARCO-2022-00310,2022-06-30,2022-08-12,cancelado,17,2022-07-01 00:00:00,2022-07-08 00:00:00
953,210,ARCO-2022-00296,2022-07-09,2022-07-26,C,9,2022-07-09 00:00:00,2022-07-11 00:00:00
954,188,,2025-05-13,2025-06-09,em_andamento,9,2025-05-14 00:00:00,2025-06-11 00:00:00
955,153,ARCO-2025-00027,2022-03-18,2022-04-26,pending,3,2022-03-18 00:00:00,2022-05-06 00:00:00
956,21,ARCO-2022-00234,2025-01-02,2025-03-20,entregue,15,2025-01-02 00:00:00,2025-02-03 00:00:00
957,86,ARCO-2024-00254,2024-11-02,2024-12-20,em_andamento,14,2024-11-03 00:00:00,2024-11-22 00:00:00
958,222,,2025-11-15,2026-01-18,DELIVERED,20,2025-11-16 00:00:00,2025-12-14 00:00:00
959,3,ARCO-2022-00148,2024-10-09,2024-11-26,pending,17,2024-10-10 00:00:00,2024-11-04 00:00:00
960,72,ARCO202200060,2022-09-07,2022-12-04,E,19,2022-09-08 00:00:00,2022-10-25 00:00:00
961,18,,2022-10-18,2022-11-20,pendente,17,2022-10-19 00:00:00,2022-11-30 00:00:00
962,111,ARCO-2025-00349,2023-09-12,2023-10-14,PENDING,8,2023-09-13 00:00:00,2023-10-30 00:00:00
963,25,ARCO-2022-00125,2024-10-28,2024-11-29,CANCELLED,10,2024-10-28 00:00:00,2024-12-14 00:00:00
964,234,ARCO-2025-00018,2024-04-22,2024-06-23,DELIVERED,14,2024-04-22 00:00:00,2024-05-02 00:00:00
965,159,,2024-03-15,2024-05-18,IN_PROGRESS,13,2024-03-15 00:00:00,2024-03-21 00:00:00
966,109,ARCO-2025-00327,2023-09-21,2023-10-30,em_andamento,4,2023-09-22 00:00:00,2023-10-06 00:00:00
967,18,,2024-07-01,2024-08-31,cancelado,17,2024-07-01 00:00:00,2024-08-07 00:00:00
968,117,,2024-11-17,2024-12-03,pending,14,2024-11-17 00:00:00,2025-01-08 00:00:00
969,87,,2024-11-13,2024-12-30,cancelado,11,2024-11-13 00:00:00,2024-11-20 00:00:00
970,92,,2024-07-19,2024-08-08,IN_PROGRESS,13,2024-07-19 00:00:00,2024-08-30 00:00:00
971,173,Arco-2023-00359,2025-05-19,2025-08-08,E,2,2025-05-19 00:00:00,2025-07-04 00:00:00
972,249,ARCO-2025-00021,2025-07-14,2025-08-10,cancelado,2,2025-07-15 00:00:00,2025-07-17 00:00:00
973,219,ARCO-2024-00037,2023-07-29,2023-10-26,IN_PROGRESS,4,2023-07-30 00:00:00,2023-08-15 00:00:00
974,165,ARCO-2024-00124,2022-07-15,2022-09-08,IN_PROGRESS,20,2022-07-16 00:00:00,2022-09-03 00:00:00
975,248,ARCO-2023-00098,2023-07-13,2023-08-06,pendente,2,2023-07-14 00:00:00,2023-09-04 00:00:00
976,165,ARCO-2024-00144,2024-03-29,2024-05-15,pendente,20,2024-03-29 00:00:00,2024-05-05 00:00:00
977,68,Arco-2022-00123,2025-08-10,2025-09-12,PENDING,10,2025-08-11 00:00:00,2025-08-20 00:00:00
978,135,ARCO-2024-00341,2025-06-14,2025-08-04,DELIVERED,17,2025-06-15 00:00:00,2025-08-07 00:00:00
979,241,ARCO-2022-00123,2024-12-28,2025-02-15,P,17,2024-12-29 00:00:00,2025-01-04 00:00:00
980,163,ARCO202200288,2024-02-06,2024-05-04,CANCELLED,4,2024-02-06 00:00:00,2024-03-08 00:00:00
981,199,ARCO-2025-00100,2022-11-20,2023-01-16,pendente,20,2022-11-21 00:00:00,2022-11-27 00:00:00
982,113,ARCO-2024-00163,2022-05-13,2022-07-25,DELIVERED,15,2022-05-13 00:00:00,2022-06-07 00:00:00
983,39,,2025-08-13,2025-10-21,PENDING,15,2025-08-13 00:00:00,2025-08-29 00:00:00
984,133,,2022-12-03,2022-12-21,CANCELLED,6,2022-12-04 00:00:00,2023-01-18 00:00:00
985,178,ARCO-2023-00001,2023-08-12,2023-09-05,DELIVERED,1,2023-08-13 00:00:00,2023-09-12 00:00:00
986,134,ARCO-2022-00148,2022-02-07,2022-04-06,pending,15,2022-02-07 00:00:00,2022-02-27 00:00:00
987,50,ARCO-2023-00092,2023-05-31,2023-07-04,cancelled,16,2023-06-01 00:00:00,2023-07-05 00:00:00
988,99,ARCO202400059,2022-01-16,2022-02-07,DELIVERED,8,2022-01-16 00:00:00,2022-03-04 00:00:00
989,43,,2022-12-08,2023-02-08,A,3,2022-12-09 00:00:00,2023-02-05 00:00:00
990,241,ARCO-2022-00372,2023-10-23,2023-11-16,em_andamento,17,2023-10-24 00:00:00,2023-11-06 00:00:00
991,1,ARCO-2023-00040,2022-11-03,2022-12-02,pending,16,2022-11-03 00:00:00,2022-12-17 00:00:00
992,78,,2023-07-25,2023-08-30,pending,20,2023-07-26 00:00:00,2023-07-29 00:00:00
993,174,,2024-06-06,2024-06-26,P,8,2024-06-07 00:00:00,2024-06-09 00:00:00
994,180,ARCO-2022-00097,2025-03-09,2025-04-17,IN_PROGRESS,6,2025-03-10 00:00:00,2025-04-21 00:00:00
995,105,ARCO-2025-00069,2022-03-06,2022-05-24,CANCELLED,16,2022-03-06 00:00:00,2022-04-15 00:00:00
996,122,,2022-04-04,2022-05-15,CANCELLED,19,2022-04-05 00:00:00,2022-04-26 00:00:00
997,54,,2024-10-13,2025-01-08,A,18,2024-10-14 00:00:00,2024-10-20 00:00:00
998,120,ARCO-2023-00130,2023-12-20,2024-01-21,pendente,7,2023-12-20 00:00:00,2024-01-04 00:00:00
999,213,,2023-12-11,2024-02-28,A,8,2023-12-12 00:00:00,2023-12-24 00:00:00
1000,37,,2022-03-15,2022-06-07,PENDING,12,2022-03-16 00:00:00,2022-04-17 00:00:00
1001,221,,2025-06-15,2025-07-07,pending,1,2025-06-16 00:00:00,2025-07-12 00:00:00
1002,123,,2023-02-07,2023-03-19,CANCELLED,5,2023-02-08 00:00:00,2023-02-09 00:00:00
1003,191,,2022-08-09,2022-10-22,cancelado,5,2022-08-10 00:00:00,2022-09-06 00:00:00
1004,185,,2025-05-08,2025-06-21,C,20,2025-05-08 00:00:00,2025-05-08 00:00:00
1005,3,,2023-10-25,2023-12-02,cancelled,17,2023-10-26 00:00:00,2023-11-04 00:00:00
1006,101,ARCO-2023-00083,2025-10-12,2025-12-09,A,6,2025-10-12 00:00:00,2025-10-29 00:00:00
1007,118,ARCO-2022-00161,2022-01-03,2022-01-31,E,12,2022-01-03 00:00:00,2022-01-21 00:00:00
1008,62,ARCO-2022-00274,2023-08-02,2023-10-01,E,20,2023-08-03 00:00:00,2023-08-31 00:00:00
1009,213,ARCO-2025-00079,2023-02-18,2023-04-03,pending,8,2023-02-19 00:00:00,2023-04-05 00:00:00
1010,222,ARCO-2024-00082,2022-07-12,2022-07-29,pendente,20,2022-07-13 00:00:00,2022-07-16 00:00:00
1011,33,ARCO-2024-00113,2022-02-05,2022-04-17,P,9,2022-02-05 00:00:00,2022-02-08 00:00:00
1012,41,ARCO-2023-00324,2024-08-04,2024-10-30,E,3,2024-08-05 00:00:00,2024-08-29 00:00:00
1013,61,,2022-10-18,2022-12-07,P,13,2022-10-18 00:00:00,2022-12-06 00:00:00
1014,230,ARCO-2023-00248,2025-10-15,2026-01-09,C,16,2025-10-16 00:00:00,2025-10-23 00:00:00
1015,61,ARCO-2025-00281,2024-10-23,2024-11-07,E,13,2024-10-23 00:00:00,2024-12-09 00:00:00
1016,66,,2023-02-27,2023-05-20,A,16,2023-02-27 00:00:00,2023-03-27 00:00:00
1017,102,ARCO-2024-00057,2022-11-02,2023-01-15,C,14,2022-11-02 00:00:00,2022-12-09 00:00:00
1018,49,ARCO-2023-00087,2025-04-07,2025-06-18,CANCELLED,15,2025-04-07 00:00:00,2025-04-29 00:00:00
1019,89,ARCO-2022-00334,2022-10-29,2023-01-27,cancelado,16,2022-10-29 00:00:00,2022-11-15 00:00:00
1020,161,,2024-04-23,2024-06-03,E,18,2024-04-23 00:00:00,2024-06-12 00:00:00
1021,19,ARCO-2024-00013,2023-07-25,2023-09-11,cancelado,5,2023-07-26 00:00:00,2023-09-19 00:00:00
1022,127,ARCO-2022-00192,2022-03-02,2022-04-01,delivered,9,2022-03-02 00:00:00,2022-04-07 00:00:00
1023,123,ARCO-2024-00211,2022-09-05,2022-11-10,IN_PROGRESS,5,2022-09-06 00:00:00,2022-10-22 00:00:00
1024,5,ARCo-2024-00345,2025-06-10,2025-08-20,P,1,2025-06-10 00:00:00,2025-07-20 00:00:00
1025,21,ARCO-2023-00015,2022-03-13,2022-05-21,delivered,15,2022-03-13 00:00:00,2022-05-12 00:00:00
1026,147,ARCO-2023-00038,2025-11-26,2026-02-16,entregue,17,2025-11-26 00:00:00,2025-12-08 00:00:00
1027,74,,2023-04-16,2023-05-22,entregue,8,2023-04-16 00:00:00,2023-05-23 00:00:00
1028,241,ARCo-2023-00324,2025-12-21,2026-01-28,IN_PROGRESS,17,2025-12-21 00:00:00,2026-02-07 00:00:00
1029,27,Arco-2022-00138,2024-07-14,2024-08-30,delivered,20,2024-07-14 00:00:00,2024-09-04 00:00:00
1030,194,ARCO-2022-00301,2023-01-18,2023-04-04,P,1,2023-01-19 00:00:00,2023-02-14 00:00:00
1031,37,ARCO-2022-00097,2024-09-13,2024-10-19,cancelado,12,2024-09-13 00:00:00,2024-10-11 00:00:00
1032,147,ARCO-2022-00152,2022-11-19,2022-12-09,em_andamento,17,2022-11-19 00:00:00,2022-11-29 00:00:00
1033,113,ARCO-2023-00271,2024-12-22,2025-03-04,PENDING,15,2024-12-22 00:00:00,2025-02-04 00:00:00
1034,102,ARCO-2024-00346,2023-06-22,2023-09-04,A,14,2023-06-22 00:00:00,2023-06-30 00:00:00
1035,134,arco-2025-00376,2024-05-30,2024-07-30,em_andamento,15,2024-05-31 00:00:00,2024-07-03 00:00:00
1036,163,ARCO-2023-00200,2024-09-07,2024-12-05,E,4,2024-09-08 00:00:00,2024-09-29 00:00:00
1037,104,ARCO-2023-00078,2022-02-14,2022-04-30,cancelled,16,2022-02-14 00:00:00,2022-03-26 00:00:00
1038,143,ARCO-2024-00218,2022-09-04,2022-11-18,P,11,2022-09-04 00:00:00,2022-10-23 00:00:00
1039,108,ARCO-2024-00178,2022-01-04,2022-02-21,em_andamento,3,2022-01-04 00:00:00,2022-01-14 00:00:00
1040,198,ARCO-2022-00265,2022-02-16,2022-05-01,cancelado,4,2022-02-17 00:00:00,2022-04-10 00:00:00
1041,220,,2025-10-02,2025-11-20,delivered,12,2025-10-02 00:00:00,2025-11-19 00:00:00
1042,199,,2024-02-19,2024-05-15,E,20,2024-02-19 00:00:00,2024-03-04 00:00:00
1043,141,ARCO-2022-00196,2022-08-16,2022-11-04,cancelado,18,2022-08-17 00:00:00,2022-08-23 00:00:00
1044,50,ARCO-2022-00247,2022-04-14,2022-07-09,pending,16,2022-04-15 00:00:00,2022-05-04 00:00:00
1045,175,ARCO-2025-00150,2024-08-27,2024-10-17,IN_PROGRESS,4,2024-08-28 00:00:00,2024-10-14 00:00:00
1046,218,,2024-01-13,2024-02-25,PENDING,3,2024-01-13 00:00:00,2024-02-22 00:00:00
1047,122,ARCO-2024-00351,2022-01-05,2022-01-27,cancelled,19,2022-01-05 00:00:00,2022-01-21 00:00:00
1048,116,ARCO-2023-00354,2023-05-02,2023-07-24,entregue,11,2023-05-03 00:00:00,2023-06-07 00:00:00
1049,156,ARCO-2025-00188,2023-12-11,2024-02-04,PENDING,2,2023-12-11 00:00:00,2024-01-29 00:00:00
1050,81,ARCO-2022-00249,2022-02-27,2022-04-18,pending,16,2022-02-27 00:00:00,2022-04-17 00:00:00
1051,103,ARCO-2025-00337,2023-01-02,2023-02-21,cancelado,14,2023-01-02 00:00:00,2023-01-14 00:00:00
1052,23,ARCO-2024-00004,2025-05-15,2025-06-05,cancelled,13,2025-05-16 00:00:00,2025-07-06 00:00:00
1053,12,,2024-11-02,2025-01-29,C,11,2024-11-03 00:00:00,2024-12-28 00:00:00
1054,234,ARCO-2022-00136,2023-07-02,2023-09-17,IN_PROGRESS,14,2023-07-03 00:00:00,2023-08-04 00:00:00
1055,39,ARCO-2024-00218,2023-10-25,2024-01-14,E,15,2023-10-26 00:00:00,2023-10-27 00:00:00
1056,148,ARCO-2022-00328,2023-07-07,2023-09-21,delivered,9,2023-07-07 00:00:00,2023-07-22 00:00:00
1057,198,,2023-02-10,2023-05-11,CANCELLED,4,2023-02-10 00:00:00,2023-03-02 00:00:00
1058,52,ARCO202500072,2024-09-30,2024-12-13,C,12,2024-10-01 00:00:00,2024-10-12 00:00:00
1059,188,,2024-09-08,2024-10-20,DELIVERED,9,2024-09-09 00:00:00,2024-09-24 00:00:00
1060,148,,2023-06-10,2023-07-09,CANCELLED,9,2023-06-11 00:00:00,2023-06-20 00:00:00
1061,52,ARCO-2023-00101,2024-10-07,2024-12-17,cancelado,12,2024-10-08 00:00:00,2024-11-19 00:00:00
1062,219,ARCO-2022-00333,2024-06-21,2024-07-15,IN_PROGRESS,4,2024-06-21 00:00:00,2024-06-25 00:00:00
1063,238,ARCO-2025-00166,2024-09-15,2024-10-26,cancelado,5,2024-09-15 00:00:00,2024-09-19 00:00:00
1064,58,ARCO-2023-00364,2024-02-28,2024-05-28,cancelled,10,2024-02-29 00:00:00,2024-03-21 00:00:00
1065,146,arco-2025-00187,2022-03-03,2022-03-31,em_andamento,18,2022-03-04 00:00:00,2022-04-27 00:00:00
1066,118,,2022-10-12,2022-10-31,pendente,12,2022-10-13 00:00:00,2022-11-17 00:00:00
1067,155,,2025-11-04,2025-11-27,PENDING,20,2025-11-04 00:00:00,2025-12-12 00:00:00
1068,147,ARCO-2025-00150,2025-02-14,2025-04-02,P,17,2025-02-15 00:00:00,2025-04-07 00:00:00
1069,121,ARCO-2023-00015,2022-02-06,2022-04-04,cancelled,2,2022-02-07 00:00:00,2022-04-03 00:00:00
1070,141,ARCO-2022-00270,2023-08-27,2023-11-06,IN_PROGRESS,18,2023-08-28 00:00:00,2023-10-23 00:00:00
1071,22,ARCO202300370,2023-01-25,2023-03-04,A,18,2023-01-25 00:00:00,2023-03-21 00:00:00
1072,29,ARCO-2025-00309,2025-08-09,2025-11-05,E,4,2025-08-10 00:00:00,2025-08-16 00:00:00
1073,105,ARCO-2022-00105,2024-04-27,2024-07-07,pending,16,2024-04-27 00:00:00,2024-05-07 00:00:00
1074,148,ARCO-2024-00380,2025-02-11,2025-04-01,E,9,2025-02-12 00:00:00,2025-03-28 00:00:00
1075,73,ARCO-2025-00079,2022-07-20,2022-09-05,pending,7,2022-07-20 00:00:00,2022-07-29 00:00:00
1076,233,ARCO-2025-00281,2023-09-10,2023-11-29,em_andamento,19,2023-09-10 00:00:00,2023-11-05 00:00:00
1077,135,ARCO-2024-00107,2025-02-09,2025-03-27,PENDING,17,2025-02-10 00:00:00,2025-02-20 00:00:00
1078,62,Arco-2025-00327,2022-06-04,2022-08-06,cancelled,20,2022-06-05 00:00:00,2022-07-15 00:00:00
1079,116,ARCO-2025-00128,2025-09-08,2025-10-12,A,11,2025-09-09 00:00:00,2025-10-12 00:00:00
1080,34,ARCO-2023-00093,2023-06-10,2023-07-23,entregue,3,2023-06-11 00:00:00,2023-07-28 00:00:00
1081,28,,2022-06-08,2022-08-02,entregue,4,2022-06-09 00:00:00,2022-07-24 00:00:00
1082,126,ARCO-2023-00146,2025-02-05,2025-03-06,pendente,19,2025-02-05 00:00:00,2025-02-28 00:00:00
1083,179,,2022-01-26,2022-03-24,delivered,5,2022-01-26 00:00:00,2022-02-12 00:00:00
1084,4,ARCO-2024-00059,2025-11-08,2026-01-14,PENDING,17,2025-11-09 00:00:00,2025-12-29 00:00:00
1085,62,arco-2022-00152,2024-01-15,2024-03-16,DELIVERED,20,2024-01-15 00:00:00,2024-02-10 00:00:00
1086,81,ARCO-2022-00029,2025-05-22,2025-06-28,IN_PROGRESS,16,2025-05-22 00:00:00,2025-06-06 00:00:00
1087,76,,2024-12-14,2024-12-30,IN_PROGRESS,5,2024-12-15 00:00:00,2024-12-29 00:00:00
1088,1,ARCO-2024-00206,2024-01-12,2024-03-08,pendente,16,2024-01-13 00:00:00,2024-03-11 00:00:00
1089,204,ARCO-2023-00156,2024-09-19,2024-12-08,pendente,13,2024-09-19 00:00:00,2024-10-28 00:00:00
1090,4,ARCO-2022-00154,2024-11-25,2025-01-30,P,17,2024-11-25 00:00:00,2025-01-20 00:00:00
1091,85,,2024-05-02,2024-07-24,DELIVERED,16,2024-05-03 00:00:00,2024-06-02 00:00:00
1092,99,ARCO-2023-00055,2022-06-01,2022-08-25,em_andamento,8,2022-06-01 00:00:00,2022-06-24 00:00:00
1093,219,,2024-09-29,2024-12-06,A,4,2024-09-30 00:00:00,2024-10-04 00:00:00
1094,82,Arco-2023-00205,2025-08-30,2025-10-26,E,15,2025-08-31 00:00:00,2025-10-28 00:00:00
1095,16,ARCO-2023-00306,2023-07-09,2023-08-08,E,17,2023-07-10 00:00:00,2023-08-10 00:00:00
1096,233,,2023-10-15,2023-11-10,CANCELLED,19,2023-10-16 00:00:00,2023-11-28 00:00:00
1097,146,,2024-04-03,2024-04-23,cancelled,18,2024-04-03 00:00:00,2024-05-03 00:00:00
1098,62,ARCO-2025-00043,2024-11-03,2025-01-26,DELIVERED,20,2024-11-03 00:00:00,2024-11-04 00:00:00
1099,218,ARCO-2022-00063,2025-12-20,2026-02-03,entregue,3,2025-12-20 00:00:00,2026-01-14 00:00:00
1100,164,ARCO-2022-00296,2022-08-06,2022-10-17,delivered,12,2022-08-06 00:00:00,2022-10-03 00:00:00
1101,236,ARCO-2025-00131,2022-08-21,2022-10-11,pendente,11,2022-08-21 00:00:00,2022-09-28 00:00:00
1102,44,ARCO-2023-00030,2025-08-17,2025-11-04,DELIVERED,8,2025-08-18 00:00:00,2025-08-29 00:00:00
1103,176,,2024-02-02,2024-03-28,IN_PROGRESS,6,2024-02-03 00:00:00,2024-03-20 00:00:00
1104,81,ARCO-2024-00321,2023-01-03,2023-02-27,C,16,2023-01-03 00:00:00,2023-03-04 00:00:00
1105,238,,2022-12-26,2023-01-22,P,5,2022-12-27 00:00:00,2023-02-01 00:00:00
1106,210,ARCO-2023-00098,2024-03-21,2024-05-26,CANCELLED,9,2024-03-21 00:00:00,2024-05-07 00:00:00
1107,192,,2024-12-11,2024-12-30,PENDING,6,2024-12-11 00:00:00,2025-01-12 00:00:00
1108,102,,2023-01-11,2023-03-19,C,14,2023-01-12 00:00:00,2023-02-26 00:00:00
1109,8,ARCo-2023-00316,2025-06-29,2025-07-14,CANCELLED,1,2025-06-29 00:00:00,2025-07-14 00:00:00
1110,106,ARCO-2022-00330,2023-12-09,2024-02-15,cancelled,15,2023-12-10 00:00:00,2024-01-04 00:00:00
1111,102,ARCo-2023-00102,2022-12-02,2023-01-28,cancelado,14,2022-12-03 00:00:00,2022-12-15 00:00:00
1112,27,,2024-07-07,2024-09-13,em_andamento,20,2024-07-07 00:00:00,2024-08-23 00:00:00
1113,174,,2023-09-27,2023-12-01,cancelled,8,2023-09-27 00:00:00,2023-11-10 00:00:00
1114,218,ARCO-2022-00162,2022-05-26,2022-06-14,cancelado,3,2022-05-26 00:00:00,2022-05-30 00:00:00
1115,172,ARCO-2025-00147,2024-06-05,2024-08-10,A,5,2024-06-06 00:00:00,2024-06-23 00:00:00
1116,233,ARCO-2024-00326,2023-02-13,2023-02-28,pendente,19,2023-02-13 00:00:00,2023-04-02 00:00:00
1117,17,,2025-06-17,2025-09-12,cancelled,1,2025-06-18 00:00:00,2025-06-27 00:00:00
1118,102,ARCO-2023-00305,2024-01-04,2024-02-14,A,14,2024-01-05 00:00:00,2024-01-21 00:00:00
1119,147,ARCO-2023-00071,2025-03-03,2025-05-18,em_andamento,17,2025-03-04 00:00:00,2025-04-14 00:00:00
1120,7,,2022-08-20,2022-09-25,C,3,2022-08-20 00:00:00,2022-10-18 00:00:00
1121,56,ARCO-2023-00267,2024-09-02,2024-10-09,A,19,2024-09-03 00:00:00,2024-09-06 00:00:00
1122,98,,2025-02-09,2025-04-04,pending,10,2025-02-09 00:00:00,2025-04-04 00:00:00
1123,94,ARCO-2023-00098,2023-05-02,2023-07-01,A,19,2023-05-02 00:00:00,2023-05-29 00:00:00
1124,37,,2025-01-12,2025-02-20,A,12,2025-01-12 00:00:00,2025-02-06 00:00:00
1125,208,ARCO-2025-00056,2022-01-23,2022-03-07,PENDING,19,2022-01-23 00:00:00,2022-03-20 00:00:00
1126,231,,2025-08-16,2025-10-29,cancelado,9,2025-08-17 00:00:00,2025-08-23 00:00:00
1127,165,,2024-05-22,2024-07-09,PENDING,20,2024-05-22 00:00:00,2024-06-19 00:00:00
1128,150,ARCO-2025-00337,2022-02-21,2022-05-01,entregue,9,2022-02-21 00:00:00,2022-03-14 00:00:00
1129,170,ARCO-2025-00327,2025-06-05,2025-07-11,em_andamento,3,2025-06-05 00:00:00,2025-06-05 00:00:00
1130,175,Arco-2025-00090,2025-07-06,2025-09-25,A,4,2025-07-06 00:00:00,2025-08-28 00:00:00
1131,204,,2022-02-22,2022-05-14,delivered,13,2022-02-22 00:00:00,2022-04-08 00:00:00
1132,164,ARCO-2023-00101,2023-09-09,2023-11-27,A,12,2023-09-09 00:00:00,2023-09-28 00:00:00
1133,241,,2022-03-15,2022-06-06,delivered,17,2022-03-16 00:00:00,2022-04-25 00:00:00
1134,117,ARCO-2022-00108,2025-07-03,2025-09-03,cancelado,14,2025-07-03 00:00:00,2025-08-20 00:00:00
1135,230,,2024-02-01,2024-04-19,IN_PROGRESS,16,2024-02-02 00:00:00,2024-02-01 00:00:00
1136,226,,2024-08-09,2024-09-28,C,13,2024-08-10 00:00:00,2024-08-19 00:00:00
1137,224,ARCO-2024-00322,2022-06-23,2022-09-20,PENDING,17,2022-06-24 00:00:00,2022-08-14 00:00:00
1138,65,ARCO-2025-00229,2023-03-02,2023-04-08,PENDING,4,2023-03-03 00:00:00,2023-04-26 00:00:00
1139,78,ARCO-2023-00285,2022-08-19,2022-11-07,delivered,20,2022-08-19 00:00:00,2022-09-26 00:00:00
1140,156,ARCO-2025-00003,2023-11-21,2023-12-24,IN_PROGRESS,2,2023-11-21 00:00:00,2023-12-09 00:00:00
1141,141,ARCO-2023-00039,2024-04-23,2024-07-22,cancelled,18,2024-04-23 00:00:00,2024-05-13 00:00:00
1142,215,,2022-06-07,2022-07-30,em_andamento,19,2022-06-07 00:00:00,2022-07-20 00:00:00
1143,101,,2025-06-25,2025-08-29,E,6,2025-06-26 00:00:00,2025-07-25 00:00:00
1144,120,ARCo-2025-00268,2024-02-10,2024-03-11,E,7,2024-02-10 00:00:00,2024-03-07 00:00:00
1145,130,ARCO-2023-00130,2025-11-28,2025-12-27,em_andamento,3,2025-11-28 00:00:00,2025-11-30 00:00:00
1146,89,,2024-11-09,2025-01-25,CANCELLED,16,2024-11-10 00:00:00,2025-01-06 00:00:00
1147,63,ARCO-2023-00015,2025-04-14,2025-04-29,delivered,9,2025-04-15 00:00:00,2025-05-16 00:00:00
1148,230,ARCO-2022-00247,2025-06-18,2025-09-12,delivered,16,2025-06-19 00:00:00,2025-08-06 00:00:00
1149,63,ARCO-2024-00272,2025-01-18,2025-03-30,P,9,2025-01-18 00:00:00,2025-03-12 00:00:00
1150,56,ARCO-2022-00225,2025-09-09,2025-11-08,E,19,2025-09-09 00:00:00,2025-11-07 00:00:00
1151,109,ARCO-2025-00042,2022-09-20,2022-11-23,DELIVERED,4,2022-09-20 00:00:00,2022-10-22 00:00:00
1152,172,ARCO-2023-00087,2022-03-02,2022-04-04,IN_PROGRESS,5,2022-03-02 00:00:00,2022-03-20 00:00:00
1153,240,ARCO-2022-00330,2024-10-16,2024-11-17,CANCELLED,11,2024-10-16 00:00:00,2024-11-12 00:00:00
1154,156,,2023-03-12,2023-03-28,E,2,2023-03-12 00:00:00,2023-03-25 00:00:00
1155,17,Arco-2023-00155,2024-11-16,2025-01-15,pendente,1,2024-11-17 00:00:00,2024-12-22 00:00:00
1156,127,,2023-01-26,2023-03-23,C,9,2023-01-27 00:00:00,2023-03-23 00:00:00
1157,184,ARCO-2025-00058,2022-01-28,2022-03-18,CANCELLED,11,2022-01-29 00:00:00,2022-03-09 00:00:00
1158,53,ARCO-2025-00032,2022-05-05,2022-07-11,em_andamento,13,2022-05-05 00:00:00,2022-05-18 00:00:00
1159,2,ARCO-2025-00188,2024-05-11,2024-06-18,pendente,4,2024-05-12 00:00:00,2024-05-17 00:00:00
1160,49,ARCO-2023-00203,2023-05-22,2023-06-25,cancelled,15,2023-05-22 00:00:00,2023-06-13 00:00:00
1161,119,ARCO-2022-00019,2022-05-23,2022-06-19,IN_PROGRESS,15,2022-05-23 00:00:00,2022-06-20 00:00:00
1162,230,,2022-07-24,2022-10-18,IN_PROGRESS,16,2022-07-25 00:00:00,2022-09-11 00:00:00
1163,248,ARCO-2023-00329,2023-07-28,2023-10-21,IN_PROGRESS,2,2023-07-28 00:00:00,2023-08-02 00:00:00
1164,73,ARCO-2025-00219,2022-08-30,2022-09-20,cancelled,7,2022-08-31 00:00:00,2022-09-30 00:00:00
1165,211,ARCO-2023-00039,2025-08-08,2025-09-22,P,3,2025-08-09 00:00:00,2025-09-25 00:00:00
1166,17,ARCO-2025-00201,2023-01-20,2023-04-12,cancelado,1,2023-01-21 00:00:00,2023-02-18 00:00:00
1167,171,ARCO-2023-00095,2025-03-08,2025-05-24,CANCELLED,10,2025-03-09 00:00:00,2025-03-14 00:00:00
1168,187,ARCO-2023-00374,2023-06-30,2023-08-20,cancelled,4,2023-06-30 00:00:00,2023-08-15 00:00:00
1169,245,,2023-03-14,2023-05-03,em_andamento,4,2023-03-15 00:00:00,2023-04-23 00:00:00
1170,188,ARCO-2024-00260,2024-06-11,2024-06-26,delivered,9,2024-06-11 00:00:00,2024-07-05 00:00:00
1171,237,ARCO-2025-00032,2025-11-17,2025-12-04,cancelado,20,2025-11-18 00:00:00,2025-12-21 00:00:00
1172,116,,2022-08-29,2022-09-21,delivered,11,2022-08-29 00:00:00,2022-09-22 00:00:00
1173,30,ARCO-2022-00053,2025-01-06,2025-04-02,pendente,11,2025-01-06 00:00:00,2025-02-26 00:00:00
1174,30,ARCO-2024-00262,2024-05-17,2024-07-20,cancelled,11,2024-05-17 00:00:00,2024-05-19 00:00:00
1175,6,ARCO-2025-00045,2022-11-21,2022-12-11,pendente,8,2022-11-21 00:00:00,2023-01-03 00:00:00
1176,45,ARCO-2023-00078,2025-03-05,2025-05-13,P,16,2025-03-05 00:00:00,2025-03-20 00:00:00
1177,247,ARCO-2025-00188,2023-01-24,2023-03-30,P,12,2023-01-25 00:00:00,2023-03-16 00:00:00
1178,118,,2024-08-26,2024-10-16,em_andamento,12,2024-08-26 00:00:00,2024-10-20 00:00:00
1179,146,,2023-06-17,2023-09-03,pendente,18,2023-06-18 00:00:00,2023-08-10 00:00:00
1180,207,ARCO-2022-00294,2024-08-25,2024-09-16,P,6,2024-08-25 00:00:00,2024-09-01 00:00:00
1181,105,,2023-02-09,2023-04-25,em_andamento,16,2023-02-10 00:00:00,2023-03-07 00:00:00
1182,227,ARCO-2023-00155,2024-03-20,2024-04-17,IN_PROGRESS,13,2024-03-20 00:00:00,2024-05-05 00:00:00
1183,48,,2024-10-27,2024-12-07,em_andamento,11,2024-10-28 00:00:00,2024-12-25 00:00:00
1184,95,ARCO-2025-00255,2025-05-30,2025-08-21,CANCELLED,4,2025-05-30 00:00:00,2025-06-28 00:00:00
1185,170,ARCO-2022-00294,2022-06-12,2022-09-06,pending,3,2022-06-12 00:00:00,2022-06-17 00:00:00
1186,94,,2025-05-16,2025-06-30,entregue,19,2025-05-16 00:00:00,2025-06-04 00:00:00
1187,240,ARCO-2025-00003,2024-03-08,2024-05-31,A,11,2024-03-09 00:00:00,2024-04-26 00:00:00
1188,241,ARCO-2025-00074,2024-05-20,2024-07-28,A,17,2024-05-21 00:00:00,2024-06-12 00:00:00
1189,175,ARCO202500175,2024-06-24,2024-08-27,CANCELLED,4,2024-06-24 00:00:00,2024-07-16 00:00:00
1190,216,ARCO-2023-00176,2022-10-01,2022-11-12,IN_PROGRESS,4,2022-10-02 00:00:00,2022-10-31 00:00:00
1191,79,ARCO-2023-00001,2025-03-01,2025-03-17,em_andamento,9,2025-03-02 00:00:00,2025-03-06 00:00:00
1192,180,ARCO-2025-00365,2023-02-13,2023-04-10,P,6,2023-02-13 00:00:00,2023-03-26 00:00:00
1193,179,ARCO-2024-00139,2025-02-01,2025-03-27,C,5,2025-02-02 00:00:00,2025-03-16 00:00:00
1194,223,,2024-06-27,2024-09-08,P,13,2024-06-27 00:00:00,2024-07-01 00:00:00
1195,89,ARCO-2024-00230,2024-10-22,2025-01-15,entregue,16,2024-10-23 00:00:00,2024-11-14 00:00:00
1196,20,ARCO-2023-00102,2023-12-22,2024-03-21,entregue,20,2023-12-23 00:00:00,2023-12-27 00:00:00
1197,171,ARCo-2023-00146,2025-06-04,2025-08-18,IN_PROGRESS,10,2025-06-05 00:00:00,2025-06-08 00:00:00
1198,169,ARCO-2023-00186,2024-10-23,2025-01-17,cancelado,4,2024-10-23 00:00:00,2024-11-25 00:00:00
1199,98,,2023-05-29,2023-08-11,pending,10,2023-05-29 00:00:00,2023-06-24 00:00:00
1200,240,,2024-08-02,2024-10-29,cancelado,11,2024-08-02 00:00:00,2024-09-07 00:00:00
