id_item,id_pedido,cod_produto,desc_produto,qtd_pedida,preco_unitario,dt_criacao
1,1,SKU-0044,Material COC 3 EF,196,107.61,2022-05-09 00:00:00
2,1,SKU-0030,Material NSE 1 EF,29,89.36,2022-05-09 00:00:00
3,1,SKU-0908,Material COC 6 EF,26,126.55,2022-05-09 00:00:00
4,2,SKU-0025,Material PGS 3 EF,197,153.39,2025-09-18 00:00:00
5,3,SKU-0904,Material COC 4 EF,38,160.31,2022-04-09 00:00:00
6,3,SKU-0053,Material PGS 1 EM,85,151.32,2022-04-09 00:00:00
7,3,SKU-0012,Material NSE 5 EF,129,92.83,2022-04-09 00:00:00
8,3,SKU-0005,Material PGS 7 EF,31,67.08,2022-04-09 00:00:00
9,4,SKU-0020,Material COC 4 EF,24,199.93,2023-12-18 00:00:00
10,4,SKU-0052,Material PGS 1 EF,17,112.57,2023-12-18 00:00:00
11,5,SKU-0900,Material SAE 3 EM,97,158.32,2024-05-13 00:00:00
12,5,SKU-0045,Material SAE 4 EF,77,205.48,2024-05-13 00:00:00
13,6,SKU-0903,Material Isaac 6 EF,158,216.99,2023-10-02 00:00:00
14,6,SKU-0032,Material NSE 2 EM,19,232.66,2023-10-02 00:00:00
15,7,SKU-0056,Material NSE 8 EF,163,92.01,2024-11-17 00:00:00
16,8,SKU-0027,Material SAE 5 EF,15,125.42,2022-08-06 00:00:00
17,8,SKU-0044,Material NSE 4 EF,178,173.39,2022-08-06 00:00:00
18,9,SKU-0045,Material COC 3 EF,34,221.34,2023-05-04 00:00:00
19,10,SKU-0052,Material PGS 1 EF,58,231.26,2022-09-10 00:00:00
20,11,SKU-0908,Material NSE 3 EF,32,99.76,2024-09-30 00:00:00
21,11,SKU-0010,Material NSE 8 EF,144,47.21,2024-09-30 00:00:00
22,11,SKU-0901,Material SAE 2 EM,95,50.93,2024-09-30 00:00:00
23,11,SKU-0058,Material SAE 2 EF,82,111.56,2024-09-30 00:00:00
24,12,SKU-0060,Material NSE 1 EF,74,236.21,2023-02-05 00:00:00
25,12,SKU-0904,Material Isaac 7 EF,108,108.07,2023-02-05 00:00:00
26,12,SKU-0037,Material NSE 2 EM,145,228.12,2023-02-05 00:00:00
27,13,SKU-0030,Material Isaac 1 EF,97,73.14,2022-04-27 00:00:00
28,13,SKU-0032,Material NSE 8 EF,146,121.7,2022-04-27 00:00:00
29,13,SKU-0013,Material SAE 7 EF,109,79.25,2022-04-27 00:00:00
30,14,SKU-0019,Material SAE 4 EF,24,29.29,2023-05-03 00:00:00
31,15,SKU-0015,Material Isaac 8 EF,118,85.15,2022-07-19 00:00:00
32,15,SKU-0050,Material Isaac 5 EF,104,138.2,2022-07-19 00:00:00
33,16,SKU-0051,Material NSE 1 EF,103,177.82,2022-05-18 00:00:00
34,16,SKU-0013,Material NSE 2 EM,132,83.09,2022-05-18 00:00:00
35,16,SKU-0029,Material NSE 8 EF,142,63.2,2022-05-18 00:00:00
36,16,SKU-0904,Material Isaac 9 EF,98,128.84,2022-05-18 00:00:00
37,17,SKU-0901,Material NSE 8 EF,24,226.66,2025-12-01 00:00:00
38,17,SKU-0058,Material Isaac 5 EF,193,214.35,2025-12-01 00:00:00
39,17,SKU-0019,Material PGS 3 EM,100,174.53,2025-12-01 00:00:00
40,18,SKU-0048,Material SAE 4 EF,159,180.18,2022-01-17 00:00:00
41,18,SKU-0038,Material Isaac 8 EF,177,181.87,2022-01-17 00:00:00
42,18,SKU-0037,Material COC 2 EM,88,71.64,2022-01-17 00:00:00
43,18,SKU-0023,Material SAE 1 EF,15,146.69,2022-01-17 00:00:00
44,19,SKU-0906,Material NSE 7 EF,81,45.29,2023-05-21 00:00:00
45,20,SKU-0024,Material SAE 1 EM,46,65.85,2022-08-21 00:00:00
46,20,SKU-0055,Material COC 3 EM,16,99.21,2022-08-21 00:00:00
47,20,SKU-0054,Material COC 5 EF,186,208.31,2022-08-21 00:00:00
48,21,SKU-0042,Material COC 1 EM,83,203.98,2024-10-28 00:00:00
49,21,SKU-0038,Material Isaac 3 EF,142,210.42,2024-10-28 00:00:00
50,21,SKU-0054,Material SAE 3 EF,71,248.59,2024-10-28 00:00:00
51,21,SKU-0054,Material COC 8 EF,127,54.08,2024-10-28 00:00:00
52,22,SKU-0038,Material NSE 3 EM,17,137.28,2023-12-10 00:00:00
53,23,SKU-0052,Material NSE 1 EM,72,176.74,2024-07-22 00:00:00
54,23,SKU-0021,Material SAE 5 EF,159,21.02,2024-07-22 00:00:00
55,23,SKU-0038,Material SAE 1 EF,17,36.0,2024-07-22 00:00:00
56,23,SKU-0014,Material SAE 3 EM,94,52.24,2024-07-22 00:00:00
57,24,SKU-0028,Material Isaac 3 EM,20,239.69,2023-03-22 00:00:00
58,25,SKU-0034,Material Isaac 8 EF,109,210.42,2025-06-02 00:00:00
59,25,SKU-0032,Material SAE 9 EF,34,174.48,2025-06-02 00:00:00
60,25,SKU-0005,Material SAE 3 EM,163,160.6,2025-06-02 00:00:00
61,25,SKU-0044,Material PGS 2 EM,188,222.84,2025-06-02 00:00:00
62,26,SKU-0049,Material Isaac 1 EF,145,39.08,2023-09-19 00:00:00
63,26,SKU-0038,Material Isaac 8 EF,28,78.21,2023-09-19 00:00:00
64,27,SKU-0008,Material PGS 4 EF,115,80.36,2025-09-19 00:00:00
65,27,SKU-0046,Material Isaac 2 EF,197,212.35,2025-09-19 00:00:00
66,27,SKU-0037,Material Isaac 1 EM,195,179.32,2025-09-19 00:00:00
67,28,SKU-0906,Material SAE 4 EF,87,221.37,2022-09-25 00:00:00
68,29,SKU-0009,Material NSE 6 EF,65,168.37,2024-09-17 00:00:00
69,29,SKU-0048,Material PGS 2 EM,122,38.42,2024-09-17 00:00:00
70,30,SKU-0031,Material COC 3 EF,115,97.8,2024-12-09 00:00:00
71,30,SKU-0032,Material COC 4 EF,48,122.08,2024-12-09 00:00:00
72,30,SKU-0059,Material Isaac 3 EF,163,47.78,2024-12-09 00:00:00
73,31,SKU-0006,Material COC 7 EF,171,218.76,2025-02-15 00:00:00
74,31,SKU-0051,Material COC 7 EF,103,52.48,2025-02-15 00:00:00
75,31,SKU-0037,Material Isaac 3 EF,149,43.62,2025-02-15 00:00:00
76,32,SKU-0033,Material SAE 1 EM,65,23.42,2025-07-25 00:00:00
77,32,SKU-0049,Material SAE 2 EM,139,91.95,2025-07-25 00:00:00
78,33,SKU-0011,Material COC 3 EM,190,63.19,2022-05-30 00:00:00
79,33,SKU-0008,Material NSE 5 EF,133,36.38,2022-05-30 00:00:00
80,33,SKU-0019,Material NSE 1 EM,100,107.38,2022-05-30 00:00:00
81,34,SKU-0909,Material NSE 3 EM,82,199.0,2022-10-31 00:00:00
82,34,SKU-0015,Material PGS 3 EM,100,159.39,2022-10-31 00:00:00
83,35,SKU-0017,Material COC 2 EF,159,186.11,2025-05-23 00:00:00
84,36,SKU-0022,Material SAE 3 EM,111,90.66,2022-09-24 00:00:00
85,36,SKU-0060,Material SAE 2 EF,186,195.62,2022-09-24 00:00:00
86,36,SKU-0060,Material SAE 2 EF,70,38.38,2022-09-24 00:00:00
87,37,SKU-0904,Material PGS 9 EF,170,141.12,2025-01-08 00:00:00
88,38,SKU-0040,Material NSE 9 EF,113,228.77,2023-11-22 00:00:00
89,38,SKU-0040,Material COC 5 EF,99,62.1,2023-11-22 00:00:00
90,39,SKU-0019,Material PGS 9 EF,86,240.65,2025-12-13 00:00:00
91,39,SKU-0001,Material Isaac 9 EF,30,132.32,2025-12-13 00:00:00
92,39,SKU-0027,Material NSE 8 EF,148,126.34,2025-12-13 00:00:00
93,40,SKU-0005,Material NSE 6 EF,79,178.34,2022-05-28 00:00:00
94,41,SKU-0024,Material SAE 8 EF,39,190.16,2023-11-06 00:00:00
95,41,SKU-0046,Material PGS 1 EM,27,85.96,2023-11-06 00:00:00
96,42,SKU-0036,Material PGS 2 EM,107,23.14,2023-07-30 00:00:00
97,42,SKU-0908,Material SAE 6 EF,46,65.14,2023-07-30 00:00:00
98,42,SKU-0058,Material Isaac 1 EF,121,47.15,2023-07-30 00:00:00
99,43,SKU-0024,Material SAE 7 EF,100,39.49,2024-09-13 00:00:00
100,43,SKU-0036,Material Isaac 4 EF,148,88.31,2024-09-13 00:00:00
101,44,SKU-0055,Material Isaac 8 EF,164,124.08,2024-09-21 00:00:00
102,44,SKU-0031,Material SAE 9 EF,54,231.07,2024-09-21 00:00:00
103,45,SKU-0035,Material Isaac 2 EM,56,132.07,2023-02-21 00:00:00
104,45,SKU-0042,Material Isaac 7 EF,124,214.29,2023-02-21 00:00:00
105,45,SKU-0031,Material COC 7 EF,164,223.77,2023-02-21 00:00:00
106,45,SKU-0052,Material COC 2 EM,91,43.46,2023-02-21 00:00:00
107,46,SKU-0900,Material Isaac 1 EM,88,123.14,2024-09-05 00:00:00
108,46,SKU-0907,Material PGS 3 EF,133,86.19,2024-09-05 00:00:00
109,47,SKU-0045,Material COC 3 EM,44,176.91,2023-11-03 00:00:00
110,48,SKU-0909,Material NSE 6 EF,102,97.37,2023-09-18 00:00:00
111,49,SKU-0048,Material PGS 6 EF,125,186.2,2024-08-01 00:00:00
112,49,SKU-0022,Material SAE 3 EF,112,41.44,2024-08-01 00:00:00
113,49,SKU-0024,Material NSE 3 EF,20,121.14,2024-08-01 00:00:00
114,50,SKU-0029,Material COC 3 EF,18,126.11,2023-10-13 00:00:00
115,50,SKU-0005,Material COC 5 EF,126,24.44,2023-10-13 00:00:00
116,50,SKU-0023,Material COC 7 EF,11,200.54,2023-10-13 00:00:00
117,50,SKU-0030,Material PGS 1 EF,82,165.35,2023-10-13 00:00:00
118,51,SKU-0003,Material SAE 2 EF,185,139.26,2023-09-20 00:00:00
119,51,SKU-0039,Material Isaac 1 EF,173,38.48,2023-09-20 00:00:00
120,51,SKU-0029,Material COC 9 EF,41,92.36,2023-09-20 00:00:00
121,51,SKU-0025,Material SAE 4 EF,38,106.8,2023-09-20 00:00:00
122,52,SKU-0906,Material COC 3 EF,61,30.84,2022-05-04 00:00:00
123,53,SKU-0057,Material PGS 5 EF,186,130.15,2024-05-03 00:00:00
124,53,SKU-0035,Material Isaac 3 EF,61,163.23,2024-05-03 00:00:00
125,54,SKU-0017,Material Isaac 8 EF,68,174.62,2024-02-14 00:00:00
126,55,SKU-0029,Material Isaac 8 EF,103,84.88,2022-02-26 00:00:00
127,56,SKU-0031,Material SAE 1 EF,41,162.72,2025-04-27 00:00:00
128,57,SKU-0050,Material Isaac 1 EF,17,37.26,2024-12-20 00:00:00
129,57,SKU-0040,Material COC 9 EF,196,170.56,2024-12-20 00:00:00
130,57,SKU-0047,Material PGS 1 EM,191,61.7,2024-12-20 00:00:00
131,57,SKU-0012,Material COC 3 EF,77,45.59,2024-12-20 00:00:00
132,58,SKU-0004,Material NSE 2 EF,87,76.41,2025-02-10 00:00:00
133,58,SKU-0057,Material COC 1 EF,159,147.42,2025-02-10 00:00:00
134,58,SKU-0025,Material Isaac 2 EF,43,67.62,2025-02-10 00:00:00
135,58,SKU-0007,Material PGS 9 EF,169,67.27,2025-02-10 00:00:00
136,59,SKU-0024,Material SAE 7 EF,190,151.59,2023-08-23 00:00:00
137,60,SKU-0050,Material PGS 3 EF,61,103.98,2025-12-05 00:00:00
138,60,SKU-0028,Material COC 2 EM,185,36.35,2025-12-05 00:00:00
139,60,SKU-0025,Material NSE 3 EF,118,223.75,2025-12-05 00:00:00
140,61,SKU-0043,Material NSE 9 EF,120,154.33,2025-10-13 00:00:00
141,61,SKU-0052,Material Isaac 2 EM,82,132.03,2025-10-13 00:00:00
142,61,SKU-0037,Material NSE 8 EF,175,157.3,2025-10-13 00:00:00
143,61,SKU-0036,Material COC 4 EF,110,221.3,2025-10-13 00:00:00
144,62,SKU-0051,Material NSE 5 EF,16,41.02,2023-06-07 00:00:00
145,62,SKU-0032,Material COC 4 EF,77,239.07,2023-06-07 00:00:00
146,62,SKU-0903,Material Isaac 5 EF,147,225.25,2023-06-07 00:00:00
147,62,SKU-0908,Material COC 1 EM,159,20.36,2023-06-07 00:00:00
148,63,SKU-0014,Material COC 9 EF,196,53.85,2024-02-15 00:00:00
149,63,SKU-0050,Material Isaac 3 EF,152,68.93,2024-02-15 00:00:00
150,64,SKU-0033,Material COC 6 EF,199,243.0,2022-04-09 00:00:00
151,65,SKU-0032,Material Isaac 3 EF,87,89.44,2024-07-09 00:00:00
152,65,SKU-0016,Material NSE 1 EF,190,213.02,2024-07-09 00:00:00
153,65,SKU-0008,Material NSE 2 EM,128,154.42,2024-07-09 00:00:00
154,65,SKU-0050,Material Isaac 7 EF,154,243.42,2024-07-09 00:00:00
155,66,SKU-0059,Material PGS 7 EF,15,23.86,2023-01-06 00:00:00
156,66,SKU-0023,Material PGS 3 EF,95,152.73,2023-01-06 00:00:00
157,67,SKU-0036,Material Isaac 3 EM,163,61.51,2023-06-22 00:00:00
158,68,SKU-0021,Material SAE 2 EM,101,34.81,2025-08-01 00:00:00
159,68,SKU-0905,Material SAE 7 EF,115,178.33,2025-08-01 00:00:00
160,68,SKU-0909,Material COC 4 EF,64,111.37,2025-08-01 00:00:00
161,69,SKU-0032,Material NSE 3 EF,61,75.17,2023-03-28 00:00:00
162,70,SKU-0049,Material NSE 3 EM,108,26.49,2022-06-09 00:00:00
163,70,SKU-0025,Material COC 9 EF,134,228.2,2022-06-09 00:00:00
164,70,SKU-0021,Material Isaac 6 EF,25,171.89,2022-06-09 00:00:00
165,71,SKU-0007,Material COC 1 EF,121,134.73,2022-07-27 00:00:00
166,71,SKU-0016,Material PGS 1 EF,193,201.24,2022-07-27 00:00:00
167,71,SKU-0031,Material SAE 5 EF,177,53.06,2022-07-27 00:00:00
168,72,SKU-0041,Material NSE 9 EF,75,84.96,2025-12-22 00:00:00
169,72,SKU-0051,Material PGS 6 EF,161,27.7,2025-12-22 00:00:00
170,72,SKU-0022,Material Isaac 5 EF,52,128.74,2025-12-22 00:00:00
171,72,SKU-0032,Material Isaac 5 EF,144,172.98,2025-12-22 00:00:00
172,73,SKU-0020,Material SAE 6 EF,26,83.83,2025-07-16 00:00:00
173,74,SKU-0054,Material SAE 8 EF,84,83.61,2025-07-13 00:00:00
174,74,SKU-0059,Material NSE 1 EF,48,31.22,2025-07-13 00:00:00
175,74,SKU-0048,Material NSE 1 EF,14,241.21,2025-07-13 00:00:00
176,74,SKU-0034,Material SAE 5 EF,101,143.25,2025-07-13 00:00:00
177,75,SKU-0904,Material Isaac 6 EF,95,61.93,2022-03-01 00:00:00
178,75,SKU-0908,Material COC 2 EM,161,159.78,2022-03-01 00:00:00
179,76,SKU-0019,Material NSE 5 EF,86,219.17,2025-03-26 00:00:00
180,76,SKU-0057,Material PGS 7 EF,63,143.45,2025-03-26 00:00:00
181,77,SKU-0054,Material Isaac 8 EF,17,37.45,2024-10-20 00:00:00
182,78,SKU-0045,Material NSE 6 EF,12,161.53,2025-02-02 00:00:00
183,78,SKU-0034,Material SAE 8 EF,169,154.88,2025-02-02 00:00:00
184,78,SKU-0046,Material Isaac 1 EM,113,203.38,2025-02-02 00:00:00
185,79,SKU-0900,Material PGS 9 EF,57,44.69,2025-07-10 00:00:00
186,79,SKU-0035,Material PGS 3 EM,11,198.12,2025-07-10 00:00:00
187,79,SKU-0052,Material PGS 2 EM,179,198.95,2025-07-10 00:00:00
188,80,SKU-0041,Material NSE 6 EF,81,71.92,2025-12-03 00:00:00
189,80,SKU-0025,Material COC 4 EF,139,28.83,2025-12-03 00:00:00
190,80,SKU-0034,Material SAE 2 EM,64,55.36,2025-12-03 00:00:00
191,80,SKU-0904,Material PGS 9 EF,151,62.98,2025-12-03 00:00:00
192,81,SKU-0045,Material NSE 9 EF,13,198.47,2023-12-30 00:00:00
193,82,SKU-0007,Material NSE 1 EM,22,58.31,2022-04-08 00:00:00
194,82,SKU-0007,Material SAE 9 EF,134,122.76,2022-04-08 00:00:00
195,82,SKU-0018,Material PGS 3 EM,146,32.11,2022-04-08 00:00:00
196,83,SKU-0903,Material PGS 8 EF,71,105.61,2023-05-30 00:00:00
197,83,SKU-0039,Material Isaac 3 EM,46,138.83,2023-05-30 00:00:00
198,84,SKU-0906,Material Isaac 6 EF,144,120.0,2022-12-14 00:00:00
199,84,SKU-0005,Material Isaac 2 EM,59,20.87,2022-12-14 00:00:00
200,84,SKU-0031,Material COC 9 EF,130,39.01,2022-12-14 00:00:00
201,85,SKU-0903,Material Isaac 3 EF,165,28.77,2023-03-13 00:00:00
202,85,SKU-0902,Material PGS 4 EF,58,186.54,2023-03-13 00:00:00
203,86,SKU-0029,Material NSE 5 EF,97,178.15,2024-11-25 00:00:00
204,86,SKU-0033,Material COC 8 EF,183,40.96,2024-11-25 00:00:00
205,86,SKU-0020,Material SAE 1 EM,96,157.19,2024-11-25 00:00:00
206,86,SKU-0036,Material NSE 3 EF,187,45.15,2024-11-25 00:00:00
207,87,SKU-0905,Material NSE 2 EM,154,52.76,2023-09-27 00:00:00
208,87,SKU-0043,Material COC 8 EF,198,216.22,2023-09-27 00:00:00
209,88,SKU-0034,Material Isaac 7 EF,23,114.93,2022-10-22 00:00:00
210,88,SKU-0058,Material Isaac 4 EF,143,74.46,2022-10-22 00:00:00
211,88,SKU-0026,Material NSE 8 EF,165,108.68,2022-10-22 00:00:00
212,89,SKU-0059,Material COC 8 EF,35,60.1,2022-09-04 00:00:00
213,89,SKU-0029,Material COC 1 EF,156,51.92,2022-09-04 00:00:00
214,89,SKU-0027,Material SAE 1 EF,173,32.71,2022-09-04 00:00:00
215,89,SKU-0047,Material COC 7 EF,194,129.57,2022-09-04 00:00:00
216,90,SKU-0006,Material NSE 1 EF,130,223.42,2025-01-15 00:00:00
217,90,SKU-0023,Material PGS 9 EF,167,140.26,2025-01-15 00:00:00
218,90,SKU-0011,Material Isaac 7 EF,51,240.6,2025-01-15 00:00:00
219,90,SKU-0004,Material NSE 1 EF,88,201.88,2025-01-15 00:00:00
220,91,SKU-0021,Material Isaac 1 EF,117,214.29,2024-03-30 00:00:00
221,92,SKU-0009,Material COC 5 EF,102,107.37,2023-12-29 00:00:00
222,92,SKU-0027,Material Isaac 2 EM,81,233.98,2023-12-29 00:00:00
223,93,SKU-0027,Material COC 1 EM,90,170.18,2023-05-28 00:00:00
224,94,SKU-0019,Material SAE 7 EF,136,249.97,2024-09-26 00:00:00
225,94,SKU-0013,Material COC 7 EF,118,54.94,2024-09-26 00:00:00
226,94,SKU-0906,Material COC 8 EF,138,222.57,2024-09-26 00:00:00
227,95,SKU-0045,Material SAE 1 EF,133,201.14,2024-02-08 00:00:00
228,96,SKU-0022,Material Isaac 2 EF,86,212.33,2024-02-17 00:00:00
229,96,SKU-0019,Material PGS 4 EF,73,97.77,2024-02-17 00:00:00
230,96,SKU-0044,Material COC 5 EF,156,95.76,2024-02-17 00:00:00
231,96,SKU-0037,Material PGS 7 EF,164,238.95,2024-02-17 00:00:00
232,97,SKU-0009,Material Isaac 9 EF,194,66.53,2022-07-09 00:00:00
233,97,SKU-0048,Material Isaac 5 EF,173,100.54,2022-07-09 00:00:00
234,98,SKU-0903,Material NSE 5 EF,111,99.68,2023-10-01 00:00:00
235,99,SKU-0058,Material NSE 3 EF,130,121.12,2024-11-11 00:00:00
236,100,SKU-0013,Material NSE 7 EF,119,96.51,2022-04-22 00:00:00
237,100,SKU-0035,Material COC 7 EF,127,234.23,2022-04-22 00:00:00
238,101,SKU-0011,Material SAE 8 EF,120,145.91,2023-03-17 00:00:00
239,102,SKU-0026,Material SAE 3 EM,115,154.02,2023-08-02 00:00:00
240,102,SKU-0049,Material SAE 2 EM,153,33.88,2023-08-02 00:00:00
241,102,SKU-0052,Material SAE 2 EF,68,97.49,2023-08-02 00:00:00
242,103,SKU-0032,Material NSE 7 EF,21,91.96,2025-05-14 00:00:00
243,103,SKU-0031,Material SAE 4 EF,132,126.83,2025-05-14 00:00:00
244,103,SKU-0021,Material NSE 2 EF,193,208.53,2025-05-14 00:00:00
245,104,SKU-0056,Material SAE 2 EF,166,117.86,2023-10-27 00:00:00
246,104,SKU-0019,Material COC 1 EM,113,197.94,2023-10-27 00:00:00
247,104,SKU-0003,Material PGS 1 EM,196,140.97,2023-10-27 00:00:00
248,105,SKU-0030,Material COC 8 EF,176,141.45,2024-07-28 00:00:00
249,105,SKU-0033,Material SAE 3 EM,20,184.11,2024-07-28 00:00:00
250,105,SKU-0042,Material NSE 5 EF,54,208.47,2024-07-28 00:00:00
251,106,SKU-0008,Material SAE 4 EF,66,245.67,2023-03-27 00:00:00
252,107,SKU-0035,Material PGS 9 EF,82,93.62,2024-05-22 00:00:00
253,107,SKU-0908,Material COC 4 EF,200,209.91,2024-05-22 00:00:00
254,108,SKU-0012,Material PGS 8 EF,110,111.28,2022-10-13 00:00:00
255,108,SKU-0025,Material PGS 4 EF,143,118.43,2022-10-13 00:00:00
256,108,SKU-0060,Material PGS 3 EM,141,142.67,2022-10-13 00:00:00
257,109,SKU-0058,Material PGS 2 EF,37,158.72,2022-02-25 00:00:00
258,109,SKU-0025,Material COC 4 EF,57,22.72,2022-02-25 00:00:00
259,109,SKU-0024,Material PGS 3 EF,193,114.71,2022-02-25 00:00:00
260,109,SKU-0021,Material PGS 3 EF,132,176.03,2022-02-25 00:00:00
261,110,SKU-0021,Material NSE 2 EM,64,215.28,2023-10-29 00:00:00
262,110,SKU-0001,Material PGS 9 EF,128,97.58,2023-10-29 00:00:00
263,111,SKU-0010,Material PGS 8 EF,155,101.53,2023-07-31 00:00:00
264,112,SKU-0034,Material NSE 7 EF,123,108.58,2024-08-27 00:00:00
265,112,SKU-0013,Material Isaac 7 EF,200,163.4,2024-08-27 00:00:00
266,112,SKU-0023,Material NSE 4 EF,29,25.63,2024-08-27 00:00:00
267,113,SKU-0019,Material SAE 1 EF,84,217.5,2025-11-24 00:00:00
268,114,SKU-0040,Material PGS 2 EM,169,112.5,2024-01-11 00:00:00
269,115,SKU-0906,Material Isaac 7 EF,156,72.71,2025-01-23 00:00:00
270,116,SKU-0021,Material Isaac 1 EF,52,123.24,2023-05-29 00:00:00
271,116,SKU-0023,Material PGS 1 EM,113,41.25,2023-05-29 00:00:00
272,117,SKU-0028,Material NSE 6 EF,86,70.78,2025-08-18 00:00:00
273,117,SKU-0008,Material SAE 7 EF,193,109.56,2025-08-18 00:00:00
274,117,SKU-0004,Material SAE 6 EF,17,206.78,2025-08-18 00:00:00
275,118,SKU-0051,Material COC 9 EF,121,21.62,2022-05-14 00:00:00
276,119,SKU-0042,Material Isaac 1 EM,141,208.73,2025-10-20 00:00:00
277,119,SKU-0905,Material PGS 2 EM,67,233.38,2025-10-20 00:00:00
278,119,SKU-0039,Material PGS 6 EF,198,41.38,2025-10-20 00:00:00
279,119,SKU-0003,Material PGS 6 EF,131,185.2,2025-10-20 00:00:00
280,120,SKU-0901,Material SAE 8 EF,71,143.64,2022-09-29 00:00:00
281,120,SKU-0048,Material Isaac 5 EF,26,230.6,2022-09-29 00:00:00
282,120,SKU-0046,Material Isaac 5 EF,53,58.58,2022-09-29 00:00:00
283,120,SKU-0015,Material NSE 1 EF,175,185.94,2022-09-29 00:00:00
284,121,SKU-0028,Material SAE 1 EF,156,210.51,2025-05-28 00:00:00
285,121,SKU-0008,Material SAE 2 EF,78,188.0,2025-05-28 00:00:00
286,121,SKU-0015,Material NSE 4 EF,128,117.29,2025-05-28 00:00:00
287,122,SKU-0008,Material PGS 2 EM,151,196.88,2023-03-10 00:00:00
288,122,SKU-0005,Material SAE 9 EF,22,200.59,2023-03-10 00:00:00
289,122,SKU-0055,Material NSE 3 EF,186,136.88,2023-03-10 00:00:00
290,123,SKU-0029,Material Isaac 7 EF,134,158.81,2024-09-19 00:00:00
291,123,SKU-0026,Material PGS 1 EM,147,25.98,2024-09-19 00:00:00
292,124,SKU-0903,Material Isaac 7 EF,49,157.46,2022-01-08 00:00:00
293,124,SKU-0035,Material NSE 2 EM,71,175.11,2022-01-08 00:00:00
294,124,SKU-0040,Material COC 1 EM,49,139.46,2022-01-08 00:00:00
295,124,SKU-0055,Material PGS 3 EM,69,154.81,2022-01-08 00:00:00
296,125,SKU-0909,Material NSE 2 EM,140,215.96,2022-04-28 00:00:00
297,125,SKU-0905,Material COC 8 EF,123,24.38,2022-04-28 00:00:00
298,126,SKU-0904,Material COC 6 EF,60,124.07,2023-09-04 00:00:00
299,126,SKU-0034,Material PGS 7 EF,142,243.13,2023-09-04 00:00:00
300,126,SKU-0013,Material SAE 6 EF,82,199.96,2023-09-04 00:00:00
301,126,SKU-0040,Material SAE 6 EF,46,94.62,2023-09-04 00:00:00
302,127,SKU-0906,Material COC 4 EF,97,244.59,2022-08-15 00:00:00
303,127,SKU-0903,Material PGS 6 EF,112,94.2,2022-08-15 00:00:00
304,128,SKU-0033,Material SAE 2 EF,17,147.43,2024-11-11 00:00:00
305,128,SKU-0046,Material NSE 4 EF,140,179.31,2024-11-11 00:00:00
306,129,SKU-0050,Material SAE 2 EM,112,31.37,2022-10-28 00:00:00
307,129,SKU-0025,Material COC 1 EM,122,187.23,2022-10-28 00:00:00
308,130,SKU-0042,Material PGS 3 EM,155,102.08,2023-10-03 00:00:00
309,131,SKU-0055,Material SAE 5 EF,42,124.81,2022-12-21 00:00:00
310,132,SKU-0035,Material SAE 8 EF,47,151.45,2022-07-18 00:00:00
311,132,SKU-0907,Material NSE 2 EM,158,102.15,2022-07-18 00:00:00
312,132,SKU-0034,Material NSE 6 EF,49,241.73,2022-07-18 00:00:00
313,132,SKU-0023,Material PGS 3 EF,82,161.34,2022-07-18 00:00:00
314,133,SKU-0050,Material Isaac 3 EF,32,157.78,2023-08-17 00:00:00
315,133,SKU-0025,Material Isaac 9 EF,149,23.1,2023-08-17 00:00:00
316,133,SKU-0032,Material SAE 3 EF,67,92.31,2023-08-17 00:00:00
317,133,SKU-0045,Material SAE 3 EM,144,195.9,2023-08-17 00:00:00
318,134,SKU-0051,Material SAE 2 EF,139,64.21,2023-07-02 00:00:00
319,134,SKU-0009,Material COC 2 EM,168,33.31,2023-07-02 00:00:00
320,135,SKU-0026,Material SAE 7 EF,124,204.16,2022-11-22 00:00:00
321,135,SKU-0031,Material PGS 9 EF,141,147.26,2022-11-22 00:00:00
322,135,SKU-0045,Material NSE 3 EM,71,176.23,2022-11-22 00:00:00
323,136,SKU-0045,Material SAE 3 EM,100,169.81,2022-04-17 00:00:00
324,136,SKU-0022,Material PGS 9 EF,168,50.98,2022-04-17 00:00:00
325,137,SKU-0026,Material COC 2 EF,112,147.57,2024-09-06 00:00:00
326,137,SKU-0035,Material Isaac 5 EF,72,91.7,2024-09-06 00:00:00
327,138,SKU-0040,Material COC 3 EM,167,194.17,2023-11-10 00:00:00
328,138,SKU-0059,Material NSE 5 EF,120,141.24,2023-11-10 00:00:00
329,139,SKU-0006,Material Isaac 2 EM,13,106.44,2024-11-16 00:00:00
330,140,SKU-0019,Material PGS 1 EM,197,62.56,2025-07-24 00:00:00
331,140,SKU-0027,Material SAE 6 EF,39,179.28,2025-07-24 00:00:00
332,141,SKU-0055,Material NSE 3 EF,49,94.04,2025-04-15 00:00:00
333,141,SKU-0046,Material SAE 3 EM,36,165.44,2025-04-15 00:00:00
334,141,SKU-0049,Material SAE 4 EF,195,216.3,2025-04-15 00:00:00
335,141,SKU-0001,Material COC 9 EF,32,161.27,2025-04-15 00:00:00
336,142,SKU-0033,Material SAE 8 EF,16,228.05,2023-05-11 00:00:00
337,142,SKU-0058,Material SAE 2 EF,191,246.53,2023-05-11 00:00:00
338,142,SKU-0047,Material PGS 7 EF,53,184.38,2023-05-11 00:00:00
339,143,SKU-0906,Material SAE 4 EF,90,220.24,2023-04-15 00:00:00
340,143,SKU-0006,Material PGS 8 EF,55,222.37,2023-04-15 00:00:00
341,144,SKU-0908,Material PGS 7 EF,10,89.99,2025-07-13 00:00:00
342,144,SKU-0058,Material NSE 2 EM,198,128.86,2025-07-13 00:00:00
343,145,SKU-0008,Material NSE 5 EF,31,135.73,2023-12-03 00:00:00
344,145,SKU-0036,Material NSE 1 EF,24,72.23,2023-12-03 00:00:00
345,146,SKU-0007,Material NSE 1 EF,61,163.81,2023-11-28 00:00:00
346,147,SKU-0023,Material Isaac 3 EM,94,96.76,2023-08-04 00:00:00
347,147,SKU-0052,Material NSE 3 EM,27,214.72,2023-08-04 00:00:00
348,148,SKU-0018,Material SAE 2 EM,42,69.28,2023-11-04 00:00:00
349,148,SKU-0030,Material COC 7 EF,199,31.17,2023-11-04 00:00:00
350,148,SKU-0901,Material COC 9 EF,158,145.97,2023-11-04 00:00:00
351,148,SKU-0013,Material Isaac 3 EF,109,116.12,2023-11-04 00:00:00
352,149,SKU-0906,Material NSE 3 EF,37,45.18,2023-07-19 00:00:00
353,149,SKU-0040,Material COC 3 EM,157,180.19,2023-07-19 00:00:00
354,149,SKU-0020,Material COC 3 EF,150,191.37,2023-07-19 00:00:00
355,149,SKU-0043,Material SAE 5 EF,92,245.33,2023-07-19 00:00:00
356,150,SKU-0043,Material COC 6 EF,171,116.27,2023-06-17 00:00:00
357,150,SKU-0908,Material Isaac 1 EF,67,105.95,2023-06-17 00:00:00
358,150,SKU-0026,Material PGS 9 EF,52,188.86,2023-06-17 00:00:00
359,151,SKU-0055,Material Isaac 4 EF,190,116.72,2024-04-06 00:00:00
360,151,SKU-0001,Material SAE 5 EF,35,205.92,2024-04-06 00:00:00
361,151,SKU-0038,Material SAE 9 EF,39,221.28,2024-04-06 00:00:00
362,151,SKU-0054,Material Isaac 7 EF,145,162.58,2024-04-06 00:00:00
363,152,SKU-0059,Material SAE 5 EF,111,111.0,2023-11-15 00:00:00
364,152,SKU-0907,Material SAE 1 EM,161,32.41,2023-11-15 00:00:00
365,153,SKU-0059,Material Isaac 2 EF,169,71.98,2023-12-13 00:00:00
366,153,SKU-0028,Material Isaac 1 EF,185,230.96,2023-12-13 00:00:00
367,154,SKU-0059,Material NSE 3 EM,37,119.09,2022-05-04 00:00:00
368,154,SKU-0039,Material Isaac 3 EM,67,149.77,2022-05-04 00:00:00
369,154,SKU-0907,Material PGS 9 EF,197,95.33,2022-05-04 00:00:00
370,155,SKU-0900,Material SAE 8 EF,86,169.82,2023-07-13 00:00:00
371,155,SKU-0043,Material COC 2 EF,142,109.92,2023-07-13 00:00:00
372,155,SKU-0907,Material Isaac 2 EM,135,96.03,2023-07-13 00:00:00
373,155,SKU-0056,Material COC 3 EF,91,131.67,2023-07-13 00:00:00
374,156,SKU-0043,Material PGS 8 EF,152,99.46,2022-10-12 00:00:00
375,156,SKU-0016,Material SAE 1 EM,70,23.08,2022-10-12 00:00:00
376,156,SKU-0900,Material NSE 2 EM,119,45.04,2022-10-12 00:00:00
377,157,SKU-0015,Material Isaac 4 EF,103,172.66,2025-11-05 00:00:00
378,158,SKU-0038,Material Isaac 6 EF,35,59.02,2022-12-30 00:00:00
379,158,SKU-0007,Material COC 8 EF,183,211.66,2022-12-30 00:00:00
380,159,SKU-0901,Material SAE 3 EM,180,177.39,2025-07-14 00:00:00
381,159,SKU-0900,Material PGS 8 EF,86,239.89,2025-07-14 00:00:00
382,159,SKU-0031,Material PGS 3 EM,199,139.19,2025-07-14 00:00:00
383,159,SKU-0003,Material COC 1 EF,12,31.01,2025-07-14 00:00:00
384,160,SKU-0051,Material PGS 2 EM,68,37.43,2022-01-25 00:00:00
385,160,SKU-0060,Material COC 9 EF,39,178.04,2022-01-25 00:00:00
386,160,SKU-0007,Material COC 5 EF,86,183.35,2022-01-25 00:00:00
387,160,SKU-0016,Material Isaac 8 EF,107,116.98,2022-01-25 00:00:00
388,161,SKU-0905,Material COC 5 EF,160,101.22,2025-04-26 00:00:00
389,161,SKU-0043,Material NSE 4 EF,135,99.87,2025-04-26 00:00:00
390,162,SKU-0907,Material PGS 8 EF,56,168.99,2024-10-24 00:00:00
391,162,SKU-0907,Material NSE 5 EF,163,66.09,2024-10-24 00:00:00
392,162,SKU-0030,Material COC 7 EF,61,223.38,2024-10-24 00:00:00
393,163,SKU-0035,Material Isaac 1 EF,140,243.52,2023-05-25 00:00:00
394,163,SKU-0003,Material Isaac 1 EM,35,238.56,2023-05-25 00:00:00
395,164,SKU-0900,Material Isaac 2 EM,176,113.64,2023-01-07 00:00:00
396,164,SKU-0040,Material COC 3 EF,128,63.95,2023-01-07 00:00:00
397,165,SKU-0008,Material COC 2 EM,181,111.96,2023-10-01 00:00:00
398,165,SKU-0029,Material COC 5 EF,156,160.32,2023-10-01 00:00:00
399,166,SKU-0001,Material SAE 3 EM,70,202.28,2022-07-18 00:00:00
400,167,SKU-0045,Material SAE 1 EF,187,185.88,2024-10-12 00:00:00
401,167,SKU-0014,Material COC 1 EF,77,233.61,2024-10-12 00:00:00
402,167,SKU-0902,Material COC 1 EF,179,192.65,2024-10-12 00:00:00
403,168,SKU-0023,Material NSE 1 EF,44,212.63,2025-07-11 00:00:00
404,169,SKU-0057,Material PGS 6 EF,122,75.77,2025-04-19 00:00:00
405,170,SKU-0048,Material SAE 3 EM,19,194.7,2023-01-04 00:00:00
406,170,SKU-0051,Material Isaac 2 EM,57,59.75,2023-01-04 00:00:00
407,170,SKU-0025,Material NSE 6 EF,112,158.52,2023-01-04 00:00:00
408,171,SKU-0045,Material Isaac 2 EM,72,212.17,2025-05-05 00:00:00
409,171,SKU-0023,Material NSE 2 EF,165,154.4,2025-05-05 00:00:00
410,171,SKU-0024,Material NSE 1 EF,172,24.95,2025-05-05 00:00:00
411,171,SKU-0021,Material PGS 5 EF,28,72.74,2025-05-05 00:00:00
412,172,SKU-0011,Material PGS 3 EF,195,44.5,2025-03-23 00:00:00
413,173,SKU-0057,Material COC 3 EM,156,168.7,2023-06-17 00:00:00
414,173,SKU-0008,Material SAE 6 EF,148,41.47,2023-06-17 00:00:00
415,174,SKU-0005,Material PGS 2 EF,129,147.6,2024-01-21 00:00:00
416,174,SKU-0032,Material SAE 9 EF,183,31.13,2024-01-21 00:00:00
417,174,SKU-0047,Material Isaac 2 EM,15,174.55,2024-01-21 00:00:00
418,175,SKU-0055,Material Isaac 3 EM,194,152.34,2022-10-02 00:00:00
419,175,SKU-0006,Material PGS 9 EF,128,56.3,2022-10-02 00:00:00
420,175,SKU-0001,Material NSE 6 EF,169,188.63,2022-10-02 00:00:00
421,175,SKU-0019,Material NSE 5 EF,97,220.05,2022-10-02 00:00:00
422,176,SKU-0026,Material NSE 7 EF,19,187.97,2024-01-28 00:00:00
423,176,SKU-0040,Material COC 5 EF,121,151.79,2024-01-28 00:00:00
424,176,SKU-0025,Material SAE 1 EM,80,45.41,2024-01-28 00:00:00
425,176,SKU-0019,Material NSE 6 EF,95,102.22,2024-01-28 00:00:00
426,177,SKU-0023,Material COC 2 EF,153,211.5,2025-08-03 00:00:00
427,177,SKU-0056,Material COC 3 EM,195,132.55,2025-08-03 00:00:00
428,177,SKU-0032,Material NSE 8 EF,87,27.13,2025-08-03 00:00:00
429,178,SKU-0059,Material COC 2 EM,58,117.73,2023-04-24 00:00:00
430,178,SKU-0059,Material SAE 4 EF,90,159.11,2023-04-24 00:00:00
431,178,SKU-0018,Material PGS 7 EF,79,193.02,2023-04-24 00:00:00
432,179,SKU-0903,Material Isaac 4 EF,107,179.89,2023-05-29 00:00:00
433,179,SKU-0053,Material PGS 1 EM,31,125.18,2023-05-29 00:00:00
434,179,SKU-0053,Material COC 6 EF,96,78.63,2023-05-29 00:00:00
435,179,SKU-0056,Material SAE 3 EM,141,125.42,2023-05-29 00:00:00
436,180,SKU-0010,Material COC 1 EF,45,153.77,2024-11-28 00:00:00
437,180,SKU-0038,Material COC 1 EF,60,39.84,2024-11-28 00:00:00
438,181,SKU-0019,Material SAE 6 EF,28,202.13,2025-02-09 00:00:00
439,182,SKU-0005,Material NSE 3 EF,39,128.88,2025-05-04 00:00:00
440,183,SKU-0042,Material SAE 2 EF,198,118.75,2022-03-31 00:00:00
441,183,SKU-0907,Material SAE 3 EF,132,244.97,2022-03-31 00:00:00
442,184,SKU-0005,Material Isaac 7 EF,107,84.55,2025-09-24 00:00:00
443,184,SKU-0906,Material PGS 3 EM,93,145.73,2025-09-24 00:00:00
444,184,SKU-0035,Material NSE 6 EF,70,229.64,2025-09-24 00:00:00
445,185,SKU-0046,Material COC 3 EF,142,196.82,2023-08-19 00:00:00
446,185,SKU-0039,Material Isaac 5 EF,130,247.79,2023-08-19 00:00:00
447,185,SKU-0056,Material PGS 8 EF,42,165.11,2023-08-19 00:00:00
448,185,SKU-0019,Material Isaac 8 EF,10,145.57,2023-08-19 00:00:00
449,186,SKU-0909,Material SAE 4 EF,60,93.46,2022-08-16 00:00:00
450,186,SKU-0909,Material PGS 7 EF,30,23.38,2022-08-16 00:00:00
451,186,SKU-0012,Material Isaac 7 EF,55,147.42,2022-08-16 00:00:00
452,187,SKU-0016,Material Isaac 1 EM,66,62.3,2023-05-03 00:00:00
453,187,SKU-0051,Material SAE 9 EF,62,219.12,2023-05-03 00:00:00
454,187,SKU-0059,Material Isaac 3 EF,157,55.09,2023-05-03 00:00:00
455,188,SKU-0012,Material COC 1 EM,118,23.22,2023-05-08 00:00:00
456,188,SKU-0909,Material SAE 2 EM,162,216.0,2023-05-08 00:00:00
457,188,SKU-0022,Material COC 6 EF,35,97.73,2023-05-08 00:00:00
458,189,SKU-0038,Material COC 1 EM,38,160.75,2024-07-15 00:00:00
459,189,SKU-0011,Material SAE 2 EM,90,65.13,2024-07-15 00:00:00
460,189,SKU-0056,Material NSE 9 EF,31,161.21,2024-07-15 00:00:00
461,189,SKU-0058,Material SAE 9 EF,144,125.12,2024-07-15 00:00:00
462,190,SKU-0058,Material PGS 3 EF,59,96.96,2024-03-14 00:00:00
463,190,SKU-0027,Material Isaac 1 EF,54,109.3,2024-03-14 00:00:00
464,191,SKU-0900,Material SAE 5 EF,18,66.2,2023-04-19 00:00:00
465,191,SKU-0021,Material Isaac 1 EF,98,195.55,2023-04-19 00:00:00
466,192,SKU-0012,Material Isaac 1 EF,21,207.14,2022-03-17 00:00:00
467,193,SKU-0027,Material Isaac 2 EM,170,227.89,2024-05-07 00:00:00
468,193,SKU-0905,Material Isaac 8 EF,181,107.77,2024-05-07 00:00:00
469,193,SKU-0017,Material NSE 9 EF,193,158.61,2024-05-07 00:00:00
470,194,SKU-0018,Material NSE 4 EF,43,170.23,2025-07-11 00:00:00
471,194,SKU-0902,Material COC 3 EF,85,116.66,2025-07-11 00:00:00
472,195,SKU-0060,Material Isaac 1 EM,23,124.1,2023-03-10 00:00:00
473,196,SKU-0009,Material PGS 7 EF,132,94.42,2024-05-30 00:00:00
474,196,SKU-0024,Material NSE 7 EF,141,69.62,2024-05-30 00:00:00
475,196,SKU-0903,Material PGS 7 EF,102,232.12,2024-05-30 00:00:00
476,196,SKU-0029,Material COC 3 EM,189,124.53,2024-05-30 00:00:00
477,197,SKU-0026,Material SAE 5 EF,59,220.8,2023-06-23 00:00:00
478,197,SKU-0060,Material SAE 1 EF,46,195.47,2023-06-23 00:00:00
479,197,SKU-0009,Material SAE 1 EM,144,157.79,2023-06-23 00:00:00
480,197,SKU-0013,Material SAE 7 EF,12,239.53,2023-06-23 00:00:00
481,198,SKU-0015,Material SAE 6 EF,94,212.12,2022-10-20 00:00:00
482,198,SKU-0025,Material COC 6 EF,90,234.91,2022-10-20 00:00:00
483,198,SKU-0021,Material PGS 8 EF,25,125.83,2022-10-20 00:00:00
484,198,SKU-0906,Material NSE 7 EF,187,139.98,2022-10-20 00:00:00
485,199,SKU-0018,Material NSE 5 EF,136,95.61,2023-09-02 00:00:00
486,199,SKU-0050,Material COC 5 EF,110,165.92,2023-09-02 00:00:00
487,199,SKU-0035,Material COC 3 EF,163,110.79,2023-09-02 00:00:00
488,200,SKU-0909,Material Isaac 9 EF,130,109.12,2024-03-20 00:00:00
489,200,SKU-0901,Material Isaac 9 EF,11,100.7,2024-03-20 00:00:00
490,200,SKU-0016,Material COC 5 EF,25,153.25,2024-03-20 00:00:00
491,200,SKU-0026,Material PGS 7 EF,87,52.92,2024-03-20 00:00:00
492,201,SKU-0028,Material NSE 2 EM,34,55.28,2023-03-19 00:00:00
493,201,SKU-0909,Material COC 2 EF,92,45.83,2023-03-19 00:00:00
494,201,SKU-0052,Material Isaac 1 EF,77,196.28,2023-03-19 00:00:00
495,202,SKU-0001,Material NSE 7 EF,160,143.95,2024-06-22 00:00:00
496,203,SKU-0021,Material NSE 1 EM,147,203.99,2022-09-25 00:00:00
497,203,SKU-0048,Material Isaac 3 EM,125,235.28,2022-09-25 00:00:00
498,203,SKU-0003,Material COC 6 EF,35,221.01,2022-09-25 00:00:00
499,203,SKU-0032,Material SAE 8 EF,25,80.27,2022-09-25 00:00:00
500,204,SKU-0903,Material PGS 2 EF,191,63.67,2022-12-22 00:00:00
501,204,SKU-0052,Material NSE 1 EF,84,131.59,2022-12-22 00:00:00
502,204,SKU-0903,Material COC 4 EF,82,52.64,2022-12-22 00:00:00
503,204,SKU-0047,Material Isaac 4 EF,19,58.09,2022-12-22 00:00:00
504,205,SKU-0008,Material COC 1 EM,57,203.55,2025-01-15 00:00:00
505,205,SKU-0021,Material Isaac 5 EF,191,207.28,2025-01-15 00:00:00
506,206,SKU-0060,Material Isaac 1 EF,70,230.18,2023-02-17 00:00:00
507,206,SKU-0052,Material NSE 7 EF,15,22.97,2023-02-17 00:00:00
508,206,SKU-0020,Material SAE 9 EF,32,103.29,2023-02-17 00:00:00
509,206,SKU-0005,Material NSE 2 EF,92,139.1,2023-02-17 00:00:00
510,207,SKU-0049,Material COC 2 EM,71,151.82,2023-10-02 00:00:00
511,207,SKU-0904,Material Isaac 7 EF,177,114.42,2023-10-02 00:00:00
512,207,SKU-0005,Material NSE 2 EM,75,211.07,2023-10-02 00:00:00
513,208,SKU-0015,Material PGS 6 EF,51,160.91,2024-08-14 00:00:00
514,208,SKU-0908,Material Isaac 2 EF,55,144.48,2024-08-14 00:00:00
515,208,SKU-0029,Material Isaac 2 EM,100,240.95,2024-08-14 00:00:00
516,208,SKU-0051,Material SAE 8 EF,36,64.57,2024-08-14 00:00:00
517,209,SKU-0042,Material SAE 3 EM,159,226.75,2023-08-11 00:00:00
518,210,SKU-0022,Material PGS 9 EF,166,140.38,2023-12-18 00:00:00
519,210,SKU-0025,Material PGS 1 EM,97,22.13,2023-12-18 00:00:00
520,211,SKU-0031,Material PGS 2 EF,61,243.06,2025-03-25 00:00:00
521,211,SKU-0042,Material PGS 3 EF,154,30.58,2025-03-25 00:00:00
522,212,SKU-0055,Material PGS 2 EF,175,169.09,2023-08-26 00:00:00
523,212,SKU-0053,Material SAE 7 EF,44,174.25,2023-08-26 00:00:00
524,212,SKU-0020,Material SAE 8 EF,106,221.03,2023-08-26 00:00:00
525,212,SKU-0908,Material PGS 5 EF,36,108.82,2023-08-26 00:00:00
526,213,SKU-0905,Material COC 5 EF,15,53.63,2023-08-31 00:00:00
527,213,SKU-0006,Material COC 2 EM,196,212.28,2023-08-31 00:00:00
528,213,SKU-0013,Material NSE 2 EM,18,38.96,2023-08-31 00:00:00
529,214,SKU-0025,Material COC 7 EF,195,127.06,2025-12-30 00:00:00
530,214,SKU-0051,Material NSE 2 EF,156,175.01,2025-12-30 00:00:00
531,215,SKU-0902,Material COC 2 EM,53,109.8,2025-09-10 00:00:00
532,215,SKU-0013,Material SAE 2 EM,186,67.69,2025-09-10 00:00:00
533,215,SKU-0021,Material NSE 5 EF,198,80.61,2025-09-10 00:00:00
534,216,SKU-0043,Material NSE 2 EM,119,242.22,2024-08-26 00:00:00
535,216,SKU-0033,Material Isaac 7 EF,190,24.59,2024-08-26 00:00:00
536,217,SKU-0908,Material NSE 5 EF,107,37.59,2022-12-20 00:00:00
537,217,SKU-0030,Material Isaac 5 EF,97,148.75,2022-12-20 00:00:00
538,217,SKU-0009,Material NSE 2 EM,184,135.91,2022-12-20 00:00:00
539,218,SKU-0038,Material PGS 6 EF,62,231.53,2022-12-30 00:00:00
540,218,SKU-0005,Material PGS 3 EF,21,217.78,2022-12-30 00:00:00
541,219,SKU-0902,Material COC 2 EF,136,39.75,2024-07-26 00:00:00
542,219,SKU-0002,Material PGS 5 EF,52,228.67,2024-07-26 00:00:00
543,220,SKU-0017,Material PGS 1 EM,32,32.79,2024-07-15 00:00:00
544,220,SKU-0005,Material Isaac 7 EF,40,199.04,2024-07-15 00:00:00
545,221,SKU-0048,Material Isaac 3 EM,79,86.82,2022-03-31 00:00:00
546,221,SKU-0023,Material COC 3 EM,96,36.26,2022-03-31 00:00:00
547,221,SKU-0906,Material PGS 6 EF,175,83.91,2022-03-31 00:00:00
548,222,SKU-0024,Material NSE 4 EF,46,131.04,2024-01-17 00:00:00
549,223,SKU-0016,Material COC 4 EF,109,152.15,2024-05-08 00:00:00
550,224,SKU-0025,Material COC 1 EF,154,59.3,2022-08-10 00:00:00
551,224,SKU-0008,Material SAE 1 EF,67,57.19,2022-08-10 00:00:00
552,224,SKU-0004,Material Isaac 3 EF,125,57.91,2022-08-10 00:00:00
553,225,SKU-0906,Material SAE 5 EF,125,146.37,2025-07-18 00:00:00
554,226,SKU-0901,Material NSE 5 EF,10,60.41,2022-03-23 00:00:00
555,226,SKU-0042,Material PGS 4 EF,97,124.32,2022-03-23 00:00:00
556,227,SKU-0038,Material Isaac 2 EM,71,185.72,2025-04-14 00:00:00
557,228,SKU-0019,Material NSE 6 EF,17,125.14,2024-04-11 00:00:00
558,228,SKU-0022,Material COC 3 EM,125,96.41,2024-04-11 00:00:00
559,228,SKU-0005,Material COC 5 EF,110,167.77,2024-04-11 00:00:00
560,228,SKU-0016,Material PGS 2 EF,165,57.77,2024-04-11 00:00:00
561,229,SKU-0029,Material SAE 6 EF,154,124.39,2022-04-01 00:00:00
562,229,SKU-0005,Material SAE 6 EF,51,47.11,2022-04-01 00:00:00
563,230,SKU-0014,Material PGS 5 EF,33,104.71,2022-05-12 00:00:00
564,230,SKU-0900,Material PGS 5 EF,152,166.79,2022-05-12 00:00:00
565,231,SKU-0014,Material PGS 2 EF,64,62.59,2023-11-15 00:00:00
566,231,SKU-0037,Material NSE 3 EF,103,97.5,2023-11-15 00:00:00
567,232,SKU-0036,Material COC 5 EF,10,141.01,2022-04-21 00:00:00
568,232,SKU-0045,Material Isaac 2 EM,29,53.92,2022-04-21 00:00:00
569,232,SKU-0042,Material Isaac 1 EM,148,167.01,2022-04-21 00:00:00
570,233,SKU-0023,Material COC 8 EF,120,68.09,2023-07-31 00:00:00
571,233,SKU-0035,Material NSE 6 EF,55,51.88,2023-07-31 00:00:00
572,233,SKU-0028,Material SAE 1 EF,157,115.77,2023-07-31 00:00:00
573,234,SKU-0907,Material SAE 6 EF,65,176.55,2022-12-27 00:00:00
574,234,SKU-0901,Material PGS 5 EF,10,165.04,2022-12-27 00:00:00
575,235,SKU-0053,Material NSE 7 EF,93,239.12,2025-01-26 00:00:00
576,235,SKU-0027,Material SAE 4 EF,185,145.48,2025-01-26 00:00:00
577,235,SKU-0021,Material PGS 2 EF,80,130.1,2025-01-26 00:00:00
578,235,SKU-0009,Material COC 9 EF,89,72.09,2025-01-26 00:00:00
579,236,SKU-0031,Material NSE 1 EM,105,26.04,2024-03-06 00:00:00
580,236,SKU-0901,Material SAE 2 EM,182,170.87,2024-03-06 00:00:00
581,237,SKU-0055,Material PGS 2 EF,153,173.92,2022-06-10 00:00:00
582,237,SKU-0058,Material NSE 2 EM,80,159.38,2022-06-10 00:00:00
583,237,SKU-0042,Material NSE 1 EF,90,56.4,2022-06-10 00:00:00
584,238,SKU-0012,Material NSE 7 EF,135,227.61,2024-02-04 00:00:00
585,238,SKU-0047,Material PGS 2 EM,62,61.57,2024-02-04 00:00:00
586,238,SKU-0001,Material PGS 8 EF,160,46.4,2024-02-04 00:00:00
587,238,SKU-0909,Material SAE 1 EM,114,191.89,2024-02-04 00:00:00
588,239,SKU-0040,Material SAE 9 EF,197,107.22,2025-01-07 00:00:00
589,239,SKU-0905,Material SAE 1 EM,167,199.87,2025-01-07 00:00:00
590,239,SKU-0019,Material PGS 6 EF,29,174.96,2025-01-07 00:00:00
591,239,SKU-0908,Material SAE 1 EF,92,122.14,2025-01-07 00:00:00
592,240,SKU-0051,Material PGS 1 EM,80,167.01,2025-12-23 00:00:00
593,240,SKU-0005,Material NSE 6 EF,42,184.73,2025-12-23 00:00:00
594,241,SKU-0024,Material PGS 2 EF,99,34.39,2022-06-05 00:00:00
595,241,SKU-0019,Material SAE 5 EF,158,212.8,2022-06-05 00:00:00
596,241,SKU-0004,Material SAE 6 EF,32,123.84,2022-06-05 00:00:00
597,242,SKU-0033,Material COC 5 EF,59,130.36,2025-01-27 00:00:00
598,242,SKU-0009,Material NSE 4 EF,21,100.66,2025-01-27 00:00:00
599,243,SKU-0053,Material Isaac 1 EF,194,75.75,2023-07-01 00:00:00
600,243,SKU-0030,Material Isaac 8 EF,122,237.84,2023-07-01 00:00:00
601,243,SKU-0023,Material Isaac 5 EF,132,222.86,2023-07-01 00:00:00
602,244,SKU-0059,Material PGS 1 EF,150,26.64,2022-09-17 00:00:00
603,244,SKU-0024,Material Isaac 2 EF,188,220.88,2022-09-17 00:00:00
604,244,SKU-0046,Material COC 2 EM,153,45.15,2022-09-17 00:00:00
605,244,SKU-0906,Material PGS 1 EM,130,32.0,2022-09-17 00:00:00
606,245,SKU-0017,Material COC 3 EM,15,179.83,2022-10-31 00:00:00
607,245,SKU-0036,Material COC 7 EF,49,118.16,2022-10-31 00:00:00
608,246,SKU-0024,Material NSE 5 EF,111,36.44,2022-05-27 00:00:00
609,246,SKU-0059,Material Isaac 7 EF,121,192.24,2022-05-27 00:00:00
610,247,SKU-0903,Material COC 2 EF,36,178.94,2023-09-24 00:00:00
611,247,SKU-0029,Material COC 9 EF,91,200.73,2023-09-24 00:00:00
612,248,SKU-0015,Material Isaac 1 EF,54,121.1,2022-01-12 00:00:00
613,248,SKU-0054,Material Isaac 6 EF,200,64.58,2022-01-12 00:00:00
614,248,SKU-0016,Material SAE 1 EM,142,198.82,2022-01-12 00:00:00
615,249,SKU-0028,Material COC 8 EF,131,130.53,2022-09-20 00:00:00
616,249,SKU-0007,Material Isaac 1 EF,17,165.41,2022-09-20 00:00:00
617,249,SKU-0004,Material SAE 9 EF,179,249.48,2022-09-20 00:00:00
618,249,SKU-0004,Material NSE 3 EM,159,159.72,2022-09-20 00:00:00
619,250,SKU-0050,Material PGS 6 EF,200,57.58,2025-11-10 00:00:00
620,250,SKU-0054,Material SAE 3 EF,152,28.09,2025-11-10 00:00:00
621,251,SKU-0002,Material SAE 4 EF,61,142.62,2024-07-03 00:00:00
622,251,SKU-0056,Material Isaac 8 EF,130,225.9,2024-07-03 00:00:00
623,251,SKU-0050,Material SAE 8 EF,91,68.49,2024-07-03 00:00:00
624,252,SKU-0906,Material Isaac 5 EF,72,103.82,2022-01-30 00:00:00
625,252,SKU-0009,Material SAE 3 EM,144,167.42,2022-01-30 00:00:00
626,253,SKU-0014,Material Isaac 4 EF,141,144.4,2023-12-19 00:00:00
627,253,SKU-0014,Material COC 8 EF,18,44.32,2023-12-19 00:00:00
628,253,SKU-0034,Material SAE 5 EF,136,28.0,2023-12-19 00:00:00
629,253,SKU-0008,Material NSE 6 EF,181,158.56,2023-12-19 00:00:00
630,254,SKU-0059,Material COC 2 EF,20,107.4,2022-05-22 00:00:00
631,254,SKU-0048,Material SAE 8 EF,74,77.85,2022-05-22 00:00:00
632,254,SKU-0060,Material SAE 8 EF,112,44.34,2022-05-22 00:00:00
633,254,SKU-0038,Material PGS 7 EF,71,136.07,2022-05-22 00:00:00
634,255,SKU-0046,Material NSE 5 EF,22,59.39,2023-04-19 00:00:00
635,255,SKU-0042,Material Isaac 9 EF,32,145.58,2023-04-19 00:00:00
636,256,SKU-0031,Material COC 5 EF,141,35.47,2023-12-11 00:00:00
637,256,SKU-0032,Material COC 2 EF,153,178.05,2023-12-11 00:00:00
638,256,SKU-0014,Material Isaac 1 EM,79,44.53,2023-12-11 00:00:00
639,257,SKU-0060,Material NSE 5 EF,145,56.61,2025-02-10 00:00:00
640,257,SKU-0012,Material NSE 1 EM,187,230.49,2025-02-10 00:00:00
641,257,SKU-0900,Material COC 1 EF,113,93.21,2025-02-10 00:00:00
642,258,SKU-0907,Material COC 2 EF,51,124.55,2022-01-03 00:00:00
643,258,SKU-0044,Material COC 1 EM,99,30.77,2022-01-03 00:00:00
644,258,SKU-0056,Material Isaac 2 EF,189,135.68,2022-01-03 00:00:00
645,259,SKU-0053,Material NSE 8 EF,152,53.79,2025-03-11 00:00:00
646,260,SKU-0005,Material SAE 1 EM,109,189.47,2025-11-25 00:00:00
647,260,SKU-0020,Material PGS 4 EF,195,58.82,2025-11-25 00:00:00
648,260,SKU-0048,Material PGS 3 EF,178,165.33,2025-11-25 00:00:00
649,261,SKU-0017,Material COC 1 EM,185,169.92,2022-11-13 00:00:00
650,262,SKU-0037,Material COC 2 EM,104,242.22,2023-10-19 00:00:00
651,262,SKU-0010,Material NSE 5 EF,163,235.47,2023-10-19 00:00:00
652,262,SKU-0907,Material PGS 2 EM,89,193.67,2023-10-19 00:00:00
653,263,SKU-0900,Material COC 1 EF,26,182.33,2025-07-23 00:00:00
654,264,SKU-0011,Material Isaac 2 EF,101,112.91,2024-01-07 00:00:00
655,264,SKU-0027,Material SAE 3 EM,200,155.06,2024-01-07 00:00:00
656,265,SKU-0052,Material SAE 6 EF,96,160.21,2025-11-25 00:00:00
657,265,SKU-0059,Material Isaac 2 EM,112,56.91,2025-11-25 00:00:00
658,265,SKU-0041,Material PGS 9 EF,50,248.67,2025-11-25 00:00:00
659,265,SKU-0016,Material PGS 1 EM,13,233.9,2025-11-25 00:00:00
660,266,SKU-0014,Material PGS 4 EF,59,146.51,2025-01-19 00:00:00
661,266,SKU-0037,Material PGS 2 EF,67,94.41,2025-01-19 00:00:00
662,266,SKU-0012,Material COC 5 EF,15,185.0,2025-01-19 00:00:00
663,266,SKU-0057,Material SAE 8 EF,127,178.18,2025-01-19 00:00:00
664,267,SKU-0007,Material NSE 9 EF,51,64.42,2024-06-30 00:00:00
665,267,SKU-0013,Material COC 8 EF,176,69.82,2024-06-30 00:00:00
666,268,SKU-0909,Material PGS 4 EF,39,148.27,2025-10-04 00:00:00
667,268,SKU-0022,Material Isaac 1 EF,48,228.12,2025-10-04 00:00:00
668,269,SKU-0036,Material NSE 4 EF,77,30.32,2024-11-26 00:00:00
669,270,SKU-0053,Material SAE 9 EF,155,238.34,2025-09-02 00:00:00
670,271,SKU-0901,Material SAE 9 EF,43,173.07,2023-06-12 00:00:00
671,271,SKU-0037,Material PGS 3 EF,109,75.34,2023-06-12 00:00:00
672,272,SKU-0900,Material COC 6 EF,33,78.6,2023-11-23 00:00:00
673,272,SKU-0039,Material COC 4 EF,108,176.75,2023-11-23 00:00:00
674,272,SKU-0007,Material COC 2 EF,136,49.18,2023-11-23 00:00:00
675,272,SKU-0018,Material PGS 1 EM,199,201.16,2023-11-23 00:00:00
676,273,SKU-0050,Material PGS 1 EM,34,183.6,2025-11-06 00:00:00
677,273,SKU-0046,Material COC 2 EM,110,45.45,2025-11-06 00:00:00
678,273,SKU-0051,Material Isaac 6 EF,116,168.28,2025-11-06 00:00:00
679,273,SKU-0030,Material COC 3 EM,58,191.14,2025-11-06 00:00:00
680,274,SKU-0027,Material Isaac 1 EF,66,185.67,2024-07-14 00:00:00
681,275,SKU-0052,Material PGS 5 EF,39,230.11,2025-03-13 00:00:00
682,275,SKU-0038,Material COC 9 EF,67,190.42,2025-03-13 00:00:00
683,276,SKU-0016,Material PGS 3 EM,140,90.93,2024-09-08 00:00:00
684,277,SKU-0904,Material COC 1 EF,189,187.66,2024-10-30 00:00:00
685,277,SKU-0015,Material COC 3 EF,22,221.43,2024-10-30 00:00:00
686,278,SKU-0015,Material SAE 9 EF,30,246.86,2022-01-26 00:00:00
687,278,SKU-0906,Material NSE 2 EM,177,195.9,2022-01-26 00:00:00
688,278,SKU-0908,Material PGS 4 EF,69,71.99,2022-01-26 00:00:00
689,278,SKU-0024,Material SAE 4 EF,17,205.85,2022-01-26 00:00:00
690,279,SKU-0030,Material PGS 6 EF,167,237.08,2022-03-10 00:00:00
691,279,SKU-0037,Material PGS 9 EF,11,59.97,2022-03-10 00:00:00
692,279,SKU-0053,Material PGS 1 EF,94,176.64,2022-03-10 00:00:00
693,280,SKU-0036,Material NSE 2 EF,28,116.17,2025-09-30 00:00:00
694,280,SKU-0010,Material PGS 1 EM,68,205.48,2025-09-30 00:00:00
695,280,SKU-0906,Material NSE 6 EF,80,40.47,2025-09-30 00:00:00
696,280,SKU-0048,Material COC 2 EF,60,141.59,2025-09-30 00:00:00
697,281,SKU-0044,Material Isaac 3 EM,173,32.98,2024-03-26 00:00:00
698,281,SKU-0043,Material SAE 9 EF,114,165.35,2024-03-26 00:00:00
699,281,SKU-0908,Material Isaac 1 EM,15,244.9,2024-03-26 00:00:00
700,281,SKU-0028,Material SAE 1 EM,169,82.92,2024-03-26 00:00:00
701,282,SKU-0907,Material Isaac 4 EF,200,190.0,2023-07-06 00:00:00
702,282,SKU-0033,Material Isaac 6 EF,86,75.61,2023-07-06 00:00:00
703,283,SKU-0053,Material SAE 1 EM,137,101.09,2023-02-28 00:00:00
704,283,SKU-0034,Material PGS 6 EF,121,90.19,2023-02-28 00:00:00
705,284,SKU-0055,Material Isaac 2 EM,195,56.46,2023-07-15 00:00:00
706,284,SKU-0025,Material NSE 2 EM,64,195.6,2023-07-15 00:00:00
707,285,SKU-0052,Material SAE 2 EF,11,53.06,2024-04-25 00:00:00
708,285,SKU-0042,Material COC 1 EF,96,167.71,2024-04-25 00:00:00
709,285,SKU-0015,Material Isaac 3 EM,181,158.21,2024-04-25 00:00:00
710,285,SKU-0053,Material PGS 4 EF,85,204.81,2024-04-25 00:00:00
711,286,SKU-0024,Material NSE 4 EF,26,190.69,2024-10-02 00:00:00
712,287,SKU-0011,Material Isaac 2 EM,10,182.36,2022-06-17 00:00:00
713,287,SKU-0051,Material SAE 2 EF,160,54.08,2022-06-17 00:00:00
714,288,SKU-0035,Material Isaac 1 EM,184,169.28,2025-04-08 00:00:00
715,288,SKU-0023,Material Isaac 9 EF,172,242.56,2025-04-08 00:00:00
716,289,SKU-0008,Material Isaac 4 EF,180,26.6,2022-02-11 00:00:00
717,290,SKU-0048,Material Isaac 3 EF,58,36.95,2025-07-24 00:00:00
718,290,SKU-0007,Material COC 8 EF,187,78.84,2025-07-24 00:00:00
719,291,SKU-0002,Material Isaac 9 EF,71,179.24,2022-05-20 00:00:00
720,292,SKU-0010,Material SAE 2 EM,59,217.87,2024-01-06 00:00:00
721,292,SKU-0004,Material Isaac 4 EF,102,75.6,2024-01-06 00:00:00
722,292,SKU-0034,Material SAE 6 EF,113,97.33,2024-01-06 00:00:00
723,293,SKU-0004,Material COC 3 EM,55,209.58,2022-09-15 00:00:00
724,293,SKU-0056,Material Isaac 1 EF,18,90.81,2022-09-15 00:00:00
725,293,SKU-0032,Material SAE 1 EF,123,209.55,2022-09-15 00:00:00
726,294,SKU-0007,Material SAE 2 EF,22,88.04,2025-12-15 00:00:00
727,294,SKU-0018,Material PGS 5 EF,109,228.65,2025-12-15 00:00:00
728,294,SKU-0901,Material SAE 2 EM,152,182.77,2025-12-15 00:00:00
729,294,SKU-0029,Material Isaac 1 EF,133,186.76,2025-12-15 00:00:00
730,295,SKU-0047,Material SAE 3 EF,155,83.97,2025-09-18 00:00:00
731,295,SKU-0908,Material Isaac 5 EF,123,212.06,2025-09-18 00:00:00
732,296,SKU-0027,Material Isaac 6 EF,86,200.38,2023-12-20 00:00:00
733,297,SKU-0013,Material NSE 2 EF,166,220.44,2024-05-18 00:00:00
734,297,SKU-0023,Material PGS 3 EM,118,147.95,2024-05-18 00:00:00
735,297,SKU-0015,Material Isaac 2 EF,109,165.11,2024-05-18 00:00:00
736,297,SKU-0005,Material NSE 6 EF,20,123.81,2024-05-18 00:00:00
737,298,SKU-0023,Material Isaac 5 EF,174,43.85,2023-02-01 00:00:00
738,299,SKU-0056,Material PGS 2 EF,159,56.15,2024-12-17 00:00:00
739,299,SKU-0058,Material SAE 4 EF,121,153.08,2024-12-17 00:00:00
740,300,SKU-0901,Material Isaac 4 EF,104,52.78,2024-10-06 00:00:00
741,301,SKU-0020,Material COC 5 EF,116,180.06,2025-10-13 00:00:00
742,301,SKU-0904,Material PGS 4 EF,120,159.32,2025-10-13 00:00:00
743,301,SKU-0045,Material SAE 3 EM,137,64.98,2025-10-13 00:00:00
744,302,SKU-0019,Material Isaac 7 EF,69,62.26,2022-11-12 00:00:00
745,302,SKU-0907,Material Isaac 1 EM,53,86.29,2022-11-12 00:00:00
746,302,SKU-0057,Material COC 9 EF,94,77.33,2022-11-12 00:00:00
747,302,SKU-0036,Material COC 1 EM,18,154.68,2022-11-12 00:00:00
748,303,SKU-0019,Material Isaac 4 EF,72,103.62,2024-04-04 00:00:00
749,303,SKU-0030,Material PGS 5 EF,58,117.09,2024-04-04 00:00:00
750,303,SKU-0012,Material Isaac 7 EF,148,220.55,2024-04-04 00:00:00
751,304,SKU-0027,Material COC 8 EF,11,232.7,2022-12-22 00:00:00
752,304,SKU-0006,Material PGS 9 EF,137,137.54,2022-12-22 00:00:00
753,305,SKU-0006,Material PGS 3 EF,184,22.38,2024-08-06 00:00:00
754,306,SKU-0033,Material NSE 3 EM,44,153.07,2025-04-22 00:00:00
755,306,SKU-0007,Material NSE 7 EF,107,66.25,2025-04-22 00:00:00
756,307,SKU-0058,Material COC 2 EM,67,157.56,2023-03-10 00:00:00
757,307,SKU-0029,Material COC 2 EM,177,234.87,2023-03-10 00:00:00
758,307,SKU-0043,Material PGS 9 EF,40,48.43,2023-03-10 00:00:00
759,307,SKU-0028,Material PGS 3 EM,71,200.11,2023-03-10 00:00:00
760,308,SKU-0030,Material Isaac 1 EM,21,39.93,2025-11-28 00:00:00
761,308,SKU-0009,Material Isaac 3 EM,21,113.62,2025-11-28 00:00:00
762,308,SKU-0900,Material SAE 9 EF,196,212.43,2025-11-28 00:00:00
763,309,SKU-0900,Material Isaac 7 EF,86,219.94,2023-04-12 00:00:00
764,310,SKU-0023,Material SAE 6 EF,124,72.17,2023-09-20 00:00:00
765,310,SKU-0027,Material COC 7 EF,39,161.07,2023-09-20 00:00:00
766,310,SKU-0008,Material NSE 2 EF,172,53.65,2023-09-20 00:00:00
767,311,SKU-0047,Material NSE 6 EF,177,126.99,2023-12-29 00:00:00
768,311,SKU-0001,Material PGS 8 EF,19,177.11,2023-12-29 00:00:00
769,312,SKU-0057,Material PGS 2 EM,62,159.8,2025-08-04 00:00:00
770,313,SKU-0029,Material COC 8 EF,148,42.14,2022-02-19 00:00:00
771,313,SKU-0903,Material Isaac 2 EF,148,81.12,2022-02-19 00:00:00
772,314,SKU-0904,Material PGS 3 EF,188,161.68,2025-09-05 00:00:00
773,314,SKU-0058,Material PGS 2 EF,89,143.68,2025-09-05 00:00:00
774,314,SKU-0029,Material PGS 3 EF,109,108.39,2025-09-05 00:00:00
775,314,SKU-0057,Material SAE 9 EF,58,87.84,2025-09-05 00:00:00
776,315,SKU-0051,Material NSE 3 EF,43,40.17,2023-03-27 00:00:00
777,315,SKU-0010,Material COC 2 EF,31,175.52,2023-03-27 00:00:00
778,315,SKU-0903,Material NSE 3 EM,139,236.0,2023-03-27 00:00:00
779,315,SKU-0002,Material COC 7 EF,180,181.08,2023-03-27 00:00:00
780,316,SKU-0019,Material SAE 9 EF,91,70.17,2023-03-02 00:00:00
781,317,SKU-0003,Material NSE 2 EF,99,154.64,2022-01-18 00:00:00
782,317,SKU-0033,Material NSE 3 EF,137,224.35,2022-01-18 00:00:00
783,317,SKU-0051,Material SAE 9 EF,105,32.75,2022-01-18 00:00:00
784,318,SKU-0026,Material PGS 2 EF,182,133.41,2024-12-20 00:00:00
785,318,SKU-0029,Material COC 7 EF,105,133.18,2024-12-20 00:00:00
786,319,SKU-0025,Material Isaac 2 EF,51,152.91,2024-08-14 00:00:00
787,320,SKU-0053,Material NSE 9 EF,145,117.23,2025-04-18 00:00:00
788,321,SKU-0040,Material Isaac 7 EF,163,215.85,2023-12-05 00:00:00
789,322,SKU-0039,Material NSE 3 EF,15,99.12,2022-11-13 00:00:00
790,323,SKU-0902,Material PGS 7 EF,125,58.77,2024-11-22 00:00:00
791,323,SKU-0032,Material COC 1 EF,83,101.09,2024-11-22 00:00:00
792,324,SKU-0036,Material Isaac 3 EM,136,30.53,2024-05-24 00:00:00
793,325,SKU-0014,Material SAE 5 EF,107,89.47,2022-09-19 00:00:00
794,325,SKU-0025,Material SAE 9 EF,68,212.33,2022-09-19 00:00:00
795,325,SKU-0039,Material PGS 3 EM,57,89.2,2022-09-19 00:00:00
796,326,SKU-0036,Material SAE 4 EF,190,92.07,2023-08-09 00:00:00
797,327,SKU-0026,Material COC 6 EF,133,35.91,2025-03-22 00:00:00
798,327,SKU-0051,Material NSE 2 EF,157,186.45,2025-03-22 00:00:00
799,327,SKU-0013,Material PGS 2 EM,12,182.62,2025-03-22 00:00:00
800,327,SKU-0038,Material COC 2 EF,147,207.49,2025-03-22 00:00:00
801,328,SKU-0039,Material PGS 1 EF,188,115.54,2024-12-10 00:00:00
802,328,SKU-0014,Material Isaac 4 EF,127,135.72,2024-12-10 00:00:00
803,329,SKU-0034,Material NSE 2 EF,65,51.27,2024-03-27 00:00:00
804,329,SKU-0017,Material SAE 1 EF,117,86.85,2024-03-27 00:00:00
805,329,SKU-0059,Material PGS 6 EF,166,95.53,2024-03-27 00:00:00
806,330,SKU-0055,Material Isaac 3 EM,155,198.12,2025-07-09 00:00:00
807,330,SKU-0023,Material SAE 9 EF,21,44.05,2025-07-09 00:00:00
808,330,SKU-0028,Material NSE 9 EF,84,57.0,2025-07-09 00:00:00
809,330,SKU-0019,Material NSE 7 EF,107,199.92,2025-07-09 00:00:00
810,331,SKU-0042,Material SAE 6 EF,170,59.19,2023-03-22 00:00:00
811,332,SKU-0018,Material PGS 3 EF,139,42.94,2025-06-25 00:00:00
812,332,SKU-0019,Material PGS 1 EM,122,238.09,2025-06-25 00:00:00
813,332,SKU-0022,Material Isaac 2 EM,124,184.09,2025-06-25 00:00:00
814,332,SKU-0044,Material COC 4 EF,75,36.69,2025-06-25 00:00:00
815,333,SKU-0057,Material PGS 3 EF,160,190.43,2025-01-28 00:00:00
816,334,SKU-0907,Material COC 7 EF,71,177.29,2022-04-18 00:00:00
817,334,SKU-0001,Material COC 2 EF,97,20.3,2022-04-18 00:00:00
818,335,SKU-0035,Material Isaac 5 EF,199,41.57,2022-09-09 00:00:00
819,335,SKU-0057,Material NSE 6 EF,86,112.76,2022-09-09 00:00:00
820,335,SKU-0024,Material PGS 2 EM,75,246.36,2022-09-09 00:00:00
821,336,SKU-0025,Material PGS 1 EF,195,53.15,2024-08-31 00:00:00
822,336,SKU-0027,Material Isaac 8 EF,138,20.68,2024-08-31 00:00:00
823,336,SKU-0028,Material SAE 2 EF,110,167.38,2024-08-31 00:00:00
824,336,SKU-0011,Material PGS 5 EF,63,64.97,2024-08-31 00:00:00
825,337,SKU-0900,Material Isaac 5 EF,173,105.44,2025-05-22 00:00:00
826,337,SKU-0907,Material Isaac 3 EM,57,243.49,2025-05-22 00:00:00
827,337,SKU-0904,Material NSE 8 EF,146,29.27,2025-05-22 00:00:00
828,338,SKU-0009,Material PGS 4 EF,79,214.85,2022-10-13 00:00:00
829,339,SKU-0058,Material Isaac 3 EF,78,22.97,2025-10-28 00:00:00
830,339,SKU-0020,Material COC 2 EM,119,71.96,2025-10-28 00:00:00
831,339,SKU-0007,Material NSE 3 EM,16,193.4,2025-10-28 00:00:00
832,340,SKU-0907,Material COC 9 EF,20,163.31,2022-04-21 00:00:00
833,340,SKU-0905,Material COC 1 EF,186,217.74,2022-04-21 00:00:00
834,341,SKU-0046,Material SAE 7 EF,94,25.57,2022-12-07 00:00:00
835,342,SKU-0904,Material SAE 1 EM,122,207.79,2024-05-13 00:00:00
836,343,SKU-0049,Material COC 3 EF,57,115.75,2023-04-05 00:00:00
837,343,SKU-0020,Material NSE 3 EF,36,120.02,2023-04-05 00:00:00
838,343,SKU-0908,Material NSE 2 EF,13,240.37,2023-04-05 00:00:00
839,344,SKU-0023,Material Isaac 1 EF,34,128.63,2024-02-27 00:00:00
840,344,SKU-0021,Material COC 5 EF,126,36.05,2024-02-27 00:00:00
841,344,SKU-0056,Material COC 9 EF,42,188.48,2024-02-27 00:00:00
842,344,SKU-0036,Material PGS 6 EF,83,70.65,2024-02-27 00:00:00
843,345,SKU-0008,Material COC 7 EF,75,44.39,2025-09-05 00:00:00
844,345,SKU-0906,Material Isaac 2 EM,14,71.23,2025-09-05 00:00:00
845,346,SKU-0049,Material Isaac 1 EF,194,160.53,2022-11-30 00:00:00
846,346,SKU-0060,Material COC 3 EM,53,184.79,2022-11-30 00:00:00
847,346,SKU-0048,Material NSE 1 EF,36,129.32,2022-11-30 00:00:00
848,346,SKU-0009,Material COC 2 EF,76,243.11,2022-11-30 00:00:00
849,347,SKU-0020,Material NSE 9 EF,44,208.78,2024-03-11 00:00:00
850,347,SKU-0015,Material PGS 5 EF,164,147.46,2024-03-11 00:00:00
851,348,SKU-0045,Material COC 5 EF,144,54.29,2023-06-13 00:00:00
852,348,SKU-0036,Material PGS 4 EF,178,199.54,2023-06-13 00:00:00
853,349,SKU-0900,Material PGS 6 EF,192,42.32,2022-07-12 00:00:00
854,349,SKU-0016,Material Isaac 2 EF,25,195.23,2022-07-12 00:00:00
855,349,SKU-0906,Material COC 6 EF,10,196.73,2022-07-12 00:00:00
856,349,SKU-0055,Material COC 2 EF,130,178.52,2022-07-12 00:00:00
857,350,SKU-0024,Material COC 3 EM,81,25.22,2022-01-13 00:00:00
858,350,SKU-0908,Material COC 8 EF,70,214.97,2022-01-13 00:00:00
859,350,SKU-0041,Material PGS 2 EF,113,249.03,2022-01-13 00:00:00
860,351,SKU-0059,Material PGS 8 EF,184,161.43,2025-02-13 00:00:00
861,351,SKU-0017,Material SAE 2 EF,128,122.47,2025-02-13 00:00:00
862,352,SKU-0042,Material SAE 9 EF,112,55.7,2023-03-28 00:00:00
863,352,SKU-0058,Material NSE 1 EM,143,36.29,2023-03-28 00:00:00
864,353,SKU-0046,Material SAE 7 EF,131,223.53,2025-09-24 00:00:00
865,353,SKU-0032,Material Isaac 9 EF,135,205.85,2025-09-24 00:00:00
866,354,SKU-0041,Material COC 9 EF,40,230.53,2022-05-11 00:00:00
867,354,SKU-0009,Material COC 7 EF,161,110.07,2022-05-11 00:00:00
868,355,SKU-0030,Material COC 2 EM,119,100.77,2023-09-09 00:00:00
869,355,SKU-0906,Material PGS 4 EF,80,131.55,2023-09-09 00:00:00
870,356,SKU-0050,Material SAE 3 EF,51,248.07,2023-03-29 00:00:00
871,356,SKU-0045,Material NSE 1 EM,178,197.36,2023-03-29 00:00:00
872,357,SKU-0055,Material SAE 8 EF,199,20.03,2022-12-06 00:00:00
873,357,SKU-0044,Material SAE 8 EF,65,55.79,2022-12-06 00:00:00
874,357,SKU-0027,Material Isaac 8 EF,152,50.21,2022-12-06 00:00:00
875,357,SKU-0025,Material NSE 1 EM,106,96.45,2022-12-06 00:00:00
876,358,SKU-0042,Material NSE 3 EF,20,221.58,2022-11-05 00:00:00
877,358,SKU-0006,Material COC 4 EF,111,185.2,2022-11-05 00:00:00
878,358,SKU-0902,Material PGS 1 EM,25,109.01,2022-11-05 00:00:00
879,359,SKU-0004,Material SAE 6 EF,80,51.13,2023-09-14 00:00:00
880,360,SKU-0901,Material COC 2 EF,61,185.24,2024-10-28 00:00:00
881,360,SKU-0052,Material COC 4 EF,48,195.97,2024-10-28 00:00:00
882,360,SKU-0004,Material Isaac 3 EM,147,142.62,2024-10-28 00:00:00
883,360,SKU-0030,Material NSE 9 EF,103,104.73,2024-10-28 00:00:00
884,361,SKU-0012,Material COC 2 EF,77,198.58,2024-03-26 00:00:00
885,361,SKU-0022,Material PGS 5 EF,69,188.75,2024-03-26 00:00:00
886,361,SKU-0050,Material SAE 3 EM,111,111.74,2024-03-26 00:00:00
887,361,SKU-0048,Material SAE 4 EF,151,157.1,2024-03-26 00:00:00
888,362,SKU-0909,Material COC 6 EF,78,186.05,2024-03-08 00:00:00
889,362,SKU-0058,Material NSE 5 EF,140,205.72,2024-03-08 00:00:00
890,363,SKU-0015,Material SAE 2 EF,105,179.07,2023-01-10 00:00:00
891,363,SKU-0047,Material SAE 5 EF,165,134.17,2023-01-10 00:00:00
892,363,SKU-0011,Material COC 1 EF,66,90.2,2023-01-10 00:00:00
893,363,SKU-0039,Material COC 4 EF,194,102.21,2023-01-10 00:00:00
894,364,SKU-0056,Material PGS 3 EF,117,182.62,2023-08-20 00:00:00
895,364,SKU-0055,Material SAE 7 EF,184,62.87,2023-08-20 00:00:00
896,364,SKU-0022,Material NSE 6 EF,111,200.72,2023-08-20 00:00:00
897,365,SKU-0019,Material PGS 2 EM,179,206.76,2025-01-11 00:00:00
898,365,SKU-0006,Material NSE 6 EF,140,40.77,2025-01-11 00:00:00
899,365,SKU-0057,Material Isaac 1 EF,151,207.83,2025-01-11 00:00:00
900,365,SKU-0040,Material NSE 3 EM,100,229.17,2025-01-11 00:00:00
901,366,SKU-0036,Material PGS 2 EF,30,157.47,2023-06-08 00:00:00
902,366,SKU-0058,Material SAE 4 EF,181,114.52,2023-06-08 00:00:00
903,367,SKU-0001,Material NSE 3 EF,130,113.67,2024-10-13 00:00:00
904,367,SKU-0033,Material NSE 1 EM,191,85.83,2024-10-13 00:00:00
905,368,SKU-0060,Material NSE 6 EF,197,81.89,2023-03-04 00:00:00
906,368,SKU-0033,Material PGS 8 EF,147,100.99,2023-03-04 00:00:00
907,368,SKU-0905,Material PGS 5 EF,27,79.23,2023-03-04 00:00:00
908,368,SKU-0038,Material NSE 1 EM,174,100.93,2023-03-04 00:00:00
909,369,SKU-0034,Material NSE 3 EM,150,168.96,2024-08-06 00:00:00
910,369,SKU-0016,Material SAE 2 EM,20,120.08,2024-08-06 00:00:00
911,370,SKU-0036,Material PGS 7 EF,66,73.38,2024-12-05 00:00:00
912,370,SKU-0900,Material NSE 3 EM,36,174.3,2024-12-05 00:00:00
913,371,SKU-0007,Material NSE 2 EF,185,247.62,2022-05-29 00:00:00
914,372,SKU-0906,Material NSE 3 EF,74,208.98,2023-01-06 00:00:00
915,373,SKU-0014,Material PGS 2 EM,137,150.22,2023-11-29 00:00:00
916,373,SKU-0048,Material COC 6 EF,57,210.86,2023-11-29 00:00:00
917,373,SKU-0050,Material SAE 3 EF,111,58.07,2023-11-29 00:00:00
918,374,SKU-0001,Material COC 1 EF,186,103.92,2022-04-11 00:00:00
919,374,SKU-0045,Material COC 3 EF,31,240.25,2022-04-11 00:00:00
920,375,SKU-0002,Material COC 6 EF,138,132.75,2023-11-01 00:00:00
921,375,SKU-0039,Material COC 4 EF,112,111.31,2023-11-01 00:00:00
922,375,SKU-0006,Material Isaac 6 EF,148,138.31,2023-11-01 00:00:00
923,375,SKU-0906,Material Isaac 8 EF,155,56.97,2023-11-01 00:00:00
924,376,SKU-0025,Material SAE 1 EM,58,66.13,2022-09-03 00:00:00
925,377,SKU-0041,Material SAE 8 EF,42,220.16,2024-02-15 00:00:00
926,377,SKU-0050,Material Isaac 5 EF,104,153.72,2024-02-15 00:00:00
927,377,SKU-0012,Material PGS 6 EF,127,32.35,2024-02-15 00:00:00
928,377,SKU-0060,Material NSE 4 EF,196,84.56,2024-02-15 00:00:00
929,378,SKU-0001,Material Isaac 2 EF,56,89.89,2025-03-02 00:00:00
930,378,SKU-0012,Material Isaac 3 EF,161,120.65,2025-03-02 00:00:00
931,378,SKU-0041,Material PGS 5 EF,109,52.7,2025-03-02 00:00:00
932,378,SKU-0006,Material COC 9 EF,114,189.76,2025-03-02 00:00:00
933,379,SKU-0027,Material SAE 8 EF,118,22.3,2023-01-02 00:00:00
934,379,SKU-0039,Material PGS 7 EF,131,214.02,2023-01-02 00:00:00
935,379,SKU-0900,Material Isaac 1 EF,22,76.99,2023-01-02 00:00:00
936,379,SKU-0043,Material COC 8 EF,40,45.9,2023-01-02 00:00:00
937,380,SKU-0056,Material PGS 8 EF,37,66.71,2022-10-23 00:00:00
938,380,SKU-0019,Material NSE 2 EM,159,244.79,2022-10-23 00:00:00
939,380,SKU-0026,Material SAE 9 EF,184,243.47,2022-10-23 00:00:00
940,380,SKU-0056,Material Isaac 3 EF,97,102.93,2022-10-23 00:00:00
941,381,SKU-0908,Material SAE 1 EF,181,95.32,2025-06-27 00:00:00
942,381,SKU-0042,Material COC 1 EF,120,77.24,2025-06-27 00:00:00
943,381,SKU-0053,Material COC 9 EF,123,140.29,2025-06-27 00:00:00
944,382,SKU-0010,Material PGS 4 EF,29,25.45,2023-07-06 00:00:00
945,382,SKU-0040,Material PGS 5 EF,47,156.38,2023-07-06 00:00:00
946,382,SKU-0010,Material PGS 2 EF,199,41.42,2023-07-06 00:00:00
947,383,SKU-0025,Material Isaac 9 EF,149,109.89,2024-05-30 00:00:00
948,383,SKU-0047,Material SAE 1 EM,138,51.31,2024-05-30 00:00:00
949,384,SKU-0906,Material Isaac 3 EF,46,201.87,2022-02-25 00:00:00
950,384,SKU-0019,Material Isaac 2 EM,143,34.83,2022-02-25 00:00:00
951,385,SKU-0028,Material NSE 5 EF,62,199.43,2025-08-24 00:00:00
952,385,SKU-0015,Material PGS 1 EF,157,228.0,2025-08-24 00:00:00
953,386,SKU-0901,Material Isaac 9 EF,151,170.01,2023-10-15 00:00:00
954,387,SKU-0042,Material PGS 6 EF,193,124.6,2023-07-08 00:00:00
955,388,SKU-0035,Material Isaac 6 EF,32,44.93,2023-01-16 00:00:00
956,389,SKU-0903,Material COC 7 EF,143,70.29,2022-12-24 00:00:00
957,390,SKU-0018,Material PGS 7 EF,195,65.55,2023-04-24 00:00:00
958,390,SKU-0909,Material NSE 4 EF,133,174.24,2023-04-24 00:00:00
959,391,SKU-0032,Material PGS 9 EF,41,187.99,2025-03-12 00:00:00
960,391,SKU-0056,Material NSE 3 EM,149,33.11,2025-03-12 00:00:00
961,391,SKU-0906,Material COC 1 EM,153,49.35,2025-03-12 00:00:00
962,391,SKU-0008,Material SAE 3 EF,195,31.19,2025-03-12 00:00:00
963,392,SKU-0031,Material SAE 2 EF,141,151.63,2024-12-15 00:00:00
964,392,SKU-0021,Material PGS 4 EF,173,105.59,2024-12-15 00:00:00
965,393,SKU-0033,Material COC 7 EF,133,234.61,2025-06-03 00:00:00
966,393,SKU-0054,Material Isaac 3 EM,27,137.41,2025-06-03 00:00:00
967,393,SKU-0903,Material NSE 3 EM,188,30.92,2025-06-03 00:00:00
968,393,SKU-0903,Material PGS 2 EF,181,243.04,2025-06-03 00:00:00
969,394,SKU-0049,Material Isaac 4 EF,28,132.65,2023-12-05 00:00:00
970,395,SKU-0020,Material Isaac 9 EF,124,21.2,2025-08-20 00:00:00
971,395,SKU-0900,Material COC 3 EF,140,21.9,2025-08-20 00:00:00
972,395,SKU-0037,Material NSE 8 EF,11,176.89,2025-08-20 00:00:00
973,396,SKU-0054,Material SAE 8 EF,57,141.87,2024-08-09 00:00:00
974,397,SKU-0040,Material COC 1 EM,146,24.66,2022-09-03 00:00:00
975,397,SKU-0012,Material PGS 3 EF,79,206.4,2022-09-03 00:00:00
976,397,SKU-0053,Material PGS 1 EF,13,144.02,2022-09-03 00:00:00
977,398,SKU-0050,Material COC 3 EF,16,130.16,2023-03-29 00:00:00
978,399,SKU-0905,Material NSE 1 EM,162,122.66,2023-07-11 00:00:00
979,399,SKU-0044,Material Isaac 2 EM,46,186.68,2023-07-11 00:00:00
980,400,SKU-0015,Material NSE 1 EF,172,198.4,2024-12-23 00:00:00
981,401,SKU-0012,Material NSE 8 EF,195,248.84,2022-06-28 00:00:00
982,402,SKU-0008,Material PGS 3 EM,164,46.37,2024-04-07 00:00:00
983,403,SKU-0051,Material NSE 2 EF,28,223.5,2022-07-21 00:00:00
984,403,SKU-0022,Material COC 2 EM,144,179.71,2022-07-21 00:00:00
985,403,SKU-0012,Material Isaac 1 EM,13,179.83,2022-07-21 00:00:00
986,403,SKU-0027,Material Isaac 1 EF,162,190.01,2022-07-21 00:00:00
987,404,SKU-0042,Material COC 4 EF,133,91.74,2022-05-08 00:00:00
988,404,SKU-0009,Material PGS 8 EF,94,249.58,2022-05-08 00:00:00
989,405,SKU-0902,Material Isaac 2 EF,67,73.88,2023-09-20 00:00:00
990,406,SKU-0902,Material NSE 2 EF,171,167.85,2024-09-09 00:00:00
991,406,SKU-0032,Material COC 2 EF,38,187.63,2024-09-09 00:00:00
992,407,SKU-0025,Material NSE 5 EF,16,165.41,2022-05-18 00:00:00
993,407,SKU-0007,Material Isaac 3 EM,138,117.26,2022-05-18 00:00:00
994,407,SKU-0032,Material SAE 9 EF,112,197.03,2022-05-18 00:00:00
995,407,SKU-0044,Material SAE 5 EF,119,156.01,2022-05-18 00:00:00
996,408,SKU-0057,Material NSE 7 EF,138,143.77,2023-07-26 00:00:00
997,409,SKU-0908,Material Isaac 1 EM,163,77.39,2023-05-30 00:00:00
998,410,SKU-0026,Material NSE 3 EF,30,153.4,2025-07-05 00:00:00
999,410,SKU-0055,Material COC 6 EF,176,68.48,2025-07-05 00:00:00
1000,411,SKU-0001,Material COC 7 EF,185,44.93,2022-01-01 00:00:00
1001,411,SKU-0013,Material COC 4 EF,118,110.65,2022-01-01 00:00:00
1002,411,SKU-0032,Material NSE 2 EM,154,123.72,2022-01-01 00:00:00
1003,412,SKU-0041,Material PGS 2 EF,182,141.32,2024-02-22 00:00:00
1004,413,SKU-0054,Material SAE 4 EF,190,183.14,2025-09-29 00:00:00
1005,413,SKU-0013,Material Isaac 6 EF,45,67.07,2025-09-29 00:00:00
1006,413,SKU-0902,Material Isaac 2 EF,132,247.84,2025-09-29 00:00:00
1007,414,SKU-0035,Material NSE 3 EM,41,213.39,2025-09-23 00:00:00
1008,414,SKU-0029,Material PGS 8 EF,19,211.93,2025-09-23 00:00:00
1009,414,SKU-0011,Material Isaac 3 EF,52,65.66,2025-09-23 00:00:00
1010,415,SKU-0047,Material NSE 3 EM,171,210.77,2023-07-20 00:00:00
1011,415,SKU-0018,Material NSE 8 EF,79,214.05,2023-07-20 00:00:00
1012,415,SKU-0027,Material COC 8 EF,133,62.55,2023-07-20 00:00:00
1013,415,SKU-0900,Material Isaac 6 EF,174,29.8,2023-07-20 00:00:00
1014,416,SKU-0005,Material COC 8 EF,23,176.7,2024-01-03 00:00:00
1015,416,SKU-0055,Material Isaac 3 EM,175,42.83,2024-01-03 00:00:00
1016,416,SKU-0014,Material COC 3 EM,121,120.87,2024-01-03 00:00:00
1017,417,SKU-0904,Material SAE 1 EM,11,162.66,2023-06-17 00:00:00
1018,418,SKU-0901,Material COC 3 EM,34,107.56,2023-08-29 00:00:00
1019,418,SKU-0054,Material PGS 1 EF,157,47.6,2023-08-29 00:00:00
1020,419,SKU-0027,Material NSE 3 EF,166,68.08,2024-11-27 00:00:00
1021,419,SKU-0028,Material PGS 1 EM,11,242.89,2024-11-27 00:00:00
1022,419,SKU-0038,Material COC 4 EF,116,241.91,2024-11-27 00:00:00
1023,420,SKU-0050,Material NSE 9 EF,133,218.9,2023-06-07 00:00:00
1024,421,SKU-0051,Material COC 4 EF,116,46.4,2022-09-19 00:00:00
1025,421,SKU-0018,Material NSE 2 EF,117,54.37,2022-09-19 00:00:00
1026,421,SKU-0906,Material NSE 3 EM,60,188.8,2022-09-19 00:00:00
1027,422,SKU-0024,Material COC 2 EM,107,84.45,2024-12-11 00:00:00
1028,422,SKU-0048,Material COC 3 EM,181,77.96,2024-12-11 00:00:00
1029,422,SKU-0046,Material PGS 2 EF,44,78.45,2024-12-11 00:00:00
1030,423,SKU-0050,Material COC 4 EF,72,135.48,2024-11-17 00:00:00
1031,423,SKU-0046,Material SAE 6 EF,31,131.27,2024-11-17 00:00:00
1032,423,SKU-0009,Material Isaac 4 EF,146,81.13,2024-11-17 00:00:00
1033,423,SKU-0019,Material PGS 8 EF,200,174.9,2024-11-17 00:00:00
1034,424,SKU-0027,Material Isaac 7 EF,74,85.96,2025-08-17 00:00:00
1035,424,SKU-0909,Material NSE 3 EF,63,121.97,2025-08-17 00:00:00
1036,425,SKU-0047,Material SAE 3 EF,83,221.86,2024-12-31 00:00:00
1037,425,SKU-0902,Material COC 3 EF,159,131.67,2024-12-31 00:00:00
1038,425,SKU-0004,Material Isaac 4 EF,185,66.51,2024-12-31 00:00:00
1039,425,SKU-0030,Material COC 8 EF,38,20.05,2024-12-31 00:00:00
1040,426,SKU-0030,Material Isaac 4 EF,108,40.48,2022-01-27 00:00:00
1041,426,SKU-0040,Material PGS 1 EM,184,73.5,2022-01-27 00:00:00
1042,427,SKU-0901,Material NSE 9 EF,65,63.82,2025-12-18 00:00:00
1043,428,SKU-0022,Material Isaac 2 EF,98,93.86,2022-03-27 00:00:00
1044,428,SKU-0048,Material PGS 7 EF,49,145.35,2022-03-27 00:00:00
1045,429,SKU-0904,Material Isaac 8 EF,44,95.96,2025-08-25 00:00:00
1046,429,SKU-0060,Material PGS 1 EF,184,183.29,2025-08-25 00:00:00
1047,430,SKU-0030,Material NSE 5 EF,53,224.58,2023-11-08 00:00:00
1048,431,SKU-0014,Material SAE 1 EM,30,245.45,2023-09-18 00:00:00
1049,431,SKU-0002,Material SAE 7 EF,117,200.94,2023-09-18 00:00:00
1050,432,SKU-0032,Material COC 7 EF,54,233.5,2024-08-05 00:00:00
1051,432,SKU-0900,Material COC 7 EF,15,105.23,2024-08-05 00:00:00
1052,432,SKU-0014,Material Isaac 2 EM,187,24.37,2024-08-05 00:00:00
1053,432,SKU-0048,Material COC 5 EF,33,187.34,2024-08-05 00:00:00
1054,433,SKU-0059,Material COC 6 EF,193,53.3,2025-10-21 00:00:00
1055,434,SKU-0011,Material NSE 1 EF,89,108.93,2023-09-04 00:00:00
1056,434,SKU-0053,Material COC 4 EF,33,229.1,2023-09-04 00:00:00
1057,434,SKU-0051,Material Isaac 8 EF,39,64.31,2023-09-04 00:00:00
1058,435,SKU-0043,Material PGS 2 EM,61,66.79,2024-05-20 00:00:00
1059,435,SKU-0015,Material Isaac 3 EF,154,232.35,2024-05-20 00:00:00
1060,436,SKU-0028,Material SAE 9 EF,61,63.64,2024-04-23 00:00:00
1061,436,SKU-0034,Material Isaac 7 EF,174,120.45,2024-04-23 00:00:00
1062,437,SKU-0027,Material Isaac 9 EF,10,200.61,2023-03-03 00:00:00
1063,438,SKU-0029,Material NSE 2 EM,141,115.94,2025-06-09 00:00:00
1064,438,SKU-0022,Material SAE 3 EF,137,161.78,2025-06-09 00:00:00
1065,438,SKU-0907,Material NSE 2 EF,184,159.83,2025-06-09 00:00:00
1066,438,SKU-0904,Material PGS 1 EF,104,197.15,2025-06-09 00:00:00
1067,439,SKU-0909,Material COC 1 EF,164,81.57,2023-08-12 00:00:00
1068,440,SKU-0018,Material PGS 6 EF,173,187.54,2025-02-19 00:00:00
1069,440,SKU-0017,Material COC 1 EF,164,43.9,2025-02-19 00:00:00
1070,440,SKU-0048,Material SAE 2 EF,188,106.84,2025-02-19 00:00:00
1071,440,SKU-0034,Material PGS 3 EF,193,231.52,2025-02-19 00:00:00
1072,441,SKU-0903,Material Isaac 5 EF,149,184.44,2023-06-08 00:00:00
1073,441,SKU-0033,Material Isaac 1 EM,53,54.99,2023-06-08 00:00:00
1074,441,SKU-0057,Material SAE 9 EF,111,149.15,2023-06-08 00:00:00
1075,441,SKU-0013,Material Isaac 4 EF,159,181.38,2023-06-08 00:00:00
1076,442,SKU-0009,Material NSE 3 EM,128,180.33,2025-02-20 00:00:00
1077,442,SKU-0006,Material SAE 3 EM,58,220.41,2025-02-20 00:00:00
1078,443,SKU-0055,Material SAE 5 EF,76,225.02,2024-03-19 00:00:00
1079,444,SKU-0042,Material NSE 2 EF,66,71.79,2025-10-30 00:00:00
1080,444,SKU-0051,Material PGS 2 EM,16,68.67,2025-10-30 00:00:00
1081,444,SKU-0027,Material COC 6 EF,186,45.09,2025-10-30 00:00:00
1082,444,SKU-0016,Material COC 6 EF,31,179.07,2025-10-30 00:00:00
1083,445,SKU-0900,Material Isaac 3 EF,136,230.5,2022-10-07 00:00:00
1084,445,SKU-0040,Material Isaac 3 EM,166,205.14,2022-10-07 00:00:00
1085,446,SKU-0041,Material NSE 6 EF,97,90.51,2023-06-10 00:00:00
1086,446,SKU-0002,Material Isaac 1 EF,85,39.34,2023-06-10 00:00:00
1087,446,SKU-0902,Material COC 9 EF,105,83.71,2023-06-10 00:00:00
1088,447,SKU-0002,Material NSE 2 EM,158,240.56,2022-04-03 00:00:00
1089,447,SKU-0026,Material COC 2 EF,136,146.03,2022-04-03 00:00:00
1090,447,SKU-0909,Material COC 8 EF,14,24.86,2022-04-03 00:00:00
1091,447,SKU-0029,Material Isaac 4 EF,140,173.13,2022-04-03 00:00:00
1092,448,SKU-0030,Material COC 3 EF,131,48.5,2024-08-12 00:00:00
1093,448,SKU-0902,Material COC 3 EM,154,29.05,2024-08-12 00:00:00
1094,449,SKU-0022,Material COC 2 EM,53,98.08,2023-11-06 00:00:00
1095,449,SKU-0006,Material Isaac 1 EF,86,159.48,2023-11-06 00:00:00
1096,450,SKU-0908,Material SAE 2 EM,164,209.13,2022-09-23 00:00:00
1097,451,SKU-0905,Material COC 1 EF,186,56.06,2022-12-07 00:00:00
1098,451,SKU-0050,Material COC 8 EF,15,108.7,2022-12-07 00:00:00
1099,451,SKU-0901,Material SAE 8 EF,47,105.99,2022-12-07 00:00:00
1100,452,SKU-0010,Material COC 8 EF,84,230.67,2022-07-28 00:00:00
1101,452,SKU-0004,Material COC 1 EM,52,206.55,2022-07-28 00:00:00
1102,453,SKU-0060,Material NSE 7 EF,175,211.76,2022-09-30 00:00:00
1103,453,SKU-0043,Material COC 8 EF,95,160.86,2022-09-30 00:00:00
1104,453,SKU-0051,Material Isaac 3 EM,125,214.02,2022-09-30 00:00:00
1105,454,SKU-0904,Material NSE 5 EF,93,139.61,2025-09-30 00:00:00
1106,454,SKU-0906,Material COC 9 EF,165,45.29,2025-09-30 00:00:00
1107,454,SKU-0051,Material SAE 6 EF,78,245.0,2025-09-30 00:00:00
1108,454,SKU-0011,Material Isaac 5 EF,140,138.61,2025-09-30 00:00:00
1109,455,SKU-0009,Material NSE 3 EF,60,75.04,2024-10-17 00:00:00
1110,455,SKU-0012,Material Isaac 2 EM,188,188.75,2024-10-17 00:00:00
1111,456,SKU-0010,Material Isaac 6 EF,25,123.16,2022-10-08 00:00:00
1112,456,SKU-0044,Material Isaac 2 EM,178,106.12,2022-10-08 00:00:00
1113,456,SKU-0032,Material PGS 2 EF,159,149.25,2022-10-08 00:00:00
1114,456,SKU-0035,Material Isaac 3 EM,118,82.08,2022-10-08 00:00:00
1115,457,SKU-0059,Material SAE 6 EF,87,52.15,2024-03-21 00:00:00
1116,457,SKU-0904,Material COC 3 EF,147,176.02,2024-03-21 00:00:00
1117,458,SKU-0008,Material COC 5 EF,198,172.84,2022-11-08 00:00:00
1118,458,SKU-0026,Material COC 3 EF,67,60.49,2022-11-08 00:00:00
1119,458,SKU-0017,Material NSE 1 EF,18,207.82,2022-11-08 00:00:00
1120,458,SKU-0907,Material PGS 3 EF,198,126.35,2022-11-08 00:00:00
1121,459,SKU-0037,Material NSE 2 EF,182,191.22,2023-07-19 00:00:00
1122,459,SKU-0057,Material NSE 1 EF,161,57.97,2023-07-19 00:00:00
1123,459,SKU-0028,Material SAE 6 EF,105,191.56,2023-07-19 00:00:00
1124,460,SKU-0017,Material SAE 3 EM,82,125.45,2024-09-10 00:00:00
1125,460,SKU-0059,Material PGS 2 EF,76,25.92,2024-09-10 00:00:00
1126,460,SKU-0054,Material PGS 2 EM,138,107.98,2024-09-10 00:00:00
1127,460,SKU-0059,Material SAE 4 EF,105,164.0,2024-09-10 00:00:00
1128,461,SKU-0050,Material PGS 3 EM,153,49.4,2022-02-10 00:00:00
1129,461,SKU-0021,Material SAE 4 EF,102,40.08,2022-02-10 00:00:00
1130,461,SKU-0033,Material SAE 6 EF,174,118.9,2022-02-10 00:00:00
1131,462,SKU-0051,Material Isaac 5 EF,15,204.51,2025-07-07 00:00:00
1132,462,SKU-0018,Material NSE 9 EF,125,79.41,2025-07-07 00:00:00
1133,462,SKU-0053,Material COC 8 EF,33,75.21,2025-07-07 00:00:00
1134,462,SKU-0004,Material Isaac 5 EF,141,149.06,2025-07-07 00:00:00
1135,463,SKU-0035,Material PGS 2 EM,103,231.28,2025-08-28 00:00:00
1136,464,SKU-0030,Material SAE 3 EM,115,65.05,2023-03-05 00:00:00
1137,464,SKU-0024,Material PGS 8 EF,13,68.06,2023-03-05 00:00:00
1138,464,SKU-0015,Material Isaac 2 EF,77,139.58,2023-03-05 00:00:00
1139,464,SKU-0055,Material PGS 7 EF,175,235.8,2023-03-05 00:00:00
1140,465,SKU-0904,Material PGS 3 EM,189,92.33,2022-04-04 00:00:00
1141,465,SKU-0903,Material NSE 3 EM,124,182.14,2022-04-04 00:00:00
1142,466,SKU-0029,Material SAE 3 EF,82,47.42,2025-11-09 00:00:00
1143,467,SKU-0016,Material PGS 2 EF,114,196.6,2023-01-12 00:00:00
1144,467,SKU-0025,Material NSE 2 EM,171,57.18,2023-01-12 00:00:00
1145,467,SKU-0033,Material COC 8 EF,85,66.1,2023-01-12 00:00:00
1146,467,SKU-0909,Material NSE 7 EF,103,174.33,2023-01-12 00:00:00
1147,468,SKU-0010,Material COC 8 EF,130,83.58,2023-11-28 00:00:00
1148,468,SKU-0049,Material Isaac 1 EF,186,220.23,2023-11-28 00:00:00
1149,469,SKU-0038,Material COC 1 EF,169,145.07,2022-11-04 00:00:00
1150,470,SKU-0024,Material PGS 9 EF,97,164.38,2022-06-17 00:00:00
1151,470,SKU-0043,Material NSE 6 EF,114,102.09,2022-06-17 00:00:00
1152,471,SKU-0054,Material COC 5 EF,107,208.56,2023-07-31 00:00:00
1153,472,SKU-0047,Material NSE 2 EM,93,79.54,2023-07-17 00:00:00
1154,472,SKU-0037,Material Isaac 6 EF,28,132.27,2023-07-17 00:00:00
1155,473,SKU-0907,Material Isaac 2 EF,136,67.9,2024-10-29 00:00:00
1156,473,SKU-0035,Material COC 2 EF,194,108.32,2024-10-29 00:00:00
1157,474,SKU-0037,Material COC 2 EM,173,170.04,2022-04-14 00:00:00
1158,474,SKU-0020,Material COC 2 EF,14,155.32,2022-04-14 00:00:00
1159,475,SKU-0028,Material Isaac 3 EF,148,184.62,2022-07-06 00:00:00
1160,475,SKU-0017,Material NSE 7 EF,46,201.51,2022-07-06 00:00:00
1161,475,SKU-0017,Material COC 2 EM,48,158.99,2022-07-06 00:00:00
1162,475,SKU-0005,Material Isaac 1 EM,20,77.21,2022-07-06 00:00:00
1163,476,SKU-0002,Material SAE 5 EF,50,117.82,2023-02-16 00:00:00
1164,477,SKU-0009,Material PGS 2 EF,87,107.63,2022-11-06 00:00:00
1165,477,SKU-0050,Material COC 1 EM,177,79.16,2022-11-06 00:00:00
1166,478,SKU-0032,Material SAE 3 EF,169,74.32,2022-01-24 00:00:00
1167,478,SKU-0049,Material NSE 9 EF,83,32.84,2022-01-24 00:00:00
1168,478,SKU-0901,Material Isaac 8 EF,185,211.42,2022-01-24 00:00:00
1169,479,SKU-0024,Material COC 6 EF,10,127.92,2025-01-29 00:00:00
1170,479,SKU-0049,Material PGS 4 EF,194,194.95,2025-01-29 00:00:00
1171,479,SKU-0907,Material COC 2 EF,181,22.5,2025-01-29 00:00:00
1172,480,SKU-0054,Material COC 3 EM,57,209.84,2025-06-24 00:00:00
1173,481,SKU-0054,Material NSE 1 EF,110,57.68,2024-12-07 00:00:00
1174,482,SKU-0030,Material PGS 3 EM,181,89.01,2024-01-17 00:00:00
1175,482,SKU-0001,Material COC 7 EF,40,172.68,2024-01-17 00:00:00
1176,482,SKU-0030,Material PGS 7 EF,99,56.03,2024-01-17 00:00:00
1177,482,SKU-0036,Material SAE 1 EM,57,203.73,2024-01-17 00:00:00
1178,483,SKU-0008,Material COC 3 EF,174,121.41,2022-09-08 00:00:00
1179,483,SKU-0901,Material COC 3 EM,96,238.55,2022-09-08 00:00:00
1180,484,SKU-0044,Material PGS 2 EF,134,68.33,2023-04-08 00:00:00
1181,484,SKU-0007,Material Isaac 9 EF,105,195.01,2023-04-08 00:00:00
1182,485,SKU-0034,Material SAE 5 EF,22,107.16,2023-03-08 00:00:00
1183,485,SKU-0027,Material NSE 7 EF,99,40.27,2023-03-08 00:00:00
1184,485,SKU-0032,Material SAE 9 EF,180,143.9,2023-03-08 00:00:00
1185,486,SKU-0013,Material NSE 1 EF,50,167.56,2022-12-21 00:00:00
1186,486,SKU-0054,Material Isaac 6 EF,100,30.68,2022-12-21 00:00:00
1187,486,SKU-0043,Material NSE 9 EF,152,159.17,2022-12-21 00:00:00
1188,487,SKU-0056,Material NSE 6 EF,187,212.04,2025-08-16 00:00:00
1189,487,SKU-0049,Material NSE 4 EF,54,100.9,2025-08-16 00:00:00
1190,487,SKU-0037,Material NSE 2 EM,199,151.24,2025-08-16 00:00:00
1191,487,SKU-0047,Material PGS 4 EF,112,116.17,2025-08-16 00:00:00
1192,488,SKU-0023,Material NSE 1 EF,82,73.26,2025-04-28 00:00:00
1193,488,SKU-0042,Material NSE 1 EF,178,241.01,2025-04-28 00:00:00
1194,488,SKU-0025,Material SAE 2 EM,124,115.13,2025-04-28 00:00:00
1195,488,SKU-0004,Material SAE 4 EF,133,137.64,2025-04-28 00:00:00
1196,489,SKU-0026,Material SAE 3 EM,143,191.88,2025-09-08 00:00:00
1197,489,SKU-0907,Material PGS 2 EF,65,20.18,2025-09-08 00:00:00
1198,489,SKU-0022,Material NSE 3 EM,95,201.25,2025-09-08 00:00:00
1199,490,SKU-0046,Material COC 2 EF,199,213.19,2024-07-04 00:00:00
1200,490,SKU-0028,Material SAE 3 EF,134,197.08,2024-07-04 00:00:00
1201,490,SKU-0008,Material NSE 3 EF,42,173.36,2024-07-04 00:00:00
1202,491,SKU-0005,Material SAE 4 EF,141,177.53,2023-06-11 00:00:00
1203,492,SKU-0023,Material Isaac 3 EM,192,177.52,2024-09-04 00:00:00
1204,492,SKU-0025,Material COC 2 EM,46,38.39,2024-09-04 00:00:00
1205,493,SKU-0009,Material PGS 6 EF,15,165.75,2023-11-19 00:00:00
1206,494,SKU-0901,Material PGS 3 EF,153,161.98,2025-05-24 00:00:00
1207,494,SKU-0907,Material PGS 9 EF,148,84.94,2025-05-24 00:00:00
1208,495,SKU-0044,Material PGS 9 EF,144,155.87,2025-10-25 00:00:00
1209,496,SKU-0033,Material PGS 3 EM,49,223.67,2023-04-12 00:00:00
1210,496,SKU-0021,Material Isaac 9 EF,117,182.79,2023-04-12 00:00:00
1211,496,SKU-0021,Material SAE 1 EM,35,68.5,2023-04-12 00:00:00
1212,497,SKU-0022,Material COC 3 EM,154,204.84,2025-02-26 00:00:00
1213,498,SKU-0016,Material NSE 5 EF,12,125.73,2024-08-11 00:00:00
1214,498,SKU-0053,Material SAE 7 EF,121,181.28,2024-08-11 00:00:00
1215,499,SKU-0057,Material COC 4 EF,192,40.35,2024-02-01 00:00:00
1216,500,SKU-0903,Material COC 2 EM,63,145.89,2025-11-16 00:00:00
1217,500,SKU-0900,Material SAE 2 EF,190,149.46,2025-11-16 00:00:00
1218,501,SKU-0057,Material PGS 8 EF,68,209.98,2025-06-23 00:00:00
1219,501,SKU-0001,Material PGS 2 EF,106,122.36,2025-06-23 00:00:00
1220,502,SKU-0005,Material SAE 9 EF,82,175.24,2022-06-21 00:00:00
1221,502,SKU-0038,Material Isaac 2 EF,103,172.45,2022-06-21 00:00:00
1222,502,SKU-0021,Material SAE 4 EF,168,210.25,2022-06-21 00:00:00
1223,503,SKU-0035,Material COC 3 EM,16,33.64,2025-10-02 00:00:00
1224,503,SKU-0012,Material PGS 5 EF,173,247.27,2025-10-02 00:00:00
1225,503,SKU-0908,Material NSE 1 EF,144,240.92,2025-10-02 00:00:00
1226,504,SKU-0004,Material Isaac 3 EM,135,224.88,2022-03-17 00:00:00
1227,504,SKU-0038,Material SAE 1 EF,176,101.64,2022-03-17 00:00:00
1228,504,SKU-0015,Material SAE 3 EM,109,76.44,2022-03-17 00:00:00
1229,504,SKU-0900,Material PGS 9 EF,73,35.79,2022-03-17 00:00:00
1230,505,SKU-0059,Material Isaac 5 EF,186,23.72,2023-01-21 00:00:00
1231,505,SKU-0046,Material COC 2 EM,19,136.39,2023-01-21 00:00:00
1232,505,SKU-0028,Material COC 9 EF,124,184.03,2023-01-21 00:00:00
1233,506,SKU-0022,Material SAE 3 EM,106,205.04,2022-02-25 00:00:00
1234,506,SKU-0026,Material SAE 9 EF,51,99.26,2022-02-25 00:00:00
1235,506,SKU-0028,Material COC 1 EF,183,47.1,2022-02-25 00:00:00
1236,507,SKU-0010,Material Isaac 4 EF,191,163.56,2025-12-17 00:00:00
1237,508,SKU-0056,Material Isaac 1 EF,148,175.86,2025-01-23 00:00:00
1238,508,SKU-0030,Material Isaac 6 EF,115,163.43,2025-01-23 00:00:00
1239,508,SKU-0044,Material PGS 1 EF,80,208.15,2025-01-23 00:00:00
1240,509,SKU-0056,Material Isaac 6 EF,135,111.0,2023-10-15 00:00:00
1241,509,SKU-0012,Material NSE 4 EF,153,172.02,2023-10-15 00:00:00
1242,510,SKU-0012,Material COC 5 EF,180,30.85,2023-08-20 00:00:00
1243,510,SKU-0059,Material NSE 2 EF,80,109.64,2023-08-20 00:00:00
1244,511,SKU-0012,Material NSE 2 EF,117,205.44,2024-04-22 00:00:00
1245,511,SKU-0023,Material NSE 7 EF,150,172.0,2024-04-22 00:00:00
1246,512,SKU-0036,Material NSE 3 EF,160,143.24,2022-02-04 00:00:00
1247,513,SKU-0906,Material SAE 6 EF,96,232.65,2024-08-09 00:00:00
1248,513,SKU-0903,Material NSE 9 EF,88,196.8,2024-08-09 00:00:00
1249,513,SKU-0035,Material COC 9 EF,127,239.75,2024-08-09 00:00:00
1250,514,SKU-0024,Material SAE 1 EF,101,90.03,2022-08-12 00:00:00
1251,515,SKU-0012,Material PGS 3 EM,164,131.2,2024-02-21 00:00:00
1252,515,SKU-0045,Material SAE 7 EF,103,203.62,2024-02-21 00:00:00
1253,515,SKU-0901,Material COC 1 EF,131,159.32,2024-02-21 00:00:00
1254,515,SKU-0035,Material NSE 1 EF,155,235.37,2024-02-21 00:00:00
1255,516,SKU-0038,Material SAE 1 EF,175,86.85,2023-05-06 00:00:00
1256,516,SKU-0047,Material SAE 2 EF,120,105.7,2023-05-06 00:00:00
1257,516,SKU-0903,Material Isaac 9 EF,38,210.59,2023-05-06 00:00:00
1258,517,SKU-0030,Material Isaac 1 EF,198,48.41,2023-04-26 00:00:00
1259,517,SKU-0902,Material SAE 3 EM,146,219.28,2023-04-26 00:00:00
1260,518,SKU-0902,Material PGS 1 EF,123,171.48,2022-03-05 00:00:00
1261,518,SKU-0022,Material NSE 2 EM,42,107.19,2022-03-05 00:00:00
1262,519,SKU-0036,Material PGS 8 EF,24,226.48,2023-05-04 00:00:00
1263,519,SKU-0017,Material NSE 3 EM,68,220.21,2023-05-04 00:00:00
1264,519,SKU-0008,Material COC 2 EF,189,52.63,2023-05-04 00:00:00
1265,520,SKU-0021,Material PGS 8 EF,86,234.46,2022-10-16 00:00:00
1266,521,SKU-0042,Material PGS 2 EM,182,68.74,2022-07-19 00:00:00
1267,521,SKU-0031,Material NSE 2 EM,117,91.04,2022-07-19 00:00:00
1268,521,SKU-0041,Material PGS 8 EF,79,227.5,2022-07-19 00:00:00
1269,521,SKU-0015,Material NSE 1 EF,113,24.3,2022-07-19 00:00:00
1270,522,SKU-0036,Material COC 5 EF,131,207.42,2024-06-16 00:00:00
1271,522,SKU-0019,Material Isaac 4 EF,42,179.21,2024-06-16 00:00:00
1272,522,SKU-0016,Material SAE 1 EF,189,247.16,2024-06-16 00:00:00
1273,522,SKU-0007,Material Isaac 8 EF,51,63.49,2024-06-16 00:00:00
1274,523,SKU-0001,Material Isaac 7 EF,76,178.77,2023-08-08 00:00:00
1275,523,SKU-0038,Material SAE 1 EF,47,118.72,2023-08-08 00:00:00
1276,523,SKU-0908,Material NSE 2 EM,179,161.71,2023-08-08 00:00:00
1277,524,SKU-0046,Material PGS 6 EF,70,74.71,2025-05-17 00:00:00
1278,524,SKU-0052,Material COC 3 EF,87,179.42,2025-05-17 00:00:00
1279,524,SKU-0039,Material Isaac 8 EF,154,31.76,2025-05-17 00:00:00
1280,524,SKU-0027,Material SAE 8 EF,106,70.42,2025-05-17 00:00:00
1281,525,SKU-0038,Material PGS 4 EF,25,140.26,2022-05-05 00:00:00
1282,526,SKU-0905,Material COC 7 EF,52,75.56,2024-05-22 00:00:00
1283,526,SKU-0056,Material Isaac 3 EF,81,112.74,2024-05-22 00:00:00
1284,527,SKU-0034,Material NSE 5 EF,93,32.52,2024-06-08 00:00:00
1285,527,SKU-0001,Material NSE 7 EF,44,189.42,2024-06-08 00:00:00
1286,527,SKU-0047,Material PGS 2 EF,165,38.79,2024-06-08 00:00:00
1287,528,SKU-0013,Material Isaac 3 EF,86,68.77,2023-01-28 00:00:00
1288,528,SKU-0904,Material Isaac 7 EF,198,217.44,2023-01-28 00:00:00
1289,529,SKU-0906,Material COC 9 EF,115,179.87,2024-05-19 00:00:00
1290,529,SKU-0014,Material SAE 9 EF,43,122.59,2024-05-19 00:00:00
1291,529,SKU-0040,Material NSE 9 EF,65,25.84,2024-05-19 00:00:00
1292,529,SKU-0023,Material Isaac 4 EF,79,45.69,2024-05-19 00:00:00
1293,530,SKU-0904,Material SAE 6 EF,125,155.88,2024-04-05 00:00:00
1294,530,SKU-0040,Material COC 8 EF,119,87.02,2024-04-05 00:00:00
1295,530,SKU-0032,Material Isaac 7 EF,145,181.18,2024-04-05 00:00:00
1296,530,SKU-0902,Material SAE 3 EF,82,133.61,2024-04-05 00:00:00
1297,531,SKU-0049,Material SAE 2 EF,148,104.97,2024-05-03 00:00:00
1298,531,SKU-0039,Material COC 2 EM,107,183.55,2024-05-03 00:00:00
1299,531,SKU-0038,Material SAE 9 EF,85,205.88,2024-05-03 00:00:00
1300,531,SKU-0001,Material NSE 3 EF,139,203.7,2024-05-03 00:00:00
1301,532,SKU-0051,Material COC 6 EF,170,183.91,2023-06-23 00:00:00
1302,533,SKU-0050,Material SAE 1 EM,88,54.18,2022-03-15 00:00:00
1303,533,SKU-0014,Material SAE 4 EF,95,230.29,2022-03-15 00:00:00
1304,534,SKU-0900,Material Isaac 9 EF,76,215.97,2024-11-18 00:00:00
1305,534,SKU-0903,Material Isaac 7 EF,122,216.19,2024-11-18 00:00:00
1306,535,SKU-0904,Material COC 5 EF,79,197.19,2022-02-18 00:00:00
1307,536,SKU-0012,Material COC 1 EM,135,151.88,2023-11-04 00:00:00
1308,536,SKU-0053,Material COC 1 EM,146,131.54,2023-11-04 00:00:00
1309,536,SKU-0009,Material NSE 5 EF,150,212.5,2023-11-04 00:00:00
1310,537,SKU-0025,Material PGS 3 EF,123,228.71,2023-07-29 00:00:00
1311,537,SKU-0060,Material NSE 7 EF,129,53.37,2023-07-29 00:00:00
1312,537,SKU-0038,Material NSE 4 EF,195,24.94,2023-07-29 00:00:00
1313,538,SKU-0021,Material COC 7 EF,70,90.94,2025-09-05 00:00:00
1314,538,SKU-0904,Material COC 3 EF,37,201.22,2025-09-05 00:00:00
1315,539,SKU-0012,Material NSE 2 EM,37,240.23,2025-10-26 00:00:00
1316,539,SKU-0029,Material COC 2 EM,46,86.96,2025-10-26 00:00:00
1317,539,SKU-0050,Material COC 9 EF,96,108.01,2025-10-26 00:00:00
1318,540,SKU-0005,Material PGS 2 EM,145,147.98,2025-03-03 00:00:00
1319,540,SKU-0037,Material SAE 7 EF,134,88.63,2025-03-03 00:00:00
1320,540,SKU-0044,Material SAE 1 EM,162,238.31,2025-03-03 00:00:00
1321,541,SKU-0008,Material NSE 9 EF,22,120.2,2022-03-20 00:00:00
1322,541,SKU-0044,Material PGS 2 EF,153,190.38,2022-03-20 00:00:00
1323,542,SKU-0906,Material Isaac 9 EF,39,45.15,2022-01-21 00:00:00
1324,542,SKU-0038,Material COC 4 EF,81,230.37,2022-01-21 00:00:00
1325,543,SKU-0055,Material Isaac 9 EF,93,229.85,2023-06-11 00:00:00
1326,543,SKU-0015,Material Isaac 4 EF,104,77.39,2023-06-11 00:00:00
1327,544,SKU-0014,Material SAE 1 EF,110,121.82,2023-03-08 00:00:00
1328,545,SKU-0029,Material Isaac 3 EM,172,151.49,2024-07-22 00:00:00
1329,545,SKU-0906,Material Isaac 3 EM,58,120.11,2024-07-22 00:00:00
1330,545,SKU-0045,Material COC 9 EF,196,117.17,2024-07-22 00:00:00
1331,545,SKU-0903,Material Isaac 4 EF,22,178.35,2024-07-22 00:00:00
1332,546,SKU-0056,Material COC 2 EM,155,56.09,2022-10-15 00:00:00
1333,546,SKU-0035,Material SAE 8 EF,186,223.14,2022-10-15 00:00:00
1334,547,SKU-0909,Material Isaac 2 EF,180,107.95,2023-10-03 00:00:00
1335,547,SKU-0906,Material SAE 4 EF,149,98.79,2023-10-03 00:00:00
1336,548,SKU-0035,Material SAE 6 EF,103,242.29,2025-07-13 00:00:00
1337,548,SKU-0027,Material COC 9 EF,112,60.55,2025-07-13 00:00:00
1338,548,SKU-0004,Material SAE 2 EF,160,68.74,2025-07-13 00:00:00
1339,549,SKU-0013,Material NSE 2 EM,12,93.02,2023-01-01 00:00:00
1340,549,SKU-0902,Material COC 1 EM,51,104.08,2023-01-01 00:00:00
1341,549,SKU-0006,Material COC 4 EF,129,234.24,2023-01-01 00:00:00
1342,550,SKU-0051,Material COC 4 EF,91,168.67,2022-03-15 00:00:00
1343,550,SKU-0016,Material NSE 3 EF,159,66.33,2022-03-15 00:00:00
1344,551,SKU-0009,Material Isaac 2 EM,94,187.92,2022-10-24 00:00:00
1345,552,SKU-0011,Material SAE 1 EF,44,178.2,2023-03-25 00:00:00
1346,552,SKU-0053,Material NSE 9 EF,149,85.27,2023-03-25 00:00:00
1347,552,SKU-0021,Material Isaac 5 EF,187,202.09,2023-03-25 00:00:00
1348,553,SKU-0016,Material SAE 3 EM,57,156.41,2022-01-23 00:00:00
1349,553,SKU-0023,Material NSE 2 EM,49,113.59,2022-01-23 00:00:00
1350,553,SKU-0015,Material PGS 3 EF,158,210.55,2022-01-23 00:00:00
1351,554,SKU-0033,Material NSE 3 EF,12,96.17,2025-01-19 00:00:00
1352,554,SKU-0905,Material SAE 3 EM,53,114.2,2025-01-19 00:00:00
1353,554,SKU-0006,Material NSE 4 EF,178,244.26,2025-01-19 00:00:00
1354,554,SKU-0036,Material COC 8 EF,142,214.38,2025-01-19 00:00:00
1355,555,SKU-0904,Material PGS 1 EF,89,113.3,2024-06-17 00:00:00
1356,556,SKU-0019,Material NSE 3 EM,124,54.8,2023-02-04 00:00:00
1357,556,SKU-0902,Material Isaac 2 EF,89,170.06,2023-02-04 00:00:00
1358,556,SKU-0023,Material PGS 2 EF,181,243.45,2023-02-04 00:00:00
1359,556,SKU-0002,Material PGS 6 EF,111,24.11,2023-02-04 00:00:00
1360,557,SKU-0908,Material NSE 3 EM,160,176.5,2022-07-24 00:00:00
1361,557,SKU-0036,Material PGS 1 EM,11,191.22,2022-07-24 00:00:00
1362,557,SKU-0036,Material Isaac 9 EF,49,186.05,2022-07-24 00:00:00
1363,558,SKU-0029,Material Isaac 6 EF,75,34.68,2024-11-18 00:00:00
1364,559,SKU-0004,Material COC 4 EF,145,141.51,2023-12-08 00:00:00
1365,559,SKU-0053,Material SAE 6 EF,57,249.45,2023-12-08 00:00:00
1366,559,SKU-0017,Material PGS 2 EF,125,215.29,2023-12-08 00:00:00
1367,559,SKU-0003,Material Isaac 2 EM,111,169.31,2023-12-08 00:00:00
1368,560,SKU-0018,Material Isaac 9 EF,143,33.12,2025-09-19 00:00:00
1369,560,SKU-0907,Material NSE 4 EF,189,68.44,2025-09-19 00:00:00
1370,560,SKU-0038,Material SAE 3 EM,191,230.53,2025-09-19 00:00:00
1371,560,SKU-0901,Material COC 1 EM,194,240.09,2025-09-19 00:00:00
1372,561,SKU-0026,Material SAE 4 EF,61,224.73,2022-04-23 00:00:00
1373,561,SKU-0050,Material PGS 2 EF,77,74.15,2022-04-23 00:00:00
1374,562,SKU-0031,Material COC 6 EF,51,245.01,2022-11-01 00:00:00
1375,563,SKU-0038,Material COC 7 EF,142,231.01,2023-02-01 00:00:00
1376,563,SKU-0907,Material Isaac 3 EM,80,69.8,2023-02-01 00:00:00
1377,563,SKU-0055,Material Isaac 3 EF,83,28.5,2023-02-01 00:00:00
1378,563,SKU-0033,Material SAE 6 EF,99,46.36,2023-02-01 00:00:00
1379,564,SKU-0060,Material SAE 8 EF,197,131.13,2025-05-19 00:00:00
1380,565,SKU-0019,Material SAE 7 EF,200,100.93,2022-03-01 00:00:00
1381,565,SKU-0048,Material NSE 3 EF,170,118.06,2022-03-01 00:00:00
1382,565,SKU-0020,Material NSE 2 EF,52,247.56,2022-03-01 00:00:00
1383,566,SKU-0902,Material PGS 4 EF,66,63.98,2024-01-13 00:00:00
1384,567,SKU-0025,Material COC 3 EM,163,37.49,2024-03-06 00:00:00
1385,567,SKU-0023,Material COC 8 EF,87,107.93,2024-03-06 00:00:00
1386,568,SKU-0909,Material Isaac 1 EF,40,208.7,2023-10-31 00:00:00
1387,569,SKU-0013,Material Isaac 8 EF,186,133.86,2022-05-02 00:00:00
1388,569,SKU-0004,Material COC 3 EM,133,161.29,2022-05-02 00:00:00
1389,569,SKU-0055,Material Isaac 3 EF,153,121.9,2022-05-02 00:00:00
1390,569,SKU-0907,Material PGS 8 EF,195,142.34,2022-05-02 00:00:00
1391,570,SKU-0901,Material SAE 1 EF,173,112.72,2022-04-28 00:00:00
1392,570,SKU-0043,Material PGS 6 EF,119,236.96,2022-04-28 00:00:00
1393,570,SKU-0030,Material COC 8 EF,173,159.67,2022-04-28 00:00:00
1394,570,SKU-0038,Material PGS 4 EF,96,20.69,2022-04-28 00:00:00
1395,571,SKU-0026,Material NSE 5 EF,56,88.12,2022-07-11 00:00:00
1396,571,SKU-0041,Material PGS 4 EF,127,46.89,2022-07-11 00:00:00
1397,571,SKU-0900,Material COC 1 EM,176,234.05,2022-07-11 00:00:00
1398,572,SKU-0033,Material COC 2 EM,138,65.51,2023-06-18 00:00:00
1399,572,SKU-0040,Material COC 7 EF,156,243.75,2023-06-18 00:00:00
1400,572,SKU-0058,Material NSE 3 EF,156,235.92,2023-06-18 00:00:00
1401,573,SKU-0010,Material NSE 4 EF,56,121.43,2024-05-01 00:00:00
1402,574,SKU-0016,Material COC 8 EF,86,108.01,2023-05-17 00:00:00
1403,574,SKU-0053,Material Isaac 2 EM,21,58.43,2023-05-17 00:00:00
1404,574,SKU-0039,Material Isaac 7 EF,60,241.38,2023-05-17 00:00:00
1405,575,SKU-0031,Material PGS 8 EF,140,226.57,2023-05-10 00:00:00
1406,575,SKU-0909,Material Isaac 4 EF,26,129.27,2023-05-10 00:00:00
1407,575,SKU-0012,Material Isaac 9 EF,75,243.0,2023-05-10 00:00:00
1408,575,SKU-0012,Material PGS 2 EM,119,144.54,2023-05-10 00:00:00
1409,576,SKU-0902,Material COC 3 EF,32,245.24,2024-06-21 00:00:00
1410,576,SKU-0046,Material NSE 3 EF,112,58.33,2024-06-21 00:00:00
1411,576,SKU-0907,Material COC 2 EM,160,200.66,2024-06-21 00:00:00
1412,576,SKU-0902,Material Isaac 7 EF,26,170.01,2024-06-21 00:00:00
1413,577,SKU-0029,Material SAE 1 EM,164,167.99,2022-06-29 00:00:00
1414,578,SKU-0041,Material NSE 2 EF,151,69.72,2022-05-01 00:00:00
1415,578,SKU-0906,Material COC 1 EF,17,131.5,2022-05-01 00:00:00
1416,579,SKU-0060,Material NSE 9 EF,30,248.49,2025-10-19 00:00:00
1417,580,SKU-0053,Material Isaac 3 EF,118,25.01,2025-03-12 00:00:00
1418,580,SKU-0035,Material PGS 9 EF,190,26.96,2025-03-12 00:00:00
1419,580,SKU-0060,Material SAE 8 EF,106,26.01,2025-03-12 00:00:00
1420,581,SKU-0021,Material PGS 6 EF,62,173.14,2022-07-13 00:00:00
1421,581,SKU-0033,Material COC 3 EM,185,172.93,2022-07-13 00:00:00
1422,581,SKU-0049,Material NSE 8 EF,13,234.73,2022-07-13 00:00:00
1423,582,SKU-0020,Material SAE 3 EF,175,103.22,2023-08-02 00:00:00
1424,582,SKU-0010,Material PGS 9 EF,89,217.28,2023-08-02 00:00:00
1425,582,SKU-0047,Material SAE 1 EM,41,235.89,2023-08-02 00:00:00
1426,583,SKU-0006,Material Isaac 1 EF,197,130.28,2023-04-15 00:00:00
1427,584,SKU-0021,Material Isaac 8 EF,140,233.41,2023-04-09 00:00:00
1428,584,SKU-0030,Material NSE 1 EF,108,53.79,2023-04-09 00:00:00
1429,584,SKU-0044,Material COC 5 EF,64,176.45,2023-04-09 00:00:00
1430,584,SKU-0025,Material SAE 7 EF,140,29.51,2023-04-09 00:00:00
1431,585,SKU-0901,Material Isaac 1 EM,98,164.9,2024-06-17 00:00:00
1432,586,SKU-0909,Material PGS 3 EM,116,45.29,2025-11-29 00:00:00
1433,586,SKU-0058,Material COC 1 EM,19,84.14,2025-11-29 00:00:00
1434,586,SKU-0013,Material SAE 3 EM,64,229.13,2025-11-29 00:00:00
1435,586,SKU-0055,Material SAE 9 EF,137,201.05,2025-11-29 00:00:00
1436,587,SKU-0060,Material NSE 1 EM,158,151.4,2025-05-16 00:00:00
1437,588,SKU-0034,Material NSE 8 EF,98,164.66,2023-12-17 00:00:00
1438,588,SKU-0020,Material Isaac 5 EF,195,95.95,2023-12-17 00:00:00
1439,588,SKU-0010,Material COC 5 EF,185,212.91,2023-12-17 00:00:00
1440,589,SKU-0058,Material NSE 7 EF,78,152.57,2023-03-16 00:00:00
1441,589,SKU-0057,Material PGS 9 EF,45,163.9,2023-03-16 00:00:00
1442,589,SKU-0010,Material Isaac 2 EF,34,86.03,2023-03-16 00:00:00
1443,589,SKU-0045,Material SAE 1 EF,40,138.37,2023-03-16 00:00:00
1444,590,SKU-0027,Material Isaac 2 EM,93,199.56,2024-08-18 00:00:00
1445,590,SKU-0904,Material PGS 3 EM,131,148.11,2024-08-18 00:00:00
1446,590,SKU-0057,Material PGS 9 EF,142,185.55,2024-08-18 00:00:00
1447,590,SKU-0045,Material SAE 6 EF,66,164.59,2024-08-18 00:00:00
1448,591,SKU-0003,Material NSE 4 EF,176,92.25,2025-04-20 00:00:00
1449,591,SKU-0026,Material NSE 4 EF,164,65.07,2025-04-20 00:00:00
1450,591,SKU-0054,Material PGS 9 EF,126,116.06,2025-04-20 00:00:00
1451,591,SKU-0031,Material COC 1 EM,120,244.08,2025-04-20 00:00:00
1452,592,SKU-0004,Material NSE 2 EM,59,112.73,2025-08-14 00:00:00
1453,592,SKU-0028,Material NSE 2 EF,86,113.29,2025-08-14 00:00:00
1454,592,SKU-0053,Material Isaac 9 EF,45,122.72,2025-08-14 00:00:00
1455,593,SKU-0012,Material NSE 7 EF,50,168.69,2025-02-15 00:00:00
1456,593,SKU-0902,Material SAE 3 EF,26,231.91,2025-02-15 00:00:00
1457,594,SKU-0030,Material Isaac 1 EM,43,173.39,2023-07-25 00:00:00
1458,594,SKU-0036,Material COC 4 EF,30,38.07,2023-07-25 00:00:00
1459,594,SKU-0056,Material COC 5 EF,61,78.05,2023-07-25 00:00:00
1460,594,SKU-0042,Material PGS 3 EF,48,131.37,2023-07-25 00:00:00
1461,595,SKU-0032,Material PGS 3 EM,185,233.44,2024-01-08 00:00:00
1462,595,SKU-0045,Material COC 1 EM,70,234.71,2024-01-08 00:00:00
1463,595,SKU-0002,Material COC 1 EM,182,188.52,2024-01-08 00:00:00
1464,596,SKU-0048,Material PGS 3 EF,182,41.02,2024-11-22 00:00:00
1465,596,SKU-0016,Material PGS 3 EF,67,158.16,2024-11-22 00:00:00
1466,596,SKU-0015,Material NSE 6 EF,116,194.99,2024-11-22 00:00:00
1467,596,SKU-0906,Material PGS 4 EF,104,93.27,2024-11-22 00:00:00
1468,597,SKU-0029,Material SAE 9 EF,173,67.44,2023-12-01 00:00:00
1469,598,SKU-0053,Material COC 5 EF,75,96.72,2022-03-07 00:00:00
1470,598,SKU-0002,Material PGS 4 EF,16,98.03,2022-03-07 00:00:00
1471,599,SKU-0902,Material PGS 1 EM,64,185.5,2023-04-26 00:00:00
1472,599,SKU-0042,Material PGS 1 EM,42,126.21,2023-04-26 00:00:00
1473,599,SKU-0044,Material COC 2 EM,26,236.05,2023-04-26 00:00:00
1474,600,SKU-0007,Material NSE 3 EF,185,212.05,2023-05-15 00:00:00
1475,600,SKU-0031,Material PGS 4 EF,145,22.8,2023-05-15 00:00:00
1476,600,SKU-0047,Material PGS 2 EM,152,81.74,2023-05-15 00:00:00
1477,600,SKU-0900,Material SAE 8 EF,132,210.41,2023-05-15 00:00:00
1478,601,SKU-0005,Material PGS 2 EM,38,139.44,2022-12-05 00:00:00
1479,601,SKU-0903,Material PGS 6 EF,152,60.56,2022-12-05 00:00:00
1480,601,SKU-0010,Material SAE 9 EF,105,20.77,2022-12-05 00:00:00
1481,601,SKU-0032,Material COC 1 EM,99,33.51,2022-12-05 00:00:00
1482,602,SKU-0014,Material SAE 8 EF,37,230.66,2023-05-21 00:00:00
1483,602,SKU-0060,Material NSE 5 EF,115,167.08,2023-05-21 00:00:00
1484,602,SKU-0044,Material COC 8 EF,76,206.41,2023-05-21 00:00:00
1485,602,SKU-0060,Material Isaac 5 EF,44,183.07,2023-05-21 00:00:00
1486,603,SKU-0040,Material PGS 5 EF,184,66.98,2024-02-24 00:00:00
1487,603,SKU-0902,Material Isaac 7 EF,96,173.18,2024-02-24 00:00:00
1488,603,SKU-0023,Material Isaac 3 EF,100,90.24,2024-02-24 00:00:00
1489,604,SKU-0017,Material NSE 9 EF,147,162.13,2022-08-01 00:00:00
1490,604,SKU-0013,Material COC 1 EM,89,155.12,2022-08-01 00:00:00
1491,605,SKU-0036,Material PGS 1 EF,133,43.33,2023-07-20 00:00:00
1492,605,SKU-0037,Material NSE 3 EM,41,124.01,2023-07-20 00:00:00
1493,606,SKU-0014,Material Isaac 1 EF,95,35.12,2022-03-05 00:00:00
1494,606,SKU-0003,Material PGS 3 EM,116,161.94,2022-03-05 00:00:00
1495,606,SKU-0021,Material SAE 1 EF,119,138.05,2022-03-05 00:00:00
1496,607,SKU-0040,Material Isaac 3 EM,26,203.38,2023-07-21 00:00:00
1497,607,SKU-0056,Material COC 3 EF,136,58.49,2023-07-21 00:00:00
1498,607,SKU-0012,Material SAE 9 EF,119,119.7,2023-07-21 00:00:00
1499,608,SKU-0905,Material PGS 6 EF,113,176.43,2024-09-02 00:00:00
1500,608,SKU-0909,Material SAE 1 EM,31,168.59,2024-09-02 00:00:00
1501,608,SKU-0050,Material SAE 1 EM,111,212.2,2024-09-02 00:00:00
1502,608,SKU-0021,Material SAE 7 EF,126,24.79,2024-09-02 00:00:00
1503,609,SKU-0021,Material PGS 1 EF,91,247.74,2023-09-10 00:00:00
1504,609,SKU-0058,Material NSE 3 EM,188,177.47,2023-09-10 00:00:00
1505,610,SKU-0042,Material PGS 9 EF,43,212.33,2024-08-03 00:00:00
1506,610,SKU-0002,Material COC 6 EF,113,116.66,2024-08-03 00:00:00
1507,611,SKU-0906,Material Isaac 5 EF,47,211.63,2024-06-09 00:00:00
1508,611,SKU-0027,Material PGS 7 EF,21,136.25,2024-06-09 00:00:00
1509,611,SKU-0029,Material SAE 3 EM,87,41.53,2024-06-09 00:00:00
1510,612,SKU-0060,Material COC 6 EF,156,132.77,2024-07-03 00:00:00
1511,612,SKU-0014,Material PGS 3 EM,167,147.05,2024-07-03 00:00:00
1512,613,SKU-0060,Material COC 1 EM,152,116.3,2024-07-11 00:00:00
1513,613,SKU-0012,Material NSE 2 EF,94,225.53,2024-07-11 00:00:00
1514,614,SKU-0903,Material PGS 4 EF,87,93.25,2024-02-17 00:00:00
1515,614,SKU-0901,Material PGS 6 EF,75,85.33,2024-02-17 00:00:00
1516,614,SKU-0010,Material Isaac 2 EF,62,44.83,2024-02-17 00:00:00
1517,615,SKU-0015,Material Isaac 7 EF,24,23.32,2022-04-13 00:00:00
1518,616,SKU-0011,Material COC 6 EF,68,36.62,2022-09-07 00:00:00
1519,616,SKU-0054,Material PGS 2 EF,127,125.5,2022-09-07 00:00:00
1520,617,SKU-0030,Material COC 1 EF,67,247.13,2025-03-18 00:00:00
1521,618,SKU-0020,Material COC 1 EM,153,121.63,2025-07-22 00:00:00
1522,618,SKU-0050,Material COC 4 EF,177,211.27,2025-07-22 00:00:00
1523,618,SKU-0020,Material Isaac 6 EF,112,114.4,2025-07-22 00:00:00
1524,619,SKU-0047,Material NSE 7 EF,107,55.24,2023-09-28 00:00:00
1525,619,SKU-0043,Material COC 2 EM,30,97.78,2023-09-28 00:00:00
1526,620,SKU-0019,Material Isaac 6 EF,141,33.76,2024-06-24 00:00:00
1527,620,SKU-0014,Material PGS 2 EF,108,148.8,2024-06-24 00:00:00
1528,620,SKU-0017,Material SAE 2 EM,146,100.76,2024-06-24 00:00:00
1529,620,SKU-0008,Material Isaac 7 EF,51,149.95,2024-06-24 00:00:00
1530,621,SKU-0904,Material NSE 3 EF,165,177.95,2023-06-01 00:00:00
1531,621,SKU-0034,Material SAE 3 EF,18,202.28,2023-06-01 00:00:00
1532,622,SKU-0014,Material SAE 7 EF,88,159.45,2024-03-10 00:00:00
1533,622,SKU-0027,Material SAE 4 EF,78,151.88,2024-03-10 00:00:00
1534,622,SKU-0043,Material NSE 6 EF,72,125.15,2024-03-10 00:00:00
1535,623,SKU-0048,Material SAE 7 EF,57,214.14,2023-02-17 00:00:00
1536,623,SKU-0002,Material PGS 2 EM,140,137.82,2023-02-17 00:00:00
1537,624,SKU-0902,Material PGS 7 EF,176,39.91,2025-04-14 00:00:00
1538,625,SKU-0027,Material PGS 2 EF,120,230.9,2025-03-03 00:00:00
1539,625,SKU-0009,Material NSE 5 EF,104,35.22,2025-03-03 00:00:00
1540,626,SKU-0019,Material Isaac 3 EF,150,80.97,2023-12-16 00:00:00
1541,626,SKU-0041,Material COC 1 EF,142,103.35,2023-12-16 00:00:00
1542,626,SKU-0003,Material COC 7 EF,28,151.1,2023-12-16 00:00:00
1543,626,SKU-0025,Material Isaac 1 EF,122,226.39,2023-12-16 00:00:00
1544,627,SKU-0905,Material SAE 2 EF,162,88.52,2023-04-03 00:00:00
1545,627,SKU-0053,Material Isaac 8 EF,17,151.96,2023-04-03 00:00:00
1546,627,SKU-0036,Material NSE 3 EF,166,190.94,2023-04-03 00:00:00
1547,628,SKU-0021,Material Isaac 6 EF,190,147.48,2025-04-07 00:00:00
1548,628,SKU-0045,Material Isaac 8 EF,100,79.07,2025-04-07 00:00:00
1549,629,SKU-0908,Material Isaac 2 EF,87,171.22,2023-05-03 00:00:00
1550,629,SKU-0902,Material Isaac 2 EF,144,205.1,2023-05-03 00:00:00
1551,629,SKU-0005,Material NSE 1 EF,158,26.02,2023-05-03 00:00:00
1552,630,SKU-0026,Material PGS 2 EF,73,134.68,2024-05-06 00:00:00
1553,630,SKU-0058,Material NSE 3 EM,148,122.52,2024-05-06 00:00:00
1554,630,SKU-0023,Material SAE 8 EF,174,42.41,2024-05-06 00:00:00
1555,631,SKU-0031,Material PGS 7 EF,190,71.04,2022-03-28 00:00:00
1556,631,SKU-0012,Material NSE 3 EM,38,176.09,2022-03-28 00:00:00
1557,631,SKU-0054,Material PGS 7 EF,39,113.69,2022-03-28 00:00:00
1558,631,SKU-0049,Material SAE 8 EF,131,178.7,2022-03-28 00:00:00
1559,632,SKU-0906,Material COC 1 EF,127,47.57,2024-02-14 00:00:00
1560,633,SKU-0057,Material NSE 4 EF,146,213.81,2022-05-30 00:00:00
1561,634,SKU-0044,Material SAE 6 EF,150,132.67,2022-09-27 00:00:00
1562,634,SKU-0049,Material NSE 1 EF,31,224.23,2022-09-27 00:00:00
1563,634,SKU-0021,Material NSE 4 EF,53,133.79,2022-09-27 00:00:00
1564,634,SKU-0039,Material SAE 9 EF,190,117.76,2022-09-27 00:00:00
1565,635,SKU-0015,Material Isaac 4 EF,149,137.28,2022-06-15 00:00:00
1566,635,SKU-0050,Material COC 2 EF,66,116.84,2022-06-15 00:00:00
1567,635,SKU-0028,Material NSE 4 EF,135,162.13,2022-06-15 00:00:00
1568,636,SKU-0013,Material COC 6 EF,135,130.1,2024-06-08 00:00:00
1569,637,SKU-0045,Material NSE 4 EF,117,73.46,2023-12-26 00:00:00
1570,637,SKU-0033,Material NSE 2 EM,133,182.47,2023-12-26 00:00:00
1571,637,SKU-0035,Material COC 4 EF,74,31.45,2023-12-26 00:00:00
1572,638,SKU-0054,Material PGS 2 EF,126,29.27,2025-06-24 00:00:00
1573,638,SKU-0026,Material Isaac 4 EF,137,110.91,2025-06-24 00:00:00
1574,639,SKU-0024,Material COC 2 EF,58,164.08,2022-02-07 00:00:00
1575,639,SKU-0002,Material NSE 8 EF,136,181.19,2022-02-07 00:00:00
1576,639,SKU-0001,Material COC 2 EM,39,233.93,2022-02-07 00:00:00
1577,640,SKU-0905,Material Isaac 4 EF,155,90.05,2025-05-04 00:00:00
1578,640,SKU-0900,Material Isaac 2 EF,60,112.27,2025-05-04 00:00:00
1579,641,SKU-0015,Material COC 3 EF,165,180.07,2024-04-22 00:00:00
1580,642,SKU-0002,Material NSE 2 EF,182,212.94,2022-07-16 00:00:00
1581,642,SKU-0044,Material NSE 3 EM,186,181.8,2022-07-16 00:00:00
1582,642,SKU-0047,Material PGS 8 EF,37,138.89,2022-07-16 00:00:00
1583,642,SKU-0050,Material SAE 1 EM,113,223.17,2022-07-16 00:00:00
1584,643,SKU-0015,Material NSE 9 EF,65,82.3,2024-05-30 00:00:00
1585,643,SKU-0044,Material COC 8 EF,169,142.99,2024-05-30 00:00:00
1586,643,SKU-0029,Material PGS 7 EF,44,67.8,2024-05-30 00:00:00
1587,644,SKU-0022,Material NSE 7 EF,186,113.36,2023-12-29 00:00:00
1588,644,SKU-0023,Material SAE 7 EF,41,183.61,2023-12-29 00:00:00
1589,645,SKU-0009,Material SAE 1 EF,15,109.48,2024-06-18 00:00:00
1590,646,SKU-0045,Material PGS 1 EM,191,125.36,2024-09-05 00:00:00
1591,646,SKU-0055,Material PGS 5 EF,128,226.06,2024-09-05 00:00:00
1592,647,SKU-0054,Material NSE 1 EM,92,174.96,2024-03-08 00:00:00
1593,647,SKU-0053,Material COC 6 EF,10,77.21,2024-03-08 00:00:00
1594,647,SKU-0056,Material SAE 9 EF,61,235.97,2024-03-08 00:00:00
1595,648,SKU-0057,Material COC 4 EF,169,188.08,2022-11-03 00:00:00
1596,648,SKU-0025,Material NSE 8 EF,118,156.14,2022-11-03 00:00:00
1597,649,SKU-0058,Material COC 4 EF,82,104.94,2023-07-04 00:00:00
1598,650,SKU-0902,Material PGS 3 EF,187,38.95,2023-06-16 00:00:00
1599,650,SKU-0053,Material Isaac 7 EF,106,244.17,2023-06-16 00:00:00
1600,650,SKU-0037,Material Isaac 6 EF,107,61.54,2023-06-16 00:00:00
1601,651,SKU-0015,Material NSE 2 EM,100,159.63,2025-04-19 00:00:00
1602,651,SKU-0005,Material PGS 6 EF,174,208.62,2025-04-19 00:00:00
1603,651,SKU-0019,Material Isaac 3 EM,66,189.9,2025-04-19 00:00:00
1604,651,SKU-0030,Material COC 2 EF,171,171.2,2025-04-19 00:00:00
1605,652,SKU-0004,Material SAE 4 EF,47,108.09,2022-02-13 00:00:00
1606,653,SKU-0901,Material NSE 3 EF,164,171.19,2022-09-21 00:00:00
1607,654,SKU-0019,Material NSE 1 EM,56,56.89,2025-05-21 00:00:00
1608,654,SKU-0009,Material NSE 2 EM,198,221.21,2025-05-21 00:00:00
1609,654,SKU-0035,Material COC 6 EF,23,231.81,2025-05-21 00:00:00
1610,655,SKU-0005,Material COC 3 EM,136,81.41,2023-09-01 00:00:00
1611,655,SKU-0037,Material NSE 2 EM,121,82.45,2023-09-01 00:00:00
1612,656,SKU-0904,Material SAE 3 EF,113,187.47,2025-03-30 00:00:00
1613,657,SKU-0051,Material NSE 1 EM,65,122.34,2025-01-01 00:00:00
1614,657,SKU-0060,Material Isaac 6 EF,70,143.92,2025-01-01 00:00:00
1615,657,SKU-0022,Material Isaac 1 EM,151,249.92,2025-01-01 00:00:00
1616,658,SKU-0045,Material SAE 2 EF,111,144.08,2024-03-21 00:00:00
1617,658,SKU-0909,Material COC 2 EM,169,24.43,2024-03-21 00:00:00
1618,658,SKU-0038,Material COC 3 EF,123,243.5,2024-03-21 00:00:00
1619,658,SKU-0029,Material PGS 8 EF,142,142.44,2024-03-21 00:00:00
1620,659,SKU-0030,Material NSE 1 EF,160,221.67,2022-03-15 00:00:00
1621,659,SKU-0051,Material COC 3 EF,142,50.8,2022-03-15 00:00:00
1622,659,SKU-0047,Material PGS 1 EF,94,37.29,2022-03-15 00:00:00
1623,659,SKU-0016,Material COC 2 EF,102,152.67,2022-03-15 00:00:00
1624,660,SKU-0038,Material PGS 9 EF,164,166.93,2025-10-26 00:00:00
1625,660,SKU-0008,Material PGS 1 EM,145,102.24,2025-10-26 00:00:00
1626,660,SKU-0007,Material NSE 3 EM,177,27.01,2025-10-26 00:00:00
1627,660,SKU-0033,Material COC 3 EF,27,95.02,2025-10-26 00:00:00
1628,661,SKU-0054,Material NSE 2 EF,167,64.71,2025-07-27 00:00:00
1629,662,SKU-0022,Material SAE 2 EF,41,25.58,2025-08-30 00:00:00
1630,663,SKU-0906,Material COC 8 EF,51,200.93,2024-08-20 00:00:00
1631,663,SKU-0013,Material NSE 5 EF,151,206.81,2024-08-20 00:00:00
1632,663,SKU-0056,Material COC 8 EF,127,139.06,2024-08-20 00:00:00
1633,664,SKU-0011,Material NSE 9 EF,171,123.45,2022-03-23 00:00:00
1634,664,SKU-0020,Material PGS 6 EF,97,215.98,2022-03-23 00:00:00
1635,665,SKU-0022,Material NSE 2 EF,12,173.47,2022-05-14 00:00:00
1636,665,SKU-0041,Material PGS 4 EF,164,71.06,2022-05-14 00:00:00
1637,666,SKU-0007,Material COC 3 EM,40,171.29,2025-06-22 00:00:00
1638,666,SKU-0030,Material PGS 6 EF,101,126.38,2025-06-22 00:00:00
1639,666,SKU-0027,Material SAE 3 EF,117,228.09,2025-06-22 00:00:00
1640,667,SKU-0044,Material SAE 1 EF,72,151.2,2023-04-06 00:00:00
1641,668,SKU-0043,Material PGS 1 EF,139,22.85,2025-05-11 00:00:00
1642,668,SKU-0021,Material NSE 4 EF,148,144.64,2025-05-11 00:00:00
1643,668,SKU-0007,Material NSE 8 EF,91,154.34,2025-05-11 00:00:00
1644,669,SKU-0041,Material Isaac 3 EF,161,102.0,2024-12-26 00:00:00
1645,669,SKU-0010,Material PGS 2 EM,53,223.33,2024-12-26 00:00:00
1646,669,SKU-0909,Material Isaac 3 EF,49,202.8,2024-12-26 00:00:00
1647,670,SKU-0038,Material COC 2 EF,51,30.69,2024-09-16 00:00:00
1648,670,SKU-0044,Material Isaac 2 EF,15,133.95,2024-09-16 00:00:00
1649,670,SKU-0044,Material SAE 2 EM,111,39.28,2024-09-16 00:00:00
1650,671,SKU-0027,Material SAE 9 EF,30,171.54,2024-06-14 00:00:00
1651,672,SKU-0026,Material Isaac 3 EM,43,136.69,2022-09-23 00:00:00
1652,673,SKU-0017,Material NSE 2 EF,134,131.42,2022-09-22 00:00:00
1653,673,SKU-0005,Material PGS 9 EF,138,85.06,2022-09-22 00:00:00
1654,673,SKU-0033,Material Isaac 7 EF,180,53.33,2022-09-22 00:00:00
1655,674,SKU-0013,Material SAE 7 EF,14,218.06,2022-04-04 00:00:00
1656,674,SKU-0045,Material COC 4 EF,107,176.2,2022-04-04 00:00:00
1657,675,SKU-0040,Material SAE 5 EF,197,233.76,2024-02-01 00:00:00
1658,675,SKU-0042,Material NSE 2 EF,75,39.85,2024-02-01 00:00:00
1659,676,SKU-0044,Material SAE 3 EF,85,104.96,2023-10-06 00:00:00
1660,676,SKU-0024,Material Isaac 9 EF,123,52.54,2023-10-06 00:00:00
1661,677,SKU-0019,Material NSE 1 EM,144,90.85,2023-06-08 00:00:00
1662,677,SKU-0026,Material NSE 6 EF,100,150.27,2023-06-08 00:00:00
1663,678,SKU-0008,Material Isaac 2 EF,33,124.82,2022-05-17 00:00:00
1664,679,SKU-0056,Material PGS 6 EF,124,52.55,2025-04-22 00:00:00
1665,679,SKU-0900,Material COC 3 EM,164,63.62,2025-04-22 00:00:00
1666,679,SKU-0014,Material PGS 2 EM,151,189.52,2025-04-22 00:00:00
1667,680,SKU-0045,Material Isaac 9 EF,167,102.85,2024-09-11 00:00:00
1668,680,SKU-0036,Material NSE 4 EF,191,225.12,2024-09-11 00:00:00
1669,681,SKU-0037,Material PGS 1 EF,120,107.58,2023-03-12 00:00:00
1670,681,SKU-0015,Material Isaac 1 EM,132,90.45,2023-03-12 00:00:00
1671,681,SKU-0049,Material COC 4 EF,106,117.45,2023-03-12 00:00:00
1672,681,SKU-0035,Material PGS 1 EM,116,49.1,2023-03-12 00:00:00
1673,682,SKU-0043,Material SAE 4 EF,40,183.41,2022-09-27 00:00:00
1674,683,SKU-0010,Material PGS 2 EM,137,192.28,2025-02-09 00:00:00
1675,684,SKU-0001,Material NSE 2 EF,11,160.44,2023-02-19 00:00:00
1676,684,SKU-0055,Material PGS 2 EF,41,133.88,2023-02-19 00:00:00
1677,684,SKU-0005,Material NSE 6 EF,116,185.09,2023-02-19 00:00:00
1678,684,SKU-0039,Material NSE 3 EF,79,39.01,2023-02-19 00:00:00
1679,685,SKU-0906,Material COC 1 EM,27,219.34,2025-01-29 00:00:00
1680,685,SKU-0007,Material Isaac 5 EF,77,52.34,2025-01-29 00:00:00
1681,686,SKU-0907,Material SAE 9 EF,15,43.17,2024-12-02 00:00:00
1682,687,SKU-0907,Material COC 3 EM,65,117.92,2023-04-10 00:00:00
1683,687,SKU-0906,Material PGS 2 EM,40,70.44,2023-04-10 00:00:00
1684,688,SKU-0906,Material Isaac 5 EF,25,133.91,2023-10-13 00:00:00
1685,688,SKU-0054,Material PGS 5 EF,191,70.39,2023-10-13 00:00:00
1686,688,SKU-0059,Material COC 6 EF,98,64.9,2023-10-13 00:00:00
1687,689,SKU-0053,Material Isaac 2 EF,11,105.37,2024-04-24 00:00:00
1688,689,SKU-0048,Material COC 1 EM,15,67.11,2024-04-24 00:00:00
1689,689,SKU-0033,Material COC 4 EF,186,191.67,2024-04-24 00:00:00
1690,689,SKU-0906,Material Isaac 1 EM,181,195.33,2024-04-24 00:00:00
1691,690,SKU-0042,Material PGS 9 EF,115,69.42,2022-02-26 00:00:00
1692,690,SKU-0008,Material SAE 2 EF,127,84.76,2022-02-26 00:00:00
1693,690,SKU-0045,Material NSE 7 EF,171,231.32,2022-02-26 00:00:00
1694,691,SKU-0057,Material PGS 1 EM,69,215.15,2024-06-08 00:00:00
1695,691,SKU-0909,Material Isaac 5 EF,197,238.96,2024-06-08 00:00:00
1696,691,SKU-0057,Material COC 3 EF,118,53.75,2024-06-08 00:00:00
1697,692,SKU-0052,Material PGS 2 EF,97,240.5,2023-04-16 00:00:00
1698,692,SKU-0053,Material NSE 3 EM,115,33.43,2023-04-16 00:00:00
1699,692,SKU-0025,Material COC 7 EF,25,180.2,2023-04-16 00:00:00
1700,692,SKU-0003,Material NSE 3 EF,58,31.35,2023-04-16 00:00:00
1701,693,SKU-0002,Material NSE 2 EM,45,70.39,2024-12-18 00:00:00
1702,694,SKU-0908,Material PGS 2 EM,156,58.45,2025-01-06 00:00:00
1703,695,SKU-0046,Material PGS 1 EF,122,156.42,2024-06-07 00:00:00
1704,695,SKU-0025,Material NSE 1 EM,195,53.49,2024-06-07 00:00:00
1705,695,SKU-0012,Material Isaac 6 EF,96,206.14,2024-06-07 00:00:00
1706,695,SKU-0044,Material Isaac 2 EM,106,80.85,2024-06-07 00:00:00
1707,696,SKU-0031,Material COC 3 EF,145,91.91,2023-11-26 00:00:00
1708,696,SKU-0909,Material COC 3 EF,185,208.8,2023-11-26 00:00:00
1709,697,SKU-0033,Material Isaac 5 EF,77,183.19,2024-10-14 00:00:00
1710,697,SKU-0013,Material SAE 7 EF,151,66.68,2024-10-14 00:00:00
1711,697,SKU-0056,Material Isaac 9 EF,157,97.17,2024-10-14 00:00:00
1712,697,SKU-0037,Material COC 7 EF,37,144.01,2024-10-14 00:00:00
1713,698,SKU-0049,Material Isaac 1 EM,87,63.6,2024-04-08 00:00:00
1714,699,SKU-0017,Material COC 6 EF,122,242.03,2022-05-25 00:00:00
1715,699,SKU-0004,Material Isaac 1 EF,149,66.89,2022-05-25 00:00:00
1716,700,SKU-0004,Material Isaac 5 EF,148,77.1,2025-12-24 00:00:00
1717,700,SKU-0007,Material NSE 3 EM,164,144.56,2025-12-24 00:00:00
1718,701,SKU-0055,Material NSE 1 EM,44,96.71,2024-09-01 00:00:00
1719,701,SKU-0033,Material SAE 6 EF,77,195.99,2024-09-01 00:00:00
1720,701,SKU-0026,Material SAE 6 EF,33,162.77,2024-09-01 00:00:00
1721,702,SKU-0904,Material SAE 5 EF,139,101.97,2023-02-20 00:00:00
1722,703,SKU-0048,Material Isaac 8 EF,164,25.74,2022-07-12 00:00:00
1723,703,SKU-0017,Material SAE 1 EM,131,231.9,2022-07-12 00:00:00
1724,703,SKU-0045,Material NSE 7 EF,155,36.98,2022-07-12 00:00:00
1725,704,SKU-0904,Material Isaac 5 EF,88,43.15,2022-03-02 00:00:00
1726,705,SKU-0007,Material Isaac 6 EF,185,129.47,2022-12-17 00:00:00
1727,705,SKU-0023,Material COC 6 EF,48,102.19,2022-12-17 00:00:00
1728,705,SKU-0010,Material Isaac 1 EF,199,245.87,2022-12-17 00:00:00
1729,706,SKU-0027,Material SAE 3 EF,178,184.78,2025-08-11 00:00:00
1730,707,SKU-0042,Material PGS 6 EF,95,140.51,2024-09-04 00:00:00
1731,707,SKU-0030,Material COC 4 EF,47,196.96,2024-09-04 00:00:00
1732,707,SKU-0059,Material COC 8 EF,193,201.52,2024-09-04 00:00:00
1733,708,SKU-0016,Material NSE 2 EM,164,189.53,2025-10-12 00:00:00
1734,708,SKU-0031,Material NSE 3 EM,120,160.7,2025-10-12 00:00:00
1735,708,SKU-0037,Material COC 6 EF,35,117.37,2025-10-12 00:00:00
1736,709,SKU-0901,Material PGS 2 EF,159,105.97,2022-11-05 00:00:00
1737,709,SKU-0045,Material Isaac 2 EF,30,30.0,2022-11-05 00:00:00
1738,709,SKU-0005,Material NSE 5 EF,47,52.15,2022-11-05 00:00:00
1739,709,SKU-0057,Material PGS 5 EF,167,75.25,2022-11-05 00:00:00
1740,710,SKU-0901,Material PGS 9 EF,181,199.08,2025-08-21 00:00:00
1741,710,SKU-0015,Material SAE 8 EF,18,75.28,2025-08-21 00:00:00
1742,711,SKU-0058,Material PGS 6 EF,66,225.36,2023-05-21 00:00:00
1743,712,SKU-0005,Material NSE 3 EF,142,213.81,2024-07-11 00:00:00
1744,712,SKU-0019,Material Isaac 7 EF,64,97.15,2024-07-11 00:00:00
1745,712,SKU-0903,Material COC 6 EF,22,155.7,2024-07-11 00:00:00
1746,712,SKU-0057,Material COC 5 EF,123,201.5,2024-07-11 00:00:00
1747,713,SKU-0041,Material Isaac 7 EF,145,157.96,2024-06-10 00:00:00
1748,713,SKU-0016,Material PGS 3 EF,197,242.5,2024-06-10 00:00:00
1749,713,SKU-0026,Material Isaac 9 EF,174,134.73,2024-06-10 00:00:00
1750,713,SKU-0029,Material NSE 1 EF,62,92.36,2024-06-10 00:00:00
1751,714,SKU-0054,Material Isaac 8 EF,160,210.98,2024-01-10 00:00:00
1752,714,SKU-0034,Material Isaac 7 EF,163,123.2,2024-01-10 00:00:00
1753,714,SKU-0048,Material PGS 1 EM,54,217.4,2024-01-10 00:00:00
1754,714,SKU-0056,Material COC 3 EF,36,55.41,2024-01-10 00:00:00
1755,715,SKU-0026,Material COC 2 EF,192,158.44,2022-12-14 00:00:00
1756,716,SKU-0013,Material SAE 9 EF,181,106.73,2024-04-18 00:00:00
1757,717,SKU-0016,Material NSE 5 EF,130,111.88,2025-06-13 00:00:00
1758,718,SKU-0022,Material COC 1 EF,136,112.03,2022-02-05 00:00:00
1759,718,SKU-0054,Material SAE 1 EF,105,29.15,2022-02-05 00:00:00
1760,718,SKU-0014,Material SAE 9 EF,31,119.98,2022-02-05 00:00:00
1761,719,SKU-0058,Material PGS 9 EF,171,187.62,2025-03-22 00:00:00
1762,720,SKU-0017,Material Isaac 5 EF,160,82.85,2025-04-10 00:00:00
1763,720,SKU-0003,Material COC 3 EM,118,39.69,2025-04-10 00:00:00
1764,721,SKU-0011,Material SAE 2 EF,79,182.79,2024-10-14 00:00:00
1765,721,SKU-0031,Material NSE 1 EM,15,235.4,2024-10-14 00:00:00
1766,722,SKU-0057,Material COC 7 EF,67,199.95,2023-05-15 00:00:00
1767,722,SKU-0045,Material SAE 5 EF,16,32.85,2023-05-15 00:00:00
1768,722,SKU-0006,Material Isaac 3 EF,116,185.97,2023-05-15 00:00:00
1769,722,SKU-0020,Material SAE 2 EF,93,99.33,2023-05-15 00:00:00
1770,723,SKU-0060,Material Isaac 8 EF,53,115.33,2023-04-10 00:00:00
1771,724,SKU-0057,Material SAE 2 EM,45,23.31,2024-03-22 00:00:00
1772,724,SKU-0045,Material NSE 5 EF,40,230.09,2024-03-22 00:00:00
1773,725,SKU-0027,Material PGS 3 EF,139,114.09,2025-10-06 00:00:00
1774,725,SKU-0007,Material COC 9 EF,50,118.92,2025-10-06 00:00:00
1775,725,SKU-0052,Material COC 6 EF,131,223.18,2025-10-06 00:00:00
1776,725,SKU-0024,Material COC 2 EF,178,145.61,2025-10-06 00:00:00
1777,726,SKU-0005,Material Isaac 3 EM,192,85.82,2022-03-26 00:00:00
1778,726,SKU-0026,Material SAE 1 EF,137,181.71,2022-03-26 00:00:00
1779,726,SKU-0030,Material COC 4 EF,74,129.98,2022-03-26 00:00:00
1780,726,SKU-0039,Material NSE 2 EM,126,209.74,2022-03-26 00:00:00
1781,727,SKU-0027,Material PGS 1 EM,63,70.96,2023-02-06 00:00:00
1782,727,SKU-0053,Material COC 9 EF,103,25.84,2023-02-06 00:00:00
1783,727,SKU-0023,Material COC 8 EF,179,24.09,2023-02-06 00:00:00
1784,728,SKU-0002,Material PGS 8 EF,181,30.03,2022-03-05 00:00:00
1785,729,SKU-0040,Material NSE 3 EM,70,225.57,2022-04-16 00:00:00
1786,729,SKU-0036,Material NSE 9 EF,196,189.34,2022-04-16 00:00:00
1787,729,SKU-0024,Material SAE 2 EF,90,150.68,2022-04-16 00:00:00
1788,729,SKU-0014,Material PGS 9 EF,185,37.78,2022-04-16 00:00:00
1789,730,SKU-0015,Material NSE 4 EF,20,176.2,2025-02-21 00:00:00
1790,731,SKU-0900,Material Isaac 2 EF,140,201.88,2023-05-26 00:00:00
1791,732,SKU-0023,Material SAE 3 EM,162,137.65,2024-02-12 00:00:00
1792,732,SKU-0059,Material NSE 3 EM,132,83.32,2024-02-12 00:00:00
1793,732,SKU-0028,Material PGS 6 EF,14,214.12,2024-02-12 00:00:00
1794,732,SKU-0046,Material SAE 2 EM,145,200.51,2024-02-12 00:00:00
1795,733,SKU-0024,Material COC 9 EF,196,70.12,2024-05-11 00:00:00
1796,733,SKU-0060,Material COC 6 EF,14,79.62,2024-05-11 00:00:00
1797,733,SKU-0016,Material Isaac 3 EM,93,143.62,2024-05-11 00:00:00
1798,734,SKU-0906,Material COC 4 EF,123,50.13,2023-10-21 00:00:00
1799,734,SKU-0042,Material SAE 2 EM,139,150.46,2023-10-21 00:00:00
1800,734,SKU-0006,Material PGS 6 EF,168,57.19,2023-10-21 00:00:00
1801,734,SKU-0011,Material COC 1 EF,29,182.21,2023-10-21 00:00:00
1802,735,SKU-0047,Material SAE 3 EM,65,233.53,2024-12-28 00:00:00
1803,735,SKU-0060,Material Isaac 4 EF,174,204.96,2024-12-28 00:00:00
1804,735,SKU-0030,Material Isaac 5 EF,158,179.61,2024-12-28 00:00:00
1805,736,SKU-0033,Material PGS 9 EF,96,119.48,2023-06-08 00:00:00
1806,736,SKU-0903,Material SAE 1 EF,100,87.37,2023-06-08 00:00:00
1807,736,SKU-0028,Material COC 8 EF,178,25.24,2023-06-08 00:00:00
1808,736,SKU-0023,Material PGS 4 EF,122,114.97,2023-06-08 00:00:00
1809,737,SKU-0044,Material SAE 4 EF,167,154.02,2025-02-12 00:00:00
1810,737,SKU-0024,Material PGS 9 EF,185,167.89,2025-02-12 00:00:00
1811,737,SKU-0037,Material NSE 2 EM,125,156.86,2025-02-12 00:00:00
1812,737,SKU-0038,Material NSE 2 EM,12,238.17,2025-02-12 00:00:00
1813,738,SKU-0060,Material SAE 1 EM,63,124.92,2025-06-13 00:00:00
1814,738,SKU-0015,Material COC 2 EF,54,27.48,2025-06-13 00:00:00
1815,738,SKU-0001,Material SAE 1 EM,159,232.22,2025-06-13 00:00:00
1816,738,SKU-0010,Material NSE 8 EF,113,184.28,2025-06-13 00:00:00
1817,739,SKU-0057,Material NSE 3 EF,77,188.57,2024-11-19 00:00:00
1818,739,SKU-0020,Material NSE 5 EF,43,29.62,2024-11-19 00:00:00
1819,739,SKU-0034,Material PGS 5 EF,34,107.83,2024-11-19 00:00:00
1820,740,SKU-0060,Material PGS 7 EF,76,245.17,2025-02-18 00:00:00
1821,740,SKU-0900,Material Isaac 6 EF,51,212.49,2025-02-18 00:00:00
1822,740,SKU-0047,Material COC 3 EM,81,137.25,2025-02-18 00:00:00
1823,741,SKU-0038,Material COC 3 EM,180,118.66,2022-06-14 00:00:00
1824,741,SKU-0058,Material PGS 8 EF,100,192.33,2022-06-14 00:00:00
1825,742,SKU-0903,Material NSE 9 EF,188,96.36,2022-10-07 00:00:00
1826,742,SKU-0018,Material COC 2 EF,78,106.88,2022-10-07 00:00:00
1827,742,SKU-0056,Material Isaac 1 EF,95,164.68,2022-10-07 00:00:00
1828,743,SKU-0013,Material COC 3 EF,26,146.11,2024-01-09 00:00:00
1829,743,SKU-0900,Material Isaac 3 EM,53,62.9,2024-01-09 00:00:00
1830,744,SKU-0043,Material Isaac 4 EF,97,194.97,2024-07-02 00:00:00
1831,744,SKU-0037,Material PGS 3 EM,151,59.37,2024-07-02 00:00:00
1832,744,SKU-0057,Material NSE 2 EM,179,234.68,2024-07-02 00:00:00
1833,744,SKU-0039,Material PGS 1 EF,33,247.54,2024-07-02 00:00:00
1834,745,SKU-0007,Material COC 1 EM,163,118.34,2025-12-08 00:00:00
1835,745,SKU-0058,Material PGS 9 EF,116,84.07,2025-12-08 00:00:00
1836,745,SKU-0018,Material NSE 4 EF,182,150.72,2025-12-08 00:00:00
1837,745,SKU-0051,Material Isaac 4 EF,112,126.5,2025-12-08 00:00:00
1838,746,SKU-0006,Material Isaac 3 EF,169,211.76,2025-01-16 00:00:00
1839,746,SKU-0054,Material Isaac 9 EF,81,236.63,2025-01-16 00:00:00
1840,746,SKU-0057,Material NSE 1 EM,57,207.28,2025-01-16 00:00:00
1841,747,SKU-0055,Material Isaac 6 EF,181,140.52,2024-06-15 00:00:00
1842,747,SKU-0022,Material SAE 3 EF,17,115.07,2024-06-15 00:00:00
1843,747,SKU-0025,Material NSE 1 EF,50,202.51,2024-06-15 00:00:00
1844,747,SKU-0015,Material PGS 7 EF,175,186.97,2024-06-15 00:00:00
1845,748,SKU-0056,Material NSE 7 EF,175,208.19,2023-05-25 00:00:00
1846,749,SKU-0031,Material COC 3 EF,167,174.62,2022-02-16 00:00:00
1847,750,SKU-0039,Material COC 8 EF,156,199.34,2025-12-21 00:00:00
1848,750,SKU-0002,Material COC 5 EF,140,198.5,2025-12-21 00:00:00
1849,751,SKU-0006,Material SAE 3 EF,145,22.01,2023-09-27 00:00:00
1850,751,SKU-0909,Material COC 1 EF,107,235.03,2023-09-27 00:00:00
1851,751,SKU-0032,Material COC 5 EF,76,193.7,2023-09-27 00:00:00
1852,751,SKU-0024,Material COC 1 EF,73,188.67,2023-09-27 00:00:00
1853,752,SKU-0050,Material Isaac 2 EM,138,188.01,2023-11-07 00:00:00
1854,752,SKU-0016,Material COC 4 EF,24,225.68,2023-11-07 00:00:00
1855,752,SKU-0009,Material COC 2 EM,19,203.24,2023-11-07 00:00:00
1856,753,SKU-0904,Material NSE 2 EF,175,234.62,2022-12-15 00:00:00
1857,754,SKU-0055,Material COC 4 EF,82,154.52,2024-04-27 00:00:00
1858,754,SKU-0049,Material COC 3 EF,87,30.82,2024-04-27 00:00:00
1859,755,SKU-0904,Material NSE 2 EF,50,98.32,2024-04-06 00:00:00
1860,756,SKU-0007,Material COC 3 EM,174,57.42,2024-09-17 00:00:00
1861,757,SKU-0012,Material SAE 2 EM,42,111.45,2022-06-14 00:00:00
1862,757,SKU-0031,Material NSE 2 EM,113,51.73,2022-06-14 00:00:00
1863,758,SKU-0904,Material PGS 2 EF,78,136.84,2022-05-25 00:00:00
1864,758,SKU-0021,Material SAE 1 EM,153,121.82,2022-05-25 00:00:00
1865,758,SKU-0012,Material Isaac 7 EF,130,218.53,2022-05-25 00:00:00
1866,758,SKU-0056,Material SAE 5 EF,58,92.92,2022-05-25 00:00:00
1867,759,SKU-0004,Material COC 9 EF,35,46.08,2025-06-01 00:00:00
1868,759,SKU-0017,Material Isaac 2 EF,33,84.23,2025-06-01 00:00:00
1869,760,SKU-0905,Material COC 5 EF,61,151.57,2023-05-18 00:00:00
1870,761,SKU-0030,Material Isaac 7 EF,40,95.16,2023-11-30 00:00:00
1871,761,SKU-0013,Material COC 3 EF,10,141.94,2023-11-30 00:00:00
1872,762,SKU-0015,Material Isaac 5 EF,181,56.0,2024-06-05 00:00:00
1873,762,SKU-0907,Material SAE 5 EF,129,196.22,2024-06-05 00:00:00
1874,763,SKU-0050,Material NSE 8 EF,46,106.21,2023-09-20 00:00:00
1875,763,SKU-0036,Material SAE 2 EF,14,47.74,2023-09-20 00:00:00
1876,763,SKU-0902,Material COC 6 EF,172,48.65,2023-09-20 00:00:00
1877,764,SKU-0020,Material Isaac 6 EF,138,57.6,2024-09-21 00:00:00
1878,764,SKU-0036,Material SAE 7 EF,14,148.81,2024-09-21 00:00:00
1879,764,SKU-0028,Material SAE 2 EM,21,190.96,2024-09-21 00:00:00
1880,764,SKU-0045,Material NSE 9 EF,36,112.87,2024-09-21 00:00:00
1881,765,SKU-0054,Material NSE 5 EF,126,81.2,2023-12-30 00:00:00
1882,765,SKU-0059,Material Isaac 7 EF,177,157.74,2023-12-30 00:00:00
1883,765,SKU-0017,Material Isaac 5 EF,105,184.94,2023-12-30 00:00:00
1884,765,SKU-0047,Material Isaac 1 EM,163,69.92,2023-12-30 00:00:00
1885,766,SKU-0905,Material NSE 9 EF,82,235.52,2024-04-30 00:00:00
1886,767,SKU-0033,Material Isaac 8 EF,48,35.12,2023-01-23 00:00:00
1887,767,SKU-0005,Material NSE 4 EF,44,144.65,2023-01-23 00:00:00
1888,768,SKU-0016,Material PGS 4 EF,196,153.76,2024-05-24 00:00:00
1889,768,SKU-0029,Material SAE 2 EM,188,106.41,2024-05-24 00:00:00
1890,768,SKU-0034,Material SAE 1 EF,168,200.1,2024-05-24 00:00:00
1891,768,SKU-0018,Material SAE 3 EM,84,67.11,2024-05-24 00:00:00
1892,769,SKU-0056,Material Isaac 2 EM,76,96.47,2024-07-11 00:00:00
1893,770,SKU-0024,Material SAE 2 EF,105,35.19,2023-01-13 00:00:00
1894,770,SKU-0021,Material PGS 5 EF,47,127.56,2023-01-13 00:00:00
1895,770,SKU-0013,Material Isaac 3 EF,87,210.75,2023-01-13 00:00:00
1896,770,SKU-0022,Material Isaac 9 EF,39,214.87,2023-01-13 00:00:00
1897,771,SKU-0016,Material Isaac 6 EF,40,154.41,2025-05-04 00:00:00
1898,772,SKU-0005,Material Isaac 3 EM,10,23.25,2023-07-23 00:00:00
1899,772,SKU-0056,Material NSE 6 EF,98,194.89,2023-07-23 00:00:00
1900,773,SKU-0049,Material SAE 5 EF,197,141.54,2025-02-18 00:00:00
1901,773,SKU-0900,Material NSE 8 EF,141,239.52,2025-02-18 00:00:00
1902,773,SKU-0016,Material PGS 8 EF,56,246.5,2025-02-18 00:00:00
1903,774,SKU-0060,Material Isaac 2 EM,56,129.72,2025-06-07 00:00:00
1904,774,SKU-0055,Material NSE 6 EF,125,138.45,2025-06-07 00:00:00
1905,774,SKU-0026,Material COC 7 EF,123,115.19,2025-06-07 00:00:00
1906,774,SKU-0010,Material SAE 7 EF,109,140.96,2025-06-07 00:00:00
1907,775,SKU-0024,Material PGS 1 EM,21,128.81,2023-12-17 00:00:00
1908,775,SKU-0027,Material PGS 8 EF,194,235.96,2023-12-17 00:00:00
1909,776,SKU-0041,Material Isaac 1 EM,85,191.91,2023-09-06 00:00:00
1910,776,SKU-0900,Material PGS 3 EM,55,70.97,2023-09-06 00:00:00
1911,776,SKU-0041,Material NSE 5 EF,138,239.85,2023-09-06 00:00:00
1912,777,SKU-0060,Material NSE 2 EF,146,113.18,2022-07-23 00:00:00
1913,777,SKU-0032,Material COC 3 EF,76,27.2,2022-07-23 00:00:00
1914,777,SKU-0039,Material Isaac 3 EF,34,26.04,2022-07-23 00:00:00
1915,777,SKU-0011,Material PGS 3 EM,29,73.46,2022-07-23 00:00:00
1916,778,SKU-0008,Material PGS 9 EF,96,181.81,2025-09-25 00:00:00
1917,779,SKU-0048,Material SAE 2 EM,19,55.18,2024-03-06 00:00:00
1918,779,SKU-0001,Material SAE 1 EF,156,241.81,2024-03-06 00:00:00
1919,780,SKU-0020,Material PGS 3 EM,24,91.16,2024-12-21 00:00:00
1920,780,SKU-0047,Material NSE 3 EM,156,24.18,2024-12-21 00:00:00
1921,780,SKU-0023,Material PGS 1 EF,99,32.62,2024-12-21 00:00:00
1922,780,SKU-0055,Material PGS 9 EF,82,246.69,2024-12-21 00:00:00
1923,781,SKU-0052,Material PGS 3 EM,139,34.02,2024-05-04 00:00:00
1924,781,SKU-0036,Material PGS 5 EF,35,207.04,2024-05-04 00:00:00
1925,782,SKU-0047,Material SAE 6 EF,64,149.97,2024-01-14 00:00:00
1926,782,SKU-0904,Material SAE 4 EF,157,242.75,2024-01-14 00:00:00
1927,782,SKU-0028,Material SAE 2 EM,129,83.78,2024-01-14 00:00:00
1928,783,SKU-0020,Material COC 7 EF,145,44.62,2024-11-25 00:00:00
1929,783,SKU-0034,Material SAE 9 EF,127,140.1,2024-11-25 00:00:00
1930,783,SKU-0057,Material COC 3 EM,106,63.89,2024-11-25 00:00:00
1931,783,SKU-0034,Material SAE 8 EF,47,214.32,2024-11-25 00:00:00
1932,784,SKU-0031,Material COC 8 EF,192,143.49,2023-05-30 00:00:00
1933,784,SKU-0055,Material Isaac 2 EF,59,35.45,2023-05-30 00:00:00
1934,784,SKU-0021,Material SAE 5 EF,67,86.05,2023-05-30 00:00:00
1935,785,SKU-0033,Material NSE 3 EF,169,100.58,2024-05-12 00:00:00
1936,785,SKU-0052,Material SAE 7 EF,191,168.46,2024-05-12 00:00:00
1937,786,SKU-0054,Material NSE 8 EF,149,77.06,2025-08-08 00:00:00
1938,786,SKU-0015,Material Isaac 7 EF,60,229.23,2025-08-08 00:00:00
1939,786,SKU-0013,Material NSE 2 EF,73,98.12,2025-08-08 00:00:00
1940,787,SKU-0053,Material Isaac 9 EF,98,163.32,2022-04-16 00:00:00
1941,787,SKU-0038,Material PGS 2 EF,126,228.65,2022-04-16 00:00:00
1942,787,SKU-0007,Material SAE 5 EF,142,104.71,2022-04-16 00:00:00
1943,787,SKU-0008,Material PGS 5 EF,187,174.31,2022-04-16 00:00:00
1944,788,SKU-0038,Material NSE 2 EF,147,117.74,2023-04-14 00:00:00
1945,788,SKU-0026,Material COC 2 EM,168,245.76,2023-04-14 00:00:00
1946,789,SKU-0009,Material PGS 3 EM,112,54.51,2025-05-30 00:00:00
1947,789,SKU-0049,Material PGS 3 EM,57,55.87,2025-05-30 00:00:00
1948,789,SKU-0010,Material PGS 7 EF,37,166.86,2025-05-30 00:00:00
1949,790,SKU-0904,Material NSE 4 EF,180,151.84,2025-06-14 00:00:00
1950,791,SKU-0012,Material Isaac 1 EF,122,166.88,2023-04-15 00:00:00
1951,792,SKU-0026,Material COC 7 EF,60,198.81,2023-06-06 00:00:00
1952,792,SKU-0004,Material COC 7 EF,139,113.48,2023-06-06 00:00:00
1953,792,SKU-0903,Material PGS 1 EF,148,140.91,2023-06-06 00:00:00
1954,793,SKU-0016,Material NSE 2 EF,192,179.08,2023-10-24 00:00:00
1955,794,SKU-0032,Material Isaac 6 EF,119,27.77,2024-10-21 00:00:00
1956,794,SKU-0023,Material NSE 4 EF,86,165.23,2024-10-21 00:00:00
1957,794,SKU-0026,Material NSE 1 EF,102,232.5,2024-10-21 00:00:00
1958,794,SKU-0027,Material SAE 9 EF,138,59.19,2024-10-21 00:00:00
1959,795,SKU-0022,Material Isaac 2 EF,181,97.09,2022-09-15 00:00:00
1960,795,SKU-0030,Material SAE 6 EF,52,41.88,2022-09-15 00:00:00
1961,795,SKU-0900,Material COC 8 EF,170,239.37,2022-09-15 00:00:00
1962,795,SKU-0006,Material Isaac 8 EF,187,165.29,2022-09-15 00:00:00
1963,796,SKU-0036,Material NSE 3 EF,94,187.0,2025-01-21 00:00:00
1964,797,SKU-0027,Material COC 1 EM,64,128.13,2025-05-16 00:00:00
1965,797,SKU-0004,Material NSE 1 EF,163,103.69,2025-05-16 00:00:00
1966,798,SKU-0014,Material SAE 1 EM,184,22.66,2024-01-23 00:00:00
1967,798,SKU-0043,Material NSE 9 EF,92,161.27,2024-01-23 00:00:00
1968,798,SKU-0042,Material COC 8 EF,154,128.7,2024-01-23 00:00:00
1969,798,SKU-0021,Material SAE 1 EF,41,169.17,2024-01-23 00:00:00
1970,799,SKU-0046,Material SAE 7 EF,178,158.33,2024-11-10 00:00:00
1971,799,SKU-0002,Material SAE 2 EF,109,194.42,2024-11-10 00:00:00
1972,800,SKU-0029,Material SAE 3 EF,124,191.57,2024-01-22 00:00:00
1973,800,SKU-0009,Material COC 8 EF,102,105.63,2024-01-22 00:00:00
1974,801,SKU-0015,Material NSE 2 EM,58,109.84,2025-08-18 00:00:00
1975,801,SKU-0901,Material NSE 5 EF,26,151.59,2025-08-18 00:00:00
1976,801,SKU-0041,Material SAE 2 EF,28,68.65,2025-08-18 00:00:00
1977,801,SKU-0029,Material COC 7 EF,18,120.24,2025-08-18 00:00:00
1978,802,SKU-0026,Material COC 1 EF,161,178.19,2022-11-07 00:00:00
1979,802,SKU-0033,Material Isaac 6 EF,77,179.85,2022-11-07 00:00:00
1980,803,SKU-0049,Material Isaac 3 EF,65,134.46,2025-05-10 00:00:00
1981,803,SKU-0059,Material SAE 4 EF,137,29.25,2025-05-10 00:00:00
1982,803,SKU-0904,Material COC 9 EF,34,218.31,2025-05-10 00:00:00
1983,804,SKU-0055,Material SAE 8 EF,36,239.03,2025-11-14 00:00:00
1984,804,SKU-0038,Material COC 8 EF,106,38.42,2025-11-14 00:00:00
1985,804,SKU-0043,Material COC 7 EF,11,97.81,2025-11-14 00:00:00
1986,804,SKU-0008,Material Isaac 3 EF,165,63.84,2025-11-14 00:00:00
1987,805,SKU-0006,Material PGS 7 EF,29,221.56,2024-03-03 00:00:00
1988,805,SKU-0047,Material COC 9 EF,18,48.47,2024-03-03 00:00:00
1989,806,SKU-0059,Material COC 2 EF,185,181.21,2025-12-19 00:00:00
1990,807,SKU-0011,Material PGS 7 EF,46,215.77,2024-06-20 00:00:00
1991,807,SKU-0036,Material COC 5 EF,48,98.85,2024-06-20 00:00:00
1992,808,SKU-0055,Material NSE 1 EF,123,185.11,2023-07-23 00:00:00
1993,808,SKU-0033,Material Isaac 3 EF,38,69.63,2023-07-23 00:00:00
1994,809,SKU-0036,Material SAE 3 EM,111,42.01,2023-03-02 00:00:00
1995,809,SKU-0052,Material PGS 8 EF,196,160.8,2023-03-02 00:00:00
1996,810,SKU-0054,Material SAE 7 EF,13,67.26,2025-10-05 00:00:00
1997,811,SKU-0052,Material SAE 5 EF,31,228.44,2023-03-29 00:00:00
1998,811,SKU-0051,Material NSE 6 EF,43,57.95,2023-03-29 00:00:00
1999,811,SKU-0016,Material Isaac 3 EF,88,226.4,2023-03-29 00:00:00
2000,811,SKU-0020,Material SAE 7 EF,128,205.9,2023-03-29 00:00:00
2001,812,SKU-0057,Material NSE 1 EM,35,208.63,2022-05-07 00:00:00
2002,812,SKU-0046,Material NSE 1 EF,147,223.73,2022-05-07 00:00:00
2003,812,SKU-0011,Material SAE 2 EM,62,65.22,2022-05-07 00:00:00
2004,813,SKU-0052,Material PGS 5 EF,130,135.85,2023-02-16 00:00:00
2005,814,SKU-0025,Material COC 3 EM,99,161.78,2025-01-08 00:00:00
2006,814,SKU-0047,Material PGS 8 EF,113,121.71,2025-01-08 00:00:00
2007,815,SKU-0039,Material PGS 4 EF,42,126.99,2024-02-26 00:00:00
2008,816,SKU-0901,Material SAE 3 EF,26,93.4,2023-10-16 00:00:00
2009,817,SKU-0050,Material SAE 6 EF,164,65.77,2024-06-04 00:00:00
2010,817,SKU-0026,Material Isaac 6 EF,109,188.03,2024-06-04 00:00:00
2011,817,SKU-0011,Material Isaac 2 EF,59,145.51,2024-06-04 00:00:00
2012,817,SKU-0043,Material Isaac 7 EF,194,99.47,2024-06-04 00:00:00
2013,818,SKU-0040,Material SAE 6 EF,29,164.92,2024-01-31 00:00:00
2014,818,SKU-0016,Material SAE 3 EF,42,65.94,2024-01-31 00:00:00
2015,819,SKU-0054,Material NSE 3 EF,80,57.59,2024-03-17 00:00:00
2016,819,SKU-0016,Material PGS 1 EF,117,96.56,2024-03-17 00:00:00
2017,820,SKU-0001,Material Isaac 3 EM,125,208.44,2025-08-28 00:00:00
2018,820,SKU-0047,Material COC 4 EF,11,126.02,2025-08-28 00:00:00
2019,820,SKU-0906,Material NSE 6 EF,177,224.33,2025-08-28 00:00:00
2020,821,SKU-0022,Material NSE 3 EF,149,121.58,2022-10-22 00:00:00
2021,821,SKU-0032,Material SAE 3 EM,198,24.42,2022-10-22 00:00:00
2022,821,SKU-0020,Material Isaac 1 EF,174,27.56,2022-10-22 00:00:00
2023,822,SKU-0016,Material Isaac 7 EF,79,55.28,2023-12-04 00:00:00
2024,822,SKU-0045,Material Isaac 4 EF,66,198.08,2023-12-04 00:00:00
2025,823,SKU-0042,Material PGS 1 EF,163,95.66,2025-11-26 00:00:00
2026,824,SKU-0908,Material PGS 2 EM,82,86.43,2023-09-27 00:00:00
2027,824,SKU-0005,Material NSE 2 EM,191,92.01,2023-09-27 00:00:00
2028,825,SKU-0046,Material SAE 1 EF,29,119.38,2023-09-25 00:00:00
2029,825,SKU-0007,Material SAE 7 EF,83,239.73,2023-09-25 00:00:00
2030,826,SKU-0049,Material PGS 4 EF,106,83.96,2022-05-27 00:00:00
2031,827,SKU-0028,Material SAE 1 EM,44,174.45,2023-06-11 00:00:00
2032,827,SKU-0024,Material NSE 9 EF,193,206.34,2023-06-11 00:00:00
2033,827,SKU-0022,Material Isaac 3 EM,101,23.15,2023-06-11 00:00:00
2034,828,SKU-0002,Material PGS 3 EM,87,114.1,2024-04-21 00:00:00
2035,829,SKU-0011,Material PGS 9 EF,185,82.87,2022-12-18 00:00:00
2036,829,SKU-0051,Material Isaac 7 EF,68,56.8,2022-12-18 00:00:00
2037,829,SKU-0059,Material Isaac 5 EF,132,42.36,2022-12-18 00:00:00
2038,829,SKU-0010,Material PGS 1 EM,116,183.88,2022-12-18 00:00:00
2039,830,SKU-0022,Material SAE 4 EF,51,184.19,2025-08-14 00:00:00
2040,830,SKU-0905,Material SAE 1 EF,67,220.18,2025-08-14 00:00:00
2041,831,SKU-0900,Material PGS 4 EF,171,128.41,2025-11-05 00:00:00
2042,832,SKU-0021,Material PGS 3 EF,16,78.55,2024-06-19 00:00:00
2043,833,SKU-0059,Material PGS 9 EF,70,122.96,2025-04-15 00:00:00
2044,833,SKU-0035,Material PGS 3 EF,114,159.85,2025-04-15 00:00:00
2045,833,SKU-0046,Material Isaac 9 EF,31,184.22,2025-04-15 00:00:00
2046,834,SKU-0019,Material Isaac 7 EF,84,20.45,2023-10-12 00:00:00
2047,835,SKU-0037,Material PGS 2 EF,71,209.3,2022-11-01 00:00:00
2048,835,SKU-0048,Material NSE 2 EF,165,65.01,2022-11-01 00:00:00
2049,836,SKU-0035,Material Isaac 3 EF,110,114.66,2025-12-18 00:00:00
2050,837,SKU-0003,Material SAE 1 EM,47,72.9,2024-02-16 00:00:00
2051,837,SKU-0048,Material PGS 6 EF,34,181.82,2024-02-16 00:00:00
2052,837,SKU-0050,Material Isaac 3 EF,105,128.85,2024-02-16 00:00:00
2053,837,SKU-0031,Material NSE 4 EF,31,111.39,2024-02-16 00:00:00
2054,838,SKU-0908,Material COC 4 EF,178,72.47,2025-02-06 00:00:00
2055,838,SKU-0044,Material SAE 3 EF,151,177.03,2025-02-06 00:00:00
2056,839,SKU-0909,Material NSE 8 EF,179,35.61,2024-08-25 00:00:00
2057,840,SKU-0044,Material SAE 9 EF,15,132.78,2024-01-20 00:00:00
2058,840,SKU-0003,Material NSE 8 EF,139,104.58,2024-01-20 00:00:00
2059,840,SKU-0031,Material NSE 9 EF,103,209.87,2024-01-20 00:00:00
2060,840,SKU-0018,Material SAE 2 EM,190,83.86,2024-01-20 00:00:00
2061,841,SKU-0056,Material NSE 2 EM,132,191.57,2022-08-22 00:00:00
2062,842,SKU-0030,Material NSE 5 EF,196,192.47,2024-02-20 00:00:00
2063,843,SKU-0043,Material PGS 3 EF,68,101.05,2025-09-24 00:00:00
2064,844,SKU-0042,Material COC 4 EF,124,203.6,2025-04-21 00:00:00
2065,844,SKU-0051,Material NSE 2 EM,123,103.93,2025-04-21 00:00:00
2066,845,SKU-0046,Material Isaac 2 EM,91,223.02,2025-07-11 00:00:00
2067,846,SKU-0013,Material NSE 8 EF,158,200.98,2024-12-02 00:00:00
2068,846,SKU-0041,Material Isaac 2 EF,129,116.26,2024-12-02 00:00:00
2069,846,SKU-0010,Material NSE 6 EF,177,22.07,2024-12-02 00:00:00
2070,847,SKU-0909,Material SAE 7 EF,27,151.58,2024-07-22 00:00:00
2071,847,SKU-0041,Material COC 3 EM,163,90.84,2024-07-22 00:00:00
2072,848,SKU-0049,Material COC 3 EM,28,83.43,2022-06-10 00:00:00
2073,849,SKU-0003,Material COC 6 EF,157,248.25,2023-05-11 00:00:00
2074,849,SKU-0050,Material COC 6 EF,161,169.45,2023-05-11 00:00:00
2075,849,SKU-0055,Material PGS 7 EF,64,175.26,2023-05-11 00:00:00
2076,849,SKU-0015,Material Isaac 3 EM,111,133.32,2023-05-11 00:00:00
2077,850,SKU-0906,Material PGS 9 EF,69,42.89,2022-10-21 00:00:00
2078,850,SKU-0011,Material COC 7 EF,193,102.37,2022-10-21 00:00:00
2079,850,SKU-0008,Material NSE 1 EF,111,91.82,2022-10-21 00:00:00
2080,851,SKU-0029,Material Isaac 8 EF,150,160.96,2022-08-18 00:00:00
2081,852,SKU-0034,Material SAE 3 EM,106,122.74,2023-07-08 00:00:00
2082,852,SKU-0056,Material PGS 2 EM,30,90.06,2023-07-08 00:00:00
2083,852,SKU-0060,Material Isaac 2 EM,148,219.11,2023-07-08 00:00:00
2084,853,SKU-0056,Material Isaac 3 EF,197,152.65,2022-07-12 00:00:00
2085,853,SKU-0032,Material SAE 3 EF,73,22.23,2022-07-12 00:00:00
2086,853,SKU-0011,Material SAE 2 EM,133,149.41,2022-07-12 00:00:00
2087,854,SKU-0020,Material PGS 8 EF,45,22.62,2023-01-16 00:00:00
2088,854,SKU-0037,Material Isaac 2 EM,141,171.94,2023-01-16 00:00:00
2089,855,SKU-0048,Material COC 7 EF,136,190.58,2022-02-07 00:00:00
2090,855,SKU-0046,Material Isaac 8 EF,153,24.94,2022-02-07 00:00:00
2091,856,SKU-0053,Material PGS 9 EF,63,139.1,2024-12-14 00:00:00
2092,856,SKU-0044,Material NSE 2 EM,58,158.33,2024-12-14 00:00:00
2093,856,SKU-0006,Material NSE 3 EF,111,126.84,2024-12-14 00:00:00
2094,857,SKU-0909,Material PGS 9 EF,39,159.83,2023-01-15 00:00:00
2095,857,SKU-0040,Material COC 4 EF,193,55.23,2023-01-15 00:00:00
2096,857,SKU-0010,Material SAE 7 EF,54,59.12,2023-01-15 00:00:00
2097,858,SKU-0008,Material SAE 1 EM,169,128.38,2022-03-16 00:00:00
2098,858,SKU-0902,Material COC 9 EF,161,27.0,2022-03-16 00:00:00
2099,859,SKU-0052,Material COC 1 EM,29,122.55,2025-05-05 00:00:00
2100,860,SKU-0015,Material COC 4 EF,156,138.47,2025-10-15 00:00:00
2101,861,SKU-0039,Material NSE 3 EM,195,168.01,2025-04-17 00:00:00
2102,861,SKU-0019,Material NSE 9 EF,67,120.05,2025-04-17 00:00:00
2103,862,SKU-0009,Material COC 2 EM,47,136.83,2024-06-27 00:00:00
2104,862,SKU-0907,Material Isaac 5 EF,72,177.62,2024-06-27 00:00:00
2105,863,SKU-0005,Material COC 5 EF,142,208.61,2023-06-15 00:00:00
2106,863,SKU-0040,Material NSE 7 EF,134,86.2,2023-06-15 00:00:00
2107,863,SKU-0908,Material NSE 4 EF,166,169.99,2023-06-15 00:00:00
2108,864,SKU-0019,Material PGS 2 EF,109,180.61,2024-01-06 00:00:00
2109,864,SKU-0025,Material NSE 9 EF,200,80.07,2024-01-06 00:00:00
2110,865,SKU-0040,Material SAE 5 EF,143,183.15,2024-06-18 00:00:00
2111,866,SKU-0028,Material COC 3 EM,77,177.86,2022-02-27 00:00:00
2112,866,SKU-0028,Material PGS 8 EF,146,155.67,2022-02-27 00:00:00
2113,867,SKU-0001,Material Isaac 5 EF,59,115.43,2022-03-25 00:00:00
2114,868,SKU-0049,Material SAE 8 EF,24,95.6,2024-01-10 00:00:00
2115,868,SKU-0022,Material PGS 9 EF,94,39.35,2024-01-10 00:00:00
2116,869,SKU-0034,Material Isaac 5 EF,126,171.32,2024-12-09 00:00:00
2117,869,SKU-0054,Material SAE 8 EF,152,222.29,2024-12-09 00:00:00
2118,869,SKU-0007,Material COC 3 EF,119,93.83,2024-12-09 00:00:00
2119,870,SKU-0004,Material SAE 3 EF,65,124.36,2023-11-19 00:00:00
2120,871,SKU-0013,Material Isaac 9 EF,81,133.09,2023-01-02 00:00:00
2121,872,SKU-0045,Material NSE 4 EF,140,194.79,2025-11-23 00:00:00
2122,873,SKU-0005,Material COC 3 EM,163,58.89,2022-03-24 00:00:00
2123,873,SKU-0059,Material SAE 5 EF,30,121.1,2022-03-24 00:00:00
2124,874,SKU-0018,Material COC 6 EF,70,49.53,2023-10-26 00:00:00
2125,874,SKU-0022,Material PGS 1 EF,124,151.75,2023-10-26 00:00:00
2126,875,SKU-0045,Material Isaac 6 EF,64,63.85,2024-01-29 00:00:00
2127,876,SKU-0052,Material COC 4 EF,69,174.77,2022-07-09 00:00:00
2128,876,SKU-0907,Material Isaac 1 EM,189,194.63,2022-07-09 00:00:00
2129,876,SKU-0018,Material Isaac 1 EF,157,214.49,2022-07-09 00:00:00
2130,877,SKU-0056,Material PGS 9 EF,185,171.07,2022-01-18 00:00:00
2131,877,SKU-0007,Material SAE 3 EF,120,53.14,2022-01-18 00:00:00
2132,877,SKU-0012,Material PGS 4 EF,139,122.06,2022-01-18 00:00:00
2133,878,SKU-0021,Material COC 8 EF,46,204.52,2024-11-11 00:00:00
2134,878,SKU-0903,Material NSE 6 EF,19,77.26,2024-11-11 00:00:00
2135,878,SKU-0012,Material PGS 2 EM,131,216.89,2024-11-11 00:00:00
2136,879,SKU-0057,Material SAE 1 EM,191,238.7,2023-05-12 00:00:00
2137,879,SKU-0048,Material SAE 9 EF,137,126.91,2023-05-12 00:00:00
2138,879,SKU-0031,Material PGS 4 EF,53,41.76,2023-05-12 00:00:00
2139,879,SKU-0018,Material PGS 4 EF,192,77.44,2023-05-12 00:00:00
2140,880,SKU-0023,Material PGS 3 EF,195,218.03,2022-03-10 00:00:00
2141,881,SKU-0006,Material PGS 4 EF,133,223.7,2025-05-21 00:00:00
2142,881,SKU-0015,Material NSE 2 EF,25,166.83,2025-05-21 00:00:00
2143,881,SKU-0042,Material SAE 2 EM,200,91.48,2025-05-21 00:00:00
2144,881,SKU-0037,Material SAE 2 EM,178,198.32,2025-05-21 00:00:00
2145,882,SKU-0019,Material COC 8 EF,177,163.97,2022-10-06 00:00:00
2146,882,SKU-0055,Material PGS 9 EF,88,247.19,2022-10-06 00:00:00
2147,882,SKU-0030,Material PGS 2 EF,37,148.79,2022-10-06 00:00:00
2148,883,SKU-0045,Material SAE 7 EF,37,110.32,2025-09-26 00:00:00
2149,883,SKU-0045,Material SAE 5 EF,68,89.61,2025-09-26 00:00:00
2150,884,SKU-0020,Material Isaac 4 EF,63,22.54,2024-09-20 00:00:00
2151,885,SKU-0902,Material NSE 3 EM,13,135.34,2025-08-14 00:00:00
2152,885,SKU-0028,Material Isaac 8 EF,19,213.84,2025-08-14 00:00:00
2153,886,SKU-0037,Material PGS 7 EF,47,88.01,2024-09-15 00:00:00
2154,887,SKU-0059,Material SAE 6 EF,129,24.99,2022-12-06 00:00:00
2155,888,SKU-0048,Material COC 5 EF,169,166.19,2025-01-22 00:00:00
2156,888,SKU-0033,Material PGS 1 EF,108,32.41,2025-01-22 00:00:00
2157,888,SKU-0027,Material COC 2 EF,11,82.03,2025-01-22 00:00:00
2158,888,SKU-0025,Material Isaac 9 EF,62,77.62,2025-01-22 00:00:00
2159,889,SKU-0901,Material COC 5 EF,81,235.06,2022-01-12 00:00:00
2160,889,SKU-0015,Material SAE 3 EM,140,147.59,2022-01-12 00:00:00
2161,889,SKU-0058,Material SAE 1 EM,80,199.52,2022-01-12 00:00:00
2162,890,SKU-0056,Material COC 3 EF,188,123.76,2023-02-18 00:00:00
2163,890,SKU-0007,Material NSE 3 EM,144,152.73,2023-02-18 00:00:00
2164,891,SKU-0016,Material NSE 4 EF,102,129.67,2022-01-28 00:00:00
2165,891,SKU-0040,Material Isaac 1 EF,53,90.14,2022-01-28 00:00:00
2166,891,SKU-0048,Material NSE 3 EF,150,142.17,2022-01-28 00:00:00
2167,892,SKU-0019,Material PGS 2 EM,76,149.34,2024-08-18 00:00:00
2168,892,SKU-0045,Material PGS 7 EF,110,172.06,2024-08-18 00:00:00
2169,892,SKU-0038,Material COC 9 EF,185,26.03,2024-08-18 00:00:00
2170,892,SKU-0002,Material COC 7 EF,28,175.89,2024-08-18 00:00:00
2171,893,SKU-0002,Material NSE 4 EF,38,249.57,2023-05-01 00:00:00
2172,893,SKU-0034,Material COC 3 EF,87,33.6,2023-05-01 00:00:00
2173,893,SKU-0046,Material Isaac 3 EF,27,85.27,2023-05-01 00:00:00
2174,893,SKU-0008,Material SAE 5 EF,163,26.99,2023-05-01 00:00:00
2175,894,SKU-0033,Material PGS 1 EF,70,46.09,2024-01-08 00:00:00
2176,894,SKU-0014,Material COC 2 EM,77,187.35,2024-01-08 00:00:00
2177,895,SKU-0904,Material NSE 8 EF,16,191.63,2023-04-10 00:00:00
2178,895,SKU-0021,Material NSE 1 EF,141,43.08,2023-04-10 00:00:00
2179,895,SKU-0050,Material COC 8 EF,56,20.48,2023-04-10 00:00:00
2180,895,SKU-0028,Material COC 5 EF,22,245.9,2023-04-10 00:00:00
2181,896,SKU-0032,Material NSE 1 EM,119,195.87,2024-11-03 00:00:00
2182,896,SKU-0006,Material SAE 9 EF,58,190.49,2024-11-03 00:00:00
2183,896,SKU-0015,Material COC 1 EM,34,171.55,2024-11-03 00:00:00
2184,897,SKU-0055,Material PGS 3 EF,74,21.75,2022-03-18 00:00:00
2185,897,SKU-0006,Material SAE 9 EF,176,97.73,2022-03-18 00:00:00
2186,897,SKU-0048,Material Isaac 2 EM,68,69.21,2022-03-18 00:00:00
2187,897,SKU-0041,Material NSE 5 EF,83,202.71,2022-03-18 00:00:00
2188,898,SKU-0053,Material NSE 2 EF,150,192.95,2024-06-09 00:00:00
2189,898,SKU-0026,Material Isaac 9 EF,19,43.63,2024-06-09 00:00:00
2190,898,SKU-0029,Material PGS 9 EF,23,246.72,2024-06-09 00:00:00
2191,899,SKU-0031,Material PGS 1 EF,114,66.83,2023-02-08 00:00:00
2192,900,SKU-0053,Material COC 4 EF,33,118.86,2022-01-30 00:00:00
2193,900,SKU-0044,Material PGS 3 EF,157,76.51,2022-01-30 00:00:00
2194,901,SKU-0903,Material NSE 1 EF,78,221.46,2023-01-20 00:00:00
2195,901,SKU-0017,Material Isaac 9 EF,191,221.27,2023-01-20 00:00:00
2196,902,SKU-0023,Material PGS 9 EF,105,88.0,2025-05-10 00:00:00
2197,902,SKU-0038,Material NSE 2 EF,127,156.6,2025-05-10 00:00:00
2198,902,SKU-0901,Material NSE 3 EM,51,126.75,2025-05-10 00:00:00
2199,903,SKU-0023,Material COC 5 EF,184,200.78,2025-12-06 00:00:00
2200,904,SKU-0907,Material PGS 3 EF,187,124.84,2022-01-15 00:00:00
2201,905,SKU-0044,Material COC 5 EF,121,128.94,2025-07-06 00:00:00
2202,905,SKU-0018,Material PGS 8 EF,30,82.37,2025-07-06 00:00:00
2203,906,SKU-0037,Material PGS 2 EF,190,141.0,2024-03-25 00:00:00
2204,906,SKU-0010,Material PGS 8 EF,179,26.04,2024-03-25 00:00:00
2205,906,SKU-0031,Material NSE 2 EM,14,186.75,2024-03-25 00:00:00
2206,906,SKU-0047,Material COC 1 EF,150,57.77,2024-03-25 00:00:00
2207,907,SKU-0047,Material NSE 2 EF,184,239.44,2024-12-15 00:00:00
2208,907,SKU-0906,Material COC 6 EF,110,64.32,2024-12-15 00:00:00
2209,907,SKU-0037,Material SAE 1 EM,61,110.96,2024-12-15 00:00:00
2210,908,SKU-0048,Material SAE 7 EF,38,21.16,2025-08-01 00:00:00
2211,908,SKU-0018,Material COC 7 EF,111,160.78,2025-08-01 00:00:00
2212,908,SKU-0040,Material COC 3 EF,49,26.02,2025-08-01 00:00:00
2213,908,SKU-0012,Material SAE 8 EF,68,118.46,2025-08-01 00:00:00
2214,909,SKU-0021,Material COC 8 EF,132,31.33,2023-05-28 00:00:00
2215,909,SKU-0018,Material SAE 4 EF,169,95.3,2023-05-28 00:00:00
2216,909,SKU-0021,Material SAE 8 EF,46,189.56,2023-05-28 00:00:00
2217,909,SKU-0053,Material SAE 6 EF,66,160.59,2023-05-28 00:00:00
2218,910,SKU-0020,Material Isaac 9 EF,153,56.41,2024-11-13 00:00:00
2219,910,SKU-0053,Material PGS 1 EM,131,154.52,2024-11-13 00:00:00
2220,910,SKU-0022,Material NSE 1 EM,135,49.73,2024-11-13 00:00:00
2221,910,SKU-0904,Material PGS 1 EF,82,158.48,2024-11-13 00:00:00
2222,911,SKU-0903,Material SAE 7 EF,131,100.59,2024-08-12 00:00:00
2223,912,SKU-0021,Material PGS 2 EF,198,48.5,2024-08-14 00:00:00
2224,912,SKU-0038,Material Isaac 9 EF,118,134.29,2024-08-14 00:00:00
2225,913,SKU-0041,Material COC 9 EF,17,98.18,2022-11-06 00:00:00
2226,914,SKU-0036,Material NSE 1 EM,113,56.43,2022-10-26 00:00:00
2227,915,SKU-0013,Material PGS 6 EF,132,150.55,2025-07-04 00:00:00
2228,915,SKU-0907,Material NSE 7 EF,32,167.14,2025-07-04 00:00:00
2229,915,SKU-0029,Material Isaac 8 EF,119,235.51,2025-07-04 00:00:00
2230,916,SKU-0053,Material COC 2 EM,174,150.47,2022-10-07 00:00:00
2231,916,SKU-0056,Material COC 3 EF,38,197.73,2022-10-07 00:00:00
2232,916,SKU-0900,Material NSE 3 EM,35,89.63,2022-10-07 00:00:00
2233,916,SKU-0028,Material NSE 2 EM,155,207.08,2022-10-07 00:00:00
2234,917,SKU-0030,Material Isaac 5 EF,48,205.4,2024-03-25 00:00:00
2235,917,SKU-0042,Material Isaac 7 EF,82,116.02,2024-03-25 00:00:00
2236,917,SKU-0007,Material SAE 2 EM,129,199.75,2024-03-25 00:00:00
2237,917,SKU-0004,Material PGS 1 EM,66,181.69,2024-03-25 00:00:00
2238,918,SKU-0906,Material NSE 1 EM,165,91.78,2024-12-11 00:00:00
2239,919,SKU-0005,Material SAE 3 EM,127,25.87,2024-02-05 00:00:00
2240,919,SKU-0036,Material COC 2 EF,153,201.94,2024-02-05 00:00:00
2241,919,SKU-0031,Material SAE 2 EM,93,233.27,2024-02-05 00:00:00
2242,919,SKU-0900,Material NSE 3 EM,191,249.03,2024-02-05 00:00:00
2243,920,SKU-0048,Material NSE 7 EF,60,135.08,2023-07-18 00:00:00
2244,920,SKU-0011,Material SAE 6 EF,54,197.06,2023-07-18 00:00:00
2245,921,SKU-0023,Material SAE 7 EF,57,36.93,2022-06-13 00:00:00
2246,921,SKU-0026,Material COC 9 EF,174,230.99,2022-06-13 00:00:00
2247,921,SKU-0900,Material Isaac 2 EF,149,179.87,2022-06-13 00:00:00
2248,922,SKU-0017,Material NSE 9 EF,92,166.4,2024-01-11 00:00:00
2249,922,SKU-0030,Material NSE 2 EF,176,195.79,2024-01-11 00:00:00
2250,922,SKU-0028,Material COC 3 EF,99,33.2,2024-01-11 00:00:00
2251,922,SKU-0026,Material SAE 1 EM,47,72.41,2024-01-11 00:00:00
2252,923,SKU-0053,Material Isaac 1 EF,172,108.74,2024-07-06 00:00:00
2253,924,SKU-0037,Material SAE 4 EF,108,86.58,2025-03-16 00:00:00
2254,924,SKU-0018,Material PGS 2 EF,12,213.89,2025-03-16 00:00:00
2255,924,SKU-0009,Material NSE 7 EF,24,81.85,2025-03-16 00:00:00
2256,924,SKU-0042,Material NSE 2 EM,136,143.19,2025-03-16 00:00:00
2257,925,SKU-0059,Material PGS 8 EF,146,223.1,2022-03-14 00:00:00
2258,925,SKU-0043,Material Isaac 9 EF,93,21.58,2022-03-14 00:00:00
2259,925,SKU-0010,Material SAE 6 EF,183,23.53,2022-03-14 00:00:00
2260,926,SKU-0909,Material COC 3 EF,86,194.22,2022-08-28 00:00:00
2261,927,SKU-0038,Material PGS 3 EF,79,245.5,2024-06-20 00:00:00
2262,927,SKU-0902,Material SAE 6 EF,99,168.17,2024-06-20 00:00:00
2263,928,SKU-0058,Material PGS 1 EF,182,183.33,2023-04-20 00:00:00
2264,928,SKU-0011,Material Isaac 8 EF,192,167.99,2023-04-20 00:00:00
2265,928,SKU-0006,Material SAE 7 EF,146,206.37,2023-04-20 00:00:00
2266,928,SKU-0004,Material SAE 7 EF,165,88.16,2023-04-20 00:00:00
2267,929,SKU-0047,Material NSE 3 EM,152,24.59,2025-04-07 00:00:00
2268,929,SKU-0040,Material Isaac 2 EF,149,70.13,2025-04-07 00:00:00
2269,929,SKU-0026,Material SAE 1 EM,61,157.55,2025-04-07 00:00:00
2270,929,SKU-0006,Material SAE 3 EM,129,175.77,2025-04-07 00:00:00
2271,930,SKU-0010,Material COC 5 EF,153,198.07,2024-12-13 00:00:00
2272,931,SKU-0003,Material SAE 7 EF,191,50.16,2022-10-05 00:00:00
2273,932,SKU-0002,Material NSE 9 EF,106,71.57,2024-02-28 00:00:00
2274,932,SKU-0007,Material Isaac 1 EM,176,77.58,2024-02-28 00:00:00
2275,932,SKU-0006,Material Isaac 2 EF,194,52.26,2024-02-28 00:00:00
2276,933,SKU-0019,Material Isaac 4 EF,85,233.65,2024-08-30 00:00:00
2277,934,SKU-0011,Material PGS 9 EF,117,127.67,2023-07-11 00:00:00
2278,934,SKU-0901,Material COC 1 EF,130,216.05,2023-07-11 00:00:00
2279,934,SKU-0903,Material COC 2 EM,193,190.13,2023-07-11 00:00:00
2280,934,SKU-0017,Material COC 6 EF,84,229.7,2023-07-11 00:00:00
2281,935,SKU-0015,Material Isaac 8 EF,35,237.18,2022-03-15 00:00:00
2282,935,SKU-0029,Material PGS 3 EM,69,169.1,2022-03-15 00:00:00
2283,935,SKU-0012,Material COC 9 EF,154,47.85,2022-03-15 00:00:00
2284,935,SKU-0060,Material COC 7 EF,150,75.72,2022-03-15 00:00:00
2285,936,SKU-0053,Material COC 1 EF,64,123.57,2023-05-05 00:00:00
2286,936,SKU-0051,Material PGS 3 EM,18,189.47,2023-05-05 00:00:00
2287,936,SKU-0016,Material COC 9 EF,133,227.26,2023-05-05 00:00:00
2288,936,SKU-0054,Material SAE 8 EF,12,216.15,2023-05-05 00:00:00
2289,937,SKU-0031,Material SAE 3 EF,43,131.44,2025-03-25 00:00:00
2290,937,SKU-0907,Material COC 1 EF,171,187.55,2025-03-25 00:00:00
2291,937,SKU-0045,Material PGS 5 EF,23,162.7,2025-03-25 00:00:00
2292,937,SKU-0001,Material NSE 9 EF,94,136.57,2025-03-25 00:00:00
2293,938,SKU-0008,Material NSE 2 EF,172,126.09,2025-04-14 00:00:00
2294,938,SKU-0012,Material NSE 9 EF,170,102.16,2025-04-14 00:00:00
2295,938,SKU-0028,Material SAE 6 EF,75,102.29,2025-04-14 00:00:00
2296,938,SKU-0036,Material PGS 6 EF,114,126.97,2025-04-14 00:00:00
2297,939,SKU-0012,Material Isaac 1 EM,13,142.11,2025-04-28 00:00:00
2298,939,SKU-0014,Material NSE 2 EM,82,69.38,2025-04-28 00:00:00
2299,940,SKU-0023,Material NSE 7 EF,16,240.38,2025-08-07 00:00:00
2300,941,SKU-0015,Material NSE 2 EF,168,42.12,2022-12-03 00:00:00
2301,941,SKU-0053,Material Isaac 3 EF,22,227.1,2022-12-03 00:00:00
2302,941,SKU-0050,Material SAE 4 EF,152,152.25,2022-12-03 00:00:00
2303,941,SKU-0042,Material COC 8 EF,65,50.26,2022-12-03 00:00:00
2304,942,SKU-0056,Material PGS 2 EF,98,136.48,2023-05-03 00:00:00
2305,943,SKU-0031,Material NSE 6 EF,115,130.76,2024-05-23 00:00:00
2306,943,SKU-0016,Material Isaac 1 EM,161,89.18,2024-05-23 00:00:00
2307,944,SKU-0038,Material Isaac 1 EM,173,139.99,2023-11-20 00:00:00
2308,944,SKU-0016,Material NSE 8 EF,172,201.74,2023-11-20 00:00:00
2309,944,SKU-0903,Material SAE 7 EF,141,38.64,2023-11-20 00:00:00
2310,944,SKU-0048,Material COC 8 EF,152,161.9,2023-11-20 00:00:00
2311,945,SKU-0006,Material Isaac 8 EF,127,24.51,2025-12-25 00:00:00
2312,945,SKU-0906,Material NSE 3 EM,54,139.57,2025-12-25 00:00:00
2313,945,SKU-0903,Material COC 2 EM,95,158.29,2025-12-25 00:00:00
2314,946,SKU-0002,Material NSE 9 EF,74,114.96,2022-12-03 00:00:00
2315,946,SKU-0056,Material Isaac 3 EF,65,152.49,2022-12-03 00:00:00
2316,947,SKU-0909,Material Isaac 3 EM,124,172.45,2022-01-04 00:00:00
2317,947,SKU-0900,Material Isaac 7 EF,198,61.94,2022-01-04 00:00:00
2318,947,SKU-0907,Material Isaac 2 EM,146,191.54,2022-01-04 00:00:00
2319,948,SKU-0060,Material NSE 5 EF,163,218.3,2025-06-15 00:00:00
2320,948,SKU-0025,Material PGS 5 EF,37,170.37,2025-06-15 00:00:00
2321,948,SKU-0901,Material PGS 9 EF,73,148.04,2025-06-15 00:00:00
2322,949,SKU-0014,Material Isaac 9 EF,42,114.03,2023-04-27 00:00:00
2323,950,SKU-0059,Material Isaac 8 EF,154,28.54,2025-07-15 00:00:00
2324,951,SKU-0039,Material Isaac 2 EF,142,100.22,2024-10-26 00:00:00
2325,951,SKU-0058,Material Isaac 7 EF,183,227.09,2024-10-26 00:00:00
2326,951,SKU-0059,Material NSE 4 EF,108,200.06,2024-10-26 00:00:00
2327,951,SKU-0038,Material PGS 1 EM,42,217.75,2024-10-26 00:00:00
2328,952,SKU-0032,Material Isaac 1 EF,103,151.77,2022-07-01 00:00:00
2329,953,SKU-0036,Material Isaac 4 EF,32,94.01,2022-07-09 00:00:00
2330,954,SKU-0021,Material Isaac 7 EF,115,95.87,2025-05-14 00:00:00
2331,954,SKU-0019,Material SAE 5 EF,29,69.19,2025-05-14 00:00:00
2332,955,SKU-0037,Material PGS 5 EF,141,147.3,2022-03-18 00:00:00
2333,956,SKU-0056,Material SAE 1 EM,35,199.67,2025-01-02 00:00:00
2334,956,SKU-0009,Material PGS 7 EF,54,75.96,2025-01-02 00:00:00
2335,956,SKU-0900,Material Isaac 6 EF,131,51.2,2025-01-02 00:00:00
2336,956,SKU-0059,Material SAE 6 EF,142,188.85,2025-01-02 00:00:00
2337,957,SKU-0001,Material NSE 4 EF,93,81.98,2024-11-03 00:00:00
2338,957,SKU-0059,Material NSE 3 EM,89,112.03,2024-11-03 00:00:00
2339,958,SKU-0055,Material PGS 5 EF,87,134.35,2025-11-16 00:00:00
2340,959,SKU-0048,Material SAE 5 EF,167,20.21,2024-10-10 00:00:00
2341,960,SKU-0032,Material PGS 1 EM,58,189.01,2022-09-08 00:00:00
2342,961,SKU-0010,Material COC 7 EF,95,213.05,2022-10-19 00:00:00
2343,961,SKU-0006,Material SAE 5 EF,176,112.23,2022-10-19 00:00:00
2344,962,SKU-0055,Material COC 5 EF,45,62.58,2023-09-13 00:00:00
2345,963,SKU-0908,Material NSE 2 EM,173,85.27,2024-10-28 00:00:00
2346,963,SKU-0044,Material Isaac 2 EM,74,134.44,2024-10-28 00:00:00
2347,963,SKU-0050,Material Isaac 6 EF,18,80.4,2024-10-28 00:00:00
2348,963,SKU-0060,Material NSE 5 EF,70,95.27,2024-10-28 00:00:00
2349,964,SKU-0045,Material COC 5 EF,77,147.92,2024-04-22 00:00:00
2350,964,SKU-0052,Material SAE 8 EF,34,174.41,2024-04-22 00:00:00
2351,964,SKU-0006,Material PGS 3 EF,159,142.67,2024-04-22 00:00:00
2352,965,SKU-0907,Material Isaac 4 EF,155,59.16,2024-03-15 00:00:00
2353,966,SKU-0908,Material SAE 9 EF,37,63.13,2023-09-22 00:00:00
2354,967,SKU-0003,Material COC 1 EM,185,175.43,2024-07-01 00:00:00
2355,968,SKU-0908,Material COC 3 EF,145,20.87,2024-11-17 00:00:00
2356,969,SKU-0038,Material SAE 2 EM,52,136.07,2024-11-13 00:00:00
2357,969,SKU-0034,Material NSE 5 EF,75,217.99,2024-11-13 00:00:00
2358,969,SKU-0901,Material PGS 2 EM,113,172.01,2024-11-13 00:00:00
2359,970,SKU-0038,Material SAE 8 EF,56,96.29,2024-07-19 00:00:00
2360,971,SKU-0039,Material PGS 6 EF,127,32.15,2025-05-19 00:00:00
2361,971,SKU-0012,Material PGS 1 EM,46,78.75,2025-05-19 00:00:00
2362,972,SKU-0023,Material NSE 3 EF,83,96.42,2025-07-15 00:00:00
2363,972,SKU-0006,Material Isaac 1 EM,71,34.1,2025-07-15 00:00:00
2364,972,SKU-0045,Material COC 9 EF,53,201.91,2025-07-15 00:00:00
2365,973,SKU-0001,Material SAE 8 EF,197,179.3,2023-07-30 00:00:00
2366,973,SKU-0013,Material PGS 4 EF,102,58.48,2023-07-30 00:00:00
2367,973,SKU-0050,Material NSE 8 EF,107,236.35,2023-07-30 00:00:00
2368,974,SKU-0002,Material NSE 4 EF,83,101.73,2022-07-16 00:00:00
2369,975,SKU-0900,Material PGS 7 EF,56,208.71,2023-07-14 00:00:00
2370,975,SKU-0047,Material PGS 9 EF,61,205.42,2023-07-14 00:00:00
2371,975,SKU-0020,Material NSE 2 EM,57,58.09,2023-07-14 00:00:00
2372,976,SKU-0906,Material PGS 1 EM,59,200.44,2024-03-29 00:00:00
2373,976,SKU-0901,Material PGS 8 EF,21,70.84,2024-03-29 00:00:00
2374,976,SKU-0046,Material Isaac 4 EF,174,135.32,2024-03-29 00:00:00
2375,976,SKU-0047,Material SAE 1 EM,54,207.94,2024-03-29 00:00:00
2376,977,SKU-0901,Material SAE 6 EF,116,101.85,2025-08-11 00:00:00
2377,978,SKU-0008,Material NSE 3 EM,161,101.36,2025-06-15 00:00:00
2378,979,SKU-0901,Material PGS 1 EF,12,88.03,2024-12-29 00:00:00
2379,979,SKU-0029,Material SAE 3 EF,194,84.83,2024-12-29 00:00:00
2380,979,SKU-0035,Material SAE 6 EF,27,153.69,2024-12-29 00:00:00
2381,980,SKU-0058,Material COC 2 EM,17,167.97,2024-02-06 00:00:00
2382,980,SKU-0005,Material NSE 1 EF,114,199.83,2024-02-06 00:00:00
2383,981,SKU-0028,Material COC 3 EM,110,235.23,2022-11-21 00:00:00
2384,981,SKU-0016,Material Isaac 4 EF,69,182.4,2022-11-21 00:00:00
2385,981,SKU-0006,Material PGS 1 EM,126,37.85,2022-11-21 00:00:00
2386,981,SKU-0046,Material PGS 2 EM,51,36.18,2022-11-21 00:00:00
2387,982,SKU-0045,Material PGS 4 EF,107,153.13,2022-05-13 00:00:00
2388,983,SKU-0018,Material Isaac 1 EM,114,149.74,2025-08-13 00:00:00
2389,983,SKU-0006,Material NSE 2 EM,27,89.81,2025-08-13 00:00:00
2390,983,SKU-0902,Material SAE 2 EF,102,88.21,2025-08-13 00:00:00
2391,984,SKU-0037,Material PGS 4 EF,135,96.6,2022-12-04 00:00:00
2392,985,SKU-0905,Material COC 3 EF,123,155.33,2023-08-13 00:00:00
2393,985,SKU-0029,Material NSE 2 EF,98,113.2,2023-08-13 00:00:00
2394,986,SKU-0059,Material COC 2 EM,36,28.53,2022-02-07 00:00:00
2395,987,SKU-0033,Material COC 1 EM,105,106.96,2023-06-01 00:00:00
2396,987,SKU-0022,Material COC 2 EF,34,249.65,2023-06-01 00:00:00
2397,987,SKU-0008,Material SAE 4 EF,110,247.33,2023-06-01 00:00:00
2398,987,SKU-0060,Material PGS 3 EF,166,229.05,2023-06-01 00:00:00
2399,988,SKU-0007,Material NSE 8 EF,74,114.32,2022-01-16 00:00:00
2400,988,SKU-0906,Material NSE 8 EF,45,125.57,2022-01-16 00:00:00
2401,988,SKU-0030,Material NSE 2 EM,92,210.09,2022-01-16 00:00:00
2402,988,SKU-0054,Material COC 4 EF,101,180.64,2022-01-16 00:00:00
2403,989,SKU-0025,Material PGS 3 EF,18,232.39,2022-12-09 00:00:00
2404,989,SKU-0058,Material NSE 1 EM,126,124.3,2022-12-09 00:00:00
2405,989,SKU-0024,Material NSE 2 EF,150,65.03,2022-12-09 00:00:00
2406,989,SKU-0020,Material SAE 7 EF,162,143.12,2022-12-09 00:00:00
2407,990,SKU-0031,Material PGS 6 EF,35,188.34,2023-10-24 00:00:00
2408,990,SKU-0056,Material COC 3 EF,162,104.58,2023-10-24 00:00:00
2409,991,SKU-0902,Material NSE 1 EM,154,112.58,2022-11-03 00:00:00
2410,991,SKU-0009,Material PGS 3 EM,125,150.36,2022-11-03 00:00:00
2411,991,SKU-0034,Material NSE 8 EF,113,158.38,2022-11-03 00:00:00
2412,991,SKU-0013,Material PGS 8 EF,32,60.75,2022-11-03 00:00:00
2413,992,SKU-0909,Material PGS 5 EF,106,49.75,2023-07-26 00:00:00
2414,992,SKU-0025,Material PGS 6 EF,99,214.01,2023-07-26 00:00:00
2415,993,SKU-0053,Material NSE 4 EF,48,38.32,2024-06-07 00:00:00
2416,993,SKU-0044,Material COC 3 EM,164,247.2,2024-06-07 00:00:00
2417,994,SKU-0010,Material PGS 2 EF,107,177.98,2025-03-10 00:00:00
2418,994,SKU-0024,Material Isaac 9 EF,111,115.67,2025-03-10 00:00:00
2419,994,SKU-0017,Material SAE 6 EF,67,160.23,2025-03-10 00:00:00
2420,995,SKU-0052,Material COC 2 EM,86,197.94,2022-03-06 00:00:00
2421,995,SKU-0024,Material PGS 8 EF,165,59.75,2022-03-06 00:00:00
2422,995,SKU-0032,Material COC 6 EF,149,104.55,2022-03-06 00:00:00
2423,995,SKU-0039,Material NSE 9 EF,18,93.14,2022-03-06 00:00:00
2424,996,SKU-0043,Material Isaac 7 EF,101,97.53,2022-04-05 00:00:00
2425,996,SKU-0013,Material NSE 1 EM,28,119.66,2022-04-05 00:00:00
2426,996,SKU-0037,Material SAE 2 EF,184,81.95,2022-04-05 00:00:00
2427,996,SKU-0032,Material COC 5 EF,176,20.38,2022-04-05 00:00:00
2428,997,SKU-0060,Material PGS 2 EF,187,51.25,2024-10-14 00:00:00
2429,997,SKU-0024,Material NSE 3 EF,174,148.23,2024-10-14 00:00:00
2430,998,SKU-0901,Material PGS 3 EM,92,68.8,2023-12-20 00:00:00
2431,998,SKU-0021,Material COC 1 EF,110,219.5,2023-12-20 00:00:00
2432,999,SKU-0056,Material PGS 7 EF,158,30.86,2023-12-12 00:00:00
2433,999,SKU-0039,Material PGS 3 EF,128,109.33,2023-12-12 00:00:00
2434,999,SKU-0021,Material NSE 5 EF,88,99.53,2023-12-12 00:00:00
2435,1000,SKU-0055,Material SAE 9 EF,59,24.97,2022-03-16 00:00:00
2436,1000,SKU-0029,Material Isaac 4 EF,19,174.68,2022-03-16 00:00:00
2437,1000,SKU-0019,Material COC 4 EF,30,81.8,2022-03-16 00:00:00
2438,1000,SKU-0034,Material COC 3 EM,96,174.12,2022-03-16 00:00:00
2439,1001,SKU-0047,Material Isaac 1 EM,13,54.4,2025-06-16 00:00:00
2440,1001,SKU-0001,Material SAE 2 EF,70,53.99,2025-06-16 00:00:00
2441,1001,SKU-0031,Material COC 5 EF,68,54.01,2025-06-16 00:00:00
2442,1001,SKU-0042,Material NSE 4 EF,130,131.03,2025-06-16 00:00:00
2443,1002,SKU-0902,Material Isaac 9 EF,161,76.93,2023-02-08 00:00:00
2444,1002,SKU-0051,Material COC 1 EM,60,137.81,2023-02-08 00:00:00
2445,1003,SKU-0018,Material PGS 8 EF,82,168.87,2022-08-10 00:00:00
2446,1003,SKU-0023,Material COC 3 EF,32,38.81,2022-08-10 00:00:00
2447,1003,SKU-0001,Material SAE 5 EF,150,44.16,2022-08-10 00:00:00
2448,1004,SKU-0052,Material Isaac 1 EF,158,193.63,2025-05-08 00:00:00
2449,1004,SKU-0010,Material NSE 5 EF,169,178.75,2025-05-08 00:00:00
2450,1005,SKU-0909,Material SAE 7 EF,132,73.66,2023-10-26 00:00:00
2451,1005,SKU-0012,Material NSE 2 EF,117,246.98,2023-10-26 00:00:00
2452,1005,SKU-0040,Material PGS 2 EM,189,64.88,2023-10-26 00:00:00
2453,1005,SKU-0045,Material SAE 1 EF,74,194.9,2023-10-26 00:00:00
2454,1006,SKU-0040,Material COC 6 EF,22,105.59,2025-10-12 00:00:00
2455,1007,SKU-0029,Material SAE 1 EF,49,110.52,2022-01-03 00:00:00
2456,1007,SKU-0023,Material NSE 1 EF,120,67.4,2022-01-03 00:00:00
2457,1007,SKU-0031,Material Isaac 8 EF,107,145.9,2022-01-03 00:00:00
2458,1008,SKU-0050,Material COC 3 EF,70,26.22,2023-08-03 00:00:00
2459,1008,SKU-0903,Material SAE 4 EF,40,140.64,2023-08-03 00:00:00
2460,1008,SKU-0909,Material PGS 6 EF,195,75.85,2023-08-03 00:00:00
2461,1008,SKU-0002,Material Isaac 9 EF,185,121.78,2023-08-03 00:00:00
2462,1009,SKU-0003,Material COC 1 EM,84,85.72,2023-02-19 00:00:00
2463,1009,SKU-0060,Material COC 5 EF,113,21.21,2023-02-19 00:00:00
2464,1009,SKU-0055,Material PGS 4 EF,35,172.1,2023-02-19 00:00:00
2465,1009,SKU-0909,Material SAE 6 EF,112,67.14,2023-02-19 00:00:00
2466,1010,SKU-0026,Material SAE 2 EM,34,240.73,2022-07-13 00:00:00
2467,1010,SKU-0025,Material NSE 7 EF,16,88.95,2022-07-13 00:00:00
2468,1010,SKU-0012,Material PGS 8 EF,17,207.25,2022-07-13 00:00:00
2469,1010,SKU-0023,Material SAE 1 EF,140,34.14,2022-07-13 00:00:00
2470,1011,SKU-0030,Material COC 1 EM,125,36.01,2022-02-05 00:00:00
2471,1011,SKU-0005,Material COC 2 EF,190,216.66,2022-02-05 00:00:00
2472,1011,SKU-0035,Material NSE 2 EF,174,125.63,2022-02-05 00:00:00
2473,1012,SKU-0030,Material SAE 3 EM,158,80.25,2024-08-05 00:00:00
2474,1012,SKU-0901,Material Isaac 4 EF,137,170.6,2024-08-05 00:00:00
2475,1012,SKU-0906,Material SAE 5 EF,173,185.03,2024-08-05 00:00:00
2476,1013,SKU-0021,Material SAE 6 EF,169,248.82,2022-10-18 00:00:00
2477,1013,SKU-0034,Material PGS 2 EM,114,57.61,2022-10-18 00:00:00
2478,1013,SKU-0053,Material PGS 6 EF,105,236.95,2022-10-18 00:00:00
2479,1014,SKU-0002,Material COC 1 EF,33,126.86,2025-10-16 00:00:00
2480,1014,SKU-0040,Material Isaac 3 EF,82,21.03,2025-10-16 00:00:00
2481,1014,SKU-0003,Material SAE 1 EM,92,247.08,2025-10-16 00:00:00
2482,1015,SKU-0018,Material Isaac 7 EF,38,91.64,2024-10-23 00:00:00
2483,1015,SKU-0900,Material SAE 4 EF,185,188.13,2024-10-23 00:00:00
2484,1015,SKU-0025,Material COC 2 EF,44,33.25,2024-10-23 00:00:00
2485,1016,SKU-0003,Material SAE 3 EF,196,225.29,2023-02-27 00:00:00
2486,1017,SKU-0020,Material COC 4 EF,26,42.04,2022-11-02 00:00:00
2487,1017,SKU-0002,Material COC 5 EF,82,190.29,2022-11-02 00:00:00
2488,1018,SKU-0010,Material PGS 2 EF,81,151.81,2025-04-07 00:00:00
2489,1018,SKU-0903,Material COC 4 EF,158,62.75,2025-04-07 00:00:00
2490,1018,SKU-0029,Material SAE 4 EF,167,154.8,2025-04-07 00:00:00
2491,1019,SKU-0014,Material NSE 3 EF,110,237.42,2022-10-29 00:00:00
2492,1019,SKU-0003,Material NSE 5 EF,59,116.38,2022-10-29 00:00:00
2493,1019,SKU-0015,Material PGS 6 EF,199,245.51,2022-10-29 00:00:00
2494,1020,SKU-0906,Material Isaac 2 EM,169,39.1,2024-04-23 00:00:00
2495,1020,SKU-0056,Material Isaac 8 EF,47,112.9,2024-04-23 00:00:00
2496,1021,SKU-0029,Material COC 4 EF,45,219.9,2023-07-26 00:00:00
2497,1022,SKU-0055,Material SAE 2 EF,138,145.0,2022-03-02 00:00:00
2498,1023,SKU-0052,Material Isaac 6 EF,61,53.89,2022-09-06 00:00:00
2499,1024,SKU-0018,Material SAE 2 EF,132,113.73,2025-06-10 00:00:00
2500,1024,SKU-0051,Material Isaac 1 EF,20,68.58,2025-06-10 00:00:00
2501,1024,SKU-0905,Material PGS 1 EM,190,211.98,2025-06-10 00:00:00
2502,1025,SKU-0040,Material SAE 7 EF,86,120.13,2022-03-13 00:00:00
2503,1025,SKU-0042,Material Isaac 4 EF,58,50.76,2022-03-13 00:00:00
2504,1025,SKU-0906,Material COC 2 EM,81,245.51,2022-03-13 00:00:00
2505,1025,SKU-0044,Material PGS 5 EF,78,24.47,2022-03-13 00:00:00
2506,1026,SKU-0037,Material NSE 9 EF,87,40.48,2025-11-26 00:00:00
2507,1026,SKU-0002,Material Isaac 3 EM,22,213.47,2025-11-26 00:00:00
2508,1027,SKU-0009,Material PGS 2 EF,15,214.12,2023-04-16 00:00:00
2509,1027,SKU-0033,Material NSE 3 EF,169,37.54,2023-04-16 00:00:00
2510,1028,SKU-0908,Material SAE 3 EF,116,171.32,2025-12-21 00:00:00
2511,1028,SKU-0008,Material NSE 1 EF,27,230.95,2025-12-21 00:00:00
2512,1029,SKU-0054,Material SAE 8 EF,165,94.39,2024-07-14 00:00:00
2513,1030,SKU-0040,Material PGS 5 EF,25,107.44,2023-01-19 00:00:00
2514,1030,SKU-0906,Material NSE 1 EM,38,213.94,2023-01-19 00:00:00
2515,1031,SKU-0036,Material PGS 8 EF,67,43.73,2024-09-13 00:00:00
2516,1031,SKU-0021,Material COC 2 EF,61,147.1,2024-09-13 00:00:00
2517,1031,SKU-0026,Material Isaac 7 EF,55,158.32,2024-09-13 00:00:00
2518,1031,SKU-0052,Material PGS 6 EF,167,156.66,2024-09-13 00:00:00
2519,1032,SKU-0058,Material SAE 8 EF,130,169.41,2022-11-19 00:00:00
2520,1032,SKU-0025,Material PGS 3 EF,24,103.45,2022-11-19 00:00:00
2521,1033,SKU-0002,Material PGS 2 EF,74,130.93,2024-12-22 00:00:00
2522,1034,SKU-0902,Material COC 4 EF,52,249.58,2023-06-22 00:00:00
2523,1034,SKU-0018,Material PGS 3 EF,86,144.7,2023-06-22 00:00:00
2524,1034,SKU-0016,Material PGS 9 EF,18,96.8,2023-06-22 00:00:00
2525,1034,SKU-0025,Material PGS 3 EM,22,135.16,2023-06-22 00:00:00
2526,1035,SKU-0013,Material Isaac 2 EF,98,100.59,2024-05-31 00:00:00
2527,1036,SKU-0042,Material SAE 4 EF,64,137.32,2024-09-08 00:00:00
2528,1036,SKU-0015,Material SAE 9 EF,170,161.61,2024-09-08 00:00:00
2529,1036,SKU-0049,Material PGS 2 EM,178,219.59,2024-09-08 00:00:00
2530,1037,SKU-0052,Material SAE 3 EM,185,76.06,2022-02-14 00:00:00
2531,1037,SKU-0016,Material NSE 2 EF,123,62.5,2022-02-14 00:00:00
2532,1037,SKU-0043,Material NSE 3 EF,146,121.64,2022-02-14 00:00:00
2533,1037,SKU-0001,Material PGS 9 EF,13,233.55,2022-02-14 00:00:00
2534,1038,SKU-0021,Material NSE 3 EM,111,77.87,2022-09-04 00:00:00
2535,1038,SKU-0034,Material SAE 4 EF,40,153.14,2022-09-04 00:00:00
2536,1038,SKU-0056,Material PGS 2 EF,178,60.2,2022-09-04 00:00:00
2537,1038,SKU-0020,Material PGS 2 EF,28,74.77,2022-09-04 00:00:00
2538,1039,SKU-0048,Material NSE 4 EF,163,185.26,2022-01-04 00:00:00
2539,1039,SKU-0019,Material NSE 6 EF,57,125.47,2022-01-04 00:00:00
2540,1039,SKU-0037,Material Isaac 3 EF,28,113.28,2022-01-04 00:00:00
2541,1040,SKU-0043,Material NSE 2 EF,180,114.36,2022-02-17 00:00:00
2542,1041,SKU-0043,Material NSE 8 EF,35,176.6,2025-10-02 00:00:00
2543,1042,SKU-0053,Material NSE 7 EF,187,244.73,2024-02-19 00:00:00
2544,1042,SKU-0901,Material Isaac 1 EM,40,219.86,2024-02-19 00:00:00
2545,1042,SKU-0054,Material Isaac 5 EF,29,87.77,2024-02-19 00:00:00
2546,1042,SKU-0041,Material Isaac 6 EF,107,136.55,2024-02-19 00:00:00
2547,1043,SKU-0039,Material PGS 3 EM,68,168.23,2022-08-17 00:00:00
2548,1043,SKU-0015,Material COC 2 EM,94,51.22,2022-08-17 00:00:00
2549,1043,SKU-0020,Material COC 7 EF,119,85.34,2022-08-17 00:00:00
2550,1043,SKU-0020,Material PGS 5 EF,56,107.95,2022-08-17 00:00:00
2551,1044,SKU-0005,Material Isaac 8 EF,162,36.15,2022-04-15 00:00:00
2552,1045,SKU-0023,Material COC 3 EF,99,119.65,2024-08-28 00:00:00
2553,1045,SKU-0001,Material Isaac 1 EM,33,155.03,2024-08-28 00:00:00
2554,1045,SKU-0006,Material SAE 6 EF,162,169.89,2024-08-28 00:00:00
2555,1045,SKU-0049,Material NSE 3 EF,135,109.35,2024-08-28 00:00:00
2556,1046,SKU-0052,Material NSE 3 EM,137,44.56,2024-01-13 00:00:00
2557,1046,SKU-0051,Material PGS 9 EF,58,159.45,2024-01-13 00:00:00
2558,1046,SKU-0040,Material NSE 5 EF,94,131.41,2024-01-13 00:00:00
2559,1046,SKU-0016,Material Isaac 2 EM,43,180.89,2024-01-13 00:00:00
2560,1047,SKU-0029,Material Isaac 8 EF,12,221.96,2022-01-05 00:00:00
2561,1047,SKU-0046,Material PGS 4 EF,67,100.77,2022-01-05 00:00:00
2562,1047,SKU-0027,Material Isaac 1 EF,12,158.71,2022-01-05 00:00:00
2563,1047,SKU-0024,Material SAE 1 EF,108,192.46,2022-01-05 00:00:00
2564,1048,SKU-0005,Material NSE 1 EF,168,216.25,2023-05-03 00:00:00
2565,1049,SKU-0041,Material NSE 6 EF,153,176.07,2023-12-11 00:00:00
2566,1049,SKU-0054,Material SAE 6 EF,66,205.92,2023-12-11 00:00:00
2567,1049,SKU-0025,Material COC 2 EF,144,124.15,2023-12-11 00:00:00
2568,1050,SKU-0059,Material Isaac 1 EF,125,227.08,2022-02-27 00:00:00
2569,1050,SKU-0904,Material PGS 4 EF,44,138.69,2022-02-27 00:00:00
2570,1050,SKU-0002,Material COC 7 EF,15,20.75,2022-02-27 00:00:00
2571,1051,SKU-0033,Material NSE 3 EF,128,81.99,2023-01-02 00:00:00
2572,1051,SKU-0010,Material PGS 2 EM,45,223.23,2023-01-02 00:00:00
2573,1051,SKU-0060,Material COC 1 EF,118,213.89,2023-01-02 00:00:00
2574,1051,SKU-0015,Material Isaac 2 EM,134,128.89,2023-01-02 00:00:00
2575,1052,SKU-0035,Material SAE 7 EF,102,186.74,2025-05-16 00:00:00
2576,1052,SKU-0041,Material COC 1 EF,53,184.52,2025-05-16 00:00:00
2577,1053,SKU-0023,Material Isaac 4 EF,183,99.99,2024-11-03 00:00:00
2578,1054,SKU-0026,Material SAE 8 EF,70,191.78,2023-07-03 00:00:00
2579,1054,SKU-0056,Material Isaac 2 EM,29,29.09,2023-07-03 00:00:00
2580,1055,SKU-0909,Material SAE 2 EM,132,43.81,2023-10-26 00:00:00
2581,1055,SKU-0016,Material COC 4 EF,66,151.54,2023-10-26 00:00:00
2582,1055,SKU-0039,Material NSE 7 EF,29,138.23,2023-10-26 00:00:00
2583,1056,SKU-0035,Material NSE 1 EF,57,78.91,2023-07-07 00:00:00
2584,1056,SKU-0041,Material SAE 2 EF,111,202.14,2023-07-07 00:00:00
2585,1056,SKU-0056,Material SAE 8 EF,178,92.51,2023-07-07 00:00:00
2586,1056,SKU-0009,Material PGS 5 EF,176,88.66,2023-07-07 00:00:00
2587,1057,SKU-0023,Material SAE 5 EF,49,165.24,2023-02-10 00:00:00
2588,1057,SKU-0044,Material Isaac 1 EF,68,137.41,2023-02-10 00:00:00
2589,1058,SKU-0039,Material PGS 2 EM,115,107.34,2024-10-01 00:00:00
2590,1058,SKU-0002,Material SAE 3 EM,86,22.94,2024-10-01 00:00:00
2591,1058,SKU-0059,Material NSE 7 EF,32,193.85,2024-10-01 00:00:00
2592,1058,SKU-0052,Material COC 2 EM,142,157.55,2024-10-01 00:00:00
2593,1059,SKU-0045,Material SAE 2 EF,140,158.43,2024-09-09 00:00:00
2594,1059,SKU-0902,Material SAE 3 EF,199,58.14,2024-09-09 00:00:00
2595,1059,SKU-0005,Material PGS 2 EF,57,64.02,2024-09-09 00:00:00
2596,1059,SKU-0013,Material NSE 2 EM,183,60.46,2024-09-09 00:00:00
2597,1060,SKU-0053,Material NSE 3 EF,162,214.02,2023-06-11 00:00:00
2598,1060,SKU-0055,Material Isaac 2 EM,76,64.56,2023-06-11 00:00:00
2599,1060,SKU-0022,Material COC 2 EF,63,131.59,2023-06-11 00:00:00
2600,1060,SKU-0900,Material Isaac 3 EF,181,188.73,2023-06-11 00:00:00
2601,1061,SKU-0031,Material PGS 3 EF,61,109.5,2024-10-08 00:00:00
2602,1061,SKU-0020,Material COC 3 EM,69,96.22,2024-10-08 00:00:00
2603,1061,SKU-0021,Material COC 9 EF,175,176.26,2024-10-08 00:00:00
2604,1061,SKU-0908,Material SAE 3 EM,62,86.26,2024-10-08 00:00:00
2605,1062,SKU-0909,Material Isaac 4 EF,131,112.95,2024-06-21 00:00:00
2606,1062,SKU-0018,Material SAE 9 EF,169,153.89,2024-06-21 00:00:00
2607,1063,SKU-0019,Material COC 3 EM,186,244.34,2024-09-15 00:00:00
2608,1064,SKU-0041,Material PGS 7 EF,57,135.35,2024-02-29 00:00:00
2609,1064,SKU-0041,Material Isaac 4 EF,198,105.19,2024-02-29 00:00:00
2610,1065,SKU-0035,Material PGS 6 EF,68,72.46,2022-03-04 00:00:00
2611,1065,SKU-0903,Material PGS 4 EF,29,111.51,2022-03-04 00:00:00
2612,1066,SKU-0031,Material COC 2 EF,53,131.77,2022-10-13 00:00:00
2613,1067,SKU-0908,Material Isaac 3 EM,191,84.78,2025-11-04 00:00:00
2614,1067,SKU-0909,Material SAE 2 EM,56,111.05,2025-11-04 00:00:00
2615,1067,SKU-0907,Material Isaac 2 EM,97,194.19,2025-11-04 00:00:00
2616,1067,SKU-0029,Material COC 9 EF,34,77.07,2025-11-04 00:00:00
2617,1068,SKU-0043,Material PGS 7 EF,98,158.11,2025-02-15 00:00:00
2618,1068,SKU-0057,Material PGS 3 EF,163,48.52,2025-02-15 00:00:00
2619,1068,SKU-0004,Material SAE 7 EF,72,218.98,2025-02-15 00:00:00
2620,1068,SKU-0005,Material NSE 3 EM,19,232.19,2025-02-15 00:00:00
2621,1069,SKU-0901,Material SAE 7 EF,127,224.83,2022-02-07 00:00:00
2622,1069,SKU-0035,Material NSE 8 EF,76,148.67,2022-02-07 00:00:00
2623,1069,SKU-0909,Material SAE 9 EF,167,153.43,2022-02-07 00:00:00
2624,1069,SKU-0906,Material NSE 3 EM,116,32.93,2022-02-07 00:00:00
2625,1070,SKU-0006,Material SAE 2 EM,121,184.73,2023-08-28 00:00:00
2626,1070,SKU-0048,Material PGS 7 EF,177,186.67,2023-08-28 00:00:00
2627,1070,SKU-0002,Material SAE 9 EF,157,119.3,2023-08-28 00:00:00
2628,1070,SKU-0033,Material SAE 2 EF,132,243.53,2023-08-28 00:00:00
2629,1071,SKU-0053,Material Isaac 3 EM,116,187.28,2023-01-25 00:00:00
2630,1071,SKU-0008,Material PGS 6 EF,161,133.46,2023-01-25 00:00:00
2631,1071,SKU-0025,Material NSE 1 EM,127,168.1,2023-01-25 00:00:00
2632,1072,SKU-0046,Material SAE 8 EF,184,201.9,2025-08-10 00:00:00
2633,1072,SKU-0049,Material Isaac 1 EF,178,80.55,2025-08-10 00:00:00
2634,1073,SKU-0027,Material PGS 4 EF,137,173.37,2024-04-27 00:00:00
2635,1073,SKU-0049,Material Isaac 6 EF,160,35.77,2024-04-27 00:00:00
2636,1073,SKU-0059,Material SAE 9 EF,165,120.35,2024-04-27 00:00:00
2637,1073,SKU-0030,Material Isaac 2 EF,76,190.82,2024-04-27 00:00:00
2638,1074,SKU-0030,Material PGS 7 EF,70,128.7,2025-02-12 00:00:00
2639,1074,SKU-0012,Material PGS 3 EF,119,247.48,2025-02-12 00:00:00
2640,1074,SKU-0018,Material PGS 7 EF,81,63.97,2025-02-12 00:00:00
2641,1075,SKU-0031,Material COC 2 EF,163,129.53,2022-07-20 00:00:00
2642,1075,SKU-0010,Material Isaac 3 EF,39,94.25,2022-07-20 00:00:00
2643,1076,SKU-0906,Material SAE 3 EM,30,138.15,2023-09-10 00:00:00
2644,1076,SKU-0049,Material COC 4 EF,125,218.44,2023-09-10 00:00:00
2645,1077,SKU-0005,Material Isaac 2 EF,85,83.76,2025-02-10 00:00:00
2646,1077,SKU-0022,Material Isaac 8 EF,182,149.11,2025-02-10 00:00:00
2647,1077,SKU-0052,Material PGS 7 EF,161,40.83,2025-02-10 00:00:00
2648,1078,SKU-0037,Material NSE 2 EM,179,149.87,2022-06-05 00:00:00
2649,1079,SKU-0049,Material NSE 1 EF,27,131.45,2025-09-09 00:00:00
2650,1079,SKU-0040,Material COC 8 EF,37,245.27,2025-09-09 00:00:00
2651,1079,SKU-0007,Material SAE 6 EF,38,80.15,2025-09-09 00:00:00
2652,1080,SKU-0008,Material SAE 5 EF,160,172.46,2023-06-11 00:00:00
2653,1080,SKU-0044,Material SAE 3 EF,87,151.05,2023-06-11 00:00:00
2654,1080,SKU-0042,Material SAE 3 EM,158,142.59,2023-06-11 00:00:00
2655,1081,SKU-0036,Material COC 2 EM,77,157.78,2022-06-09 00:00:00
2656,1081,SKU-0017,Material NSE 4 EF,188,243.18,2022-06-09 00:00:00
2657,1082,SKU-0034,Material SAE 9 EF,112,217.33,2025-02-05 00:00:00
2658,1082,SKU-0057,Material Isaac 4 EF,90,206.42,2025-02-05 00:00:00
2659,1082,SKU-0024,Material Isaac 5 EF,103,151.15,2025-02-05 00:00:00
2660,1082,SKU-0006,Material NSE 1 EM,98,128.0,2025-02-05 00:00:00
2661,1083,SKU-0041,Material SAE 2 EF,162,109.87,2022-01-26 00:00:00
2662,1083,SKU-0025,Material NSE 1 EF,41,59.58,2022-01-26 00:00:00
2663,1083,SKU-0013,Material Isaac 2 EF,193,211.82,2022-01-26 00:00:00
2664,1084,SKU-0027,Material COC 7 EF,145,103.7,2025-11-09 00:00:00
2665,1084,SKU-0006,Material PGS 8 EF,60,144.84,2025-11-09 00:00:00
2666,1084,SKU-0048,Material SAE 2 EM,177,216.13,2025-11-09 00:00:00
2667,1085,SKU-0023,Material SAE 1 EM,77,107.77,2024-01-15 00:00:00
2668,1086,SKU-0009,Material NSE 2 EF,93,37.71,2025-05-22 00:00:00
2669,1086,SKU-0019,Material COC 3 EF,46,182.02,2025-05-22 00:00:00
2670,1086,SKU-0008,Material SAE 1 EF,164,98.66,2025-05-22 00:00:00
2671,1087,SKU-0021,Material Isaac 1 EM,125,192.71,2024-12-15 00:00:00
2672,1087,SKU-0902,Material Isaac 1 EM,94,199.73,2024-12-15 00:00:00
2673,1088,SKU-0025,Material COC 9 EF,125,123.06,2024-01-13 00:00:00
2674,1088,SKU-0053,Material PGS 3 EF,88,121.14,2024-01-13 00:00:00
2675,1089,SKU-0010,Material Isaac 6 EF,55,135.95,2024-09-19 00:00:00
2676,1089,SKU-0048,Material COC 4 EF,97,80.73,2024-09-19 00:00:00
2677,1089,SKU-0017,Material COC 1 EM,196,190.39,2024-09-19 00:00:00
2678,1089,SKU-0900,Material NSE 7 EF,12,62.23,2024-09-19 00:00:00
2679,1090,SKU-0015,Material COC 2 EF,68,171.79,2024-11-25 00:00:00
2680,1090,SKU-0051,Material SAE 6 EF,28,192.24,2024-11-25 00:00:00
2681,1090,SKU-0026,Material NSE 2 EM,194,189.85,2024-11-25 00:00:00
2682,1091,SKU-0034,Material Isaac 6 EF,134,233.65,2024-05-03 00:00:00
2683,1091,SKU-0043,Material NSE 3 EF,138,161.5,2024-05-03 00:00:00
2684,1091,SKU-0046,Material COC 7 EF,80,222.73,2024-05-03 00:00:00
2685,1091,SKU-0037,Material Isaac 9 EF,199,52.93,2024-05-03 00:00:00
2686,1092,SKU-0034,Material SAE 4 EF,38,85.13,2022-06-01 00:00:00
2687,1092,SKU-0902,Material NSE 7 EF,59,71.9,2022-06-01 00:00:00
2688,1092,SKU-0007,Material SAE 1 EF,50,27.96,2022-06-01 00:00:00
2689,1092,SKU-0017,Material SAE 6 EF,99,36.13,2022-06-01 00:00:00
2690,1093,SKU-0049,Material NSE 8 EF,81,145.01,2024-09-30 00:00:00
2691,1093,SKU-0014,Material NSE 5 EF,168,159.69,2024-09-30 00:00:00
2692,1093,SKU-0015,Material Isaac 5 EF,34,27.15,2024-09-30 00:00:00
2693,1093,SKU-0041,Material PGS 3 EM,13,119.65,2024-09-30 00:00:00
2694,1094,SKU-0043,Material NSE 2 EF,21,134.55,2025-08-31 00:00:00
2695,1095,SKU-0008,Material Isaac 5 EF,174,241.77,2023-07-10 00:00:00
2696,1095,SKU-0038,Material NSE 3 EF,165,87.1,2023-07-10 00:00:00
2697,1095,SKU-0019,Material PGS 8 EF,13,55.32,2023-07-10 00:00:00
2698,1095,SKU-0047,Material Isaac 1 EF,74,81.4,2023-07-10 00:00:00
2699,1096,SKU-0044,Material COC 8 EF,144,103.24,2023-10-16 00:00:00
2700,1096,SKU-0036,Material SAE 8 EF,40,213.48,2023-10-16 00:00:00
2701,1097,SKU-0023,Material NSE 2 EF,30,51.38,2024-04-03 00:00:00
2702,1098,SKU-0903,Material COC 2 EF,33,108.66,2024-11-03 00:00:00
2703,1098,SKU-0006,Material Isaac 4 EF,66,24.49,2024-11-03 00:00:00
2704,1098,SKU-0025,Material NSE 8 EF,176,149.53,2024-11-03 00:00:00
2705,1099,SKU-0029,Material SAE 6 EF,94,195.05,2025-12-20 00:00:00
2706,1100,SKU-0044,Material PGS 5 EF,69,178.6,2022-08-06 00:00:00
2707,1100,SKU-0020,Material PGS 1 EM,27,187.89,2022-08-06 00:00:00
2708,1100,SKU-0009,Material SAE 7 EF,38,187.32,2022-08-06 00:00:00
2709,1100,SKU-0058,Material Isaac 9 EF,31,245.74,2022-08-06 00:00:00
2710,1101,SKU-0005,Material NSE 8 EF,124,113.53,2022-08-21 00:00:00
2711,1101,SKU-0014,Material PGS 5 EF,132,142.18,2022-08-21 00:00:00
2712,1101,SKU-0051,Material COC 9 EF,181,202.24,2022-08-21 00:00:00
2713,1102,SKU-0028,Material PGS 2 EM,117,248.78,2025-08-18 00:00:00
2714,1103,SKU-0025,Material PGS 1 EM,25,29.17,2024-02-03 00:00:00
2715,1103,SKU-0014,Material PGS 2 EM,96,223.42,2024-02-03 00:00:00
2716,1104,SKU-0053,Material SAE 5 EF,177,21.39,2023-01-03 00:00:00
2717,1105,SKU-0058,Material Isaac 7 EF,50,61.96,2022-12-27 00:00:00
2718,1105,SKU-0060,Material NSE 8 EF,189,212.2,2022-12-27 00:00:00
2719,1106,SKU-0908,Material NSE 1 EF,154,165.9,2024-03-21 00:00:00
2720,1106,SKU-0008,Material PGS 5 EF,178,173.42,2024-03-21 00:00:00
2721,1106,SKU-0055,Material NSE 1 EF,132,102.09,2024-03-21 00:00:00
2722,1107,SKU-0041,Material Isaac 2 EF,82,61.47,2024-12-11 00:00:00
2723,1107,SKU-0040,Material PGS 1 EM,54,201.06,2024-12-11 00:00:00
2724,1107,SKU-0907,Material NSE 3 EM,149,98.98,2024-12-11 00:00:00
2725,1107,SKU-0028,Material COC 5 EF,148,176.73,2024-12-11 00:00:00
2726,1108,SKU-0030,Material COC 1 EM,152,47.04,2023-01-12 00:00:00
2727,1109,SKU-0037,Material SAE 6 EF,16,104.25,2025-06-29 00:00:00
2728,1110,SKU-0909,Material SAE 1 EM,34,56.73,2023-12-10 00:00:00
2729,1110,SKU-0034,Material NSE 1 EM,22,48.17,2023-12-10 00:00:00
2730,1110,SKU-0904,Material COC 9 EF,15,242.24,2023-12-10 00:00:00
2731,1110,SKU-0904,Material PGS 3 EF,46,220.62,2023-12-10 00:00:00
2732,1111,SKU-0053,Material NSE 6 EF,30,47.66,2022-12-03 00:00:00
2733,1111,SKU-0059,Material PGS 1 EM,182,133.46,2022-12-03 00:00:00
2734,1112,SKU-0013,Material SAE 2 EF,50,248.88,2024-07-07 00:00:00
2735,1112,SKU-0901,Material NSE 5 EF,182,245.3,2024-07-07 00:00:00
2736,1112,SKU-0028,Material NSE 9 EF,65,171.35,2024-07-07 00:00:00
2737,1113,SKU-0013,Material SAE 3 EM,175,197.57,2023-09-27 00:00:00
2738,1113,SKU-0015,Material COC 5 EF,157,58.33,2023-09-27 00:00:00
2739,1114,SKU-0002,Material PGS 5 EF,192,176.99,2022-05-26 00:00:00
2740,1114,SKU-0035,Material SAE 2 EF,56,75.14,2022-05-26 00:00:00
2741,1114,SKU-0054,Material Isaac 3 EF,151,124.16,2022-05-26 00:00:00
2742,1115,SKU-0010,Material SAE 2 EM,110,207.45,2024-06-06 00:00:00
2743,1116,SKU-0017,Material NSE 3 EM,47,23.51,2023-02-13 00:00:00
2744,1117,SKU-0033,Material PGS 3 EF,110,31.98,2025-06-18 00:00:00
2745,1117,SKU-0055,Material PGS 5 EF,62,207.52,2025-06-18 00:00:00
2746,1118,SKU-0045,Material NSE 6 EF,106,47.82,2024-01-05 00:00:00
2747,1118,SKU-0031,Material COC 2 EF,159,249.06,2024-01-05 00:00:00
2748,1119,SKU-0032,Material NSE 3 EF,54,31.44,2025-03-04 00:00:00
2749,1120,SKU-0048,Material PGS 7 EF,150,43.58,2022-08-20 00:00:00
2750,1121,SKU-0909,Material PGS 1 EF,32,176.58,2024-09-03 00:00:00
2751,1121,SKU-0017,Material NSE 7 EF,164,43.37,2024-09-03 00:00:00
2752,1122,SKU-0055,Material PGS 7 EF,35,141.43,2025-02-09 00:00:00
2753,1123,SKU-0039,Material PGS 3 EM,136,203.03,2023-05-02 00:00:00
2754,1123,SKU-0043,Material Isaac 1 EM,180,242.34,2023-05-02 00:00:00
2755,1124,SKU-0906,Material SAE 9 EF,187,39.8,2025-01-12 00:00:00
2756,1125,SKU-0007,Material COC 2 EF,175,239.72,2022-01-23 00:00:00
2757,1125,SKU-0007,Material PGS 4 EF,152,56.33,2022-01-23 00:00:00
2758,1125,SKU-0015,Material Isaac 1 EM,109,85.81,2022-01-23 00:00:00
2759,1126,SKU-0042,Material PGS 4 EF,104,209.45,2025-08-17 00:00:00
2760,1126,SKU-0039,Material Isaac 4 EF,15,23.89,2025-08-17 00:00:00
2761,1126,SKU-0037,Material SAE 9 EF,14,227.83,2025-08-17 00:00:00
2762,1126,SKU-0904,Material NSE 1 EM,87,90.79,2025-08-17 00:00:00
2763,1127,SKU-0057,Material PGS 9 EF,67,38.5,2024-05-22 00:00:00
2764,1127,SKU-0905,Material SAE 4 EF,127,147.35,2024-05-22 00:00:00
2765,1127,SKU-0026,Material NSE 3 EF,154,99.2,2024-05-22 00:00:00
2766,1128,SKU-0058,Material PGS 6 EF,29,37.1,2022-02-21 00:00:00
2767,1128,SKU-0901,Material NSE 6 EF,110,70.41,2022-02-21 00:00:00
2768,1129,SKU-0020,Material SAE 3 EM,197,39.81,2025-06-05 00:00:00
2769,1129,SKU-0012,Material COC 8 EF,64,27.92,2025-06-05 00:00:00
2770,1130,SKU-0055,Material NSE 9 EF,110,89.63,2025-07-06 00:00:00
2771,1130,SKU-0042,Material PGS 3 EF,167,176.24,2025-07-06 00:00:00
2772,1130,SKU-0905,Material SAE 4 EF,126,105.62,2025-07-06 00:00:00
2773,1131,SKU-0020,Material PGS 2 EF,141,188.35,2022-02-22 00:00:00
2774,1131,SKU-0020,Material Isaac 1 EF,189,228.99,2022-02-22 00:00:00
2775,1131,SKU-0023,Material SAE 8 EF,168,187.7,2022-02-22 00:00:00
2776,1132,SKU-0019,Material SAE 4 EF,166,64.18,2023-09-09 00:00:00
2777,1132,SKU-0026,Material Isaac 2 EM,190,115.52,2023-09-09 00:00:00
2778,1133,SKU-0029,Material NSE 3 EM,111,163.97,2022-03-16 00:00:00
2779,1133,SKU-0905,Material Isaac 5 EF,99,237.42,2022-03-16 00:00:00
2780,1133,SKU-0032,Material COC 9 EF,11,169.25,2022-03-16 00:00:00
2781,1134,SKU-0039,Material NSE 2 EF,91,35.2,2025-07-03 00:00:00
2782,1134,SKU-0014,Material NSE 3 EF,83,124.48,2025-07-03 00:00:00
2783,1134,SKU-0017,Material Isaac 2 EM,40,117.36,2025-07-03 00:00:00
2784,1135,SKU-0006,Material Isaac 3 EM,192,182.32,2024-02-02 00:00:00
2785,1136,SKU-0060,Material Isaac 9 EF,137,76.91,2024-08-10 00:00:00
2786,1136,SKU-0057,Material Isaac 3 EF,27,38.27,2024-08-10 00:00:00
2787,1137,SKU-0031,Material PGS 5 EF,147,68.4,2022-06-24 00:00:00
2788,1137,SKU-0055,Material NSE 7 EF,196,152.83,2022-06-24 00:00:00
2789,1137,SKU-0017,Material SAE 6 EF,73,133.81,2022-06-24 00:00:00
2790,1138,SKU-0022,Material SAE 4 EF,19,83.45,2023-03-03 00:00:00
2791,1138,SKU-0049,Material Isaac 2 EM,77,146.56,2023-03-03 00:00:00
2792,1139,SKU-0038,Material NSE 2 EM,72,160.09,2022-08-19 00:00:00
2793,1139,SKU-0028,Material COC 3 EM,14,104.81,2022-08-19 00:00:00
2794,1140,SKU-0029,Material Isaac 9 EF,77,122.55,2023-11-21 00:00:00
2795,1140,SKU-0004,Material NSE 5 EF,54,49.69,2023-11-21 00:00:00
2796,1140,SKU-0030,Material PGS 3 EM,134,246.98,2023-11-21 00:00:00
2797,1140,SKU-0903,Material Isaac 9 EF,80,81.55,2023-11-21 00:00:00
2798,1141,SKU-0035,Material COC 8 EF,84,81.83,2024-04-23 00:00:00
2799,1141,SKU-0011,Material COC 8 EF,24,214.2,2024-04-23 00:00:00
2800,1141,SKU-0044,Material Isaac 2 EM,170,228.74,2024-04-23 00:00:00
2801,1142,SKU-0909,Material COC 6 EF,49,35.28,2022-06-07 00:00:00
2802,1142,SKU-0025,Material SAE 9 EF,77,218.75,2022-06-07 00:00:00
2803,1143,SKU-0009,Material SAE 8 EF,108,115.44,2025-06-26 00:00:00
2804,1144,SKU-0902,Material Isaac 7 EF,22,142.26,2024-02-10 00:00:00
2805,1144,SKU-0039,Material NSE 6 EF,69,150.51,2024-02-10 00:00:00
2806,1145,SKU-0017,Material PGS 3 EM,193,72.87,2025-11-28 00:00:00
2807,1146,SKU-0030,Material SAE 1 EF,134,82.3,2024-11-10 00:00:00
2808,1146,SKU-0052,Material SAE 8 EF,156,169.01,2024-11-10 00:00:00
2809,1147,SKU-0059,Material SAE 2 EM,28,218.59,2025-04-15 00:00:00
2810,1147,SKU-0908,Material PGS 1 EF,176,126.02,2025-04-15 00:00:00
2811,1147,SKU-0005,Material COC 6 EF,106,247.3,2025-04-15 00:00:00
2812,1148,SKU-0059,Material COC 7 EF,75,189.76,2025-06-19 00:00:00
2813,1149,SKU-0009,Material COC 3 EF,140,164.12,2025-01-18 00:00:00
2814,1149,SKU-0031,Material SAE 2 EF,183,156.8,2025-01-18 00:00:00
2815,1150,SKU-0908,Material SAE 4 EF,186,70.12,2025-09-09 00:00:00
2816,1150,SKU-0011,Material PGS 8 EF,152,92.19,2025-09-09 00:00:00
2817,1151,SKU-0010,Material SAE 8 EF,198,216.08,2022-09-20 00:00:00
2818,1151,SKU-0027,Material COC 5 EF,138,203.61,2022-09-20 00:00:00
2819,1151,SKU-0035,Material Isaac 8 EF,63,102.47,2022-09-20 00:00:00
2820,1152,SKU-0030,Material SAE 1 EF,30,169.59,2022-03-02 00:00:00
2821,1152,SKU-0033,Material Isaac 2 EM,20,203.91,2022-03-02 00:00:00
2822,1153,SKU-0906,Material PGS 1 EM,22,162.09,2024-10-16 00:00:00
2823,1153,SKU-0029,Material SAE 3 EF,184,209.25,2024-10-16 00:00:00
2824,1154,SKU-0045,Material PGS 9 EF,26,168.82,2023-03-12 00:00:00
2825,1155,SKU-0023,Material COC 1 EF,108,66.34,2024-11-17 00:00:00
2826,1155,SKU-0019,Material COC 4 EF,66,96.5,2024-11-17 00:00:00
2827,1155,SKU-0903,Material SAE 8 EF,44,64.64,2024-11-17 00:00:00
2828,1156,SKU-0024,Material Isaac 6 EF,162,136.65,2023-01-27 00:00:00
2829,1157,SKU-0013,Material Isaac 2 EF,200,51.11,2022-01-29 00:00:00
2830,1158,SKU-0027,Material NSE 3 EF,135,73.66,2022-05-05 00:00:00
2831,1158,SKU-0001,Material Isaac 5 EF,36,120.48,2022-05-05 00:00:00
2832,1159,SKU-0039,Material SAE 6 EF,67,32.36,2024-05-12 00:00:00
2833,1160,SKU-0049,Material COC 4 EF,181,226.68,2023-05-22 00:00:00
2834,1160,SKU-0017,Material COC 7 EF,62,212.97,2023-05-22 00:00:00
2835,1160,SKU-0004,Material COC 2 EF,164,34.76,2023-05-22 00:00:00
2836,1160,SKU-0008,Material SAE 6 EF,144,30.84,2023-05-22 00:00:00
2837,1161,SKU-0017,Material NSE 3 EF,105,81.15,2022-05-23 00:00:00
2838,1162,SKU-0038,Material SAE 6 EF,121,164.84,2022-07-25 00:00:00
2839,1162,SKU-0030,Material Isaac 1 EF,123,91.68,2022-07-25 00:00:00
2840,1162,SKU-0030,Material Isaac 2 EM,12,47.68,2022-07-25 00:00:00
2841,1162,SKU-0028,Material NSE 3 EM,91,190.04,2022-07-25 00:00:00
2842,1163,SKU-0019,Material SAE 1 EM,129,165.59,2023-07-28 00:00:00
2843,1163,SKU-0045,Material NSE 7 EF,134,182.46,2023-07-28 00:00:00
2844,1164,SKU-0043,Material Isaac 4 EF,82,171.55,2022-08-31 00:00:00
2845,1164,SKU-0052,Material NSE 1 EM,57,88.13,2022-08-31 00:00:00
2846,1165,SKU-0021,Material PGS 2 EF,68,25.32,2025-08-09 00:00:00
2847,1165,SKU-0036,Material Isaac 9 EF,72,44.64,2025-08-09 00:00:00
2848,1165,SKU-0018,Material Isaac 3 EF,48,83.55,2025-08-09 00:00:00
2849,1165,SKU-0044,Material NSE 9 EF,165,41.44,2025-08-09 00:00:00
2850,1166,SKU-0028,Material SAE 2 EF,145,82.85,2023-01-21 00:00:00
2851,1166,SKU-0035,Material COC 2 EF,163,193.67,2023-01-21 00:00:00
2852,1166,SKU-0909,Material PGS 2 EF,139,237.48,2023-01-21 00:00:00
2853,1166,SKU-0050,Material NSE 2 EM,194,196.96,2023-01-21 00:00:00
2854,1167,SKU-0013,Material COC 5 EF,184,201.6,2025-03-09 00:00:00
2855,1167,SKU-0034,Material NSE 3 EF,83,73.67,2025-03-09 00:00:00
2856,1167,SKU-0905,Material NSE 3 EF,94,84.85,2025-03-09 00:00:00
2857,1167,SKU-0052,Material SAE 9 EF,57,126.6,2025-03-09 00:00:00
2858,1168,SKU-0053,Material Isaac 9 EF,39,194.6,2023-06-30 00:00:00
2859,1168,SKU-0045,Material PGS 8 EF,16,62.86,2023-06-30 00:00:00
2860,1169,SKU-0029,Material SAE 5 EF,23,100.17,2023-03-15 00:00:00
2861,1170,SKU-0037,Material SAE 2 EF,14,111.75,2024-06-11 00:00:00
2862,1170,SKU-0018,Material SAE 5 EF,93,147.19,2024-06-11 00:00:00
2863,1170,SKU-0044,Material Isaac 4 EF,76,53.89,2024-06-11 00:00:00
2864,1171,SKU-0003,Material Isaac 2 EF,195,89.98,2025-11-18 00:00:00
2865,1171,SKU-0028,Material PGS 7 EF,89,158.79,2025-11-18 00:00:00
2866,1171,SKU-0021,Material PGS 9 EF,45,79.15,2025-11-18 00:00:00
2867,1172,SKU-0905,Material Isaac 2 EM,196,218.07,2022-08-29 00:00:00
2868,1172,SKU-0004,Material Isaac 5 EF,91,85.33,2022-08-29 00:00:00
2869,1172,SKU-0057,Material COC 1 EM,138,153.68,2022-08-29 00:00:00
2870,1172,SKU-0023,Material NSE 3 EF,138,63.33,2022-08-29 00:00:00
2871,1173,SKU-0029,Material Isaac 4 EF,144,129.0,2025-01-06 00:00:00
2872,1173,SKU-0903,Material PGS 8 EF,90,22.99,2025-01-06 00:00:00
2873,1173,SKU-0022,Material NSE 1 EF,135,230.8,2025-01-06 00:00:00
2874,1174,SKU-0002,Material PGS 7 EF,156,44.41,2024-05-17 00:00:00
2875,1175,SKU-0050,Material PGS 9 EF,174,75.3,2022-11-21 00:00:00
2876,1175,SKU-0024,Material Isaac 2 EM,173,22.22,2022-11-21 00:00:00
2877,1176,SKU-0012,Material NSE 4 EF,158,90.92,2025-03-05 00:00:00
2878,1177,SKU-0904,Material SAE 1 EM,93,45.29,2023-01-25 00:00:00
2879,1177,SKU-0908,Material SAE 1 EM,51,133.79,2023-01-25 00:00:00
2880,1177,SKU-0017,Material SAE 5 EF,171,151.72,2023-01-25 00:00:00
2881,1177,SKU-0054,Material COC 3 EM,178,80.84,2023-01-25 00:00:00
2882,1178,SKU-0037,Material NSE 2 EM,167,185.25,2024-08-26 00:00:00
2883,1178,SKU-0900,Material SAE 9 EF,144,27.79,2024-08-26 00:00:00
2884,1178,SKU-0009,Material Isaac 6 EF,12,158.53,2024-08-26 00:00:00
2885,1179,SKU-0045,Material PGS 5 EF,86,106.94,2023-06-18 00:00:00
2886,1179,SKU-0011,Material PGS 7 EF,164,162.3,2023-06-18 00:00:00
2887,1179,SKU-0038,Material SAE 3 EM,105,103.73,2023-06-18 00:00:00
2888,1179,SKU-0029,Material PGS 2 EF,117,239.29,2023-06-18 00:00:00
2889,1180,SKU-0903,Material PGS 8 EF,132,21.92,2024-08-25 00:00:00
2890,1181,SKU-0011,Material COC 4 EF,140,42.7,2023-02-10 00:00:00
2891,1182,SKU-0039,Material SAE 9 EF,182,115.84,2024-03-20 00:00:00
2892,1182,SKU-0009,Material NSE 8 EF,55,66.21,2024-03-20 00:00:00
2893,1182,SKU-0011,Material PGS 7 EF,161,124.53,2024-03-20 00:00:00
2894,1183,SKU-0052,Material SAE 2 EF,130,195.34,2024-10-28 00:00:00
2895,1183,SKU-0020,Material SAE 7 EF,73,45.84,2024-10-28 00:00:00
2896,1183,SKU-0014,Material COC 4 EF,27,161.21,2024-10-28 00:00:00
2897,1183,SKU-0036,Material COC 8 EF,146,90.52,2024-10-28 00:00:00
2898,1184,SKU-0006,Material PGS 5 EF,79,178.83,2025-05-30 00:00:00
2899,1185,SKU-0908,Material Isaac 9 EF,179,248.68,2022-06-12 00:00:00
2900,1186,SKU-0047,Material COC 1 EM,108,217.5,2025-05-16 00:00:00
2901,1187,SKU-0013,Material Isaac 4 EF,36,155.05,2024-03-09 00:00:00
2902,1187,SKU-0029,Material NSE 3 EM,25,161.92,2024-03-09 00:00:00
2903,1188,SKU-0050,Material SAE 7 EF,135,237.09,2024-05-21 00:00:00
2904,1189,SKU-0026,Material SAE 7 EF,165,20.15,2024-06-24 00:00:00
2905,1190,SKU-0012,Material NSE 1 EF,66,138.45,2022-10-02 00:00:00
2906,1191,SKU-0008,Material PGS 5 EF,114,53.49,2025-03-02 00:00:00
2907,1191,SKU-0011,Material SAE 6 EF,123,84.1,2025-03-02 00:00:00
2908,1191,SKU-0037,Material SAE 1 EM,115,138.37,2025-03-02 00:00:00
2909,1192,SKU-0057,Material COC 6 EF,111,162.63,2023-02-13 00:00:00
2910,1192,SKU-0905,Material PGS 4 EF,106,116.7,2023-02-13 00:00:00
2911,1192,SKU-0005,Material PGS 2 EM,74,187.96,2023-02-13 00:00:00
2912,1193,SKU-0013,Material Isaac 4 EF,146,165.61,2025-02-02 00:00:00
2913,1193,SKU-0020,Material COC 3 EM,17,207.51,2025-02-02 00:00:00
2914,1193,SKU-0007,Material NSE 1 EF,108,229.23,2025-02-02 00:00:00
2915,1193,SKU-0904,Material PGS 1 EM,97,136.28,2025-02-02 00:00:00
2916,1194,SKU-0012,Material Isaac 9 EF,86,136.82,2024-06-27 00:00:00
2917,1194,SKU-0028,Material SAE 9 EF,17,53.49,2024-06-27 00:00:00
2918,1194,SKU-0908,Material PGS 2 EF,127,116.71,2024-06-27 00:00:00
2919,1195,SKU-0030,Material NSE 9 EF,51,244.05,2024-10-23 00:00:00
2920,1196,SKU-0027,Material PGS 2 EF,66,235.44,2023-12-23 00:00:00
2921,1196,SKU-0053,Material Isaac 1 EF,123,191.94,2023-12-23 00:00:00
2922,1197,SKU-0009,Material PGS 8 EF,30,189.77,2025-06-05 00:00:00
2923,1197,SKU-0044,Material COC 3 EM,140,26.12,2025-06-05 00:00:00
2924,1197,SKU-0014,Material COC 5 EF,147,222.37,2025-06-05 00:00:00
2925,1197,SKU-0023,Material Isaac 4 EF,179,238.35,2025-06-05 00:00:00
2926,1198,SKU-0053,Material SAE 2 EF,158,206.17,2024-10-23 00:00:00
2927,1199,SKU-0012,Material Isaac 8 EF,165,178.4,2023-05-29 00:00:00
2928,1199,SKU-0052,Material Isaac 2 EF,163,233.29,2023-05-29 00:00:00
2929,1200,SKU-0029,Material Isaac 1 EF,37,224.64,2024-08-02 00:00:00
