id_nf,numero_nf,serie_nf,id_pedido_erp_b,cnpj_cliente,nome_cliente,dt_emissao,valor_total,valor_impostos,cnpj_transportadora,nome_transportadora,codigo_rastreio,dt_prevista_entrega,dt_entrega_real,status_entrega,qtd_entregue,dt_criacao
1,NF-000001,3,346,45.494.808/3136-78,Lopes Instituto,2022-12-28,12794.57,4564.1,07901319850452,Braspress,1R8B9453YCLSS,2023-01-06,,aguardando_coleta,135,2022-12-28 00:00:00
2,NF-000002,1,800,98.169.340/6088-35,Azevedo,2024-01-30,24505.66,3138.66,07901319850452,Braspress,Q8FKPA4E7IAJY,2024-02-04,,extraviado,207,2024-01-31 00:00:00
3,NF-000003,2,972,94522885158799,Lima Centro Educacional,2025-07-28,12385.71,1458.12,55481244322208,Correios,AEHLY9VQO8FC1,2025-08-12,,em_transito,95,2025-07-28 00:00:00
4,NF-000004,2,1163,21.699.586/6934-65,Barbosa Instituto,2023-08-25,39184.21,2553.63,07901319850452,Braspress,KMZVOW0AS0I38,2023-09-03,,em_transito,110,2023-08-25 00:00:00
5,NF-000005,2,412,94.717.464/8877-19,Azevedo,2024-02-25,10567.65,1527.9,77546296934721,Jadlog,QTXFGMVNF8DQ1,2024-03-13,,em_transito,68,2024-02-25 00:00:00
6,NF-000006,2,645,29668516122753,Pinto Colégio,2024-06-29,24863.52,4688.26,50842145100973,Total Express,EDK3KPQJC2NDD,2024-07-13,,devolvido,12,2024-06-30 00:00:00
7,NF-000007,1,949,18.644.925/1925-46,Sá Escola,2023-05-09,31852.52,1353.73,07901319850452,Braspress,8CWAO7TS0N5VI,2023-05-14,,devolvido,27,2023-05-10 00:00:00
8,NF-000008,2,65,58.657.809/1343-16,Farias Escola,2024-08-07,25228.48,1656.76,55481244322208,Correios,UEHOPEYVXHPO3,2024-08-17,,aguardando_coleta,4,2024-08-07 00:00:00
9,NF-000009,1,227,87.083.172/7889-57,Souza Centro Educacional,2025-05-01,10495.09,4959.13,77546296934721,Jadlog,MRX4KAAYNM0ND,2025-05-21,,extraviado,30,2025-05-02 00:00:00
10,NF-000010,1,917,71.012.269/1669-78,Pastor,2024-03-31,22751.1,910.9,55481244322208,Correios,CJQLMOM3IO6XS,2024-04-10,2024-04-18,entregue,325,2024-03-31 00:00:00
11,NF-000011,3,889,17.381.684/6022-35,Sampaio Colégio,2022-01-21,11302.32,134.19,52000633388700,Sequoia Log,GQ9I046DPUWOF,2022-02-04,,extraviado,91,2022-01-21 00:00:00
12,NF-000012,1,428,07.903.067/3830-28,da Instituto,2022-04-02,13022.85,3774.95,52000633388700,Sequoia Log,6QEAYDM18FDSW,2022-04-21,2022-04-16,entregue,147,2022-04-02 00:00:00
13,NF-000013,1,166,42.087.375/3001-19,Barros Centro Educacional,2022-08-10,1915.63,2182.32,55481244322208,Correios,GNOUVA2UTF1AS,2022-08-24,,devolvido,66,2022-08-10 00:00:00
14,NF-000014,1,1198,10.512.382/8258-67,Azevedo Leão - ME,2024-10-28,22856.51,4877.77,52000633388700,Sequoia Log,O20XNCA6DPV3B,2024-11-09,,em_transito,147,2024-10-29 00:00:00
15,NF-000015,3,844,07.903.067/3830-28,da Instituto,2025-05-02,41441.98,905.38,07901319850452,Braspress,8U03EZ2FAXQOS,2025-05-10,2025-05-11,entregue,247,2025-05-02 00:00:00
16,NF-000016,1,148,09.130.756/2636-89,Alves Escola,2023-11-19,28703.12,4832.4,07901319850452,Braspress,CPE9PYOU00NCV,2023-11-24,,devolvido,45,2023-11-20 00:00:00
17,NF-000017,1,405,14.562.328/5884-24,Jesus,2023-10-08,14029.62,3921.72,50842145100973,Total Express,IA8095J5M8O9R,2023-10-20,,em_transito,58,2023-10-09 00:00:00
18,NF-000018,3,1072,76936763201632,Souza Novais - EI,2025-09-01,6602.77,4081.74,52000633388700,Sequoia Log,7SABQDKNN3S1N,2025-09-13,,aguardando_coleta,283,2025-09-01 00:00:00
19,NF-000019,1,805,59.910.229/0147-67,da Colégio,2024-03-08,40704.21,3362.79,52000633388700,Sequoia Log,9S0WJMHMASKOZ,2024-03-15,2024-04-04,entregue,47,2024-03-09 00:00:00
20,NF-000020,1,1169,35.408.386/6317-79,da Luz Ribeiro S/A,2023-04-01,21517.85,1361.74,50842145100973,Total Express,49E1KO78J9TVE,2023-04-15,,em_transito,11,2023-04-02 00:00:00
21,NF-000021,1,126,27.849.808/4124-11,Castro,2023-09-23,48286.69,170.67,52000633388700,Sequoia Log,AV0M6JUQG2441,2023-10-01,2023-09-26,entregue,330,2023-09-24 00:00:00
22,NF-000022,2,775,67.528.953/9264-42,Duarte,2023-12-30,21423.17,86.0,52000633388700,Sequoia Log,OWB3X765411OK,2024-01-10,,em_transito,13,2023-12-31 00:00:00
23,NF-000023,2,41,03.397.401/4890-25,Sampaio Centro Educacional,2023-11-17,29313.74,1569.83,07901319850452,Braspress,HNELXYB9NDZ2E,2023-12-06,2023-12-01,entregue,66,2023-11-18 00:00:00
24,NF-000024,1,239,73.158.514/9368-99,da Colégio,2025-01-11,29698.91,4183.57,55481244322208,Correios,AVJO5UQ4HMWTH,2025-01-25,,devolvido,409,2025-01-11 00:00:00
25,NF-000025,1,1023,37.575.844/1986-65,Peixoto - ME,2022-10-05,2456.9,3521.46,07901319850452,Braspress,5OU707GD8R31F,2022-10-18,,devolvido,33,2022-10-05 00:00:00
26,NF-000026,1,622,59.856.420/5930-40,Lopes Instituto,2024-04-03,10725.47,1179.0,52000633388700,Sequoia Log,JHP6E30130X30,2024-04-13,,aguardando_coleta,180,2024-04-04 00:00:00
27,NF-000027,3,334,19.431.142/6265-51,Sá,2022-05-04,10116.28,2520.16,55481244322208,Correios,IJYAH9MCK3DGM,2022-05-17,,extraviado,4,2022-05-04 00:00:00
28,NF-000028,3,83,42.087.375/3001-19,Barros Centro Educacional,2023-06-14,1467.2,4401.88,50842145100973,Total Express,KJBAJGFMNIL5J,2023-06-29,2023-06-29,entregue,117,2023-06-14 00:00:00
29,NF-000029,3,796,66.912.517/7852-89,Fonseca Instituto,2025-02-19,34165.21,568.95,55481244322208,Correios,0KHVX324KH38H,2025-03-06,,devolvido,15,2025-02-19 00:00:00
30,NF-000030,1,266,37.770.143/6349-57,Marques Escola,2025-02-14,36781.03,3966.91,55481244322208,Correios,QNILEHDC3PXUU,2025-02-19,2025-02-19,entregue,268,2025-02-15 00:00:00
31,NF-000031,2,1095,00.978.820/8121-91,Santos Azevedo S/A,2023-08-04,13676.32,793.08,07901319850452,Braspress,CCQNYVHPK8RNF,2023-08-10,,aguardando_coleta,263,2023-08-05 00:00:00
32,NF-000032,1,190,74.741.124/9035-21,Caldeira Centro Educacional,2024-03-18,46438.79,1169.42,07901319850452,Braspress,QRPICQ5YOHSTU,2024-03-27,,em_transito,53,2024-03-19 00:00:00
33,NF-000033,2,521,35403317393638,Borges,2022-07-31,46099.8,4299.83,77546296934721,Jadlog,DR460SZTW6R9R,2022-08-07,2022-08-09,entregue,491,2022-08-01 00:00:00
34,NF-000034,3,661,36.226.609/3796-60,Nogueira Centro Educacional,2025-08-09,19321.16,2514.68,55481244322208,Correios,E2Q2Z6JMU25K2,2025-08-29,,em_transito,29,2025-08-09 00:00:00
35,NF-000035,3,191,58657809134316,Farias Escola,2023-05-02,40406.74,4966.84,07901319850452,Braspress,81ZBW3YD57FFT,2023-05-09,2023-05-09,entregue,116,2023-05-03 00:00:00
36,NF-000036,1,87,69901627204653,Vieira Colégio,2023-10-25,20436.8,1604.15,07901319850452,Braspress,HREJDYS9ULNIZ,2023-11-10,2023-10-30,entregue,352,2023-10-25 00:00:00
37,NF-000037,2,652,57.120.826/7734-54,Gomes Colégio,2022-03-10,18191.14,273.28,52000633388700,Sequoia Log,3TJVRQ2RYK4EX,2022-03-23,,em_transito,27,2022-03-11 00:00:00
38,NF-000038,2,1179,35.403.317/3936-38,Borges,2023-07-08,24377.04,3057.87,52000633388700,Sequoia Log,YYKBU4E441MJD,2023-07-27,,aguardando_coleta,354,2023-07-08 00:00:00
39,NF-000039,2,263,82300478686337,Pimenta Centro Educacional,2025-08-07,22448.75,2786.11,07901319850452,Braspress,LZ1DMNEMIZH7D,2025-08-14,,aguardando_coleta,25,2025-08-08 00:00:00
40,NF-000040,1,710,00623120387509,Silva Instituto,2025-09-02,11144.13,2689.99,50842145100973,Total Express,A43VJK8FL2OFW,2025-09-22,2025-09-20,entregue,199,2025-09-02 00:00:00
41,NF-000041,2,546,73799650752735,Camargo,2022-10-20,11969.11,1746.76,55481244322208,Correios,53VVGVVS3ORVF,2022-11-09,,extraviado,324,2022-10-20 00:00:00
42,NF-000042,1,618,73799650752735,Camargo,2025-08-11,27417.8,2957.9,55481244322208,Correios,FFRFFLRUGY3RW,2025-08-31,,aguardando_coleta,58,2025-08-11 00:00:00
43,NF-000043,1,61,48.086.131/7127-48,Campos Instituto,2025-10-29,38336.96,3230.18,50842145100973,Total Express,CPXBLCI0ETN83,2025-11-05,2025-11-17,entregue,487,2025-10-30 00:00:00
44,NF-000044,1,1124,75.564.641/7080-53,Gomes - ME,2025-01-18,7795.08,362.4,55481244322208,Correios,FHKBXCWB3YJSH,2025-01-23,,aguardando_coleta,45,2025-01-19 00:00:00
45,NF-000045,1,989,73.799.650/7527-35,Camargo,2023-01-01,27078.08,4077.65,52000633388700,Sequoia Log,SGA6T9P1JHLPX,2023-01-21,,extraviado,397,2023-01-01 00:00:00
46,NF-000046,1,1141,43.959.953/4283-64,Lopes Viana - EI,2024-05-19,14025.58,3421.2,52000633388700,Sequoia Log,2Q9YVAM8IGHZ8,2024-06-07,,em_transito,119,2024-05-19 00:00:00
47,NF-000047,3,92,52.431.069/0331-19,Novaes Escola,2024-01-14,1726.53,1742.75,07901319850452,Braspress,0ECIG0GJVE870,2024-01-24,,extraviado,58,2024-01-15 00:00:00
48,NF-000048,1,146,54.353.462/4751-07,Brito Escola,2023-12-20,31589.38,466.01,77546296934721,Jadlog,6T7O4HJ0FTQY7,2024-01-04,,devolvido,26,2023-12-20 00:00:00
49,NF-000049,1,650,08621182339845,Casa Colégio,2023-07-10,18149.54,1451.9,77546296934721,Jadlog,H33P9AYXCW8L3,2023-07-20,,em_transito,77,2023-07-10 00:00:00
50,NF-000050,1,1029,98.169.340/6088-35,Azevedo,2024-07-23,2148.7,2737.34,50842145100973,Total Express,CXFRAIH0N4WX9,2024-07-30,2024-08-16,entregue,165,2024-07-23 00:00:00
51,NF-000051,3,1045,85.807.836/1340-74,Mendonça Colégio,2024-09-01,22319.69,4942.04,52000633388700,Sequoia Log,AN2ZGHLYA04B2,2024-09-08,,extraviado,27,2024-09-01 00:00:00
52,NF-000052,2,538,17.381.684/6022-35,Sampaio Colégio,2025-09-27,29743.34,4539.77,07901319850452,Braspress,O0KXI49DAC25Y,2025-10-02,,extraviado,102,2025-09-27 00:00:00
53,NF-000053,2,1121,70.348.247/7109-32,Macedo,2024-09-15,29667.47,581.76,52000633388700,Sequoia Log,SUNTTHRHBTBPM,2024-09-26,,extraviado,59,2024-09-15 00:00:00
54,NF-000054,1,47,29667066253244,Azevedo,2023-11-16,31078.44,4426.82,55481244322208,Correios,M3AWOJDQI8MRN,2023-12-02,,extraviado,25,2023-11-16 00:00:00
55,NF-000055,2,215,54.589.297/5001-70,Barros Escola,2025-10-10,42619.14,4679.29,52000633388700,Sequoia Log,FM1SB19NCRS5U,2025-10-27,,aguardando_coleta,432,2025-10-11 00:00:00
56,NF-000056,1,518,59.774.688/6239-24,Freitas da Paz S.A.,2022-03-13,20359.6,4843.93,07901319850452,Braspress,QLG4KJM3ORL26,2022-03-23,,devolvido,107,2022-03-13 00:00:00
57,NF-000057,1,109,29.991.191/4856-46,Guerra Centro Educacional,2022-03-06,39373.0,4807.56,77546296934721,Jadlog,XEHZ4X4Q1QA95,2022-03-13,,extraviado,84,2022-03-06 00:00:00
58,NF-000058,1,1038,62.462.873/3427-08,Macedo Escola,2022-09-09,42527.6,1825.69,77546296934721,Jadlog,0WDGC5AM98C36,2022-09-19,,devolvido,348,2022-09-10 00:00:00
59,NF-000059,2,52,21.699.586/6934-65,Barbosa Instituto,2022-06-02,23079.56,1461.53,07901319850452,Braspress,SDNIDFV4C46MW,2022-06-15,2022-06-18,entregue,61,2022-06-02 00:00:00
60,NF-000060,3,140,29.121.277/5618-53,Barbosa Pastor e Filhos,2025-08-14,28558.62,1791.85,77546296934721,Jadlog,OR7I6TVES2RI2,2025-08-20,2025-08-31,entregue,236,2025-08-14 00:00:00
61,NF-000061,1,281,82.300.478/6863-37,Pimenta Centro Educacional,2024-04-22,2353.62,837.87,52000633388700,Sequoia Log,VFUIP63K23N0G,2024-05-04,,em_transito,451,2024-04-22 00:00:00
62,NF-000062,1,676,64.235.369/3785-47,Melo Pimenta S/A,2023-10-29,21460.31,2972.43,07901319850452,Braspress,0BSE8RZ9JA9JD,2023-11-05,,em_transito,194,2023-10-29 00:00:00
63,NF-000063,3,26,10.469.632/5953-27,da Colégio,2023-09-23,16010.38,555.89,55481244322208,Correios,56PX9Q26TPBPP,2023-10-11,,aguardando_coleta,117,2023-09-23 00:00:00
64,NF-000064,1,463,47143455812236,Fonseca Centro Educacional,2025-09-19,34776.06,1590.94,77546296934721,Jadlog,5R5IZWJR4RD66,2025-09-29,2204-09-19,entregue,103,2025-09-20 00:00:00
65,NF-000065,2,954,81.491.778/5079-25,da Costa Cardoso - ME,2025-06-11,24265.71,4612.94,07901319850452,Braspress,T27RGVEL3F0HB,2025-06-27,,extraviado,22,2025-06-12 00:00:00
66,NF-000066,3,681,60.083.505/8300-33,Melo Instituto,2023-03-14,37570.98,4268.54,77546296934721,Jadlog,NWLRSLQB8TDXR,2023-03-23,2023-03-26,entregue,474,2023-03-14 00:00:00
67,NF-000067,3,609,62120216979729,Pastor Centro Educacional,2023-10-03,43506.07,3960.58,55481244322208,Correios,DY52TYU2OZW9A,2023-10-18,,extraviado,147,2023-10-03 00:00:00
68,NF-000068,2,682,67528953926442,Duarte,2022-10-02,15197.63,4374.56,50842145100973,Total Express,85Q1PX6HXLX0F,2022-10-21,,aguardando_coleta,32,2022-10-03 00:00:00
69,NF-000069,2,114,18.644.925/1925-46,Sá Escola,2024-01-26,14916.41,4822.65,50842145100973,Total Express,FYM3XMLTKA726,2024-02-12,2024-02-20,entregue,169,2024-01-27 00:00:00
70,NF-000070,2,759,85.807.836/1340-74,Mendonça Colégio,2025-06-10,13440.57,3867.03,50842145100973,Total Express,KA14Y8AFEFK9I,2025-06-15,,em_transito,26,2025-06-11 00:00:00
71,NF-000071,3,1122,41.036.971/1798-08,Carvalho Ltda.,2025-02-25,39499.03,630.18,07901319850452,Braspress,Y7AVKHAF8UFEX,2025-03-13,,devolvido,6,2025-02-25 00:00:00
72,NF-000072,1,1154,03.926.142/9396-85,Novais S.A.,2023-04-07,31922.93,4382.22,77546296934721,Jadlog,VJV5LE8INJUI1,2023-04-21,,aguardando_coleta,4,2023-04-08 00:00:00
73,NF-000073,3,118,18.227.824/8963-83,Teixeira Fernandes S/A,2022-05-17,43396.43,514.62,50842145100973,Total Express,0LORXHYDUZYR9,2022-05-26,2022-05-28,entregue,121,2022-05-18 00:00:00
74,NF-000074,1,220,61201836675254,Cassiano Escola,2024-07-30,19105.21,2235.98,07901319850452,Braspress,XUCV6DZQGUFJH,2024-08-04,,em_transito,44,2024-07-30 00:00:00
75,NF-000075,3,1135,17381684602235,Sampaio Colégio,2024-02-27,13972.34,3059.73,77546296934721,Jadlog,WXUB4DS1EO5J1,2024-03-10,,aguardando_coleta,136,2024-02-27 00:00:00
76,NF-000076,2,757,85.807.836/1340-74,Mendonça Colégio,2022-06-19,4038.71,4356.11,50842145100973,Total Express,R441CAZO4PY19,2022-06-27,,aguardando_coleta,114,2022-06-19 00:00:00
77,NF-000077,2,642,35680442067883,Vieira - EI,2022-08-11,33768.33,4458.92,07901319850452,Braspress,SOVS2SLZZ4NVK,2022-08-23,,extraviado,446,2022-08-12 00:00:00
78,NF-000078,1,703,28.498.776/9453-14,Vargas Escola,2022-08-02,1472.02,3335.38,77546296934721,Jadlog,VHIUN28UW5XXM,2022-08-13,2022-09-01,entregue,450,2022-08-02 00:00:00
79,NF-000079,2,178,56.924.593/7526-54,Porto da Mota - EI,2023-05-20,33071.11,3542.18,55481244322208,Correios,VC5958W6GVGE1,2023-05-28,,extraviado,177,2023-05-20 00:00:00
80,NF-000080,3,514,06537947383473,Azevedo Escola,2022-08-24,32958.51,423.91,07901319850452,Braspress,590NBL9L1DQLS,2022-09-07,,aguardando_coleta,40,2022-08-25 00:00:00
81,NF-000081,1,98,30.958.498/2544-94,Gomes Instituto,2023-10-27,42789.2,4070.15,77546296934721,Jadlog,CTJM5O43RQCU9,2023-11-11,,devolvido,85,2023-10-27 00:00:00
82,NF-000082,3,1184,59.774.688/6239-24,Freitas da Paz S.A.,2025-06-09,14194.27,2380.53,07901319850452,Braspress,FNHI3D0R5DXED,2025-06-23,,em_transito,63,2025-06-10 00:00:00
83,NF-000083,1,523,10.033.092/3271-93,Moura,2023-08-18,18394.63,429.2,07901319850452,Braspress,4PTK3TEWQ2BV9,2023-09-03,2023-09-12,entregue,302,2023-08-19 00:00:00
84,NF-000084,3,1005,40781618495931,Pastor Instituto,2023-10-29,3452.62,551.77,77546296934721,Jadlog,VLQUIEU638VQN,2023-11-05,,em_transito,375,2023-10-29 00:00:00
85,NF-000085,2,594,11382675869261,Caldeira Instituto,2023-08-17,9356.39,420.39,55481244322208,Correios,DRZJTSJWLASRM,2023-08-30,,aguardando_coleta,28,2023-08-17 00:00:00
86,NF-000086,3,974,66179796886805,da Costa,2022-07-18,7214.47,337.06,52000633388700,Sequoia Log,BCNT6G1XNK44S,2022-08-05,2022-08-10,entregue,83,2022-07-18 00:00:00
87,NF-000087,2,936,84422583132370,Nogueira Andrade Ltda.,2023-05-21,40660.2,3287.26,55481244322208,Correios,XQNXKXK8BGEKY,2023-06-10,2023-06-15,entregue,227,2023-05-22 00:00:00
88,NF-000088,2,771,59.910.229/0147-67,da Colégio,2025-06-02,47395.76,1765.92,52000633388700,Sequoia Log,VS9AFZK27KHRZ,2025-06-16,,devolvido,24,2025-06-02 00:00:00
89,NF-000089,1,569,47312172715518,Camargo S/A,2022-05-04,33841.52,4518.43,77546296934721,Jadlog,EM6TBNF0DH1VG,2022-05-19,,extraviado,120,2022-05-05 00:00:00
90,NF-000090,2,828,35.680.442/0678-83,Vieira - EI,2024-04-29,3980.75,1879.92,07901319850452,Braspress,VH12ES17WLJ5J,2024-05-09,,devolvido,47,2024-04-30 00:00:00
91,NF-000091,3,453,58997571130554,Machado,2022-10-22,11095.21,3066.75,52000633388700,Sequoia Log,L3HMQKV5RXVAH,2022-11-01,2022-11-17,entregue,395,2022-10-23 00:00:00
92,NF-000092,2,1014,17381684602235,Sampaio Colégio,2025-10-29,49626.63,2955.67,55481244322208,Correios,6QT21NI7QY4N5,2025-11-06,2025-11-12,entregue,207,2025-10-29 00:00:00
93,NF-000093,1,983,74529912419049,Novaes Instituto,2025-08-16,29131.74,4039.54,77546296934721,Jadlog,ACODWVL7CM30O,2025-08-26,,devolvido,56,2025-08-17 00:00:00
94,NF-000094,1,304,04.637.454/9904-53,Ribeiro,2023-01-16,5743.12,3374.75,55481244322208,Correios,EL02X03ZBY1OF,2023-02-01,,extraviado,43,2023-01-16 00:00:00
95,NF-000095,2,280,74.687.234/3098-05,Oliveira Centro Educacional,2025-10-28,15725.16,2094.33,77546296934721,Jadlog,3CPFSO7TYIZJ0,2025-11-05,,devolvido,65,2025-10-28 00:00:00
96,NF-000096,3,1011,23.166.587/6036-69,Carvalho Moraes - ME,2022-02-18,42238.48,4904.24,07901319850452,Braspress,MALU246L7LUJL,2022-03-10,,extraviado,227,2022-02-18 00:00:00
97,NF-000097,3,579,57.120.826/7734-54,Gomes Colégio,2025-11-13,41693.66,915.74,07901319850452,Braspress,IVCEM2MMXFKD2,2025-12-03,,aguardando_coleta,3,2025-11-13 00:00:00
98,NF-000098,1,654,86571918261990,das Colégio,2025-06-20,7370.11,3085.95,77546296934721,Jadlog,U92QO4VZHNHVJ,2025-06-28,2025-06-27,entregue,277,2025-06-20 00:00:00
99,NF-000099,1,172,41.928.327/6483-50,da Conceição Montenegro - EI,2025-04-19,7153.98,1930.62,07901319850452,Braspress,J23WX2KWJ1Q6J,2025-05-09,,extraviado,16,2025-04-20 00:00:00
100,NF-000100,1,958,03579727985524,da Centro Educacional,2025-11-25,27396.21,719.74,07901319850452,Braspress,9IGX592REZZ2F,2025-12-02,,aguardando_coleta,77,2025-11-25 00:00:00
101,NF-000101,3,928,37770143634957,Marques Escola,2023-04-23,3064.32,4683.56,50842145100973,Total Express,NQC7TT95C1AI0,2023-05-10,,aguardando_coleta,313,2023-04-24 00:00:00
102,NF-000102,1,802,51256746807154,Cunha,2022-11-28,31431.99,2872.86,77546296934721,Jadlog,AVTEXK30GFZS8,2022-12-05,,aguardando_coleta,197,2022-11-29 00:00:00
103,NF-000103,1,493,56.670.106/5133-38,Nascimento,2023-11-30,21409.85,3220.74,50842145100973,Total Express,5JLFR38MI3HKF,2023-12-12,,aguardando_coleta,12,2023-11-30 00:00:00
104,NF-000104,3,82,29.387.005/1627-13,da Escola,2022-04-12,47117.61,4957.11,07901319850452,Braspress,2MSQJ1410AY5T,2022-04-20,2022-04-17,entregue,302,2022-04-12 00:00:00
105,NF-000105,1,586,60083505830033,Melo Instituto,2025-12-16,20275.05,2515.86,77546296934721,Jadlog,6I1Z13UB61ZS4,2025-12-24,,em_transito,311,2025-12-17 00:00:00
106,NF-000106,3,487,64235369378547,Melo Pimenta S/A,2025-09-09,1639.43,2621.93,50842145100973,Total Express,JGLSV0FI26S7O,2025-09-27,2025-10-03,entregue,552,2025-09-10 00:00:00
107,NF-000107,3,132,57120826773454,Gomes Colégio,2022-07-28,24745.67,740.96,77546296934721,Jadlog,Z88UXI2E1JX39,2022-08-14,,em_transito,209,2022-07-29 00:00:00
108,NF-000108,1,690,14.562.328/5884-24,Jesus,2022-03-23,23501.44,2523.18,07901319850452,Braspress,0JYAF2BWI7K3Y,2022-04-06,2022-04-10,entregue,413,2022-03-23 00:00:00
109,NF-000109,2,399,20.455.611/0022-55,Vasconcelos Colégio,2023-08-10,26969.7,1153.03,52000633388700,Sequoia Log,VKSJ6LVPXKQ9D,2023-08-17,,aguardando_coleta,47,2023-08-11 00:00:00
110,NF-000110,3,235,47.743.490/2115-86,da Costa e Filhos,2025-02-09,21945.66,4805.78,50842145100973,Total Express,B01RJZX5RYR2J,2025-02-26,,devolvido,194,2025-02-09 00:00:00
111,NF-000111,2,175,42087375300119,Barros Centro Educacional,2022-10-11,49470.36,4570.22,52000633388700,Sequoia Log,0JRV3Q1IN0BX8,2022-10-24,,em_transito,442,2022-10-11 00:00:00
112,NF-000112,2,520,04.637.454/9904-53,Ribeiro,2022-11-13,30212.12,2361.43,55481244322208,Correios,ZVEVC7IC1377L,2022-11-22,2022-12-06,entregue,86,2022-11-14 00:00:00
113,NF-000113,3,214,68548709986162,Borges Instituto,2026-01-06,15950.15,818.08,52000633388700,Sequoia Log,GOHOBMSJ9ISBB,2026-01-21,,extraviado,160,2026-01-06 00:00:00
114,NF-000114,2,277,62.208.635/3654-19,Sampaio,2024-11-22,20150.56,976.78,55481244322208,Correios,MOF9Q3GY28B63,2024-12-07,,em_transito,13,2024-11-23 00:00:00
115,NF-000115,1,500,82.417.248/2513-53,da Rosa Albuquerque e Filhos,2025-11-28,12641.31,3052.12,55481244322208,Correios,2XFRYZWEL8FM4,2025-12-06,,extraviado,35,2025-11-29 00:00:00
116,NF-000116,1,481,87.083.172/7889-57,Souza Centro Educacional,2024-12-12,46228.2,3727.31,55481244322208,Correios,KAFAVO5HFPRXG,2024-12-27,2024-12-18,entregue,110,2024-12-12 00:00:00
117,NF-000117,1,225,60.898.992/1722-33,Sales Instituto,2025-08-03,12051.95,3299.12,55481244322208,Correios,6APJA5IQTRSQ7,2025-08-09,,extraviado,108,2025-08-04 00:00:00
118,NF-000118,3,965,19431142626551,Sá,2024-03-26,34280.69,2651.16,52000633388700,Sequoia Log,2DG3DM525FA8B,2024-04-10,,extraviado,90,2024-03-26 00:00:00
119,NF-000119,1,438,43.842.797/8819-14,Leão,2025-06-21,38712.39,1968.22,77546296934721,Jadlog,5FCAXNIG1RJMJ,2025-06-29,,devolvido,342,2025-06-21 00:00:00
120,NF-000120,1,445,84.866.618/8924-14,Ferreira S.A.,2022-10-17,16082.96,2577.68,50842145100973,Total Express,CM7LX6QCCK3QT,2022-11-01,,em_transito,22,2022-10-17 00:00:00
121,NF-000121,2,816,83.046.990/1398-37,Ribeiro Centro Educacional,2023-10-23,43797.61,3206.32,55481244322208,Correios,5NJLM0T2QUSV9,2023-11-03,2023-11-06,entregue,26,2023-10-24 00:00:00
122,NF-000122,3,603,37770143634957,Marques Escola,2024-03-16,13403.8,2659.96,07901319850452,Braspress,8O3P5UMKUAAWA,2024-03-21,,em_transito,5,2024-03-17 00:00:00
123,NF-000123,1,259,97.700.886/0084-84,Guerra,2025-04-02,8849.14,75.25,52000633388700,Sequoia Log,RFP7EESPKYA2I,2025-04-20,,aguardando_coleta,146,2025-04-02 00:00:00
124,NF-000124,1,1041,50821486289023,Fogaça Instituto,2025-10-09,11680.33,4679.9,52000633388700,Sequoia Log,D3YW5CUEYP52O,2025-10-20,,aguardando_coleta,11,2025-10-09 00:00:00
125,NF-000125,1,672,46584044997278,Pastor Instituto,2022-10-20,41752.26,3586.95,07901319850452,Braspress,2FO4EZP98Y33S,2022-11-09,2022-11-02,entregue,43,2022-10-21 00:00:00
126,NF-000126,1,659,65676618251286,Rocha Escola,2022-04-08,15614.0,1299.5,07901319850452,Braspress,CLGRP1OKP92AR,2022-04-21,,em_transito,306,2022-04-09 00:00:00
127,NF-000127,1,164,45.494.808/3136-78,Lopes Instituto,2023-01-28,49153.15,4596.97,55481244322208,Correios,DT6V9N3SDSKE6,2023-02-04,,em_transito,42,2023-01-29 00:00:00
128,NF-000128,2,649,03.926.142/9396-85,Novais S.A.,2023-07-11,16092.18,1935.7,07901319850452,Braspress,698K229ENV4YC,2023-07-16,,em_transito,33,2023-07-12 00:00:00
129,NF-000129,1,459,75588675339636,Pastor Câmara S/A,2023-07-23,18197.9,1039.92,55481244322208,Correios,OGR9HP0TU7X7F,2023-07-28,2023-07-29,entregue,448,2023-07-23 00:00:00
130,NF-000130,2,115,65.047.735/8662-96,Rios Colégio,2025-01-29,24697.32,1299.26,55481244322208,Correios,HKD8NCPLN7BJ2,2025-02-04,2025-02-20,entregue,156,2025-01-30 00:00:00
131,NF-000131,3,871,22.842.102/0539-50,Martins,2023-01-31,9304.45,2838.51,07901319850452,Braspress,R8VMKBNUWM1I6,2023-02-16,2023-02-07,entregue,81,2023-01-31 00:00:00
132,NF-000132,1,394,35.408.386/6317-79,da Luz Ribeiro S/A,2023-12-27,16983.78,4322.45,52000633388700,Sequoia Log,JCX10N43NPPC1,2024-01-14,,devolvido,20,2023-12-28 00:00:00
133,NF-000133,2,397,86.874.034/5054-15,da Cunha,2022-09-12,7283.29,3532.75,50842145100973,Total Express,1D5E5A65RX590,2022-09-24,,extraviado,214,2022-09-12 00:00:00
134,NF-000134,2,976,66.179.796/8868-05,da Costa,2024-04-10,26375.52,2215.68,77546296934721,Jadlog,HUQYK257AOEV1,2024-04-16,2024-04-16,entregue,308,2024-04-10 00:00:00
135,NF-000135,2,1017,86.874.034/5054-15,da Cunha,2022-11-18,46395.61,532.98,52000633388700,Sequoia Log,1PXG3KZQUUYHV,2022-12-04,2022-11-23,entregue,108,2022-11-19 00:00:00
136,NF-000136,1,490,48086131712748,Campos Instituto,2024-07-10,26849.01,2349.36,77546296934721,Jadlog,HRFOS7KJKA8P3,2024-07-18,,devolvido,118,2024-07-11 00:00:00
137,NF-000137,3,210,98.687.277/4348-73,Pacheco,2024-01-09,12602.59,3116.22,52000633388700,Sequoia Log,N188THYQ00VNA,2024-01-26,2024-02-01,entregue,263,2024-01-09 00:00:00
138,NF-000138,3,19,05153195205852,Silva Fernandes S.A.,2023-06-01,1824.43,3581.28,52000633388700,Sequoia Log,18M7MDW82Y1UH,2023-06-10,,em_transito,54,2023-06-01 00:00:00
139,NF-000139,1,404,72.624.731/7810-80,Garcia Escola,2022-06-02,34094.33,2283.52,52000633388700,Sequoia Log,2VQTNHJ479J1U,2022-06-17,,extraviado,86,2022-06-03 00:00:00
140,NF-000140,1,413,89.113.529/0965-61,Farias,2025-10-21,23859.37,156.78,55481244322208,Correios,42ZZ2PJD53SOB,2025-10-29,2025-10-15,entregue,367,2025-10-21 00:00:00
141,NF-000141,1,314,66.929.662/7828-27,Teixeira - EI,2025-09-15,7042.13,2416.65,07901319850452,Braspress,D876D73MP2JS5,2025-09-26,,extraviado,99,2025-09-16 00:00:00
142,NF-000142,1,168,84.866.618/8924-14,Ferreira S.A.,2025-07-28,15615.34,2657.22,55481244322208,Correios,873PZ181AVCG2,2025-08-06,,aguardando_coleta,12,2025-07-29 00:00:00
143,NF-000143,3,458,12770632424154,Carvalho,2022-11-23,15212.1,871.03,55481244322208,Correios,5PDDW2QUPUUDJ,2022-12-06,,em_transito,127,2022-11-23 00:00:00
144,NF-000144,1,1033,10.276.773/5925-55,Alves Centro Educacional,2025-01-06,40397.43,258.57,07901319850452,Braspress,Z0CBRDCDTLFN1,2025-01-12,2025-01-23,entregue,74,2025-01-06 00:00:00
145,NF-000145,2,1175,30.564.139/5376-72,Novais S.A.,2022-11-30,46514.1,3426.79,77546296934721,Jadlog,T6JBA8EN4AO8E,2022-12-20,,aguardando_coleta,266,2022-12-01 00:00:00
146,NF-000146,2,57,28.498.776/9453-14,Vargas Escola,2024-12-29,19150.43,377.12,55481244322208,Correios,KNVVCMW0KAV07,2025-01-15,2025-01-10,entregue,481,2024-12-30 00:00:00
147,NF-000147,2,1081,95.134.332/0037-91,Carvalho Colégio,2022-07-02,10340.35,2374.46,07901319850452,Braspress,T03DSN049LKNV,2022-07-12,,devolvido,201,2022-07-02 00:00:00
148,NF-000148,3,435,62.962.015/3368-84,Fernandes Escola,2024-06-07,42262.33,2636.7,52000633388700,Sequoia Log,8OC70YPIFOLM1,2024-06-12,,devolvido,141,2024-06-08 00:00:00
149,NF-000149,1,870,58.997.571/1305-54,Machado,2023-12-02,19120.66,501.38,07901319850452,Braspress,5ADCMNZAE2M1M,2023-12-16,,em_transito,54,2023-12-02 00:00:00
150,NF-000150,2,628,00.499.154/7887-28,Abreu Colégio,2025-05-01,15584.45,3881.9,55481244322208,Correios,NC1Y5JUGOX8DQ,2025-05-16,,aguardando_coleta,125,2025-05-01 00:00:00
151,NF-000151,1,330,56.924.593/7526-54,Porto da Mota - EI,2025-07-31,9687.49,4167.39,55481244322208,Correios,6Q6NMBU04A2XV,2025-08-14,,devolvido,97,2025-08-01 00:00:00
152,NF-000152,3,727,84.422.583/1323-70,Nogueira Andrade Ltda.,2023-02-28,16329.09,2025.71,07901319850452,Braspress,Y8DOW5G6XK6A9,2023-03-12,,em_transito,50,2023-03-01 00:00:00
153,NF-000153,3,134,74.687.234/3098-05,Oliveira Centro Educacional,2023-07-29,35518.41,4156.83,07901319850452,Braspress,AJ5IZ1X7U0PCZ,2023-08-06,,em_transito,259,2023-07-30 00:00:00
154,NF-000154,3,185,72099934768701,Albuquerque,2023-09-17,29311.34,4634.2,52000633388700,Sequoia Log,6OXYJE4GWXJ9X,2023-10-05,2023-09-29,entregue,324,2023-09-18 00:00:00
155,NF-000155,1,920,51.713.395/9629-23,Mendonça,2023-07-30,29080.54,2360.17,77546296934721,Jadlog,NASKS1WM1K79V,2023-08-11,,extraviado,31,2023-07-31 00:00:00
156,NF-000156,1,24,99.799.552/7177-44,Leão Escola,2023-04-11,31795.23,1043.95,77546296934721,Jadlog,6RZNOW101ETMS,2023-04-20,,extraviado,14,2023-04-12 00:00:00
157,NF-000157,3,941,51823374989413,Montenegro Centro Educacional,2022-12-11,32015.61,4284.66,55481244322208,Correios,ENIXJFLJ14BI1,2022-12-20,2022-12-22,entregue,407,2022-12-11 00:00:00
158,NF-000158,3,1076,60.083.505/8300-33,Melo Instituto,2023-10-09,45135.38,2223.18,77546296934721,Jadlog,H4ZV1BA1RK5CX,2023-10-26,,aguardando_coleta,87,2023-10-10 00:00:00
159,NF-000159,1,1002,37575844198665,Peixoto - ME,2023-02-23,19982.56,3733.63,50842145100973,Total Express,IPGIK9UAC06XN,2023-03-15,,extraviado,179,2023-02-23 00:00:00
160,NF-000160,3,945,40.892.687/0568-56,Martins,2025-12-29,49119.89,4754.47,07901319850452,Braspress,9SNLKE4LC6XZQ,2026-01-07,,devolvido,131,2025-12-29 00:00:00
161,NF-000161,3,1105,23046184992618,Barbosa Escola,2022-12-31,46020.62,149.92,07901319850452,Braspress,2EE3MEYAMW0V9,2023-01-20,,em_transito,167,2023-01-01 00:00:00
162,NF-000162,1,952,00.978.820/8121-91,Santos Azevedo S/A,2022-07-27,31641.64,1498.87,52000633388700,Sequoia Log,BMSZZGNG6IL2N,2022-08-11,,em_transito,83,2022-07-27 00:00:00
163,NF-000163,1,613,50142940196556,Andrade Dias - ME,2024-07-24,6707.31,1657.76,55481244322208,Correios,V3PY3WNUP19W5,2024-08-08,2024-08-23,entregue,246,2024-07-24 00:00:00
164,NF-000164,3,632,99.371.240/6596-57,Sá,2024-03-04,5330.76,3772.71,07901319850452,Braspress,PN58RKYXKH01J,2024-03-23,,extraviado,122,2024-03-04 00:00:00
165,NF-000165,3,792,00.722.903/4944-66,Campos,2023-06-15,30735.5,3838.64,55481244322208,Correios,RO71ENMBM6Y1Y,2023-06-28,,aguardando_coleta,84,2023-06-15 00:00:00
166,NF-000166,1,348,20.616.329/4511-68,Machado,2023-06-23,42338.28,4863.35,52000633388700,Sequoia Log,RQ9JYGQOAENZ1,2023-06-28,,extraviado,236,2023-06-23 00:00:00
167,NF-000167,3,14,51.802.380/6174-45,Vargas Colégio,2023-05-05,35868.27,2345.28,07901319850452,Braspress,53NXBLGRHAX4W,2023-05-18,,aguardando_coleta,10,2023-05-05 00:00:00
168,NF-000168,2,788,73832060385050,Vasconcelos Colégio,2023-05-09,34448.54,1514.06,55481244322208,Correios,T2SDFI1ELNQOP,2023-05-21,,aguardando_coleta,53,2023-05-10 00:00:00
169,NF-000169,2,8,00.623.120/3875-09,Silva Instituto,2022-08-31,13193.59,1818.63,77546296934721,Jadlog,Y4YWLZVM3CUZZ,2022-09-18,,extraviado,137,2022-08-31 00:00:00
170,NF-000170,2,93,51.802.380/6174-45,Vargas Colégio,2023-06-25,41602.11,2682.39,07901319850452,Braspress,79N9WZ2S9SLH1,2023-07-10,,aguardando_coleta,30,2023-06-26 00:00:00
171,NF-000171,1,165,00.499.154/7887-28,Abreu Colégio,2023-10-19,41853.81,2470.31,52000633388700,Sequoia Log,YATUZFALSNF9K,2023-10-29,,em_transito,135,2023-10-20 00:00:00
172,NF-000172,3,1032,53.556.093/2048-99,Casa Colégio,2022-11-22,44828.23,2246.42,77546296934721,Jadlog,2BX55XE7LV2UP,2022-12-08,,aguardando_coleta,138,2022-11-23 00:00:00
173,NF-000173,1,117,09.130.756/2636-89,Alves Escola,2025-09-12,7315.36,2270.82,07901319850452,Braspress,JWWN36PDNNEW4,2025-09-30,,aguardando_coleta,50,2025-09-13 00:00:00
174,NF-000174,1,726,87947055169409,Ramos,2022-04-14,11123.47,3240.78,55481244322208,Correios,5J7WDFP85L1G1,2022-04-22,,em_transito,483,2022-04-14 00:00:00
175,NF-000175,3,760,01438889937567,Nogueira Colégio,2023-05-25,31361.83,591.94,50842145100973,Total Express,HHL7CHVPPA9RO,2023-06-04,,extraviado,8,2023-05-26 00:00:00
176,NF-000176,1,11,99.118.384/2513-54,Porto Escola,2024-10-14,47126.63,3328.21,52000633388700,Sequoia Log,5TEOA49154JRD,2024-10-21,,extraviado,258,2024-10-14 00:00:00
177,NF-000177,2,180,51.823.374/9894-13,Montenegro Centro Educacional,2024-12-14,9032.51,3986.76,55481244322208,Correios,49GGGCESY87WY,2024-12-19,,extraviado,27,2024-12-14 00:00:00
178,NF-000178,1,725,58.549.733/4843-44,Andrade Escola,2025-10-15,45368.45,1422.31,52000633388700,Sequoia Log,2VF9AHANSIFB4,2025-10-25,,extraviado,249,2025-10-15 00:00:00
179,NF-000179,2,112,89.113.529/0965-61,Farias,2024-09-12,4353.8,2920.14,07901319850452,Braspress,FSBYS20MB5RZX,2024-09-29,2024-09-29,entregue,352,2024-09-12 00:00:00
180,NF-000180,1,1174,87.083.172/7889-57,Souza Centro Educacional,2024-05-29,41427.93,1889.34,52000633388700,Sequoia Log,HKQHDLSNPP248,2024-06-18,,aguardando_coleta,28,2024-05-29 00:00:00
181,NF-000181,3,890,60898992172233,Sales Instituto,2023-03-04,21066.23,1787.46,52000633388700,Sequoia Log,R2DEZ81FBNH3I,2023-03-16,,extraviado,133,2023-03-05 00:00:00
182,NF-000182,1,683,74741124903521,Caldeira Centro Educacional,2025-02-25,6511.69,3286.44,77546296934721,Jadlog,IBB6U2CX4AWCK,2025-03-10,,devolvido,3,2025-02-25 00:00:00
183,NF-000183,1,207,84866618892414,Ferreira S.A.,2023-10-07,45529.92,494.39,50842145100973,Total Express,RJ22SCHA50G78,2023-10-12,,extraviado,268,2023-10-07 00:00:00
184,NF-000184,1,155,05.766.270/2895-17,Santos Colégio,2023-08-05,42572.82,245.79,50842145100973,Total Express,8XQK5CCK0AKSY,2023-08-12,2023-08-21,entregue,454,2023-08-06 00:00:00
185,NF-000185,3,723,97.700.886/0084-84,Guerra,2023-04-20,14047.51,4211.89,07901319850452,Braspress,2OOP5N2TIWBFT,2023-05-02,,em_transito,14,2023-04-21 00:00:00
186,NF-000186,2,145,20.297.021/3556-90,Porto da Luz S.A.,2023-12-18,12502.03,4715.09,55481244322208,Correios,2MBDT4GFUNQLO,2023-12-24,,em_transito,17,2023-12-19 00:00:00
187,NF-000187,2,491,86.571.918/2619-90,das Colégio,2023-06-19,49886.14,3285.81,77546296934721,Jadlog,HICTQ61CXSQ38,2023-07-07,,aguardando_coleta,101,2023-06-19 00:00:00
188,NF-000188,1,395,40369003432445,Aragão - EI,2025-09-03,18477.37,4042.75,55481244322208,Correios,W0493OSFZ9B35,2025-09-21,,aguardando_coleta,242,2025-09-03 00:00:00
189,NF-000189,1,664,06.797.403/4471-34,Araújo Escola,2022-04-05,17838.36,1149.39,77546296934721,Jadlog,SP0WT6DRBEOQ2,2022-04-21,,extraviado,137,2022-04-05 00:00:00
190,NF-000190,1,680,69.284.511/5447-96,da Mota,2024-09-19,39549.7,2726.3,07901319850452,Braspress,E8N23YB1ORQI6,2024-10-06,,em_transito,321,2024-09-20 00:00:00
191,NF-000191,2,669,54.589.297/5001-70,Barros Escola,2025-01-01,35878.79,315.38,07901319850452,Braspress,6UUZI1KRABBTP,2025-01-20,2025-01-23,entregue,263,2025-01-01 00:00:00
192,NF-000192,1,44,18328569146303,Vasconcelos Colégio,2024-09-30,32230.65,1286.83,55481244322208,Correios,7BMAJKBQ1W24U,2024-10-15,2024-10-18,entregue,218,2024-10-01 00:00:00
193,NF-000193,3,1088,10433218196001,Alves Colégio,2024-01-22,12265.24,3293.49,52000633388700,Sequoia Log,QHITTZAL1EI1D,2024-02-02,,devolvido,182,2024-01-23 00:00:00
194,NF-000194,2,1060,64.235.369/3785-47,Melo Pimenta S/A,2023-06-29,8565.29,4738.48,52000633388700,Sequoia Log,UVCX87ZZG2PHH,2023-07-19,2023-07-03,entregue,482,2023-06-29 00:00:00
195,NF-000195,2,562,27.849.808/4124-11,Castro,2022-11-16,2397.54,1940.91,50842145100973,Total Express,4SDGKTPW4UB3Q,2022-11-25,,em_transito,40,2022-11-17 00:00:00
196,NF-000196,2,1087,78.390.847/0076-61,Aragão Escola,2024-12-17,9741.92,4433.41,07901319850452,Braspress,WZYMJ6MBEY5C1,2025-01-05,,em_transito,70,2024-12-17 00:00:00
197,NF-000197,1,1137,57437489691085,Correia Centro Educacional,2022-07-01,30459.89,2051.97,77546296934721,Jadlog,W0B8USIEH8A7T,2022-07-18,,em_transito,285,2022-07-01 00:00:00
198,NF-000198,3,766,46.554.947/1709-99,da Mota Aparecida S/A,2024-05-17,40220.32,1793.65,50842145100973,Total Express,EQGFJBWKUA79M,2024-06-02,,extraviado,61,2024-05-17 00:00:00
199,NF-000199,3,544,12.805.982/6204-50,Pereira Colégio,2023-04-06,8596.84,4829.49,52000633388700,Sequoia Log,58CRJH42F39VC,2023-04-26,2023-04-24,entregue,110,2023-04-06 00:00:00
200,NF-000200,1,783,62120216979729,Pastor Centro Educacional,2024-12-22,2720.16,62.15,07901319850452,Braspress,XMZ4HE6UQ7BFJ,2025-01-11,,devolvido,364,2024-12-23 00:00:00
201,NF-000201,1,749,30.958.498/2544-94,Gomes Instituto,2022-03-10,46018.53,3417.61,55481244322208,Correios,0QNBEWQ73F3VE,2022-03-19,,em_transito,161,2022-03-10 00:00:00
202,NF-000202,1,519,85.807.836/1340-74,Mendonça Colégio,2023-05-30,32784.4,2093.02,77546296934721,Jadlog,R8HI2HMJ1JHR3,2023-06-15,,extraviado,236,2023-05-31 00:00:00
203,NF-000203,1,49,10.651.801/7046-22,Correia Colégio,2024-08-24,761.43,61.29,07901319850452,Braspress,06ETNP4AGTRLO,2024-09-07,,em_transito,185,2024-08-25 00:00:00
204,NF-000204,3,868,82.417.248/2513-53,da Rosa Albuquerque e Filhos,2024-01-17,22619.14,3899.82,07901319850452,Braspress,60DBLF8BIMHWJ,2024-01-30,,devolvido,6,2024-01-17 00:00:00
205,NF-000205,1,826,21.699.586/6934-65,Barbosa Instituto,2022-06-17,20006.03,624.65,07901319850452,Braspress,IVEGR0QQ0NAS3,2022-06-24,,extraviado,106,2022-06-17 00:00:00
206,NF-000206,1,13,00.479.748/0162-45,Câmara,2022-05-18,43100.42,3866.35,07901319850452,Braspress,UK7Z9G86BNJYN,2022-06-02,,extraviado,186,2022-05-18 00:00:00
207,NF-000207,1,269,72624731781080,Garcia Escola,2024-12-23,15429.53,4753.32,50842145100973,Total Express,9H9EFN4586ENE,2025-01-06,,em_transito,40,2024-12-24 00:00:00
208,NF-000208,3,471,40.369.003/4324-45,Aragão - EI,2023-08-27,29157.39,4529.53,50842145100973,Total Express,LLU7EIDWY4D7N,2023-09-13,,devolvido,64,2023-08-27 00:00:00
209,NF-000209,1,1024,41.928.327/6483-50,da Conceição Montenegro - EI,2025-06-13,9408.24,4933.0,52000633388700,Sequoia Log,3ESRFFUEFZK8Y,2025-06-27,,extraviado,197,2025-06-14 00:00:00
210,NF-000210,2,687,74.315.274/2054-93,Fonseca Lopes S/A,2023-04-13,13580.89,366.22,52000633388700,Sequoia Log,C17VQPCDQNQ0E,2023-04-20,2023-04-23,entregue,105,2023-04-14 00:00:00
211,NF-000211,2,732,66.179.796/8868-05,da Costa,2024-02-22,38189.95,4281.91,77546296934721,Jadlog,6NZ9GS966HAHC,2024-03-05,,aguardando_coleta,451,2024-02-22 00:00:00
212,NF-000212,1,264,84.866.618/8924-14,Ferreira S.A.,2024-01-30,41262.94,2024.66,77546296934721,Jadlog,ZG8AYMXFGSEI3,2024-02-13,,aguardando_coleta,164,2024-01-30 00:00:00
213,NF-000213,3,947,26542351161559,Carvalho Sousa S/A,2022-02-01,27202.97,2475.26,55481244322208,Correios,4QWYB3XR7L9K6,2022-02-17,,em_transito,195,2022-02-01 00:00:00
214,NF-000214,1,888,05.153.195/2058-52,Silva Fernandes S.A.,2025-02-15,36569.58,3930.6,77546296934721,Jadlog,LYOF8IQI1QNJY,2025-03-05,,extraviado,195,2025-02-15 00:00:00
215,NF-000215,2,379,89113529096561,Farias,2023-01-31,45240.69,3966.34,55481244322208,Correios,I8MH6JJR2XBH0,2023-02-13,,devolvido,18,2023-02-01 00:00:00
216,NF-000216,2,492,09.130.756/2636-89,Alves Escola,2024-10-01,30205.42,407.46,77546296934721,Jadlog,9XUKXY7FAHV5T,2024-10-13,,extraviado,137,2024-10-02 00:00:00
217,NF-000217,3,73,29.148.652/8168-50,Albuquerque - ME,2025-07-29,9554.51,4177.72,55481244322208,Correios,GBYDE89VVNX4M,2025-08-08,,devolvido,6,2025-07-30 00:00:00
218,NF-000218,1,992,36.576.615/6545-27,Guerra Araújo S.A.,2023-08-07,9122.61,3216.78,77546296934721,Jadlog,0ML6F15USIMMT,2023-08-18,,aguardando_coleta,148,2023-08-08 00:00:00
219,NF-000219,1,648,20.616.329/4511-68,Machado,2022-12-01,23247.27,3539.03,77546296934721,Jadlog,276H1BMYDVJ66,2022-12-08,,extraviado,82,2022-12-01 00:00:00
220,NF-000220,3,408,11382675869261,Caldeira Instituto,2023-08-20,19886.23,4619.47,77546296934721,Jadlog,YE3AJ4XKZOZOE,2023-08-30,,devolvido,89,2023-08-21 00:00:00
221,NF-000221,1,506,41928327648350,da Conceição Montenegro - EI,2022-03-11,21867.41,1637.51,77546296934721,Jadlog,QCXM0Z774E69G,2022-03-19,,devolvido,181,2022-03-11 00:00:00
222,NF-000222,3,479,72.099.934/7687-01,Albuquerque,2025-02-14,37140.7,1855.45,77546296934721,Jadlog,I0LZKXKSENZNA,2025-03-06,,devolvido,88,2025-02-15 00:00:00
223,NF-000223,1,174,18.328.569/1463-03,Vasconcelos Colégio,2024-02-12,42338.47,3399.94,07901319850452,Braspress,2B75Y2IRCLNZ7,2024-02-17,,aguardando_coleta,118,2024-02-12 00:00:00
224,NF-000224,1,541,62.962.015/3368-84,Fernandes Escola,2022-04-09,8299.45,3842.82,55481244322208,Correios,EZLPTI4ME0IPC,2022-04-20,,extraviado,18,2022-04-09 00:00:00
225,NF-000225,2,1151,66.912.517/7852-89,Fonseca Instituto,2022-10-05,32776.29,248.45,52000633388700,Sequoia Log,MCO1BKIFH9SFQ,2022-10-11,2022-11-03,entregue,399,2022-10-05 00:00:00
226,NF-000226,2,456,37575844198665,Peixoto - ME,2022-10-16,42075.16,670.84,52000633388700,Sequoia Log,FFCIJ4ZJGI36K,2022-10-25,,extraviado,378,2022-10-16 00:00:00
227,NF-000227,2,750,94717464887719,Azevedo,2025-12-27,34617.03,3363.0,07901319850452,Braspress,SGC2HUYBBTRLG,2026-01-08,,em_transito,201,2025-12-27 00:00:00
228,NF-000228,1,932,66.870.021/7659-18,Câmara,2024-03-28,26270.49,3753.46,07901319850452,Braspress,87DG8N371D1ZF,2024-04-05,2024-04-26,entregue,476,2024-03-28 00:00:00
229,NF-000229,3,950,87.676.772/1903-40,Fogaça Escola,2025-08-11,10914.8,2697.27,07901319850452,Braspress,EEPF0PT0A9D42,2025-08-31,2025-08-24,entregue,154,2025-08-12 00:00:00
230,NF-000230,1,1090,03413164752553,Alves Instituto,2024-12-25,12835.54,3656.93,52000633388700,Sequoia Log,6PII997MK5HW1,2025-01-07,,em_transito,212,2024-12-26 00:00:00
231,NF-000231,1,54,52.312.432/9212-77,Pacheco Colégio,2024-03-14,16607.42,496.4,77546296934721,Jadlog,M3W9B0OQ004G4,2024-03-27,,devolvido,39,2024-03-14 00:00:00
232,NF-000232,3,51,85.807.836/1340-74,Mendonça Colégio,2023-10-17,9632.41,1451.94,07901319850452,Braspress,OO7RRWJK6A9VG,2023-11-04,,aguardando_coleta,402,2023-10-17 00:00:00
233,NF-000233,1,846,37575844198665,Peixoto - ME,2024-12-25,43910.42,4171.05,77546296934721,Jadlog,APU3WZTYOEBSF,2025-01-10,,aguardando_coleta,420,2024-12-26 00:00:00
234,NF-000234,3,614,18.702.621/7459-61,da Conceição S/A,2024-03-05,25343.35,2976.14,50842145100973,Total Express,M2KAEC4E287AX,2024-03-22,,devolvido,193,2024-03-06 00:00:00
235,NF-000235,1,56,62462873342708,Macedo Escola,2025-05-22,24909.24,2715.23,77546296934721,Jadlog,6RYA8GVA4N4GL,2025-06-05,,aguardando_coleta,34,2025-05-23 00:00:00
236,NF-000236,2,66,10.276.773/5925-55,Alves Centro Educacional,2023-01-17,45382.86,2575.93,50842145100973,Total Express,714CEXEXCQN97,2023-01-24,2023-02-12,entregue,110,2023-01-17 00:00:00
237,NF-000237,2,356,62120216979729,Pastor Centro Educacional,2023-04-20,2293.65,315.85,07901319850452,Braspress,NI7B0HBLLG796,2023-05-04,,aguardando_coleta,65,2023-04-21 00:00:00
238,NF-000238,1,288,00722903494466,Campos,2025-04-13,45380.0,3075.4,55481244322208,Correios,N27ITNBPP22WC,2025-05-03,2025-04-27,entregue,356,2025-04-13 00:00:00
239,NF-000239,3,444,93.784.270/1039-30,Pimenta,2025-11-14,2838.95,3212.84,55481244322208,Correios,GA9BTDS8YUYTG,2025-12-03,,em_transito,46,2025-11-14 00:00:00
240,NF-000240,1,388,74315274205493,Fonseca Lopes S/A,2023-02-10,19320.49,4807.94,50842145100973,Total Express,4CRFZG5PEIMNX,2023-02-18,,em_transito,7,2023-02-10 00:00:00
241,NF-000241,1,728,86.571.918/2619-90,das Colégio,2022-04-01,25528.43,1054.52,77546296934721,Jadlog,MRG3ZDM4KCLDV,2022-04-13,,devolvido,107,2022-04-01 00:00:00
242,NF-000242,3,565,01.938.026/2067-24,da Cunha Aparecida e Filhos,2022-03-22,40540.43,3093.36,50842145100973,Total Express,1E90QGCCTX7G7,2022-04-04,,aguardando_coleta,369,2022-03-22 00:00:00
243,NF-000243,1,38,61201836675254,Cassiano Escola,2023-12-06,23136.87,4747.33,50842145100973,Total Express,EQBUFX2C4240T,2023-12-26,,aguardando_coleta,182,2023-12-07 00:00:00
244,NF-000244,2,499,16.560.494/5198-32,da Luz,2024-02-17,19951.9,2574.94,52000633388700,Sequoia Log,TVH2H63HNKCAV,2024-03-05,,aguardando_coleta,48,2024-02-18 00:00:00
245,NF-000245,1,1197,78596969155792,Costela - ME,2025-06-19,11794.4,3671.87,50842145100973,Total Express,YKZUOQPQFNQFL,2025-07-02,2025-07-03,entregue,496,2025-06-20 00:00:00
246,NF-000246,1,615,53315869232260,Nascimento Siqueira S.A.,2022-05-02,28514.9,3097.85,77546296934721,Jadlog,MDCIY1HR9M5HH,2022-05-13,2022-05-13,entregue,24,2022-05-03 00:00:00
247,NF-000247,1,465,89856257532603,Cirino Colégio,2022-04-07,30621.84,2282.52,07901319850452,Braspress,WO6P3O0M6ZXOY,2022-04-12,2022-04-11,entregue,313,2022-04-08 00:00:00
248,NF-000248,1,898,36226609379660,Nogueira Centro Educacional,2024-06-20,1344.52,332.27,50842145100973,Total Express,DI772WNNGYSHU,2024-07-03,,em_transito,43,2024-06-21 00:00:00
249,NF-000249,3,557,40369003432445,Aragão - EI,2022-07-28,8662.35,391.95,07901319850452,Braspress,WSIHQ6BWLZZJ4,2022-08-09,2022-07-31,entregue,220,2022-07-28 00:00:00
250,NF-000250,1,994,12770632424154,Carvalho,2025-03-28,27091.38,2366.6,07901319850452,Braspress,ZI0X1BH7FW9IG,2025-04-10,2025-04-05,entregue,285,2025-03-29 00:00:00
251,NF-000251,3,181,97.643.815/6149-78,Souza Colégio,2025-02-17,15263.63,307.48,55481244322208,Correios,AGUG8T2QARGRA,2025-02-26,,extraviado,23,2025-02-18 00:00:00
252,NF-000252,3,1195,99799552717744,Leão Escola,2024-11-06,29487.98,4494.58,07901319850452,Braspress,KDLRCF0P8SQBV,2024-11-14,,devolvido,16,2024-11-07 00:00:00
253,NF-000253,1,370,43.842.797/8819-14,Leão,2024-12-08,3890.69,750.39,50842145100973,Total Express,WBC19XT9R1EV2,2024-12-22,,em_transito,59,2024-12-08 00:00:00
254,NF-000254,1,324,34670656272980,Cassiano e Filhos,2024-06-04,38522.54,3842.04,07901319850452,Braspress,V1PMNCJ12ZJQU,2024-06-11,2024-06-29,entregue,136,2024-06-05 00:00:00
255,NF-000255,2,213,35.408.386/6317-79,da Luz Ribeiro S/A,2023-09-16,27730.11,1539.89,77546296934721,Jadlog,JWJWNJEW273T5,2023-09-29,,extraviado,173,2023-09-16 00:00:00
256,NF-000256,2,834,36.226.609/3796-60,Nogueira Centro Educacional,2023-10-30,28849.58,799.0,07901319850452,Braspress,GWO1JJOBBMS2V,2023-11-13,,em_transito,77,2023-10-31 00:00:00
257,NF-000257,1,593,65.060.983/5841-68,Marques Instituto,2025-02-18,22601.77,4034.04,52000633388700,Sequoia Log,CNI1RK9E2IJ02,2025-03-01,,devolvido,15,2025-02-19 00:00:00
258,NF-000258,3,708,58.549.733/4843-44,Andrade Escola,2025-11-10,25736.13,193.28,07901319850452,Braspress,WOVUFZD2YLDRK,2025-11-25,,em_transito,42,2025-11-11 00:00:00
259,NF-000259,1,407,36.576.615/6545-27,Guerra Araújo S.A.,2022-05-29,49783.01,52.85,77546296934721,Jadlog,ASD52X4WB2AIR,2022-06-13,,extraviado,58,2022-05-30 00:00:00
260,NF-000260,1,90,16.560.494/5198-32,da Luz,2025-01-26,30306.08,4866.0,77546296934721,Jadlog,R2U4ZIB80S3M7,2025-02-12,,em_transito,396,2025-01-27 00:00:00
261,NF-000261,1,86,28.498.776/9453-14,Vargas Escola,2024-12-07,44736.88,4708.07,50842145100973,Total Express,FMTT1BEXD20A3,2024-12-14,,extraviado,498,2024-12-08 00:00:00
262,NF-000262,1,1061,06.797.403/4471-34,Araújo Escola,2024-10-28,14084.8,1742.14,52000633388700,Sequoia Log,IUYYI4TG87JJ7,2024-11-04,,extraviado,365,2024-10-29 00:00:00
263,NF-000263,3,797,25871397187072,Sampaio Colégio,2025-06-14,22749.39,2768.45,50842145100973,Total Express,A9RR8LMFD9X9A,2025-07-04,,em_transito,142,2025-06-14 00:00:00
264,NF-000264,1,563,09.130.756/2636-89,Alves Escola,2023-02-24,11207.84,4514.76,52000633388700,Sequoia Log,DIOGGG0JMKPKH,2023-03-08,2023-03-18,entregue,404,2023-02-25 00:00:00
265,NF-000265,1,996,58.549.733/4843-44,Andrade Escola,2022-04-25,38416.32,3578.06,52000633388700,Sequoia Log,F35YPEGP1FRN5,2022-05-09,,devolvido,462,2022-04-25 00:00:00
266,NF-000266,3,291,61.379.180/5526-96,da Cunha,2022-06-07,34090.04,4755.57,50842145100973,Total Express,EVZA7QKAUW224,2022-06-19,2022-06-14,entregue,71,2022-06-08 00:00:00
267,NF-000267,3,862,35.403.317/3936-38,Borges,2024-07-10,16111.84,4559.82,55481244322208,Correios,47RXD4CD1QCB6,2024-07-15,,aguardando_coleta,35,2024-07-11 00:00:00
268,NF-000268,1,853,35.680.442/0678-83,Vieira - EI,2022-07-24,18247.01,1463.52,52000633388700,Sequoia Log,CULKV0C67E9QX,2022-08-02,,em_transito,53,2022-07-25 00:00:00
269,NF-000269,2,452,40.369.003/4324-45,Aragão - EI,2022-08-09,13676.26,4543.19,07901319850452,Braspress,0A7BEECOT9DGY,2022-08-23,2022-09-08,entregue,136,2022-08-10 00:00:00
270,NF-000270,1,721,52.431.069/0331-19,Novaes Escola,2024-11-02,41416.81,700.93,55481244322208,Correios,ARDQTH8EC5FBX,2024-11-14,2024-11-29,entregue,94,2024-11-03 00:00:00
271,NF-000271,1,524,53394210470952,Fogaça Escola,2025-06-03,22636.23,2895.36,52000633388700,Sequoia Log,GZ079PZBEKLIP,2025-06-14,,devolvido,22,2025-06-04 00:00:00
272,NF-000272,3,1009,60.898.992/1722-33,Sales Instituto,2023-03-01,48550.34,1743.01,77546296934721,Jadlog,AW6QA2Z9UVN0T,2023-03-17,,extraviado,218,2023-03-01 00:00:00
273,NF-000273,1,318,03.397.401/4890-25,Sampaio Centro Educacional,2025-01-18,2490.46,494.31,77546296934721,Jadlog,TOG4AGRX95FMW,2025-01-27,2025-02-09,entregue,287,2025-01-19 00:00:00
274,NF-000274,2,1067,03.397.401/4890-25,Sampaio Centro Educacional,2025-11-23,16486.64,4886.98,50842145100973,Total Express,GQJWD2D53CIZO,2025-11-30,,em_transito,334,2025-11-23 00:00:00
275,NF-000275,2,363,74.517.123/6851-60,Siqueira,2023-01-19,46939.03,1772.08,50842145100973,Total Express,Q9W14SRTRBM47,2023-01-28,,extraviado,452,2023-01-20 00:00:00
276,NF-000276,3,1170,81.491.778/5079-25,da Costa Cardoso - ME,2024-07-09,20226.68,3417.9,52000633388700,Sequoia Log,H69HOSX8ZHN6M,2024-07-20,,aguardando_coleta,59,2024-07-10 00:00:00
277,NF-000277,3,186,39.301.031/0518-34,Ferreira,2022-09-13,24246.54,2716.29,77546296934721,Jadlog,FJUM1Q9DVOJEQ,2022-09-19,,extraviado,105,2022-09-14 00:00:00
278,NF-000278,3,902,20.969.029/5939-17,Borges da Mota - ME,2025-05-15,40690.64,1702.06,07901319850452,Braspress,4ZUADJC6DKKKZ,2025-05-27,,extraviado,251,2025-05-15 00:00:00
279,NF-000279,3,293,62.185.016/3159-99,Marques Instituto,2022-10-04,29690.79,3853.83,55481244322208,Correios,QM2CUCHEUHPR2,2022-10-19,,devolvido,193,2022-10-05 00:00:00
280,NF-000280,1,1199,41036971179808,Carvalho Ltda.,2023-06-13,14304.32,2275.59,50842145100973,Total Express,Y316IX5T0HBL1,2023-06-26,,extraviado,326,2023-06-14 00:00:00
281,NF-000281,2,795,40.781.618/4959-31,Pastor Instituto,2022-09-25,47595.79,4458.54,55481244322208,Correios,M4R75V0OBGK9M,2022-10-03,,extraviado,34,2022-09-26 00:00:00
282,NF-000282,1,1164,50.643.171/3900-53,Carvalho Escola,2022-09-09,972.5,2567.83,77546296934721,Jadlog,BTX5U2PCK4PXH,2022-09-14,,aguardando_coleta,37,2022-09-10 00:00:00
283,NF-000283,1,347,19.431.142/6265-51,Sá,2024-04-02,42851.86,3141.86,55481244322208,Correios,CNW2HUP8AVS87,2024-04-18,,em_transito,105,2024-04-03 00:00:00
284,NF-000284,1,536,67.528.953/9264-42,Duarte,2023-11-11,10332.26,539.14,55481244322208,Correios,NW4Y2S80LCBKW,2023-11-27,,aguardando_coleta,137,2023-11-11 00:00:00
285,NF-000285,2,601,23166587603669,Carvalho Moraes - ME,2022-12-25,8653.05,3093.82,77546296934721,Jadlog,SFC78VWIQFVJD,2023-01-06,,aguardando_coleta,156,2022-12-26 00:00:00
286,NF-000286,2,512,61.201.836/6752-54,Cassiano Escola,2022-02-19,19873.57,2311.7,52000633388700,Sequoia Log,D4RKRHOMQEVWJ,2022-03-04,2022-03-04,entregue,160,2022-02-19 00:00:00
287,NF-000287,1,309,69.725.217/5250-07,Porto Sá - ME,2023-05-02,40999.89,1431.27,50842145100973,Total Express,AXGGEIEASNLL3,2023-05-10,2023-05-09,entregue,86,2023-05-03 00:00:00
288,NF-000288,2,763,03.926.142/9396-85,Novais S.A.,2023-10-18,17644.97,3893.4,77546296934721,Jadlog,FKNR9V2NYTNU7,2023-11-04,,aguardando_coleta,96,2023-10-18 00:00:00
289,NF-000289,1,850,67.528.953/9264-42,Duarte,2022-11-19,29296.52,3400.41,52000633388700,Sequoia Log,H9ZZHAM72MWHY,2022-11-30,,em_transito,258,2022-11-19 00:00:00
290,NF-000290,1,911,54.589.297/5001-70,Barros Escola,2024-09-04,12750.78,4267.72,55481244322208,Correios,4JDH69MEN3SHJ,2024-09-13,,em_transito,95,2024-09-05 00:00:00
291,NF-000291,3,1120,42.388.496/9653-28,Câmara Instituto,2022-08-27,41310.69,2184.21,50842145100973,Total Express,SPK3NEO8TVCJI,2022-09-16,,em_transito,79,2022-08-28 00:00:00
292,NF-000292,3,612,99118384251354,Porto Escola,2024-07-23,43779.15,2981.79,52000633388700,Sequoia Log,CPR0O4PE28WB4,2024-08-10,,extraviado,128,2024-07-23 00:00:00
293,NF-000293,2,981,46.263.838/0657-87,Mendonça Escola,2022-12-20,32685.76,4099.87,07901319850452,Braspress,Y6G0VFOI6IK9P,2023-01-05,2023-01-08,entregue,356,2022-12-21 00:00:00
294,NF-000294,1,1194,00722903494466,Campos,2024-07-08,15359.67,2174.75,50842145100973,Total Express,V3581RXLJLLFS,2024-07-16,,devolvido,89,2024-07-09 00:00:00
295,NF-000295,2,273,77252287280801,Leão,2025-11-23,7915.64,4842.88,77546296934721,Jadlog,ADQCMVTP4SDAN,2025-12-09,2025-12-02,entregue,318,2025-11-23 00:00:00
296,NF-000296,1,341,42199330833016,Lopes,2022-12-20,37692.33,3783.96,52000633388700,Sequoia Log,W3RYW0HUNPEB5,2023-01-06,2023-01-18,entregue,94,2022-12-20 00:00:00
297,NF-000297,1,204,61115542622189,Cunha Instituto,2023-01-06,25924.49,890.74,55481244322208,Correios,5U45AQAKZHDD4,2023-01-23,,extraviado,17,2023-01-06 00:00:00
298,NF-000298,1,483,50.142.940/1965-56,Andrade Dias - ME,2022-09-14,44556.13,3435.79,07901319850452,Braspress,51G49VDL3V5SL,2022-10-04,2022-10-04,entregue,270,2022-09-14 00:00:00
299,NF-000299,2,326,54.216.894/2104-47,Macedo Escola,2023-08-25,37587.92,247.97,52000633388700,Sequoia Log,LLZS567JHL16C,2023-09-11,,devolvido,124,2023-08-26 00:00:00
300,NF-000300,1,1086,80.940.244/5502-29,Sampaio Escola,2025-06-21,10618.24,3883.93,07901319850452,Braspress,JUU4SMO1CJ4FZ,2025-07-02,,extraviado,60,2025-06-22 00:00:00
301,NF-000301,1,206,51802380617445,Vargas Colégio,2023-03-11,9944.79,1103.22,77546296934721,Jadlog,NDP6ZRGGCMHJ9,2023-03-30,,devolvido,23,2023-03-12 00:00:00
302,NF-000302,1,1159,26542351161559,Carvalho Sousa S/A,2024-05-16,38914.14,4195.72,50842145100973,Total Express,L5RWJERTWMQ5Y,2024-05-22,2024-06-13,entregue,67,2024-05-17 00:00:00
303,NF-000303,1,836,46156793341016,Sá S/A,2026-01-05,20791.67,778.62,55481244322208,Correios,AM1K1EN18X3LJ,2026-01-15,2026-01-12,entregue,110,2026-01-06 00:00:00
304,NF-000304,1,262,89.856.257/5326-03,Cirino Colégio,2023-11-09,31448.05,1740.24,52000633388700,Sequoia Log,VNFJM9SRSNJL1,2023-11-18,,devolvido,204,2023-11-10 00:00:00
305,NF-000305,1,1155,36193990916998,Vargas Instituto,2024-11-28,29702.16,4913.57,07901319850452,Braspress,39C51O0BN4Z04,2024-12-08,2024-12-24,entregue,218,2024-11-29 00:00:00
306,NF-000306,2,961,54.353.462/4751-07,Brito Escola,2022-10-25,20048.65,4361.41,55481244322208,Correios,9MIDVFFNIFUEI,2022-11-10,,devolvido,131,2022-10-25 00:00:00
307,NF-000307,3,389,51.802.380/6174-45,Vargas Colégio,2023-01-15,23165.21,2990.11,50842145100973,Total Express,SXNMA801V8YWC,2023-01-27,,extraviado,22,2023-01-15 00:00:00
308,NF-000308,3,70,65.047.735/8662-96,Rios Colégio,2022-06-12,11746.44,4956.15,50842145100973,Total Express,05IZRDTPF0RNV,2022-06-23,,aguardando_coleta,108,2022-06-13 00:00:00
309,NF-000309,1,1178,39.868.000/2578-72,Guerra Farias Ltda.,2024-09-23,19540.35,3908.65,50842145100973,Total Express,28LVI8U93STI6,2024-10-13,,extraviado,103,2024-09-23 00:00:00
310,NF-000310,1,967,54.353.462/4751-07,Brito Escola,2024-07-10,43152.08,2483.12,07901319850452,Braspress,0WPTIY10Q045I,2024-07-26,,aguardando_coleta,34,2024-07-10 00:00:00
311,NF-000311,2,1056,64235369378547,Melo Pimenta S/A,2023-08-01,40506.35,4957.68,55481244322208,Correios,Z5YDX90SW5638,2023-08-17,2023-08-30,entregue,522,2023-08-02 00:00:00
312,NF-000312,1,371,77.221.704/3030-54,Montenegro,2022-06-20,29696.85,1866.58,55481244322208,Correios,SKSOAC6T0LTCP,2022-06-27,,aguardando_coleta,61,2022-06-20 00:00:00
313,NF-000313,2,550,62.962.015/3368-84,Fernandes Escola,2022-03-23,22352.14,3921.43,77546296934721,Jadlog,G282Z3LM1BS7B,2022-03-31,,aguardando_coleta,183,2022-03-24 00:00:00
314,NF-000314,2,810,94.647.436/7136-95,Jesus Colégio,2025-10-20,46647.36,1430.72,07901319850452,Braspress,VLSJRFWP6B9FW,2025-11-06,,extraviado,7,2025-10-21 00:00:00
315,NF-000315,2,226,31027868144739,Novais Escola,2022-03-31,18159.02,2198.71,52000633388700,Sequoia Log,96K9CQL2K42N0,2022-04-07,,devolvido,57,2022-04-01 00:00:00
316,NF-000316,3,699,93.784.270/1039-30,Pimenta,2022-06-13,24938.58,716.68,50842145100973,Total Express,3HF95WRD7LJC7,2022-07-01,,extraviado,245,2022-06-13 00:00:00
317,NF-000317,2,245,89.113.529/0965-61,Farias,2022-11-16,33824.52,304.52,50842145100973,Total Express,3WYTT52HUL4D9,2022-12-06,,em_transito,43,2022-11-16 00:00:00
318,NF-000318,2,6,66.179.796/8868-05,da Costa,2023-10-13,30624.92,560.54,77546296934721,Jadlog,FHQGQYIQ5HPRQ,2023-10-23,,em_transito,136,2023-10-14 00:00:00
319,NF-000319,1,376,00623120387509,Silva Instituto,2022-09-06,22562.05,3446.19,50842145100973,Total Express,A5QXM4KHOX4YU,2022-09-14,,extraviado,22,2022-09-06 00:00:00
320,NF-000320,2,696,73.799.650/7527-35,Camargo,2023-11-29,9483.02,1542.97,07901319850452,Braspress,713KLN12POHIW,2023-12-09,,devolvido,54,2023-11-29 00:00:00
321,NF-000321,1,243,52.312.432/9212-77,Pacheco Colégio,2023-07-21,3168.61,81.26,55481244322208,Correios,YXU5NSM7ECDXO,2023-08-10,,em_transito,194,2023-07-22 00:00:00
322,NF-000322,2,604,66882634351751,Moraes Colégio,2022-08-31,37252.4,4770.24,07901319850452,Braspress,IFSXA57GLL995,2022-09-17,2022-09-10,entregue,236,2022-09-01 00:00:00
323,NF-000323,1,1006,77.221.704/3030-54,Montenegro,2025-11-09,9255.53,476.56,77546296934721,Jadlog,GH0IR3J7KQD2D,2025-11-27,,devolvido,11,2025-11-09 00:00:00
324,NF-000324,2,91,66179796886805,da Costa,2024-04-17,39091.87,671.96,50842145100973,Total Express,V6DPW3KSLSRUM,2024-04-26,,aguardando_coleta,41,2024-04-17 00:00:00
325,NF-000325,3,1139,36.576.615/6545-27,Guerra Araújo S.A.,2022-09-13,29287.23,4757.5,77546296934721,Jadlog,T5E9XGDPF8RT4,2022-09-28,2022-10-03,entregue,86,2022-09-14 00:00:00
326,NF-000326,3,718,21.851.569/1545-22,Siqueira Instituto,2022-02-10,23327.74,2922.97,77546296934721,Jadlog,UVDUOYOMPESSB,2022-02-26,,aguardando_coleta,58,2022-02-11 00:00:00
327,NF-000327,2,944,77221704303054,Montenegro,2023-11-25,3268.07,588.13,07901319850452,Braspress,97L9K8WOF1XQL,2023-12-12,,extraviado,193,2023-11-25 00:00:00
328,NF-000328,1,904,78593213348039,Santos,2022-02-07,23289.95,2447.65,52000633388700,Sequoia Log,MI0GWB5QA6GC1,2022-02-20,,extraviado,90,2022-02-07 00:00:00
329,NF-000329,2,462,43.842.797/8819-14,Leão,2025-08-03,34362.87,1866.8,52000633388700,Sequoia Log,JJEE3ZDJYDCY1,2025-08-09,,extraviado,85,2025-08-03 00:00:00
330,NF-000330,3,127,46.554.947/1709-99,da Mota Aparecida S/A,2022-09-10,47265.77,3311.11,52000633388700,Sequoia Log,9UVGEUS6IOLQH,2022-09-29,,extraviado,129,2022-09-11 00:00:00
331,NF-000331,1,1109,71012269166978,Pastor,2025-07-19,35799.87,2013.52,55481244322208,Correios,4VCXOIDP6KYW9,2025-08-08,,extraviado,4,2025-07-19 00:00:00
332,NF-000332,3,361,51.256.746/8071-54,Cunha,2024-04-17,27110.07,1037.44,52000633388700,Sequoia Log,AG8MAX1YF2B5O,2024-04-28,,em_transito,342,2024-04-18 00:00:00
333,NF-000333,1,638,12.805.982/6204-50,Pereira Colégio,2025-07-22,4894.23,351.03,77546296934721,Jadlog,8K7XJGBQFQSBE,2025-08-10,,devolvido,243,2025-07-23 00:00:00
334,NF-000334,1,735,89.944.171/5454-44,da Mota,2025-01-10,26284.29,4461.35,52000633388700,Sequoia Log,2HAJMIQIJKTC8,2025-01-28,,devolvido,63,2025-01-11 00:00:00
335,NF-000335,3,590,26.542.351/1615-59,Carvalho Sousa S/A,2024-08-30,35882.39,3534.27,52000633388700,Sequoia Log,UWDWU2QNOL4IM,2024-09-10,2024-09-08,entregue,432,2024-08-31 00:00:00
336,NF-000336,2,755,93618324210249,Barros Colégio,2024-04-14,21607.86,2197.69,55481244322208,Correios,9J5WPJOH09PWO,2024-04-22,2024-04-30,entregue,50,2024-04-15 00:00:00
337,NF-000337,3,159,93.246.095/3962-18,Caldeira e Filhos,2025-08-07,21283.11,809.47,50842145100973,Total Express,VSPZGOAJSTUTN,2025-08-16,,em_transito,104,2025-08-08 00:00:00
338,NF-000338,3,695,64.005.242/7868-01,Rios Centro Educacional,2024-07-03,40998.87,4916.33,55481244322208,Correios,X8QFUC6VL4BJ1,2024-07-16,,aguardando_coleta,245,2024-07-04 00:00:00
339,NF-000339,3,502,43.292.712/9666-67,Albuquerque - EI,2022-07-06,7995.07,3421.49,55481244322208,Correios,EJT53XEB9WI8F,2022-07-26,,em_transito,350,2022-07-07 00:00:00
340,NF-000340,1,68,97.643.815/6149-78,Souza Colégio,2025-08-09,33401.08,3816.44,77546296934721,Jadlog,9LN6FJ4WP104N,2025-08-18,,aguardando_coleta,0,2025-08-10 00:00:00
341,NF-000341,1,745,97.700.886/0084-84,Guerra,2025-12-30,35141.72,1025.52,77546296934721,Jadlog,78G5QTEY5W94S,2026-01-11,,devolvido,351,2025-12-31 00:00:00
342,NF-000342,3,77,20.616.329/4511-68,Machado,2024-11-04,36067.06,4385.59,55481244322208,Correios,KSBX6YHF605XV,2024-11-18,,extraviado,8,2024-11-05 00:00:00
343,NF-000343,1,914,16.560.494/5198-32,da Luz,2022-11-22,44835.04,1121.18,52000633388700,Sequoia Log,87N65SPET4DVF,2022-11-30,,devolvido,21,2022-11-22 00:00:00
344,NF-000344,2,461,31.027.868/1447-39,Novais Escola,2022-03-02,3472.53,1378.8,55481244322208,Correios,AACP5K1Z7GX4X,2022-03-15,,aguardando_coleta,361,2022-03-02 00:00:00
345,NF-000345,1,1046,53.074.505/4447-13,Melo Centro Educacional,2024-01-21,5483.92,4105.52,55481244322208,Correios,R1D22SCUJ2OEK,2024-01-29,2024-01-13,entregue,332,2024-01-21 00:00:00
346,NF-000346,1,821,57.120.826/7734-54,Gomes Colégio,2022-10-25,38302.04,501.01,52000633388700,Sequoia Log,NKQNMJ8IAUHY1,2022-11-13,2022-11-11,entregue,521,2022-10-26 00:00:00
347,NF-000347,1,1057,72.099.934/7687-01,Albuquerque,2023-03-09,21602.06,3465.13,07901319850452,Braspress,V25FN6L67JOLK,2023-03-27,,aguardando_coleta,1,2023-03-09 00:00:00
348,NF-000348,1,879,66.179.796/8868-05,da Costa,2023-05-26,49561.06,3082.04,55481244322208,Correios,U54BKT3YMAH00,2023-06-11,,devolvido,149,2023-05-27 00:00:00
349,NF-000349,3,199,42087375300119,Barros Centro Educacional,2023-09-26,20924.37,1964.95,07901319850452,Braspress,P32EH134CKSX5,2023-10-04,,aguardando_coleta,148,2023-09-26 00:00:00
350,NF-000350,3,297,85.807.836/1340-74,Mendonça Colégio,2024-06-01,6881.55,920.02,52000633388700,Sequoia Log,KQE2EZZPM022A,2024-06-15,,aguardando_coleta,250,2024-06-02 00:00:00
351,NF-000351,1,313,80940244550229,Sampaio Escola,2022-03-15,16735.26,2243.17,50842145100973,Total Express,4AIWFZYJT124D,2022-03-31,,extraviado,176,2022-03-15 00:00:00
352,NF-000352,1,162,82449353487401,Fogaça Colégio,2024-11-05,46370.26,1939.22,55481244322208,Correios,WL0WLX8DBTTU9,2024-11-25,,em_transito,63,2024-11-06 00:00:00
353,NF-000353,3,875,40.781.618/4959-31,Pastor Instituto,2024-02-13,39898.09,2055.15,77546296934721,Jadlog,XQKO11CMJ1MEH,2024-02-27,,aguardando_coleta,37,2024-02-14 00:00:00
354,NF-000354,1,216,06.537.947/3834-73,Azevedo Escola,2024-09-04,22387.26,3073.8,52000633388700,Sequoia Log,K2SEZI8F8SJOU,2024-09-12,,aguardando_coleta,36,2024-09-04 00:00:00
355,NF-000355,2,402,71012269166978,Pastor,2024-04-23,17062.33,1297.85,52000633388700,Sequoia Log,9CUADG9TMWBVS,2024-05-06,,aguardando_coleta,32,2024-04-23 00:00:00
356,NF-000356,3,756,66882634351751,Moraes Colégio,2024-10-08,36094.86,384.79,50842145100973,Total Express,7F46UOMI999EV,2024-10-16,2024-10-31,entregue,174,2024-10-08 00:00:00
357,NF-000357,3,423,78390847007661,Aragão Escola,2024-12-05,12406.98,3819.06,55481244322208,Correios,JZGYCEN05ZRLB,2024-12-16,,aguardando_coleta,182,2024-12-05 00:00:00
358,NF-000358,2,855,15.410.067/6267-65,Fernandes Escola,2022-02-14,47641.28,1967.7,52000633388700,Sequoia Log,OH4TV4P53AJFM,2022-02-23,2022-02-19,entregue,289,2022-02-15 00:00:00
359,NF-000359,2,369,11.382.675/8692-61,Caldeira Instituto,2024-08-17,12744.48,2619.01,55481244322208,Correios,9OCXJ6ABNYGIA,2024-09-05,2024-09-05,entregue,170,2024-08-18 00:00:00
360,NF-000360,1,960,11.382.675/8692-61,Caldeira Instituto,2022-10-04,24015.32,3207.57,52000633388700,Sequoia Log,MDBTYK0MIWLFJ,2022-10-16,,em_transito,18,2022-10-04 00:00:00
361,NF-000361,1,865,86.101.581/9956-04,Novaes,2024-06-23,21462.75,4602.51,77546296934721,Jadlog,G76U5TVVZWMCO,2024-07-13,,extraviado,53,2024-06-24 00:00:00
362,NF-000362,1,838,74.741.124/9035-21,Caldeira Centro Educacional,2025-02-13,34384.54,3517.94,52000633388700,Sequoia Log,N6427H7ZIYWGH,2025-02-28,,extraviado,193,2025-02-13 00:00:00
363,NF-000363,1,677,04.637.454/9904-53,Ribeiro,2023-06-17,49076.39,3353.52,52000633388700,Sequoia Log,H7T4U2YFCEC8D,2023-07-01,,extraviado,27,2023-06-17 00:00:00
364,NF-000364,1,598,81.260.422/3253-67,Silveira,2022-03-14,9805.86,1073.86,07901319850452,Braspress,DUPAKM59LEI56,2022-04-02,,aguardando_coleta,31,2022-03-14 00:00:00
365,NF-000365,3,319,16560494519832,da Luz,2024-08-17,14342.02,3064.75,50842145100973,Total Express,VECKFKPJ6Q7QK,2024-08-25,2024-08-29,entregue,51,2024-08-18 00:00:00
366,NF-000366,3,1188,20.455.611/0022-55,Vasconcelos Colégio,2024-06-16,35354.32,4441.04,07901319850452,Braspress,OLCEFISVQ2T6Q,2024-06-27,2024-07-10,entregue,135,2024-06-17 00:00:00
367,NF-000367,1,1192,12770632424154,Carvalho,2023-03-12,32842.91,3575.61,55481244322208,Correios,RZKYVMYJS9ED4,2023-03-17,2023-03-30,entregue,291,2023-03-12 00:00:00
368,NF-000368,1,896,29.318.393/3529-04,Cirino,2024-11-09,28113.38,4288.86,07901319850452,Braspress,LB1M0PPO6QQ6Y,2024-11-19,,em_transito,108,2024-11-09 00:00:00
369,NF-000369,1,248,24.041.574/7338-48,Siqueira,2022-01-17,49427.44,4448.87,52000633388700,Sequoia Log,DNYB7IN3O3UG6,2022-02-01,2022-02-15,entregue,396,2022-01-18 00:00:00
370,NF-000370,1,393,08621182339845,Casa Colégio,2025-06-13,2544.92,3468.94,55481244322208,Correios,Y2702HHNNQ81U,2025-06-22,,devolvido,226,2025-06-14 00:00:00
371,NF-000371,1,861,05.153.195/2058-52,Silva Fernandes S.A.,2025-04-23,15992.82,4457.35,77546296934721,Jadlog,T44F43KI7GC7B,2025-05-03,,em_transito,174,2025-04-24 00:00:00
372,NF-000372,1,667,36576615654527,Guerra Araújo S.A.,2023-04-19,6432.31,3359.13,50842145100973,Total Express,ASR3OCVETE062,2023-04-24,,extraviado,57,2023-04-19 00:00:00
373,NF-000373,3,691,21.699.586/6934-65,Barbosa Instituto,2024-06-21,43223.23,3843.39,77546296934721,Jadlog,5Y4WQQRDU9YFR,2024-07-01,,aguardando_coleta,283,2024-06-21 00:00:00
374,NF-000374,1,460,82.417.248/2513-53,da Rosa Albuquerque e Filhos,2024-10-06,36659.24,1587.43,07901319850452,Braspress,SN6MHLAJGG6LD,2024-10-21,,devolvido,353,2024-10-07 00:00:00
375,NF-000375,2,768,58549733484344,Andrade Escola,2024-06-21,30606.3,2478.57,77546296934721,Jadlog,I0A9XTZE6VW48,2024-07-02,2024-07-19,entregue,636,2024-06-22 00:00:00
376,NF-000376,3,527,00.978.820/8121-91,Santos Azevedo S/A,2024-07-01,41797.5,3830.91,07901319850452,Braspress,ZS86BCB3UUIE7,2024-07-15,,devolvido,6,2024-07-02 00:00:00
377,NF-000377,1,633,18.702.621/7459-61,da Conceição S/A,2022-06-07,10100.58,1040.43,07901319850452,Braspress,4G7Q9RXNQK9PJ,2022-06-27,2204-06-07,entregue,146,2022-06-07 00:00:00
378,NF-000378,1,799,21699586693465,Barbosa Instituto,2024-11-20,37196.28,2793.88,50842145100973,Total Express,0UA6P9WXQPRZQ,2024-12-09,,devolvido,184,2024-11-20 00:00:00
379,NF-000379,2,387,40.369.003/4324-45,Aragão - EI,2023-07-24,25590.02,4727.84,77546296934721,Jadlog,15LP0G8GC2EXP,2023-08-08,,em_transito,66,2023-07-25 00:00:00
380,NF-000380,1,772,64.005.242/7868-01,Rios Centro Educacional,2023-07-31,12573.34,1294.19,07901319850452,Braspress,EW18OICUXT6NX,2023-08-09,,em_transito,103,2023-08-01 00:00:00
381,NF-000381,1,653,81.260.422/3253-67,Silveira,2022-10-03,14652.7,4410.4,77546296934721,Jadlog,V5DLJGS7FR390,2022-10-12,2022-10-07,entregue,164,2022-10-03 00:00:00
382,NF-000382,2,877,29668516122753,Pinto Colégio,2022-02-08,25492.06,4157.74,07901319850452,Braspress,LJPEOAAK3T906,2022-02-24,,em_transito,366,2022-02-08 00:00:00
383,NF-000383,2,257,11382675869261,Caldeira Instituto,2025-03-02,42194.5,643.6,52000633388700,Sequoia Log,V701GGUCV1FDD,2025-03-16,,devolvido,225,2025-03-02 00:00:00
384,NF-000384,2,81,09.130.756/2636-89,Alves Escola,2024-01-19,3898.1,3152.63,77546296934721,Jadlog,BKSSCDKJALYUR,2024-02-01,,aguardando_coleta,1,2024-01-20 00:00:00
385,NF-000385,3,608,45494808313678,Lopes Instituto,2024-09-19,12968.21,3483.67,52000633388700,Sequoia Log,TMN0ZH1JHFVLU,2024-10-08,,devolvido,218,2024-09-19 00:00:00
386,NF-000386,1,1140,03.926.142/9396-85,Novais S.A.,2023-12-20,1679.3,100.81,52000633388700,Sequoia Log,Y4R5N8RBE8QG4,2024-01-06,,em_transito,55,2023-12-20 00:00:00
387,NF-000387,3,935,65.060.983/5841-68,Marques Instituto,2022-04-11,24844.41,1838.9,55481244322208,Correios,N3XZH6Y82LUJW,2022-04-23,,devolvido,383,2022-04-11 00:00:00
388,NF-000388,1,1054,54.216.894/2104-47,Macedo Escola,2023-07-09,26844.98,1121.64,55481244322208,Correios,FUGUKABAA2CQV,2023-07-14,2023-07-27,entregue,99,2023-07-09 00:00:00
389,NF-000389,1,1182,66099353875842,da Escola,2024-04-18,35722.53,3149.54,77546296934721,Jadlog,YH0APRSKWCHJ8,2024-05-07,,devolvido,25,2024-04-19 00:00:00
390,NF-000390,3,443,87.083.172/7889-57,Souza Centro Educacional,2024-04-03,49040.34,752.94,50842145100973,Total Express,LIB7TUDJIOU2H,2024-04-18,,extraviado,10,2024-04-03 00:00:00
391,NF-000391,1,296,10.512.382/8258-67,Azevedo Leão - ME,2023-12-25,39904.41,2064.82,07901319850452,Braspress,16KJTIZD0U6AP,2023-12-30,2023-12-29,entregue,86,2023-12-26 00:00:00
392,NF-000392,1,315,48086131712748,Campos Instituto,2023-04-16,40856.65,4631.24,77546296934721,Jadlog,QIBIXINKAZSYF,2023-05-03,2023-05-13,entregue,393,2023-04-17 00:00:00
393,NF-000393,1,340,99.229.959/0010-94,Pinto Centro Educacional,2022-04-26,7555.99,2942.3,77546296934721,Jadlog,KYGTVWWUVK9AE,2022-05-06,,extraviado,138,2022-04-27 00:00:00
394,NF-000394,2,202,31.027.868/1447-39,Novais Escola,2024-07-13,12659.11,2962.89,52000633388700,Sequoia Log,4SYDU5IR2T3L7,2024-07-22,,em_transito,23,2024-07-13 00:00:00
395,NF-000395,1,656,53.315.869/2322-60,Nascimento Siqueira S.A.,2025-04-21,4666.85,1049.55,55481244322208,Correios,22VGTG3ZLWHIG,2025-05-01,,em_transito,65,2025-04-21 00:00:00
396,NF-000396,3,468,60.898.992/1722-33,Sales Instituto,2023-12-13,45456.21,1814.95,52000633388700,Sequoia Log,DDGYTWR7ELTNU,2023-12-26,,em_transito,128,2023-12-14 00:00:00
397,NF-000397,1,1138,23.747.407/4821-75,da Centro Educacional,2023-03-28,2275.68,2898.16,55481244322208,Correios,CAIYKSB5KGTGF,2023-04-13,,em_transito,27,2023-03-29 00:00:00
398,NF-000398,1,666,99.867.980/7935-97,Rios Instituto,2025-07-07,9012.01,1415.0,07901319850452,Braspress,UDW2C4BQBJ3IP,2025-07-21,,em_transito,72,2025-07-07 00:00:00
399,NF-000399,1,498,15.410.067/6267-65,Fernandes Escola,2024-08-24,40363.89,3030.05,77546296934721,Jadlog,C1LQ1WQTRZ18O,2024-09-12,,aguardando_coleta,97,2024-08-24 00:00:00
400,NF-000400,3,378,10.762.268/3885-16,Montenegro,2025-03-19,5289.97,802.64,50842145100973,Total Express,L1ER3J5UCFBY3,2025-03-30,,em_transito,386,2025-03-19 00:00:00
401,NF-000401,2,1102,45.494.808/3136-78,Lopes Instituto,2025-09-14,44626.91,684.18,50842145100973,Total Express,GOYIMOSRPIPXO,2025-09-30,,devolvido,90,2025-09-15 00:00:00
402,NF-000402,3,139,66.319.314/9190-58,Rodrigues e Filhos,2024-11-30,20045.84,1052.62,07901319850452,Braspress,YVMTT71ELO2AY,2024-12-07,,em_transito,2,2024-11-30 00:00:00
403,NF-000403,3,1132,80.737.416/7243-42,da Centro Educacional,2023-09-28,22493.12,766.73,52000633388700,Sequoia Log,IRO1ZG8GW6LKI,2023-10-17,,extraviado,18,2023-09-29 00:00:00
404,NF-000404,1,548,99.799.552/7177-44,Leão Escola,2025-07-20,4647.4,169.48,50842145100973,Total Express,IAM14IL5A1EYW,2025-08-08,2025-08-06,entregue,375,2025-07-21 00:00:00
405,NF-000405,3,360,18227824896383,Teixeira Fernandes S/A,2024-11-16,39940.27,503.62,52000633388700,Sequoia Log,QZBDFW0N1TG3W,2024-12-06,2024-12-12,entregue,359,2024-11-16 00:00:00
406,NF-000406,2,892,42388496965328,Câmara Instituto,2024-09-04,6785.4,1984.49,55481244322208,Correios,IME1I3SA8ORP5,2024-09-12,,devolvido,318,2024-09-04 00:00:00
407,NF-000407,3,589,30.958.498/2544-94,Gomes Instituto,2023-04-10,21505.16,953.51,52000633388700,Sequoia Log,G7R9ANN48CK0P,2023-04-25,,em_transito,5,2023-04-10 00:00:00
408,NF-000408,1,228,99.118.384/2513-54,Porto Escola,2024-04-22,33280.43,3115.29,50842145100973,Total Express,UZK1O7I0IX8B6,2024-05-08,,aguardando_coleta,381,2024-04-22 00:00:00
409,NF-000409,1,774,48.018.451/4627-04,Abreu Escola,2025-06-11,31823.09,2871.52,07901319850452,Braspress,8UTC2AVX3X6N3,2025-06-23,,extraviado,260,2025-06-11 00:00:00
410,NF-000410,3,1181,31.027.868/1447-39,Novais Escola,2023-03-07,3552.56,846.31,07901319850452,Braspress,12PZT7Z4RPKJ6,2023-03-13,,extraviado,140,2023-03-08 00:00:00
411,NF-000411,1,21,01.994.883/7550-37,Castro S/A,2024-11-09,20890.5,3683.23,52000633388700,Sequoia Log,F9ZOX9KVL1C5N,2024-11-17,,em_transito,101,2024-11-09 00:00:00
412,NF-000412,3,894,12.805.982/6204-50,Pereira Colégio,2024-01-15,34231.43,4260.42,07901319850452,Braspress,LF6M9UA0BB3SJ,2024-01-28,,extraviado,95,2024-01-16 00:00:00
413,NF-000413,2,342,05.766.270/2895-17,Santos Colégio,2024-05-25,30592.04,541.7,07901319850452,Braspress,E8W7JTSPIXCD5,2024-06-11,,em_transito,38,2024-05-25 00:00:00
414,NF-000414,1,1069,70.283.857/8652-78,da Luz S.A.,2022-02-25,43969.3,1405.42,50842145100973,Total Express,NB4ZRJU6HH1BS,2022-03-07,,aguardando_coleta,231,2022-02-25 00:00:00
415,NF-000415,1,467,70.283.857/8652-78,da Luz S.A.,2023-01-17,35394.3,2781.67,07901319850452,Braspress,BIVHFGCA322PC,2023-02-05,,aguardando_coleta,329,2023-01-18 00:00:00
416,NF-000416,2,28,62.120.216/9797-29,Pastor Centro Educacional,2022-10-01,10064.77,2541.4,55481244322208,Correios,MALVL1XQH7DOU,2022-10-07,,extraviado,39,2022-10-01 00:00:00
417,NF-000417,3,657,86.874.034/5054-15,da Cunha,2025-01-04,13289.64,3197.68,77546296934721,Jadlog,E7OIRTSA4TFBD,2025-01-12,2025-01-22,entregue,286,2025-01-05 00:00:00
418,NF-000418,2,167,50142940196556,Andrade Dias - ME,2024-10-29,3620.52,2657.11,07901319850452,Braspress,0XZCOXYO40J7H,2024-11-15,,em_transito,192,2024-10-30 00:00:00
419,NF-000419,2,509,80.940.244/5502-29,Sampaio Escola,2023-11-01,44665.22,4329.53,52000633388700,Sequoia Log,5CVB9QQ1S5CEA,2023-11-16,2023-11-16,entregue,288,2023-11-02 00:00:00
420,NF-000420,2,249,10.762.268/3885-16,Montenegro,2022-10-05,38970.41,2647.49,52000633388700,Sequoia Log,4Y5MTM699U801,2022-10-25,,devolvido,226,2022-10-05 00:00:00
421,NF-000421,2,510,05.766.270/2895-17,Santos Colégio,2023-09-18,35749.82,1111.55,55481244322208,Correios,014HF4TS2D3P6,2023-10-04,,em_transito,53,2023-09-18 00:00:00
422,NF-000422,1,409,75.588.675/3396-36,Pastor Câmara S/A,2023-06-21,8279.75,4151.53,07901319850452,Braspress,325E0DNNF59JW,2023-06-28,,extraviado,162,2023-06-21 00:00:00
423,NF-000423,1,817,93.246.095/3962-18,Caldeira e Filhos,2024-06-19,49504.0,2586.39,07901319850452,Braspress,IKSOFOWPXDR6B,2024-07-03,,aguardando_coleta,435,2024-06-19 00:00:00
424,NF-000424,2,267,27279568783391,Rios Colégio,2024-07-12,47679.33,301.92,77546296934721,Jadlog,VPNCFG7P4C3PA,2024-07-19,,extraviado,117,2024-07-13 00:00:00
425,NF-000425,1,620,53.074.505/4447-13,Melo Centro Educacional,2024-07-15,18969.66,1028.09,50842145100973,Total Express,R4NLEZU6WVUS3,2024-07-20,2024-07-29,entregue,446,2024-07-15 00:00:00
426,NF-000426,1,624,18644925192546,Sá Escola,2025-05-05,14168.84,2871.42,77546296934721,Jadlog,L46OBIZ45UTK2,2025-05-25,,em_transito,15,2025-05-05 00:00:00
427,NF-000427,3,535,61.201.836/6752-54,Cassiano Escola,2022-02-27,33137.68,2274.39,52000633388700,Sequoia Log,8GKM6DKOM91O9,2022-03-07,,devolvido,39,2022-02-27 00:00:00
428,NF-000428,2,1012,65.185.067/1657-26,Rodrigues - EI,2024-08-13,40593.11,777.36,77546296934721,Jadlog,WI6R6L1FMKWJX,2024-08-30,,extraviado,459,2024-08-13 00:00:00
429,NF-000429,3,94,65185067165726,Rodrigues - EI,2024-10-06,15169.14,1795.65,77546296934721,Jadlog,998SRZ3DFUWKG,2024-10-22,2024-09-27,entregue,392,2024-10-07 00:00:00
430,NF-000430,1,1001,30.307.053/4578-61,da Centro Educacional,2025-07-05,7806.66,3079.39,52000633388700,Sequoia Log,UGMPDH3QCCSZZ,2025-07-13,,devolvido,217,2025-07-06 00:00:00
431,NF-000431,3,580,23.747.407/4821-75,da Centro Educacional,2025-04-04,9621.15,2449.3,07901319850452,Braspress,LTUD6DLGJVMRU,2025-04-13,,extraviado,90,2025-04-05 00:00:00
432,NF-000432,3,1129,36.226.609/3796-60,Nogueira Centro Educacional,2025-07-03,21082.88,1472.08,50842145100973,Total Express,20PT5INUKJIU8,2025-07-18,,extraviado,94,2025-07-03 00:00:00
433,NF-000433,1,495,24.754.691/3736-78,Lima,2025-11-16,38942.01,258.29,77546296934721,Jadlog,AACOU0OZ2GD22,2025-12-04,,extraviado,45,2025-11-16 00:00:00
434,NF-000434,1,776,61.115.542/6221-89,Cunha Instituto,2023-09-10,23949.29,2166.82,77546296934721,Jadlog,IREAIG7KZZP40,2023-09-25,,devolvido,98,2023-09-11 00:00:00
435,NF-000435,1,605,99229959001094,Pinto Centro Educacional,2023-08-14,7990.08,3854.56,55481244322208,Correios,H9TVYFE7P04CP,2023-08-24,,extraviado,71,2023-08-14 00:00:00
436,NF-000436,1,1116,60.083.505/8300-33,Melo Instituto,2023-03-11,32387.28,4451.61,50842145100973,Total Express,E6ASA9W0KQQOE,2023-03-30,,aguardando_coleta,6,2023-03-12 00:00:00
437,NF-000437,1,561,69.847.896/1183-67,Jesus Colégio,2022-05-06,36347.88,2952.74,77546296934721,Jadlog,IC2HCMLCOJ7PG,2022-05-17,,aguardando_coleta,85,2022-05-07 00:00:00
438,NF-000438,3,916,93.246.095/3962-18,Caldeira e Filhos,2022-10-22,37270.46,2193.06,55481244322208,Correios,VW6KH7CRX0OWC,2022-11-06,,devolvido,1,2022-10-22 00:00:00
439,NF-000439,1,46,11.382.675/8692-61,Caldeira Instituto,2024-09-20,28043.73,3570.71,52000633388700,Sequoia Log,YJR76M37Y08JY,2024-10-01,2024-10-16,entregue,221,2024-09-21 00:00:00
440,NF-000440,1,693,73.799.650/7527-35,Camargo,2024-12-30,1033.45,2316.11,55481244322208,Correios,X7CPYLJZDVRIK,2025-01-10,,devolvido,40,2024-12-31 00:00:00
441,NF-000441,3,1145,29.668.516/1227-53,Pinto Colégio,2025-12-04,33818.82,3880.96,52000633388700,Sequoia Log,5G8IFGKRLWZP5,2025-12-23,,devolvido,68,2025-12-05 00:00:00
442,NF-000442,2,930,54.353.462/4751-07,Brito Escola,2025-01-10,1961.7,1702.73,07901319850452,Braspress,VHCNVWGZL3H9P,2025-01-29,,extraviado,121,2025-01-11 00:00:00
443,NF-000443,3,832,65223955905992,Lopes Cavalcanti e Filhos,2024-07-07,46317.75,220.36,07901319850452,Braspress,6KQ35RL321IEL,2024-07-23,,em_transito,0,2024-07-07 00:00:00
444,NF-000444,1,1126,69.725.217/5250-07,Porto Sá - ME,2025-08-21,49812.77,4259.23,77546296934721,Jadlog,94DW3E7MTDUSL,2025-09-09,,devolvido,29,2025-08-22 00:00:00
445,NF-000445,1,651,01.938.026/2067-24,da Cunha Aparecida e Filhos,2025-05-09,5248.58,4767.13,77546296934721,Jadlog,84VUOEX80Z2XY,2025-05-14,,extraviado,248,2025-05-10 00:00:00
446,NF-000446,1,625,29.667.066/2532-44,Azevedo,2025-03-14,35831.63,2638.73,07901319850452,Braspress,OEHO032LB93AP,2025-03-21,,extraviado,100,2025-03-15 00:00:00
447,NF-000447,3,1055,74.529.912/4190-49,Novaes Instituto,2023-11-22,45592.14,689.63,52000633388700,Sequoia Log,ZK84BSCGUVRP9,2023-12-01,,em_transito,201,2023-11-23 00:00:00
448,NF-000448,1,430,39.301.031/0518-34,Ferreira,2023-11-16,31180.31,4851.22,07901319850452,Braspress,83I2QUNGMV3P8,2023-12-03,2023-12-15,entregue,53,2023-11-16 00:00:00
449,NF-000449,1,706,82.300.478/6863-37,Pimenta Centro Educacional,2025-08-19,25437.56,4250.75,50842145100973,Total Express,ALT1G4COPJCXR,2025-08-24,,em_transito,135,2025-08-19 00:00:00
450,NF-000450,1,1099,53.074.505/4447-13,Melo Centro Educacional,2025-12-31,13951.94,4953.06,52000633388700,Sequoia Log,PBWMPQMH5U8C2,2026-01-12,2204-12-31,entregue,94,2025-12-31 00:00:00
451,NF-000451,1,931,72.624.731/7810-80,Garcia Escola,2022-10-25,10839.94,621.8,52000633388700,Sequoia Log,XOD0BVA707SLR,2022-10-31,2022-11-15,entregue,191,2022-10-25 00:00:00
452,NF-000452,1,845,03.926.142/9396-85,Novais S.A.,2025-07-31,39866.43,2646.61,52000633388700,Sequoia Log,NM20J000MKX5R,2025-08-11,,aguardando_coleta,55,2025-08-01 00:00:00
453,NF-000453,3,446,89.944.171/5454-44,da Mota,2023-06-12,3215.3,3004.12,07901319850452,Braspress,7HPE78WLFB61D,2023-06-23,,extraviado,201,2023-06-13 00:00:00
454,NF-000454,1,454,73.832.060/3850-50,Vasconcelos Colégio,2025-10-23,48662.58,4758.99,52000633388700,Sequoia Log,VWBIUG5V3VF1Y,2025-10-28,,extraviado,290,2025-10-23 00:00:00
455,NF-000455,2,183,30564139537672,Novais S.A.,2022-04-19,16321.91,4715.62,07901319850452,Braspress,KROQ06ID4AYJU,2022-05-07,,extraviado,233,2022-04-20 00:00:00
456,NF-000456,1,507,17.121.003/2365-19,Ferreira Escola,2025-12-30,26910.75,3085.13,77546296934721,Jadlog,JTJQE8234DHHZ,2026-01-15,2026-01-21,entregue,191,2025-12-30 00:00:00
457,NF-000457,3,43,03.579.727/9855-24,da Centro Educacional,2024-10-05,1858.48,4129.3,77546296934721,Jadlog,V541057N4IQAQ,2024-10-15,2024-10-15,entregue,248,2024-10-06 00:00:00
458,NF-000458,2,1186,06.537.947/3834-73,Azevedo Escola,2025-05-28,45454.56,2916.53,55481244322208,Correios,00NECDHTGYP2O,2025-06-03,,em_transito,6,2025-05-28 00:00:00
459,NF-000459,2,171,11.382.675/8692-61,Caldeira Instituto,2025-06-01,18312.6,2703.66,55481244322208,Correios,MSQW7U6FE7JCE,2025-06-11,,em_transito,92,2025-06-02 00:00:00
460,NF-000460,1,80,10.033.092/3271-93,Moura,2025-12-08,33276.35,2067.92,77546296934721,Jadlog,2AQ37FD8FP1LA,2025-12-15,,aguardando_coleta,194,2025-12-08 00:00:00
461,NF-000461,3,599,51.256.746/8071-54,Cunha,2023-05-08,38026.85,3869.08,55481244322208,Correios,L0AYWHY35STL2,2023-05-17,,devolvido,117,2023-05-09 00:00:00
462,NF-000462,1,573,00.479.748/0162-45,Câmara,2024-05-11,14016.52,2431.06,55481244322208,Correios,UG6988TWLB85I,2024-05-28,,aguardando_coleta,37,2024-05-12 00:00:00
463,NF-000463,2,457,05.153.195/2058-52,Silva Fernandes S.A.,2024-03-28,22743.78,4229.97,50842145100973,Total Express,RTFWDCXJ8BTIF,2024-04-04,,aguardando_coleta,61,2024-03-28 00:00:00
464,NF-000464,1,697,29.318.393/3529-04,Cirino,2024-10-28,14098.13,2195.78,52000633388700,Sequoia Log,4W4LZKET6S9A0,2024-11-02,,extraviado,30,2024-10-29 00:00:00
465,NF-000465,1,1043,43.959.953/4283-64,Lopes Viana - EI,2022-08-30,34745.71,3692.04,07901319850452,Braspress,VF30E3HVW2LWH,2022-09-19,,em_transito,42,2022-08-31 00:00:00
466,NF-000466,1,96,01994883755037,Castro S/A,2024-02-20,29126.4,3344.21,52000633388700,Sequoia Log,94N0X69GS85NR,2024-02-29,,devolvido,415,2024-02-20 00:00:00
467,NF-000467,2,1092,93246095396218,Caldeira e Filhos,2022-07-01,2656.66,3820.66,77546296934721,Jadlog,7KQK34YJG3B55,2022-07-10,,extraviado,147,2022-07-02 00:00:00
468,NF-000468,2,67,74741124903521,Caldeira Centro Educacional,2023-07-12,20101.41,2592.0,55481244322208,Correios,HMHJ7UTNIBZES,2023-07-27,,devolvido,27,2023-07-12 00:00:00
469,NF-000469,1,762,51.256.746/8071-54,Cunha,2024-06-21,18459.86,874.59,52000633388700,Sequoia Log,T848ADSDQXM4C,2024-06-29,,extraviado,182,2024-06-22 00:00:00
470,NF-000470,2,131,66.099.353/8758-42,da Escola,2023-01-07,41233.0,4433.21,07901319850452,Braspress,8XPNVBJS1KTZH,2023-01-22,,extraviado,11,2023-01-08 00:00:00
471,NF-000471,3,1147,58.657.809/1343-16,Farias Escola,2025-05-13,27065.67,2497.38,55481244322208,Correios,7S8889R5V5WP7,2025-05-28,,aguardando_coleta,260,2025-05-13 00:00:00
472,NF-000472,1,733,53.556.093/2048-99,Casa Colégio,2024-05-14,6201.21,4334.18,77546296934721,Jadlog,646ZQZH53A8PE,2024-05-21,,aguardando_coleta,58,2024-05-15 00:00:00
473,NF-000473,3,275,93246095396218,Caldeira e Filhos,2025-03-24,25850.29,2307.39,50842145100973,Total Express,SDTCRH178DLJ1,2025-03-31,,aguardando_coleta,102,2025-03-24 00:00:00
474,NF-000474,2,328,28.498.776/9453-14,Vargas Escola,2024-12-24,41690.3,647.64,52000633388700,Sequoia Log,FHU9U8YSP7CV3,2025-01-12,,devolvido,240,2024-12-25 00:00:00
475,NF-000475,3,643,23.747.407/4821-75,da Centro Educacional,2024-06-12,8390.07,1789.62,55481244322208,Correios,NKSANZDTPKX29,2024-06-25,,devolvido,243,2024-06-12 00:00:00
476,NF-000476,2,761,80.737.416/7243-42,da Centro Educacional,2023-12-10,42773.86,4959.18,07901319850452,Braspress,UXDB3P3C5X8B6,2023-12-27,,devolvido,8,2023-12-11 00:00:00
477,NF-000477,1,995,31027868144739,Novais Escola,2022-04-05,1421.44,1005.27,07901319850452,Braspress,NZ2FT1MZXIO3H,2022-04-23,,em_transito,68,2022-04-05 00:00:00
478,NF-000478,1,373,99.229.959/0010-94,Pinto Centro Educacional,2023-12-15,19156.34,3163.55,07901319850452,Braspress,YVCWWSSFTQIW0,2023-12-26,,extraviado,270,2023-12-15 00:00:00
479,NF-000479,3,89,52.431.069/0331-19,Novaes Escola,2022-09-21,48418.89,4207.67,07901319850452,Braspress,YO0KDZJUZHIDS,2022-09-30,,aguardando_coleta,367,2022-09-21 00:00:00
480,NF-000480,3,283,22.842.102/0539-50,Martins,2023-03-06,38260.47,3945.7,50842145100973,Total Express,CVVI5AN4ABAOK,2023-03-17,,em_transito,243,2023-03-07 00:00:00
481,NF-000481,2,767,06.797.403/4471-34,Araújo Escola,2023-02-03,40993.84,1276.15,52000633388700,Sequoia Log,MVTM9OJK9U1TK,2023-02-08,,extraviado,0,2023-02-04 00:00:00
482,NF-000482,2,720,34670656272980,Cassiano e Filhos,2025-05-01,42933.63,2237.77,55481244322208,Correios,39C00DOL4J0WK,2025-05-18,,extraviado,200,2025-05-01 00:00:00
483,NF-000483,1,176,17.121.003/2365-19,Ferreira Escola,2024-02-26,7878.59,4669.06,52000633388700,Sequoia Log,APMWMFEKSENEB,2024-03-13,,devolvido,311,2024-02-27 00:00:00
484,NF-000484,3,133,86.101.581/9956-04,Novaes,2023-09-01,43104.44,92.8,52000633388700,Sequoia Log,PDD8MGHV8F3Q1,2023-09-21,,extraviado,319,2023-09-01 00:00:00
485,NF-000485,1,707,64235369378547,Melo Pimenta S/A,2024-09-27,14246.71,1935.32,55481244322208,Correios,AN504ZV9UCBE8,2024-10-16,,extraviado,329,2024-09-27 00:00:00
486,NF-000486,1,987,69.993.867/7496-49,Almeida Colégio,2023-06-17,19544.97,4334.29,52000633388700,Sequoia Log,2V80NH1GE9C2P,2023-06-23,,em_transito,240,2023-06-18 00:00:00
487,NF-000487,1,770,58.657.809/1343-16,Farias Escola,2023-02-10,33733.66,4791.79,55481244322208,Correios,S45RZ83VRIEOV,2023-02-23,2023-01-26,entregue,278,2023-02-11 00:00:00
488,NF-000488,2,1176,37.770.143/6349-57,Marques Escola,2025-03-08,13466.59,1738.61,50842145100973,Total Express,FB4QA7LVA4SGK,2025-03-18,2025-03-27,entregue,158,2025-03-09 00:00:00
489,NF-000489,2,135,98.169.340/6088-35,Azevedo,2022-12-18,26708.88,2456.92,55481244322208,Correios,J4BWCHT8KWQS3,2022-12-30,,em_transito,279,2022-12-19 00:00:00
490,NF-000490,3,778,72099934768701,Albuquerque,2025-10-09,6383.16,436.7,07901319850452,Braspress,12SQY71G4PFKN,2025-10-27,2025-10-20,entregue,96,2025-10-09 00:00:00
491,NF-000491,1,1117,36.193.990/9169-98,Vargas Instituto,2025-06-29,46975.55,1794.9,07901319850452,Braspress,7FLR4J6FSCXY9,2025-07-08,2025-07-27,entregue,172,2025-06-29 00:00:00
492,NF-000492,3,1165,47.743.490/2115-86,da Costa e Filhos,2025-08-28,3888.35,2715.07,50842145100973,Total Express,D6RR2RS6MHCH8,2025-09-11,,em_transito,215,2025-08-28 00:00:00
493,NF-000493,1,882,69.901.627/2046-53,Vieira Colégio,2022-10-17,18667.65,193.53,77546296934721,Jadlog,BXNPCQ71SKL5M,2022-10-29,,aguardando_coleta,128,2022-10-17 00:00:00
494,NF-000494,3,362,42199330833016,Lopes,2024-03-15,31574.94,572.56,52000633388700,Sequoia Log,ULPAESFA7BPO0,2024-03-21,2024-04-11,entregue,218,2024-03-16 00:00:00
495,NF-000495,1,1089,21.851.569/1545-22,Siqueira Instituto,2024-10-14,6787.41,1504.33,55481244322208,Correios,XP3M6M7W6L1GA,2024-10-25,,devolvido,255,2024-10-14 00:00:00
496,NF-000496,2,858,95.134.332/0037-91,Carvalho Colégio,2022-04-12,27514.4,3002.28,77546296934721,Jadlog,QR8MA2TH7EF5X,2022-04-27,,extraviado,317,2022-04-13 00:00:00
497,NF-000497,1,839,87.676.772/1903-40,Fogaça Escola,2024-09-13,3443.76,2408.35,52000633388700,Sequoia Log,JAN18IHM6K703,2024-09-25,,devolvido,158,2024-09-14 00:00:00
498,NF-000498,3,119,77.221.704/3030-54,Montenegro,2025-11-15,20853.9,1261.9,50842145100973,Total Express,CREIZFRQIRFIE,2025-11-30,,aguardando_coleta,16,2025-11-15 00:00:00
499,NF-000499,2,364,52431069033119,Novaes Escola,2023-09-15,47934.85,3121.49,77546296934721,Jadlog,9VPWVIAG4ZV0U,2023-10-05,,em_transito,48,2023-09-16 00:00:00
500,NF-000500,1,203,35680442067883,Vieira - EI,2022-10-16,6425.01,207.79,50842145100973,Total Express,731FDQDNCVO1K,2022-11-01,,devolvido,167,2022-10-16 00:00:00
501,NF-000501,2,111,66319314919058,Rodrigues e Filhos,2023-08-27,36263.38,1474.98,77546296934721,Jadlog,N6TNUKEINL1MB,2023-09-16,,extraviado,113,2023-08-28 00:00:00
502,NF-000502,1,692,60898992172233,Sales Instituto,2023-05-10,29249.37,3043.36,77546296934721,Jadlog,P5RFYM8M4ODO9,2023-05-23,,devolvido,35,2023-05-10 00:00:00
503,NF-000503,2,469,93784270103930,Pimenta,2022-11-16,37944.44,3283.67,55481244322208,Correios,SRQO17KYQNLOC,2022-11-23,,devolvido,2,2022-11-17 00:00:00
504,NF-000504,1,1106,44310698720506,Peixoto Instituto,2024-04-14,37786.89,4213.7,77546296934721,Jadlog,4WSMBH7LON01O,2024-04-29,2024-05-14,entregue,464,2024-04-15 00:00:00
505,NF-000505,1,496,99.799.552/7177-44,Leão Escola,2023-04-19,13704.54,3146.0,07901319850452,Braspress,6PYE20BR3M135,2023-05-03,2023-05-13,entregue,201,2023-04-20 00:00:00
506,NF-000506,1,1025,82.449.353/4874-01,Fogaça Colégio,2022-04-11,26261.54,3511.53,55481244322208,Correios,6ZJ0CJYYGDGNC,2022-04-16,,devolvido,100,2022-04-12 00:00:00
507,NF-000507,3,685,89.944.171/5454-44,da Mota,2025-02-14,30046.84,3458.71,50842145100973,Total Express,NAU9HEIHEG1QS,2025-03-02,2025-02-13,entregue,104,2025-02-14 00:00:00
508,NF-000508,1,366,61201836675254,Cassiano Escola,2023-06-13,22164.93,2447.47,77546296934721,Jadlog,OPRRGNHA64Q7K,2023-06-29,,extraviado,189,2023-06-14 00:00:00
509,NF-000509,3,584,78390847007661,Aragão Escola,2023-04-14,3616.52,1754.26,55481244322208,Correios,4T23JSU8CEOAZ,2023-05-01,,em_transito,23,2023-04-15 00:00:00
510,NF-000510,1,673,43842797881914,Leão,2022-09-28,2576.53,4007.09,50842145100973,Total Express,2MC589Z8M35QG,2022-10-11,,devolvido,84,2022-09-29 00:00:00
511,NF-000511,2,1150,70348247710932,Macedo,2025-09-27,25756.72,3641.56,77546296934721,Jadlog,2W22E5MZ3UIKN,2025-10-17,,em_transito,151,2025-09-28 00:00:00
512,NF-000512,1,526,24754691373678,Lima,2024-06-17,40922.95,1127.24,77546296934721,Jadlog,3V452JDK5OHUJ,2024-07-03,,devolvido,85,2024-06-17 00:00:00
513,NF-000513,1,964,54216894210447,Macedo Escola,2024-05-22,6029.01,3600.43,55481244322208,Correios,CMGWIF20OPN9H,2024-06-03,,extraviado,52,2024-05-23 00:00:00
514,NF-000514,2,424,57120826773454,Gomes Colégio,2025-09-02,27105.33,2663.73,55481244322208,Correios,F25I887VB5UG4,2025-09-10,,devolvido,23,2025-09-02 00:00:00
515,NF-000515,1,317,30564139537672,Novais S.A.,2022-02-15,15883.28,3627.79,07901319850452,Braspress,2PJFKJ3VALSIN,2022-03-04,,extraviado,85,2022-02-15 00:00:00
516,NF-000516,1,78,70.283.857/8652-78,da Luz S.A.,2025-02-18,12066.76,3703.47,77546296934721,Jadlog,CEEBGGO850XW6,2025-03-10,,extraviado,59,2025-02-18 00:00:00
517,NF-000517,2,451,03397401489025,Sampaio Centro Educacional,2022-12-10,17708.27,901.02,77546296934721,Jadlog,B6ERCQBLRET0G,2022-12-19,2023-01-03,entregue,248,2022-12-10 00:00:00
518,NF-000518,1,353,88.568.557/4443-13,Montenegro Instituto,2025-09-26,31505.37,1556.75,07901319850452,Braspress,IUUV3EL72B269,2025-10-09,2025-10-04,entregue,266,2025-09-27 00:00:00
519,NF-000519,1,1093,24.754.691/3736-78,Lima,2024-10-19,16956.38,977.35,52000633388700,Sequoia Log,9FDGP8D9PSQE3,2024-11-07,,devolvido,173,2024-10-20 00:00:00
520,NF-000520,1,294,25.871.397/1870-72,Sampaio Colégio,2026-01-07,24447.53,2573.32,77546296934721,Jadlog,UQJHS1A77FUZ9,2026-01-20,,aguardando_coleta,287,2026-01-08 00:00:00
521,NF-000521,3,442,23.166.587/6036-69,Carvalho Moraes - ME,2025-03-07,34747.59,3308.05,52000633388700,Sequoia Log,JCQNRVOWRT3IM,2025-03-25,2025-03-14,entregue,186,2025-03-08 00:00:00
522,NF-000522,2,943,78.390.847/0076-61,Aragão Escola,2024-06-09,14185.06,342.52,55481244322208,Correios,2YLKVDZTY2XYL,2024-06-23,,em_transito,264,2024-06-10 00:00:00
523,NF-000523,1,551,11.526.218/1599-70,Mendonça Cunha Ltda.,2022-10-27,7621.01,4849.5,50842145100973,Total Express,R01JQUWJFYPY2,2022-11-09,2022-11-10,entregue,94,2022-10-27 00:00:00
524,NF-000524,1,815,99229959001094,Pinto Centro Educacional,2024-03-10,45608.48,1285.39,52000633388700,Sequoia Log,XLSHTHFUGDWT1,2024-03-23,,em_transito,6,2024-03-11 00:00:00
525,NF-000525,2,472,01.742.684/1459-33,Silveira Colégio,2023-07-31,30172.01,4099.72,07901319850452,Braspress,1CBXWOWH83TNN,2023-08-18,,extraviado,87,2023-07-31 00:00:00
526,NF-000526,1,329,43.292.712/9666-67,Albuquerque - EI,2024-04-09,43792.46,144.79,50842145100973,Total Express,D22Y3VBRLM7YF,2024-04-25,2024-05-01,entregue,348,2024-04-10 00:00:00
527,NF-000527,1,843,51713395962923,Mendonça,2025-10-10,24071.68,4265.86,77546296934721,Jadlog,762BYKWHPU3V3,2025-10-30,,extraviado,35,2025-10-11 00:00:00
528,NF-000528,1,912,00479748016245,Câmara,2024-08-25,5782.39,865.52,55481244322208,Correios,ZPTNYI0ATIHK7,2024-09-08,,em_transito,72,2024-08-25 00:00:00
529,NF-000529,1,1048,65.060.983/5841-68,Marques Instituto,2023-05-16,49819.99,3981.49,55481244322208,Correios,V3WDK686NVUWA,2023-05-24,,extraviado,53,2023-05-17 00:00:00
530,NF-000530,3,736,46.554.947/1709-99,da Mota Aparecida S/A,2023-06-26,6772.54,1115.35,07901319850452,Braspress,0D3WHR62KNHMF,2023-07-09,,em_transito,366,2023-06-27 00:00:00
531,NF-000531,1,863,64005242786801,Rios Centro Educacional,2023-06-23,25185.87,3566.25,77546296934721,Jadlog,YSV2FNL3VPM9N,2023-06-30,,aguardando_coleta,420,2023-06-23 00:00:00
532,NF-000532,1,144,99.867.980/7935-97,Rios Instituto,2025-07-23,32852.6,847.98,77546296934721,Jadlog,N5LKSHRLHMAS4,2025-08-06,2025-08-19,entregue,208,2025-07-23 00:00:00
533,NF-000533,2,103,69847896118367,Jesus Colégio,2025-06-06,23231.13,1113.28,55481244322208,Correios,8W0WLQYL2J7Q9,2025-06-22,2025-06-15,entregue,346,2025-06-06 00:00:00
534,NF-000534,1,1187,72.181.143/7447-01,Campos Centro Educacional,2024-03-12,17264.41,3483.9,55481244322208,Correios,XSNNXXV8LKFHM,2024-03-28,2024-03-20,entregue,61,2024-03-12 00:00:00
535,NF-000535,2,587,15.410.067/6267-65,Fernandes Escola,2025-05-31,46917.56,2531.84,55481244322208,Correios,5S08SPR0IT9BW,2025-06-10,,extraviado,137,2025-05-31 00:00:00
536,NF-000536,1,803,61.201.836/6752-54,Cassiano Escola,2025-05-29,22758.73,1957.71,07901319850452,Braspress,QGTNRTML50DUK,2025-06-13,,em_transito,235,2025-05-30 00:00:00
537,NF-000537,3,59,99371240659657,Sá,2023-09-18,41899.92,2079.26,55481244322208,Correios,LN5TPI0IK34NJ,2023-10-08,,extraviado,176,2023-09-19 00:00:00
538,NF-000538,1,985,81.260.422/3253-67,Silveira,2023-08-30,10707.12,3490.53,07901319850452,Braspress,OBRYV6AD6M4SN,2023-09-04,,em_transito,167,2023-08-31 00:00:00
539,NF-000539,1,327,19.431.142/6265-51,Sá,2025-04-05,36103.65,173.23,77546296934721,Jadlog,LO45ERNKDN58V,2025-04-23,,aguardando_coleta,356,2025-04-06 00:00:00
540,NF-000540,1,431,78593213348039,Santos,2023-09-22,28994.9,1711.45,50842145100973,Total Express,WXD46JR7O9CRA,2023-10-05,,em_transito,7,2023-09-22 00:00:00
541,NF-000541,1,668,47.143.455/8122-36,Fonseca Centro Educacional,2025-05-28,884.06,2441.73,77546296934721,Jadlog,OHQCCOOS0NECO,2025-06-15,,extraviado,261,2025-05-28 00:00:00
542,NF-000542,1,417,46554947170999,da Mota Aparecida S/A,2023-07-12,29112.46,221.33,77546296934721,Jadlog,X73EU2VHT828O,2023-07-28,,devolvido,3,2023-07-13 00:00:00
543,NF-000543,1,848,78596969155792,Costela - ME,2022-07-02,21136.96,465.02,55481244322208,Correios,J82H283X4NC2T,2022-07-16,,devolvido,7,2022-07-02 00:00:00
544,NF-000544,2,743,36.193.990/9169-98,Vargas Instituto,2024-01-11,27059.04,1814.49,55481244322208,Correios,PUF0H8LZ6JISM,2024-01-23,2024-02-07,entregue,79,2024-01-11 00:00:00
545,NF-000545,1,842,66.882.634/3517-51,Moraes Colégio,2024-03-12,11414.14,893.02,50842145100973,Total Express,8AW57TB67ADRE,2024-03-18,,extraviado,62,2024-03-12 00:00:00
546,NF-000546,1,698,58.657.809/1343-16,Farias Escola,2024-04-21,46494.4,4126.6,52000633388700,Sequoia Log,AGXW8YG16L0IF,2024-05-04,,devolvido,8,2024-04-21 00:00:00
547,NF-000547,1,494,50.643.171/3900-53,Carvalho Escola,2025-06-23,25805.42,3651.02,50842145100973,Total Express,RPOKFR7PZHB79,2025-07-12,,devolvido,111,2025-06-24 00:00:00
548,NF-000548,2,74,09.130.756/2636-89,Alves Escola,2025-07-27,32763.09,1487.55,52000633388700,Sequoia Log,3RFA6Q5ROUA7I,2025-08-11,,aguardando_coleta,153,2025-07-28 00:00:00
549,NF-000549,1,864,97700886008484,Guerra,2024-01-21,22841.32,4918.64,52000633388700,Sequoia Log,FN9BVOI3N2QUG,2024-02-07,,devolvido,178,2024-01-22 00:00:00
550,NF-000550,3,742,89.113.529/0965-61,Farias,2022-10-30,5273.63,1657.39,07901319850452,Braspress,E6F8GJSY9X3YH,2022-11-07,2022-11-13,entregue,361,2022-10-31 00:00:00
551,NF-000551,1,955,46.156.793/3410-16,Sá S/A,2022-03-23,2946.7,3280.61,52000633388700,Sequoia Log,TGIV6VREJAK3H,2022-04-09,,em_transito,57,2022-03-23 00:00:00
552,NF-000552,3,730,45494808313678,Lopes Instituto,2025-03-11,27710.0,4936.45,55481244322208,Correios,ZDP6CHCV8WVZT,2025-03-18,,em_transito,8,2025-03-12 00:00:00
553,NF-000553,2,1085,18.702.621/7459-61,da Conceição S/A,2024-02-05,13145.21,1972.11,77546296934721,Jadlog,ZV1PIXR16E2R9,2024-02-23,,extraviado,45,2024-02-06 00:00:00
554,NF-000554,3,30,23.046.184/9926-18,Barbosa Escola,2025-01-07,33348.24,3549.55,77546296934721,Jadlog,6GEFMIEX6U1L9,2025-01-25,,devolvido,308,2025-01-07 00:00:00
555,NF-000555,1,60,98.169.340/6088-35,Azevedo,2025-12-17,25863.9,1831.21,52000633388700,Sequoia Log,V2MMQDY1P8WEE,2025-12-23,2026-01-01,entregue,364,2025-12-18 00:00:00
556,NF-000556,1,791,42.388.496/9653-28,Câmara Instituto,2023-05-01,31742.56,1992.78,77546296934721,Jadlog,RP1CXWO31AXHZ,2023-05-10,,devolvido,78,2023-05-02 00:00:00
557,NF-000557,1,534,46.554.947/1709-99,da Mota Aparecida S/A,2024-12-17,16527.71,422.11,77546296934721,Jadlog,34XX4F0ZCGP78,2025-01-04,,extraviado,9,2024-12-18 00:00:00
558,NF-000558,1,688,62.120.216/9797-29,Pastor Centro Educacional,2023-10-21,3964.41,2422.65,77546296934721,Jadlog,OP6VD4JETGF7P,2023-10-31,2023-11-07,entregue,314,2023-10-22 00:00:00
559,NF-000559,1,345,89.113.529/0965-61,Farias,2025-09-13,21369.97,4800.02,07901319850452,Braspress,GJPXLVLB8DL89,2025-09-22,,em_transito,12,2025-09-13 00:00:00
560,NF-000560,1,515,11.526.218/1599-70,Mendonça Cunha Ltda.,2024-03-03,48497.06,865.8,50842145100973,Total Express,RAF45UO3V6FTV,2024-03-11,,devolvido,217,2024-03-04 00:00:00
561,NF-000561,2,137,39.868.000/2578-72,Guerra Farias Ltda.,2024-09-09,12631.11,3831.37,52000633388700,Sequoia Log,PY0B864X5G5B0,2024-09-15,,em_transito,154,2024-09-10 00:00:00
562,NF-000562,2,255,64.235.369/3785-47,Melo Pimenta S/A,2023-05-06,30394.29,1804.55,50842145100973,Total Express,LQACHLWKCYOPU,2023-05-23,,aguardando_coleta,51,2023-05-06 00:00:00
563,NF-000563,1,173,86.571.918/2619-90,das Colégio,2023-07-06,42338.66,3167.1,07901319850452,Braspress,BXKT6AWNQZ9BE,2023-07-23,,aguardando_coleta,245,2023-07-06 00:00:00
564,NF-000564,1,234,98.687.277/4348-73,Pacheco,2023-01-08,12569.56,1204.96,50842145100973,Total Express,FGLZN5W1N2W10,2023-01-20,,em_transito,1,2023-01-09 00:00:00
565,NF-000565,3,522,29.667.066/2532-44,Azevedo,2024-06-22,18274.22,558.67,07901319850452,Braspress,DH6NV8PHD8XC2,2024-06-28,,extraviado,226,2024-06-23 00:00:00
566,NF-000566,3,1035,25.871.397/1870-72,Sampaio Colégio,2024-06-10,26339.19,152.91,77546296934721,Jadlog,YA4DM21O3NAZ5,2024-06-18,,em_transito,80,2024-06-11 00:00:00
567,NF-000567,3,128,74.529.912/4190-49,Novaes Instituto,2024-12-08,6797.11,369.15,55481244322208,Correios,9PN1QRXG4U0WU,2024-12-15,,aguardando_coleta,105,2024-12-08 00:00:00
568,NF-000568,1,410,68548709986162,Borges Instituto,2025-07-26,43513.02,2790.22,52000633388700,Sequoia Log,YYVG8QVVOJU7A,2025-08-07,2025-08-13,entregue,206,2025-07-27 00:00:00
569,NF-000569,1,754,56.924.593/7526-54,Porto da Mota - EI,2024-05-13,20949.08,1681.86,52000633388700,Sequoia Log,93QBIMB21IVQF,2024-05-28,,devolvido,31,2024-05-13 00:00:00
570,NF-000570,1,116,20.969.029/5939-17,Borges da Mota - ME,2023-06-16,28697.49,1650.04,07901319850452,Braspress,1XJZJICIG1VMI,2023-06-29,2023-06-19,entregue,165,2023-06-17 00:00:00
571,NF-000571,2,592,62.462.873/3427-08,Macedo Escola,2025-08-25,24762.33,3630.58,52000633388700,Sequoia Log,V7V0H19GK9ZUY,2025-09-06,2025-09-24,entregue,190,2025-08-25 00:00:00
572,NF-000572,1,5,42388496965328,Câmara Instituto,2024-05-23,3929.77,2709.85,07901319850452,Braspress,D532H3YL76JWH,2024-06-03,,aguardando_coleta,100,2024-05-23 00:00:00
573,NF-000573,1,253,40781618495931,Pastor Instituto,2024-01-02,12025.72,2440.35,77546296934721,Jadlog,6RP8APAHMTVDY,2024-01-18,,aguardando_coleta,452,2024-01-02 00:00:00
574,NF-000574,1,244,67528953926442,Duarte,2022-10-02,17727.7,2745.47,50842145100973,Total Express,UZM5NBYWV2C91,2022-10-18,2022-10-19,entregue,621,2022-10-03 00:00:00
575,NF-000575,1,833,74.315.274/2054-93,Fonseca Lopes S/A,2025-05-04,48388.21,2925.64,52000633388700,Sequoia Log,C06VCVWX5OUAE,2025-05-09,,em_transito,65,2025-05-04 00:00:00
576,NF-000576,1,925,58.549.733/4843-44,Andrade Escola,2022-03-22,44785.9,3186.48,50842145100973,Total Express,LY8MN2O4YX0VG,2022-04-02,,devolvido,262,2022-03-22 00:00:00
577,NF-000577,1,674,00.479.748/0162-45,Câmara,2022-04-13,4389.83,4421.16,77546296934721,Jadlog,T2WSFNRWMLXKE,2022-04-25,,devolvido,68,2022-04-14 00:00:00
578,NF-000578,1,975,21699586693465,Barbosa Instituto,2023-08-07,5670.72,4533.46,07901319850452,Braspress,03YXTIAL3C1KR,2023-08-23,2023-08-19,entregue,174,2023-08-07 00:00:00
579,NF-000579,1,1013,05.766.270/2895-17,Santos Colégio,2022-11-11,20814.35,1385.98,77546296934721,Jadlog,P9DPE7U4JMVBJ,2022-11-22,,extraviado,201,2022-11-12 00:00:00
580,NF-000580,3,440,39.868.000/2578-72,Guerra Farias Ltda.,2025-03-02,42579.09,4746.08,07901319850452,Braspress,289NF3MHTBCXM,2025-03-10,2025-03-31,entregue,718,2025-03-02 00:00:00
581,NF-000581,3,390,80.940.244/5502-29,Sampaio Escola,2023-05-07,34308.98,2646.37,07901319850452,Braspress,AQN9F6DQ4LZ33,2023-05-13,2023-05-05,entregue,328,2023-05-07 00:00:00
582,NF-000582,3,286,62185016315999,Marques Instituto,2024-10-23,31660.52,3112.3,55481244322208,Correios,Q3G5RJ4RBB0CO,2024-11-01,,em_transito,17,2024-10-24 00:00:00
583,NF-000583,1,722,03.413.164/7525-53,Alves Instituto,2023-05-18,2441.66,4432.06,77546296934721,Jadlog,U7F6FDZ1X7RM0,2023-06-07,,extraviado,133,2023-05-19 00:00:00
584,NF-000584,1,439,46.156.793/3410-16,Sá S/A,2023-08-15,5615.03,4439.0,77546296934721,Jadlog,UR5QQ4BL9Q6Y8,2023-09-01,,em_transito,62,2023-08-15 00:00:00
585,NF-000585,1,1146,99799552717744,Leão Escola,2024-11-22,49301.4,4702.36,55481244322208,Correios,WHSZZZOUV6149,2024-12-01,,aguardando_coleta,244,2024-11-23 00:00:00
586,NF-000586,1,308,80.737.416/7243-42,da Centro Educacional,2025-12-22,44013.62,1991.11,50842145100973,Total Express,XXLYKJ7GE22CQ,2026-01-01,,devolvido,213,2025-12-22 00:00:00
587,NF-000587,2,143,37.575.844/1986-65,Peixoto - ME,2023-04-22,18819.5,4256.77,07901319850452,Braspress,75PVGQP3UACYC,2023-04-30,,extraviado,119,2023-04-23 00:00:00
588,NF-000588,1,1064,46773782639821,Câmara Instituto,2024-03-19,19704.26,2807.22,50842145100973,Total Express,3YVM2NS6UN8LN,2024-04-08,,em_transito,227,2024-03-20 00:00:00
589,NF-000589,2,33,43524082400842,Porto,2022-06-16,28665.11,4414.31,07901319850452,Braspress,2NMXPMA45W01G,2022-06-26,,aguardando_coleta,330,2022-06-16 00:00:00
590,NF-000590,1,857,16.453.521/8188-35,Guerra Campos - EI,2023-01-19,37868.85,3777.43,52000633388700,Sequoia Log,XB7APIUYZCYIY,2023-01-27,,em_transito,256,2023-01-19 00:00:00
591,NF-000591,3,1036,56924593752654,Porto da Mota - EI,2024-09-20,23414.37,833.11,50842145100973,Total Express,BCOLJHRB1XJQ3,2024-10-03,,devolvido,384,2024-09-21 00:00:00
592,NF-000592,2,125,99799552717744,Leão Escola,2022-05-18,38251.73,331.14,52000633388700,Sequoia Log,QT83VKQNF8CUS,2022-06-02,,aguardando_coleta,147,2022-05-19 00:00:00
593,NF-000593,3,1123,06537947383473,Azevedo Escola,2023-05-17,12364.46,302.05,07901319850452,Braspress,5SL8S79RPHJ4F,2023-05-30,,aguardando_coleta,252,2023-05-18 00:00:00
594,NF-000594,1,874,71.012.269/1669-78,Pastor,2023-11-19,34641.14,4501.57,52000633388700,Sequoia Log,MB6RAIXBPSW2C,2023-11-28,,em_transito,136,2023-11-20 00:00:00
595,NF-000595,1,777,25.871.397/1870-72,Sampaio Colégio,2022-08-22,5695.29,3939.22,55481244322208,Correios,3FCZIT85D4TQG,2022-09-04,2022-09-05,entregue,285,2022-08-23 00:00:00
596,NF-000596,1,367,89113529096561,Farias,2024-11-08,42289.31,4316.48,07901319850452,Braspress,EB2WFNJ62OV6B,2024-11-23,,extraviado,84,2024-11-08 00:00:00
597,NF-000597,3,606,50.821.486/2890-23,Fogaça Instituto,2022-03-16,25530.72,1937.42,07901319850452,Braspress,PRGE49ZJQ1JAQ,2022-03-29,2022-04-01,entregue,330,2022-03-16 00:00:00
598,NF-000598,3,278,25871397187072,Sampaio Colégio,2022-02-08,18407.58,1196.83,52000633388700,Sequoia Log,5AMB0C4NPHURC,2022-02-14,,devolvido,55,2022-02-08 00:00:00
599,NF-000599,3,525,82417248251353,da Rosa Albuquerque e Filhos,2022-05-29,8309.85,4442.17,52000633388700,Sequoia Log,L9ZZ4VVLK8CIF,2022-06-11,,devolvido,19,2022-05-29 00:00:00
600,NF-000600,2,554,44.310.698/7205-06,Peixoto Instituto,2025-02-02,35227.17,649.16,50842145100973,Total Express,OY9ITKAL8B366,2025-02-22,,devolvido,132,2025-02-03 00:00:00
601,NF-000601,1,744,47743490211586,da Costa e Filhos,2024-07-26,10348.9,3805.38,50842145100973,Total Express,5LSAO3ROXCF72,2024-08-04,2024-08-03,entregue,460,2024-07-27 00:00:00
602,NF-000602,1,913,09.130.756/2636-89,Alves Escola,2022-11-21,18737.4,2132.51,50842145100973,Total Express,ARAOUYZ9P9S3M,2022-12-02,2022-12-10,entregue,17,2022-11-21 00:00:00
603,NF-000603,2,1098,18.702.621/7459-61,da Conceição S/A,2024-11-14,27127.61,2689.8,52000633388700,Sequoia Log,I1P11FY6HRC82,2024-11-26,,devolvido,264,2024-11-14 00:00:00
604,NF-000604,1,236,21699586693465,Barbosa Instituto,2024-03-11,25401.18,809.03,55481244322208,Correios,LZIOUPA8XB7MZ,2024-03-26,,aguardando_coleta,94,2024-03-12 00:00:00
605,NF-000605,1,1068,53.556.093/2048-99,Casa Colégio,2025-03-11,40219.33,535.49,55481244322208,Correios,X9Z3CC0QGF2RQ,2025-03-29,,em_transito,222,2025-03-12 00:00:00
606,NF-000606,2,830,99.799.552/7177-44,Leão Escola,2025-08-26,49994.9,871.58,50842145100973,Total Express,5ZR6ASW4ONNBY,2025-09-13,,em_transito,38,2025-08-26 00:00:00
607,NF-000607,1,924,10433218196001,Alves Colégio,2025-04-11,17188.82,1057.01,52000633388700,Sequoia Log,KEJ1OU4XURJU0,2025-04-21,,devolvido,130,2025-04-12 00:00:00
608,NF-000608,2,1167,78.596.969/1557-92,Costela - ME,2025-03-31,17645.18,460.37,55481244322208,Correios,3GIIR4W4L3MHZ,2025-04-14,2025-04-30,entregue,418,2025-04-01 00:00:00
609,NF-000609,3,105,00.479.748/0162-45,Câmara,2024-08-22,30602.65,924.77,50842145100973,Total Express,U3ZZDLX6PC67V,2024-09-06,,em_transito,150,2024-08-23 00:00:00
610,NF-000610,2,746,60.083.505/8300-33,Melo Instituto,2025-02-06,11096.82,1491.15,52000633388700,Sequoia Log,MIX3BZUPEC35X,2025-02-23,,aguardando_coleta,14,2025-02-06 00:00:00
611,NF-000611,1,414,31.027.868/1447-39,Novais Escola,2025-10-02,37633.76,1082.36,52000633388700,Sequoia Log,LKEYF4X2YCEWL,2025-10-15,,devolvido,65,2025-10-03 00:00:00
612,NF-000612,1,198,50.643.171/3900-53,Carvalho Escola,2022-10-28,20890.01,4401.2,52000633388700,Sequoia Log,MXT44NDPSL73N,2022-11-12,,devolvido,58,2022-10-28 00:00:00
613,NF-000613,1,542,37770143634957,Marques Escola,2022-02-01,35715.39,3167.69,50842145100973,Total Express,6NA4E461DOVNN,2022-02-19,,em_transito,116,2022-02-02 00:00:00
614,NF-000614,2,197,19656523413899,Teixeira Colégio,2023-07-14,39075.56,427.92,50842145100973,Total Express,GA6TNHUE1LY7X,2023-08-01,,extraviado,141,2023-07-15 00:00:00
615,NF-000615,3,701,80940244550229,Sampaio Escola,2024-09-27,31083.41,4244.97,07901319850452,Braspress,QQRY4WE5ESCXF,2024-10-15,,aguardando_coleta,145,2024-09-28 00:00:00
616,NF-000616,2,383,39.690.784/4736-47,da Costa Castro S.A.,2024-06-19,16428.97,4164.6,55481244322208,Correios,NU4KGSNS8QSWK,2024-07-06,,devolvido,284,2024-06-20 00:00:00
617,NF-000617,1,1158,93.618.324/2102-49,Barros Colégio,2022-05-19,18097.68,241.98,07901319850452,Braspress,YKVO40IEK8BYO,2022-06-05,,extraviado,95,2022-05-19 00:00:00
618,NF-000618,1,933,53.074.505/4447-13,Melo Centro Educacional,2024-09-29,7921.43,931.12,52000633388700,Sequoia Log,Z1SD9EZJ4HIO5,2024-10-05,,aguardando_coleta,71,2024-09-30 00:00:00
619,NF-000619,3,1077,86.790.874/0640-39,Novaes Escola,2025-02-19,9713.33,3805.51,52000633388700,Sequoia Log,OATMQTOCTYD51,2025-03-08,,extraviado,234,2025-02-19 00:00:00
620,NF-000620,2,596,61.201.836/6752-54,Cassiano Escola,2024-12-16,38500.15,1881.54,77546296934721,Jadlog,QKSIINTYSAACZ,2024-12-26,,em_transito,227,2024-12-17 00:00:00
621,NF-000621,3,485,94.043.898/3640-37,da Instituto,2023-03-26,6540.03,2469.87,50842145100973,Total Express,9GO0XVJFFD90Q,2023-04-08,2023-04-16,entregue,301,2023-03-26 00:00:00
622,NF-000622,1,738,64235369378547,Melo Pimenta S/A,2025-06-21,11730.39,1969.58,52000633388700,Sequoia Log,45YYLQ2SWSX09,2025-06-30,,aguardando_coleta,162,2025-06-21 00:00:00
623,NF-000623,3,475,66.912.517/7852-89,Fonseca Instituto,2022-07-29,11179.19,2290.37,52000633388700,Sequoia Log,17J3G7HCJOTMB,2022-08-04,,devolvido,116,2022-07-29 00:00:00
624,NF-000624,3,617,09.010.016/7618-47,Azevedo - ME,2025-03-26,49600.41,4503.77,55481244322208,Correios,ACBBFKCNBOWCD,2025-04-07,2025-04-01,entregue,67,2025-03-27 00:00:00
625,NF-000625,1,217,43.303.654/1458-68,Rodrigues Colégio,2022-12-23,1990.99,1829.19,50842145100973,Total Express,FTB998TBRRIC9,2023-01-10,,devolvido,378,2022-12-23 00:00:00
626,NF-000626,2,678,27.279.568/7833-91,Rios Colégio,2022-05-27,36065.03,131.73,77546296934721,Jadlog,LO7NUZUMVG5I0,2022-06-16,,extraviado,13,2022-05-27 00:00:00
627,NF-000627,2,854,03.579.727/9855-24,da Centro Educacional,2023-02-15,39082.16,2556.81,07901319850452,Braspress,NZAYBJV87J9FN,2023-03-01,,extraviado,173,2023-02-15 00:00:00
628,NF-000628,1,484,35.408.386/6317-79,da Luz Ribeiro S/A,2023-05-03,49007.61,912.53,55481244322208,Correios,N305R0L59K5HG,2023-05-14,,extraviado,5,2023-05-04 00:00:00
629,NF-000629,2,136,61201836675254,Cassiano Escola,2022-04-26,37502.1,3627.08,77546296934721,Jadlog,NFSS9EA4D1MWA,2022-05-06,2022-05-05,entregue,268,2022-04-26 00:00:00
630,NF-000630,3,448,43.292.712/9666-67,Albuquerque - EI,2024-08-22,12758.67,2131.76,07901319850452,Braspress,IA30TGIWFCD5F,2024-09-11,,extraviado,191,2024-08-22 00:00:00
631,NF-000631,1,1066,39.868.000/2578-72,Guerra Farias Ltda.,2022-10-25,28922.76,843.08,50842145100973,Total Express,D08D191VCQTY0,2022-11-12,,aguardando_coleta,29,2022-10-25 00:00:00
632,NF-000632,3,419,69.725.217/5250-07,Porto Sá - ME,2024-12-06,27953.52,4394.75,50842145100973,Total Express,W3GTY9L1QBRIU,2024-12-16,,extraviado,290,2024-12-07 00:00:00
633,NF-000633,3,998,09130756263689,Alves Escola,2023-12-30,40138.16,806.06,07901319850452,Braspress,0BJIEW4K932KA,2024-01-13,,devolvido,23,2023-12-30 00:00:00
634,NF-000634,1,384,74.529.912/4190-49,Novaes Instituto,2022-03-11,35257.33,1487.08,52000633388700,Sequoia Log,3RHA2LQGWLDB3,2022-03-31,,extraviado,54,2022-03-12 00:00:00
635,NF-000635,1,434,25.871.397/1870-72,Sampaio Colégio,2023-09-28,14481.56,2854.95,55481244322208,Correios,WQ2GPQ0JFF2MS,2023-10-15,2023-10-09,entregue,161,2023-09-28 00:00:00
636,NF-000636,3,71,72624731781080,Garcia Escola,2022-08-25,22095.32,3796.17,77546296934721,Jadlog,A0TP51KM4S3OB,2022-09-05,,aguardando_coleta,335,2022-08-25 00:00:00
637,NF-000637,3,737,51.256.746/8071-54,Cunha,2025-03-01,11285.27,901.12,50842145100973,Total Express,PWH0YNZ06AXU5,2025-03-12,,devolvido,207,2025-03-01 00:00:00
638,NF-000638,2,121,18.644.925/1925-46,Sá Escola,2025-06-25,17625.04,4424.38,77546296934721,Jadlog,ENCC4HR89MH2G,2025-07-01,,extraviado,323,2025-06-25 00:00:00
639,NF-000639,3,154,77.221.704/3030-54,Montenegro,2022-05-31,21509.86,1127.35,50842145100973,Total Express,QOCQGH6CJNN5Z,2022-06-07,,aguardando_coleta,298,2022-05-31 00:00:00
640,NF-000640,1,582,99.371.240/6596-57,Sá,2023-08-18,22128.3,4797.16,55481244322208,Correios,HN6R8TOJ13TYY,2023-08-25,2023-09-17,entregue,305,2023-08-18 00:00:00
641,NF-000641,1,310,06.797.403/4471-34,Araújo Escola,2023-10-09,18897.54,4897.51,55481244322208,Correios,501ILVZATC5JX,2023-10-24,,em_transito,101,2023-10-10 00:00:00
642,NF-000642,3,729,61.379.180/5526-96,da Cunha,2022-04-28,49456.93,2206.86,52000633388700,Sequoia Log,I5YASUFF6M2UG,2022-05-13,,devolvido,402,2022-04-29 00:00:00
643,NF-000643,3,595,29.668.516/1227-53,Pinto Colégio,2024-01-20,32412.31,3700.8,50842145100973,Total Express,L33ST6JFRLRAO,2024-01-28,,extraviado,341,2024-01-21 00:00:00
644,NF-000644,1,819,71.012.269/1669-78,Pastor,2024-04-02,28896.27,68.17,55481244322208,Correios,12TYEVCKG6XRT,2024-04-13,,devolvido,161,2024-04-02 00:00:00
645,NF-000645,1,1112,98.169.340/6088-35,Azevedo,2024-08-04,21591.38,116.46,77546296934721,Jadlog,WOKC7IPQOR9NH,2024-08-20,,aguardando_coleta,146,2024-08-04 00:00:00
646,NF-000646,1,169,60898992172233,Sales Instituto,2025-05-05,32751.2,1726.55,07901319850452,Braspress,J2X4E3O5QRY6Y,2025-05-14,,extraviado,61,2025-05-05 00:00:00
647,NF-000647,3,1000,75564641708053,Gomes - ME,2022-03-24,16862.83,1778.66,52000633388700,Sequoia Log,W5QEOW2XE3167,2022-04-02,,extraviado,39,2022-03-25 00:00:00
648,NF-000648,3,1042,46.263.838/0657-87,Mendonça Escola,2024-03-08,5987.39,685.7,52000633388700,Sequoia Log,B9DVL3UCZAOZV,2024-03-17,,devolvido,251,2024-03-09 00:00:00
649,NF-000649,3,953,44310698720506,Peixoto Instituto,2022-07-14,22544.47,361.04,52000633388700,Sequoia Log,T07EVC8USAO70,2022-07-31,,extraviado,21,2022-07-15 00:00:00
650,NF-000650,1,157,61.115.542/6221-89,Cunha Instituto,2025-11-07,8092.73,3152.02,52000633388700,Sequoia Log,OLPMR1RW7XGOA,2025-11-13,,em_transito,10,2025-11-08 00:00:00
651,NF-000651,3,574,28498776945314,Vargas Escola,2023-06-11,9704.32,2967.84,55481244322208,Correios,REZKJJEUOFKE7,2023-06-19,2023-06-29,entregue,167,2023-06-11 00:00:00
652,NF-000652,1,969,16453521818835,Guerra Campos - EI,2024-12-02,38090.26,2178.43,77546296934721,Jadlog,RQ0SNV38QA7JM,2024-12-20,2024-12-26,entregue,240,2024-12-02 00:00:00
653,NF-000653,3,644,22.680.182/4225-35,Fogaça Centro Educacional,2024-01-05,48110.87,4020.69,55481244322208,Correios,61ZTMF9ME4BIX,2024-01-23,2024-01-16,entregue,227,2024-01-05 00:00:00
654,NF-000654,1,881,59.774.688/6239-24,Freitas da Paz S.A.,2025-06-09,28125.69,3541.45,77546296934721,Jadlog,FAQXHEW8T73BP,2025-06-22,,aguardando_coleta,263,2025-06-09 00:00:00
655,NF-000655,1,429,07.581.814/1247-82,Nogueira Instituto,2025-09-12,25526.42,2833.59,55481244322208,Correios,I9QB5K8UJ0B8H,2025-09-18,,extraviado,18,2025-09-13 00:00:00
656,NF-000656,3,1177,58.997.571/1305-54,Machado,2023-02-06,46963.01,963.31,52000633388700,Sequoia Log,450OUCK2T2MAQ,2023-02-20,,em_transito,280,2023-02-06 00:00:00
657,NF-000657,2,1183,43.524.082/4008-42,Porto,2024-11-13,31917.42,4753.63,52000633388700,Sequoia Log,G9ITRTDTEE45Z,2024-11-23,,devolvido,184,2024-11-13 00:00:00
658,NF-000658,1,97,35.403.317/3936-38,Borges,2022-07-15,45070.27,3945.44,07901319850452,Braspress,D8QWMQNCJTZMN,2022-07-27,,aguardando_coleta,303,2022-07-15 00:00:00
659,NF-000659,3,1128,00.623.120/3875-09,Silva Instituto,2022-03-14,2487.9,4887.1,50842145100973,Total Express,8GDDWOP43HBKK,2022-03-23,,em_transito,18,2022-03-14 00:00:00
660,NF-000660,2,34,50.142.940/1965-56,Andrade Dias - ME,2022-11-24,21469.8,3667.55,52000633388700,Sequoia Log,KNGHS72DF8GAW,2022-12-08,,aguardando_coleta,180,2022-11-25 00:00:00
661,NF-000661,1,246,80940244550229,Sampaio Escola,2022-06-25,27777.66,4731.06,50842145100973,Total Express,O2N8YMITRNN2I,2022-07-14,,extraviado,108,2022-06-26 00:00:00
662,NF-000662,1,764,53394210470952,Fogaça Escola,2024-10-11,20843.13,179.81,55481244322208,Correios,QM0IMQ8XUC9BJ,2024-10-19,2024-11-08,entregue,209,2024-10-12 00:00:00
663,NF-000663,1,513,93.618.324/2102-49,Barros Colégio,2024-08-21,15691.81,1007.54,52000633388700,Sequoia Log,SHIQ4ZKQREBFC,2024-09-01,,extraviado,189,2024-08-22 00:00:00
664,NF-000664,1,1113,43842797881914,Leão,2023-10-05,37564.23,4130.03,77546296934721,Jadlog,PSVSF7WQH11WE,2023-10-14,,aguardando_coleta,50,2023-10-05 00:00:00
665,NF-000665,3,724,98.169.340/6088-35,Azevedo,2024-04-20,42140.56,4433.86,07901319850452,Braspress,NPWAYGVIFIZL7,2024-05-08,2024-05-18,entregue,85,2024-04-20 00:00:00
666,NF-000666,1,511,69.284.511/5447-96,da Mota,2024-05-05,26235.51,850.81,55481244322208,Correios,NL8KYVEJ11PJY,2024-05-17,,aguardando_coleta,265,2024-05-05 00:00:00
667,NF-000667,1,636,57.437.489/6910-85,Correia Centro Educacional,2024-07-02,21320.11,1918.33,77546296934721,Jadlog,A30NLPWNXEK8Y,2024-07-21,,extraviado,6,2024-07-02 00:00:00
668,NF-000668,3,619,70.283.857/8652-78,da Luz S.A.,2023-10-09,25358.62,2807.27,07901319850452,Braspress,P6UZOX30Y1XR7,2023-10-28,,aguardando_coleta,58,2023-10-10 00:00:00
669,NF-000669,2,634,50.821.486/2890-23,Fogaça Instituto,2022-10-24,9396.9,3864.2,77546296934721,Jadlog,IQC72JFB527QH,2022-11-06,,devolvido,210,2022-10-24 00:00:00
670,NF-000670,3,979,20.455.611/0022-55,Vasconcelos Colégio,2025-01-10,19893.73,3341.17,52000633388700,Sequoia Log,1MBXXA3389B3R,2025-01-24,,aguardando_coleta,77,2025-01-11 00:00:00
671,NF-000671,1,1097,35.403.317/3936-38,Borges,2024-04-28,12570.54,3372.28,07901319850452,Braspress,03PG0MGUM2D0H,2024-05-11,,extraviado,2,2024-04-29 00:00:00
672,NF-000672,3,25,69993867749649,Almeida Colégio,2025-06-09,22407.87,4381.08,50842145100973,Total Express,6ESH5SXD1MHN0,2025-06-28,,extraviado,44,2025-06-09 00:00:00
673,NF-000673,2,919,78.390.847/0076-61,Aragão Escola,2024-02-19,22205.03,874.65,50842145100973,Total Express,W8BRSV14OIIPU,2024-02-24,,devolvido,150,2024-02-19 00:00:00
674,NF-000674,2,298,74.529.912/4190-49,Novaes Instituto,2023-02-19,32572.88,2799.92,07901319850452,Braspress,IVMD75P7Z9Z6E,2023-03-11,,devolvido,27,2023-02-20 00:00:00
675,NF-000675,1,715,89944171545444,da Mota,2023-01-08,5932.72,60.97,77546296934721,Jadlog,HXRWY8PZG8YNT,2023-01-17,,aguardando_coleta,7,2023-01-09 00:00:00
676,NF-000676,1,984,27.279.568/7833-91,Rios Colégio,2022-12-24,43810.84,659.58,52000633388700,Sequoia Log,QF8F5GJ9J1M9N,2023-01-02,,devolvido,115,2022-12-24 00:00:00
677,NF-000677,2,113,58957829114678,Lopes Escola,2025-12-07,23610.72,4343.06,55481244322208,Correios,NXUVERUWXNZKH,2025-12-26,,devolvido,67,2025-12-07 00:00:00
678,NF-000678,2,1065,35403317393638,Borges,2022-03-10,17052.9,3857.7,07901319850452,Braspress,YNVXMCAHSWFVX,2022-03-21,,extraviado,74,2022-03-11 00:00:00
679,NF-000679,1,237,74.529.912/4190-49,Novaes Instituto,2022-06-16,33380.77,1711.72,50842145100973,Total Express,LAAIRDNQM4K2D,2022-07-01,,devolvido,298,2022-06-16 00:00:00
680,NF-000680,2,758,62.462.873/3427-08,Macedo Escola,2022-06-08,3397.5,1219.75,55481244322208,Correios,4VQ0PCAWZRCIJ,2022-06-15,2022-06-23,entregue,419,2022-06-09 00:00:00
681,NF-000681,2,959,40.781.618/4959-31,Pastor Instituto,2024-10-22,39742.83,1810.92,55481244322208,Correios,EA19C396S8VOT,2024-11-10,,extraviado,152,2024-10-22 00:00:00
682,NF-000682,2,427,53.556.093/2048-99,Casa Colégio,2025-12-27,20910.53,4250.16,55481244322208,Correios,KIGTE9FIDJ6QI,2026-01-08,,devolvido,1,2025-12-28 00:00:00
683,NF-000683,1,470,82417248251353,da Rosa Albuquerque e Filhos,2022-07-11,12236.88,1418.05,55481244322208,Correios,D08DIK4TEFXON,2022-07-24,2022-07-17,entregue,211,2022-07-11 00:00:00
684,NF-000684,1,951,48.086.131/7127-48,Campos Instituto,2024-11-04,34610.19,281.92,50842145100973,Total Express,VLS7UNB9LBUZQ,2024-11-24,,em_transito,27,2024-11-05 00:00:00
685,NF-000685,1,999,60.898.992/1722-33,Sales Instituto,2023-12-18,3153.08,407.9,07901319850452,Braspress,SEU0F8F73I5FE,2023-12-28,,extraviado,164,2023-12-18 00:00:00
686,NF-000686,2,971,87.676.772/1903-40,Fogaça Escola,2025-06-14,28852.0,819.2,77546296934721,Jadlog,XTM05SDDQRFKQ,2025-06-29,2025-06-17,entregue,173,2025-06-15 00:00:00
687,NF-000687,3,473,76.936.763/2016-32,Souza Novais - EI,2024-11-23,30247.08,755.18,52000633388700,Sequoia Log,AVPGBDLAHKACP,2024-12-10,,extraviado,224,2024-11-23 00:00:00
688,NF-000688,2,553,05153195205852,Silva Fernandes S.A.,2022-02-09,27041.02,2621.51,52000633388700,Sequoia Log,PNK234D02B9F5,2022-02-21,,devolvido,221,2022-02-10 00:00:00
689,NF-000689,3,474,40.369.003/4324-45,Aragão - EI,2022-04-30,22034.17,4825.41,50842145100973,Total Express,ZLXE0K6GHVUNV,2022-05-13,,em_transito,181,2022-05-01 00:00:00
690,NF-000690,3,934,09.670.546/6889-37,Sá Instituto,2023-07-21,33433.17,3842.48,07901319850452,Braspress,U6NMP9KTWBT22,2023-08-07,,extraviado,512,2023-07-22 00:00:00
691,NF-000691,2,344,50.142.940/1965-56,Andrade Dias - ME,2024-03-27,31254.79,2661.79,52000633388700,Sequoia Log,KSVYJ9BIEKMG1,2024-04-08,2024-04-02,entregue,285,2024-03-27 00:00:00
692,NF-000692,2,1007,39868000257872,Guerra Farias Ltda.,2022-01-26,13859.51,2783.54,07901319850452,Braspress,XPJU3NBLETL8O,2022-02-06,,extraviado,17,2022-01-26 00:00:00
693,NF-000693,3,1063,23.046.184/9926-18,Barbosa Escola,2024-10-01,44024.32,1499.61,77546296934721,Jadlog,6LQBI520TUPM6,2024-10-10,2024-10-19,entregue,186,2024-10-02 00:00:00
694,NF-000694,3,1040,72099934768701,Albuquerque,2022-03-04,27009.81,4166.36,52000633388700,Sequoia Log,KBXQCEDTRFS21,2022-03-22,,devolvido,65,2022-03-04 00:00:00
695,NF-000695,1,1125,11.526.218/1599-70,Mendonça Cunha Ltda.,2022-02-14,12531.19,4666.05,50842145100973,Total Express,TD7BE5RSYFBB2,2022-02-21,2022-02-12,entregue,436,2022-02-14 00:00:00
696,NF-000696,1,789,54.216.894/2104-47,Macedo Escola,2025-06-21,35540.69,3434.9,52000633388700,Sequoia Log,R3L3BCKAXVQC7,2025-06-27,2025-07-07,entregue,206,2025-06-21 00:00:00
697,NF-000697,3,990,20.455.611/0022-55,Vasconcelos Colégio,2023-10-27,27132.0,4384.36,52000633388700,Sequoia Log,A4YLXG6GBP05A,2023-11-05,,em_transito,47,2023-10-27 00:00:00
698,NF-000698,1,716,00623120387509,Silva Instituto,2024-05-18,21234.44,161.44,77546296934721,Jadlog,WRJWI3YHSWL17,2024-05-28,,em_transito,136,2024-05-19 00:00:00
699,NF-000699,3,258,20297021355690,Porto da Luz S.A.,2022-01-18,7787.01,574.79,77546296934721,Jadlog,JZLGHGUEBJ5HE,2022-01-24,,aguardando_coleta,63,2022-01-19 00:00:00
700,NF-000700,1,1016,94.647.436/7136-95,Jesus Colégio,2023-03-22,46576.84,3066.43,52000633388700,Sequoia Log,1J0ACLVAGIPL8,2023-04-05,,devolvido,90,2023-03-22 00:00:00
701,NF-000701,2,709,20.297.021/3556-90,Porto da Luz S.A.,2022-11-13,12550.55,355.04,07901319850452,Braspress,9WL82WHV6GGMQ,2022-11-30,,devolvido,72,2022-11-14 00:00:00
702,NF-000702,1,478,60.083.505/8300-33,Melo Instituto,2022-02-02,4702.19,850.04,77546296934721,Jadlog,66ROHKU7E9H01,2022-02-11,,em_transito,135,2022-02-02 00:00:00
703,NF-000703,1,396,50.142.940/1965-56,Andrade Dias - ME,2024-08-23,42440.19,1063.32,50842145100973,Total Express,A3FUE7ZEMXNGH,2024-09-04,,devolvido,30,2024-08-23 00:00:00
704,NF-000704,1,411,93.246.095/3962-18,Caldeira e Filhos,2022-01-19,6418.18,1853.14,77546296934721,Jadlog,HQQT7RE6DG4HM,2022-01-24,,em_transito,224,2022-01-20 00:00:00
705,NF-000705,3,150,66870021765918,Câmara,2023-06-28,6237.15,247.98,07901319850452,Braspress,L881E1R440RPD,2023-07-13,,devolvido,280,2023-06-28 00:00:00
706,NF-000706,3,635,66.183.982/6224-44,Castro,2022-06-18,32399.23,2048.17,07901319850452,Braspress,PE8A06KAREMWN,2022-06-24,,devolvido,50,2022-06-19 00:00:00
707,NF-000707,2,887,27279568783391,Rios Colégio,2023-01-02,1768.89,3105.15,77546296934721,Jadlog,9ZF1C5AWC7B8U,2023-01-08,,extraviado,0,2023-01-02 00:00:00
708,NF-000708,1,321,48.175.496/5137-09,Rocha e Filhos,2024-01-01,18346.42,200.2,55481244322208,Correios,99647UGI9BAOA,2024-01-14,,em_transito,2,2024-01-02 00:00:00
709,NF-000709,1,18,81.491.778/5079-25,da Costa Cardoso - ME,2022-02-10,43161.53,3398.04,07901319850452,Braspress,W7PDMCC5B9XRZ,2022-02-21,2022-03-12,entregue,439,2022-02-10 00:00:00
710,NF-000710,2,794,01938026206724,da Cunha Aparecida e Filhos,2024-10-27,45426.18,935.67,52000633388700,Sequoia Log,41MHEX4GU9BBF,2024-11-03,,devolvido,140,2024-10-27 00:00:00
711,NF-000711,2,232,60.898.992/1722-33,Sales Instituto,2022-05-12,35432.29,2801.53,07901319850452,Braspress,DTWMQ8453GZC3,2022-05-29,,aguardando_coleta,162,2022-05-13 00:00:00
712,NF-000712,1,200,66.870.021/7659-18,Câmara,2024-03-23,6882.37,1091.26,50842145100973,Total Express,7T39LJCCUVU4H,2024-03-31,2024-04-12,entregue,253,2024-03-24 00:00:00
713,NF-000713,1,702,51.256.746/8071-54,Cunha,2023-03-08,18572.23,3654.74,50842145100973,Total Express,DKPTI9SEDRR2W,2023-03-19,,aguardando_coleta,122,2023-03-09 00:00:00
714,NF-000714,1,921,10.276.773/5925-55,Alves Centro Educacional,2022-06-17,29995.65,654.57,50842145100973,Total Express,22EM9MI0JKKVF,2022-06-22,2022-06-26,entregue,380,2022-06-18 00:00:00
715,NF-000715,1,106,18.328.569/1463-03,Vasconcelos Colégio,2023-04-14,32845.14,4370.54,07901319850452,Braspress,1T4IZWIRJK38O,2023-04-27,,aguardando_coleta,21,2023-04-14 00:00:00
716,NF-000716,2,122,51.823.374/9894-13,Montenegro Centro Educacional,2023-04-09,25661.05,4671.77,77546296934721,Jadlog,SZ8UUHHX4R48K,2023-04-28,2023-04-23,entregue,359,2023-04-09 00:00:00
717,NF-000717,3,1062,24.754.691/3736-78,Lima,2024-07-16,28986.01,2537.42,52000633388700,Sequoia Log,3B19E0KCWLLC9,2024-08-02,2024-08-01,entregue,300,2024-07-16 00:00:00
718,NF-000718,3,900,66.929.662/7828-27,Teixeira - EI,2022-02-08,5441.15,2114.0,55481244322208,Correios,U5T4CYK9RI1MX,2022-02-18,,em_transito,187,2022-02-08 00:00:00
719,NF-000719,2,1071,64.005.242/7868-01,Rios Centro Educacional,2023-02-16,10072.74,4788.33,07901319850452,Braspress,L9CHTB3LULVFZ,2023-02-25,,em_transito,299,2023-02-17 00:00:00
720,NF-000720,1,806,46584044997278,Pastor Instituto,2026-01-17,18868.45,1940.59,55481244322208,Correios,D6KN1S6ZXU29O,2026-02-03,,devolvido,175,2026-01-17 00:00:00
721,NF-000721,1,1134,78.499.121/6558-52,Câmara Alves e Filhos,2025-08-02,686.03,269.81,77546296934721,Jadlog,ZPNIM8DGX9VU7,2025-08-15,,aguardando_coleta,74,2025-08-03 00:00:00
722,NF-000722,3,860,99.229.959/0010-94,Pinto Centro Educacional,2025-10-26,10507.9,1591.1,52000633388700,Sequoia Log,I9GFBHIZZ0XM1,2025-11-15,,extraviado,20,2025-10-27 00:00:00
723,NF-000723,1,12,62.120.216/9797-29,Pastor Centro Educacional,2023-02-21,19320.25,1916.21,55481244322208,Correios,Z0Q3JBG7EQ37K,2023-03-12,,devolvido,227,2023-02-21 00:00:00
724,NF-000724,3,48,97700886008484,Guerra,2023-10-14,48792.27,1936.68,07901319850452,Braspress,2P3OTMY0VKH39,2023-10-25,,aguardando_coleta,100,2023-10-14 00:00:00
725,NF-000725,1,922,42.087.375/3001-19,Barros Centro Educacional,2024-02-02,18617.82,718.41,50842145100973,Total Express,RA23U7OUB72NC,2024-02-14,,aguardando_coleta,277,2024-02-02 00:00:00
726,NF-000726,1,335,94.043.898/3640-37,da Instituto,2022-09-28,42950.53,1828.99,55481244322208,Correios,J3J46O9VN10GI,2022-10-08,,devolvido,80,2022-09-28 00:00:00
727,NF-000727,3,686,61115542622189,Cunha Instituto,2024-12-14,43984.53,1761.12,55481244322208,Correios,H5XVUPH25AKC6,2024-12-31,,aguardando_coleta,10,2024-12-14 00:00:00
728,NF-000728,1,219,32830965207446,Brito,2024-08-23,29372.92,2791.18,07901319850452,Braspress,TBWIT4PWO85YB,2024-09-10,,extraviado,112,2024-08-23 00:00:00
729,NF-000729,1,1047,58.549.733/4843-44,Andrade Escola,2022-02-03,35669.22,2709.82,07901319850452,Braspress,336P4VYD5JL4N,2022-02-19,,extraviado,169,2022-02-03 00:00:00
730,NF-000730,3,1084,03413164752553,Alves Instituto,2025-11-15,8117.28,1144.44,77546296934721,Jadlog,33DJN4TYT97NC,2025-11-21,2025-11-24,entregue,382,2025-11-16 00:00:00
731,NF-000731,1,1031,75.564.641/7080-53,Gomes - ME,2024-09-30,43684.54,4958.36,52000633388700,Sequoia Log,I5594L3MHPQI2,2024-10-09,2024-10-16,entregue,350,2024-10-01 00:00:00
732,NF-000732,3,570,99.118.384/2513-54,Porto Escola,2022-05-18,39653.06,3194.48,07901319850452,Braspress,PHJ14WZZENTT2,2022-06-03,2022-06-01,entregue,561,2022-05-18 00:00:00
733,NF-000733,3,1082,57120826773454,Gomes Colégio,2025-03-01,48408.67,4355.89,50842145100973,Total Express,YE72PQTZ98DJ1,2025-03-09,2025-03-11,entregue,403,2025-03-02 00:00:00
734,NF-000734,1,385,29.121.277/5618-53,Barbosa Pastor e Filhos,2025-09-16,30738.45,2212.54,77546296934721,Jadlog,J52S6VP5R3YMN,2025-10-02,,aguardando_coleta,52,2025-09-16 00:00:00
735,NF-000735,3,616,86.790.874/0640-39,Novaes Escola,2022-09-10,13369.35,2442.73,52000633388700,Sequoia Log,QK1BRJ89SAFBR,2022-09-29,,extraviado,173,2022-09-10 00:00:00
736,NF-000736,2,585,98.169.340/6088-35,Azevedo,2024-07-06,31569.4,2890.8,07901319850452,Braspress,HLIKHTNEVN3OJ,2024-07-13,,em_transito,26,2024-07-07 00:00:00
737,NF-000737,3,784,10.433.218/1960-01,Alves Colégio,2023-06-12,4216.13,4650.37,52000633388700,Sequoia Log,VDI5ITE47AZMT,2023-06-19,,em_transito,294,2023-06-12 00:00:00
738,NF-000738,2,238,66.183.982/6224-44,Castro,2024-02-11,28551.8,1768.71,07901319850452,Braspress,I4SM851JPP464,2024-02-24,,devolvido,305,2024-02-11 00:00:00
739,NF-000739,3,1010,03.579.727/9855-24,da Centro Educacional,2022-08-03,40895.05,1976.21,52000633388700,Sequoia Log,K95YBC2PQ5UES,2022-08-10,,em_transito,136,2022-08-04 00:00:00
740,NF-000740,1,339,29121277561853,Barbosa Pastor e Filhos,2025-10-31,8796.58,924.49,77546296934721,Jadlog,84YY3AIC27Q6G,2025-11-13,,em_transito,92,2025-10-31 00:00:00
741,NF-000741,3,581,50.821.486/2890-23,Fogaça Instituto,2022-07-21,49520.81,532.6,07901319850452,Braspress,5ZT1MR3YF0ZGI,2022-07-28,,aguardando_coleta,251,2022-07-22 00:00:00
742,NF-000742,1,195,54.216.894/2104-47,Macedo Escola,2023-03-24,22853.29,2277.4,07901319850452,Braspress,CAG3LXHGOI5P7,2023-04-01,,aguardando_coleta,14,2023-03-25 00:00:00
743,NF-000743,1,272,41.036.971/1798-08,Carvalho Ltda.,2023-12-18,4945.6,3890.7,77546296934721,Jadlog,XYO3XB3PNCCA5,2023-12-28,,aguardando_coleta,192,2023-12-19 00:00:00
744,NF-000744,1,425,74.315.274/2054-93,Fonseca Lopes S/A,2025-01-10,1955.93,1086.27,07901319850452,Braspress,Q5SPM4SENOH4M,2025-01-16,,em_transito,347,2025-01-10 00:00:00
745,NF-000745,1,1162,17381684602235,Sampaio Colégio,2022-07-29,29064.59,438.54,50842145100973,Total Express,WAOG7BS94CKUK,2022-08-07,2022-08-19,entregue,347,2022-07-30 00:00:00
746,NF-000746,3,187,50.821.486/2890-23,Fogaça Instituto,2023-05-06,10013.1,4024.69,55481244322208,Correios,NOYSDCAURSCRS,2023-05-11,,devolvido,171,2023-05-07 00:00:00
747,NF-000747,1,663,78.499.121/6558-52,Câmara Alves e Filhos,2024-09-13,21626.04,2489.57,07901319850452,Braspress,JOXY3SJWP4DG8,2024-09-23,,em_transito,27,2024-09-14 00:00:00
748,NF-000748,1,982,10276773592555,Alves Centro Educacional,2022-05-30,31283.27,4755.49,52000633388700,Sequoia Log,EMHAMZ649X8KY,2022-06-19,,em_transito,68,2022-05-30 00:00:00
749,NF-000749,1,549,25.871.397/1870-72,Sampaio Colégio,2023-01-11,4075.21,3119.71,77546296934721,Jadlog,3HZGQ61A3RMLD,2023-01-17,,devolvido,158,2023-01-11 00:00:00
750,NF-000750,1,223,85.807.836/1340-74,Mendonça Colégio,2024-05-26,16055.76,3861.39,52000633388700,Sequoia Log,U4L8187CUB3Z7,2024-05-31,,aguardando_coleta,6,2024-05-26 00:00:00
751,NF-000751,2,769,69.847.896/1183-67,Jesus Colégio,2024-08-05,11507.95,4804.01,52000633388700,Sequoia Log,VBVNLY3FS267J,2024-08-14,,em_transito,30,2024-08-06 00:00:00
752,NF-000752,1,578,60083505830033,Melo Instituto,2022-05-29,4750.54,1454.49,50842145100973,Total Express,EGN96WUNMDZ4R,2022-06-13,,extraviado,55,2022-05-29 00:00:00
753,NF-000753,1,1008,18.702.621/7459-61,da Conceição S/A,2023-08-23,19371.35,2476.79,07901319850452,Braspress,UP2LONRQAM6UW,2023-09-06,,extraviado,248,2023-08-23 00:00:00
754,NF-000754,1,35,72.624.731/7810-80,Garcia Escola,2025-06-02,30187.82,2941.6,55481244322208,Correios,TLCY8ROJJRSKL,2025-06-21,,aguardando_coleta,76,2025-06-03 00:00:00
755,NF-000755,3,918,48018451462704,Abreu Escola,2024-12-28,31245.09,4050.5,52000633388700,Sequoia Log,JRJWPWGTZTAUJ,2025-01-17,,devolvido,56,2024-12-28 00:00:00
756,NF-000756,1,142,54.216.894/2104-47,Macedo Escola,2023-05-13,15436.2,4070.71,77546296934721,Jadlog,XAOA8NQUY2B0R,2023-06-02,,aguardando_coleta,243,2023-05-14 00:00:00
757,NF-000757,1,942,73.799.650/7527-35,Camargo,2023-05-09,13535.96,2336.48,50842145100973,Total Express,HAWQY6J1CMC8U,2023-05-25,2023-06-03,entregue,98,2023-05-09 00:00:00
758,NF-000758,1,623,78593213348039,Santos,2023-03-17,42396.02,3056.77,77546296934721,Jadlog,B19IHDOFEUK4I,2023-03-30,,aguardando_coleta,147,2023-03-17 00:00:00
759,NF-000759,1,58,97.700.886/0084-84,Guerra,2025-02-16,49873.34,4197.73,07901319850452,Braspress,PEH9HRP3W1BXD,2025-02-23,2025-02-26,entregue,458,2025-02-17 00:00:00
760,NF-000760,1,161,73.158.514/9368-99,da Colégio,2025-05-09,8095.11,3986.96,50842145100973,Total Express,HAQALEDZLEKQX,2025-05-27,,extraviado,284,2025-05-09 00:00:00
761,NF-000761,2,893,35408386631779,da Luz Ribeiro S/A,2023-05-03,21711.87,1427.78,55481244322208,Correios,WIB8EXUUIW5GC,2023-05-15,,em_transito,118,2023-05-03 00:00:00
762,NF-000762,3,503,35.408.386/6317-79,da Luz Ribeiro S/A,2025-10-07,30213.81,2771.42,55481244322208,Correios,P6R7VAU1QA0LY,2025-10-26,,em_transito,327,2025-10-08 00:00:00
763,NF-000763,2,62,72.099.934/7687-01,Albuquerque,2023-06-21,47343.76,338.18,55481244322208,Correios,KEN729MIC4PWM,2023-06-26,,aguardando_coleta,231,2023-06-21 00:00:00
764,NF-000764,2,532,17.121.003/2365-19,Ferreira Escola,2023-07-18,44576.13,2697.45,77546296934721,Jadlog,EUOZ5G06VADPF,2023-08-02,,em_transito,145,2023-07-18 00:00:00
765,NF-000765,3,436,16.453.521/8188-35,Guerra Campos - EI,2024-05-18,23525.86,4516.82,50842145100973,Total Express,82KUUS7A9HZWI,2024-05-30,,extraviado,183,2024-05-18 00:00:00
766,NF-000766,3,1171,09010016761847,Azevedo - ME,2025-12-01,15715.74,629.85,77546296934721,Jadlog,GT5UFHYPO8MN8,2025-12-10,,aguardando_coleta,25,2025-12-01 00:00:00
767,NF-000767,2,804,97643815614978,Souza Colégio,2025-12-12,48473.94,4690.71,77546296934721,Jadlog,P24DIUEGAMY7T,2025-12-30,,devolvido,55,2025-12-13 00:00:00
768,NF-000768,1,1044,69.993.867/7496-49,Almeida Colégio,2022-04-28,26792.74,241.95,55481244322208,Correios,DNTSYN2Q775P4,2022-05-09,,extraviado,132,2022-04-29 00:00:00
769,NF-000769,1,1039,58.957.829/1146-78,Lopes Escola,2022-01-17,43327.59,4341.13,52000633388700,Sequoia Log,7EMX14GP9ESG3,2022-02-03,,devolvido,124,2022-01-18 00:00:00
770,NF-000770,3,840,37.770.143/6349-57,Marques Escola,2024-02-10,49681.75,801.32,50842145100973,Total Express,6B88308BTQE7H,2024-02-19,2024-02-13,entregue,447,2024-02-11 00:00:00
771,NF-000771,2,1021,99118384251354,Porto Escola,2023-07-31,43012.28,4810.35,77546296934721,Jadlog,31X5FDMFIVPK9,2023-08-16,,em_transito,28,2023-08-01 00:00:00
772,NF-000772,1,37,78.593.213/3480-39,Santos,2025-01-17,37894.03,3368.07,55481244322208,Correios,QHB5323KZRD9K,2025-01-30,,devolvido,35,2025-01-17 00:00:00
773,NF-000773,1,781,16.560.494/5198-32,da Luz,2024-05-30,5921.67,1186.11,50842145100973,Total Express,ER31BITOD22X2,2024-06-06,,extraviado,34,2024-05-31 00:00:00
774,NF-000774,1,591,86.101.581/9956-04,Novaes,2025-05-11,2678.23,1300.07,55481244322208,Correios,1URG6PI334A39,2025-05-31,,em_transito,552,2025-05-11 00:00:00
775,NF-000775,1,822,93246095396218,Caldeira e Filhos,2023-12-12,31614.34,953.27,50842145100973,Total Express,AZYR89GAPAS0I,2023-12-27,,devolvido,58,2023-12-12 00:00:00
776,NF-000776,3,566,03397401489025,Sampaio Centro Educacional,2024-02-04,45663.43,961.21,55481244322208,Correios,8W37LTEZTQ3Z8,2024-02-16,2024-02-10,entregue,66,2024-02-05 00:00:00
777,NF-000777,1,809,46.773.782/6398-21,Câmara Instituto,2023-03-06,34270.68,1263.39,50842145100973,Total Express,KQAEITG8GTZSU,2023-03-26,,extraviado,128,2023-03-06 00:00:00
778,NF-000778,1,813,54.589.297/5001-70,Barros Escola,2023-03-13,9478.25,1301.58,55481244322208,Correios,WRP5B8257AGYH,2023-03-20,,aguardando_coleta,3,2023-03-14 00:00:00
779,NF-000779,2,450,21.699.586/6934-65,Barbosa Instituto,2022-10-16,5057.2,3168.68,07901319850452,Braspress,CBYU97S2OW8YW,2022-11-05,,aguardando_coleta,13,2022-10-16 00:00:00
780,NF-000780,1,69,30.958.498/2544-94,Gomes Instituto,2023-04-21,21095.76,3706.39,07901319850452,Braspress,C13PQZYZIZQAY,2023-05-04,,devolvido,50,2023-04-21 00:00:00
781,NF-000781,2,42,56924593752654,Porto da Mota - EI,2023-08-10,30896.43,4999.92,77546296934721,Jadlog,TRFJW4D3GLHQN,2023-08-18,2023-08-27,entregue,274,2023-08-10 00:00:00
782,NF-000782,3,607,81.491.778/5079-25,da Costa Cardoso - ME,2023-07-27,1981.13,1357.66,07901319850452,Braspress,I4GM4MCW2BY9T,2023-08-06,,em_transito,192,2023-07-27 00:00:00
783,NF-000783,1,2,23046184992618,Barbosa Escola,2025-10-03,21239.6,4030.01,77546296934721,Jadlog,N5NEJY9DNQMUC,2025-10-23,,aguardando_coleta,156,2025-10-03 00:00:00
784,NF-000784,1,997,94717464887719,Azevedo,2024-11-05,24321.3,4311.19,50842145100973,Total Express,9X2PH5C7AQTGA,2024-11-13,,devolvido,332,2024-11-06 00:00:00
785,NF-000785,1,501,30.564.139/5376-72,Novais S.A.,2025-07-17,49384.63,2700.15,50842145100973,Total Express,AZ4RFTG7AHO8H,2025-07-25,,extraviado,18,2025-07-17 00:00:00
786,NF-000786,3,639,76.936.763/2016-32,Souza Novais - EI,2022-03-07,11398.52,1398.41,07901319850452,Braspress,KHF029LCSE4LE,2022-03-15,,aguardando_coleta,5,2022-03-08 00:00:00
787,NF-000787,3,130,31027868144739,Novais Escola,2023-10-12,34326.14,2577.02,07901319850452,Braspress,RM2VCARW05BRR,2023-10-23,,devolvido,44,2023-10-13 00:00:00
788,NF-000788,1,403,43.842.797/8819-14,Leão,2022-08-11,5240.49,2499.09,07901319850452,Braspress,4D7TFL5XNU9HL,2022-08-30,,extraviado,291,2022-08-12 00:00:00
789,NF-000789,3,138,70.348.247/7109-32,Macedo,2023-11-26,19260.91,3901.22,07901319850452,Braspress,DC43J8Q2TNVFT,2023-12-07,,extraviado,226,2023-11-27 00:00:00
790,NF-000790,3,556,09.130.756/2636-89,Alves Escola,2023-02-24,24519.4,206.42,50842145100973,Total Express,SXAZ2EHLRXNGA,2023-03-04,2023-03-16,entregue,505,2023-02-25 00:00:00
791,NF-000791,2,555,99.371.240/6596-57,Sá,2024-07-17,3905.83,1535.33,55481244322208,Correios,YGK43449PRW15,2024-07-27,,devolvido,3,2024-07-17 00:00:00
792,NF-000792,3,9,11.382.675/8692-61,Caldeira Instituto,2023-05-18,14109.57,2274.95,07901319850452,Braspress,5PL5JUW9RDCUJ,2023-06-05,,extraviado,22,2023-05-18 00:00:00
793,NF-000793,1,350,42.199.330/8330-16,Lopes,2022-01-29,30819.29,3045.16,52000633388700,Sequoia Log,UJWYWDQFWQ8TW,2022-02-17,,extraviado,114,2022-01-29 00:00:00
794,NF-000794,3,785,69.993.867/7496-49,Almeida Colégio,2024-05-24,23688.37,1362.83,50842145100973,Total Express,FQU591GVCAZ56,2024-06-06,,aguardando_coleta,360,2024-05-24 00:00:00
795,NF-000795,1,1100,80.737.416/7243-42,da Centro Educacional,2022-08-31,36648.31,2903.81,55481244322208,Correios,14AM6FC82M1MZ,2022-09-15,,devolvido,37,2022-09-01 00:00:00
796,NF-000796,2,564,58.957.829/1146-78,Lopes Escola,2025-06-13,40164.65,1858.02,77546296934721,Jadlog,67QO7IAOY6J2P,2025-06-20,,aguardando_coleta,165,2025-06-14 00:00:00
797,NF-000797,3,194,58.549.733/4843-44,Andrade Escola,2025-07-25,24817.09,2466.04,50842145100973,Total Express,7I1GD0NTT6DR2,2025-08-03,,devolvido,81,2025-07-26 00:00:00
798,NF-000798,1,973,24.754.691/3736-78,Lima,2023-08-20,37984.0,3819.74,07901319850452,Braspress,0SAQTVUYPZEYP,2023-09-08,,em_transito,290,2023-08-20 00:00:00
799,NF-000799,1,400,11.526.218/1599-70,Mendonça Cunha Ltda.,2024-12-29,25432.17,4345.82,77546296934721,Jadlog,UE0AA7EKKZON2,2025-01-09,,em_transito,72,2024-12-29 00:00:00
800,NF-000800,1,306,43842797881914,Leão,2025-05-04,34406.35,1278.86,07901319850452,Braspress,MGECJSY2WLKPQ,2025-05-12,,devolvido,9,2025-05-05 00:00:00
801,NF-000801,2,909,18227824896383,Teixeira Fernandes S/A,2023-06-13,35537.81,2098.86,52000633388700,Sequoia Log,ANZPZHZPLIUFL,2023-06-20,,devolvido,320,2023-06-14 00:00:00
802,NF-000802,1,704,69284511544796,da Mota,2022-03-26,37320.09,1242.83,77546296934721,Jadlog,7K26ESNGDLL1N,2022-04-05,,devolvido,17,2022-03-26 00:00:00
803,NF-000803,1,1115,66929662782827,Teixeira - EI,2024-06-22,38299.86,519.91,77546296934721,Jadlog,1VKWZ6WN0IU9X,2024-06-28,,aguardando_coleta,31,2024-06-22 00:00:00
804,NF-000804,1,20,18702621745961,da Conceição S/A,2022-09-15,39288.03,4933.58,55481244322208,Correios,3BIB9TXHTRMJK,2022-09-21,,em_transito,40,2022-09-16 00:00:00
805,NF-000805,3,381,48.175.496/5137-09,Rocha e Filhos,2025-07-15,34671.91,3650.47,50842145100973,Total Express,J4I3DOYCKQXG7,2025-07-29,2025-07-21,entregue,424,2025-07-16 00:00:00
806,NF-000806,1,752,66.929.662/7828-27,Teixeira - EI,2023-11-09,12317.83,750.71,07901319850452,Braspress,WR4HANGM5MMT4,2023-11-14,,aguardando_coleta,169,2023-11-10 00:00:00
807,NF-000807,1,441,17.121.003/2365-19,Ferreira Escola,2023-06-20,2789.57,3198.36,52000633388700,Sequoia Log,782ZIKQMGCJPP,2023-06-28,,devolvido,217,2023-06-21 00:00:00
808,NF-000808,2,464,09.010.016/7618-47,Azevedo - ME,2023-03-21,22238.57,4759.63,52000633388700,Sequoia Log,95SRZW9Q7U2AK,2023-04-06,,em_transito,245,2023-03-22 00:00:00
809,NF-000809,1,957,10.762.268/3885-16,Montenegro,2024-12-02,43299.35,3100.47,55481244322208,Correios,C8FVW3JZXZJ2F,2024-12-20,,devolvido,5,2024-12-02 00:00:00
810,NF-000810,2,740,60.083.505/8300-33,Melo Instituto,2025-02-24,601.62,1749.95,55481244322208,Correios,8NM3D3AUBUS9H,2025-03-03,,extraviado,57,2025-02-25 00:00:00
811,NF-000811,2,1091,40.369.003/4324-45,Aragão - EI,2024-05-05,41568.44,3111.43,50842145100973,Total Express,5YJKWOBW6KC24,2024-05-15,,extraviado,389,2024-05-05 00:00:00
812,NF-000812,2,719,43.842.797/8819-14,Leão,2025-03-31,9971.18,3368.37,52000633388700,Sequoia Log,Y8MIJYBVQGB5P,2025-04-05,,devolvido,149,2025-03-31 00:00:00
813,NF-000813,2,1168,18.328.569/1463-03,Vasconcelos Colégio,2023-07-12,43538.82,941.24,50842145100973,Total Express,MTZXN8VGX1XYH,2023-07-20,,aguardando_coleta,3,2023-07-12 00:00:00
814,NF-000814,3,689,61201836675254,Cassiano Escola,2024-05-08,13776.76,4084.64,55481244322208,Correios,9V5NRDTWARP2T,2024-05-21,,devolvido,338,2024-05-08 00:00:00
815,NF-000815,2,406,12.805.982/6204-50,Pereira Colégio,2024-09-20,38409.05,4749.81,52000633388700,Sequoia Log,YVN01YLOQBPOZ,2024-09-29,,devolvido,186,2024-09-20 00:00:00
816,NF-000816,1,1,53074505444713,Melo Centro Educacional,2022-06-02,15753.92,3826.39,77546296934721,Jadlog,4GI6T0T9EYO5T,2022-06-18,,extraviado,102,2022-06-02 00:00:00
817,NF-000817,1,537,89113529096561,Farias,2023-08-13,26583.58,3909.87,77546296934721,Jadlog,UKG6M2VLQY259,2023-08-18,2023-09-03,entregue,447,2023-08-14 00:00:00
818,NF-000818,2,835,81.491.778/5079-25,da Costa Cardoso - ME,2022-11-15,18611.1,231.83,77546296934721,Jadlog,026TDOWW505BZ,2022-11-21,,aguardando_coleta,226,2022-11-16 00:00:00
819,NF-000819,3,160,94.043.898/3640-37,da Instituto,2022-01-31,40890.16,2577.65,77546296934721,Jadlog,8J3803PSIXPPH,2022-02-17,,devolvido,107,2022-01-31 00:00:00
820,NF-000820,1,1111,86.874.034/5054-15,da Cunha,2022-12-06,31069.61,640.37,50842145100973,Total Express,E7ASOK4YFYL5V,2022-12-13,,em_transito,27,2022-12-06 00:00:00
821,NF-000821,1,205,14.562.328/5884-24,Jesus,2025-01-28,24145.88,4759.6,50842145100973,Total Express,4OJ0LISG71WKZ,2025-02-08,2025-02-09,entregue,248,2025-01-28 00:00:00
822,NF-000822,2,17,74.315.274/2054-93,Fonseca Lopes S/A,2025-12-24,39600.91,2116.59,50842145100973,Total Express,8MFJ98INGHPP5,2026-01-02,2026-01-15,entregue,317,2025-12-24 00:00:00
823,NF-000823,3,1037,20.297.021/3556-90,Porto da Luz S.A.,2022-03-11,8834.83,523.52,52000633388700,Sequoia Log,4D5IJIR09SO46,2022-03-21,,extraviado,87,2022-03-12 00:00:00
824,NF-000824,1,163,59.910.229/0147-67,da Colégio,2023-06-17,15684.14,2347.84,07901319850452,Braspress,YD0J5MNRRLY12,2023-06-30,,devolvido,121,2023-06-17 00:00:00
825,NF-000825,1,849,17.381.684/6022-35,Sampaio Colégio,2023-05-22,32425.3,3208.4,55481244322208,Correios,7W80B3YQY2945,2023-05-28,2023-06-16,entregue,493,2023-05-23 00:00:00
826,NF-000826,1,825,10.762.268/3885-16,Montenegro,2023-09-27,32266.08,4461.27,77546296934721,Jadlog,911H3MAAX4JZM,2023-10-13,,extraviado,100,2023-09-27 00:00:00
827,NF-000827,3,261,93.246.095/3962-18,Caldeira e Filhos,2022-11-17,20565.01,1533.97,50842145100973,Total Express,QKAOBTZFSV61A,2022-12-01,,extraviado,110,2022-11-18 00:00:00
828,NF-000828,1,851,84422583132370,Nogueira Andrade Ltda.,2022-09-09,3556.5,2629.46,50842145100973,Total Express,VDNQGS0MC3I0X,2022-09-20,,devolvido,78,2022-09-09 00:00:00
829,NF-000829,3,338,01438889937567,Nogueira Colégio,2022-10-19,49161.76,3536.55,50842145100973,Total Express,UBCG04PG6KE7G,2022-11-08,,extraviado,7,2022-10-20 00:00:00
830,NF-000830,2,711,86.790.874/0640-39,Novaes Escola,2023-06-10,23749.71,3606.56,50842145100973,Total Express,U634Q19K906WV,2023-06-28,,em_transito,38,2023-06-11 00:00:00
831,NF-000831,1,254,94043898364037,da Instituto,2022-06-13,7066.21,1203.43,77546296934721,Jadlog,J1ZW98US0QDFK,2022-06-29,2022-07-05,entregue,277,2022-06-13 00:00:00
832,NF-000832,3,747,42.199.330/8330-16,Lopes,2024-06-23,28280.14,4802.57,07901319850452,Braspress,4QZUDXWTFZ4MU,2024-07-03,,devolvido,52,2024-06-24 00:00:00
833,NF-000833,2,516,69284511544796,da Mota,2023-05-20,37174.74,839.31,07901319850452,Braspress,0LJB9UF2YHIDW,2023-05-28,2023-06-14,entregue,333,2023-05-20 00:00:00
834,NF-000834,2,533,18.702.621/7459-61,da Conceição S/A,2022-04-10,13129.73,3233.18,50842145100973,Total Express,XD7J4FZXWTBDW,2022-04-30,2022-05-06,entregue,183,2022-04-10 00:00:00
835,NF-000835,1,1003,73.832.060/3850-50,Vasconcelos Colégio,2022-08-23,41872.81,3815.33,55481244322208,Correios,RXWG4OI1NEXNP,2022-09-06,,extraviado,55,2022-08-24 00:00:00
836,NF-000836,3,250,39.868.000/2578-72,Guerra Farias Ltda.,2025-11-19,14315.38,84.99,50842145100973,Total Express,1FSZXSP2ODHJA,2025-12-09,2025-12-09,entregue,352,2025-11-19 00:00:00
837,NF-000837,3,712,72.099.934/7687-01,Albuquerque,2024-07-15,46388.94,4171.91,50842145100973,Total Express,S6UWXE4BPIBN9,2024-07-29,2024-07-31,entregue,351,2024-07-16 00:00:00
838,NF-000838,3,480,93.806.868/7937-41,Mendonça,2025-07-09,21842.74,1511.3,07901319850452,Braspress,QH6UXAC8GSDFX,2025-07-14,,aguardando_coleta,15,2025-07-09 00:00:00
839,NF-000839,1,588,20455611002255,Vasconcelos Colégio,2024-01-04,25945.82,1391.88,55481244322208,Correios,T8FC33MOEKBWN,2024-01-22,2024-01-07,entregue,478,2024-01-04 00:00:00
840,NF-000840,1,100,18328569146303,Vasconcelos Colégio,2022-05-04,34908.0,3049.82,52000633388700,Sequoia Log,LI65VOKQVUGEJ,2022-05-10,,devolvido,63,2022-05-04 00:00:00
841,NF-000841,1,455,57.437.489/6910-85,Correia Centro Educacional,2024-10-22,11061.99,4348.41,52000633388700,Sequoia Log,F1G6LB6S1MWQO,2024-11-03,,extraviado,213,2024-10-23 00:00:00
842,NF-000842,2,1019,99.799.552/7177-44,Leão Escola,2022-11-18,9984.78,2173.56,07901319850452,Braspress,BNIEZVEVEY27T,2022-11-29,,extraviado,365,2022-11-18 00:00:00
843,NF-000843,3,946,69284511544796,da Mota,2022-12-07,22339.04,3710.69,55481244322208,Correios,6YY3QT74WHHG9,2022-12-16,,devolvido,119,2022-12-08 00:00:00
844,NF-000844,1,377,06.537.947/3834-73,Azevedo Escola,2024-03-11,13291.77,2817.26,55481244322208,Correios,7VFS3OBZXN5HP,2024-03-26,,em_transito,346,2024-03-12 00:00:00
845,NF-000845,3,1114,53074505444713,Melo Centro Educacional,2022-06-25,16852.79,3670.42,77546296934721,Jadlog,MNRT2T8HZCJLZ,2022-07-06,2022-07-01,entregue,399,2022-06-25 00:00:00
846,NF-000846,1,188,77.221.704/3030-54,Montenegro,2023-05-23,17422.05,792.96,52000633388700,Sequoia Log,ISE1JCNFYOOHK,2023-06-11,,extraviado,13,2023-05-24 00:00:00
847,NF-000847,1,295,54.216.894/2104-47,Macedo Escola,2025-10-11,43010.66,4857.52,50842145100973,Total Express,6DX2FLKDOCYXN,2025-10-21,,aguardando_coleta,38,2025-10-12 00:00:00
848,NF-000848,1,149,53.394.210/4709-52,Fogaça Escola,2023-08-04,22182.7,2165.28,50842145100973,Total Express,WNQB9WHPKG2N9,2023-08-14,2023-09-01,entregue,436,2023-08-04 00:00:00
849,NF-000849,1,331,31.027.868/1447-39,Novais Escola,2023-04-11,6465.4,4707.4,50842145100973,Total Express,438196OEU9TAM,2023-04-16,,em_transito,14,2023-04-12 00:00:00
850,NF-000850,2,811,88568557444313,Montenegro Instituto,2023-04-07,28462.27,4963.19,07901319850452,Braspress,18VCWOR3VLLMZ,2023-04-18,2023-04-21,entregue,290,2023-04-08 00:00:00
851,NF-000851,3,276,62.120.216/9797-29,Pastor Centro Educacional,2024-09-26,33969.96,3670.8,50842145100973,Total Express,AGOUDDIXRQRKG,2024-10-09,,devolvido,71,2024-09-26 00:00:00
852,NF-000852,1,891,99371240659657,Sá,2022-02-26,13343.03,1269.97,07901319850452,Braspress,6TG67VWB0ZOL6,2022-03-12,,em_transito,31,2022-02-27 00:00:00
853,NF-000853,1,1189,85.807.836/1340-74,Mendonça Colégio,2024-07-12,41090.33,3664.89,55481244322208,Correios,QQ4F4QMU1UE4U,2024-07-31,,devolvido,97,2024-07-13 00:00:00
854,NF-000854,2,1130,85.807.836/1340-74,Mendonça Colégio,2025-07-09,46709.75,1368.42,50842145100973,Total Express,OATR9ZSH4QNB9,2025-07-22,,devolvido,147,2025-07-09 00:00:00
855,NF-000855,3,170,20.969.029/5939-17,Borges da Mota - ME,2023-01-20,6007.12,405.08,07901319850452,Braspress,73N6885BBA180,2023-02-02,2023-02-18,entregue,188,2023-01-20 00:00:00
856,NF-000856,1,189,71.094.777/5204-71,Cassiano Escola,2024-07-20,6778.9,705.32,52000633388700,Sequoia Log,A5USSC0KXINHK,2024-08-02,,devolvido,283,2024-07-20 00:00:00
857,NF-000857,2,717,31.027.868/1447-39,Novais Escola,2025-07-01,37616.66,1416.78,50842145100973,Total Express,4DFJV70N9OMUO,2025-07-20,2025-07-18,entregue,130,2025-07-02 00:00:00
858,NF-000858,1,50,82.417.248/2513-53,da Rosa Albuquerque e Filhos,2023-10-29,8072.12,3318.49,52000633388700,Sequoia Log,G3UQU6F32QLAC,2023-11-15,,extraviado,230,2023-10-29 00:00:00
859,NF-000859,1,926,68.548.709/9861-62,Borges Instituto,2022-09-11,26940.7,690.26,50842145100973,Total Express,4U8CDC5E8AKMG,2022-09-27,,em_transito,19,2022-09-11 00:00:00
860,NF-000860,2,867,72181143744701,Campos Centro Educacional,2022-03-29,18727.04,60.69,07901319850452,Braspress,7SU6I2DBT1M4X,2022-04-12,,extraviado,5,2022-03-29 00:00:00
861,NF-000861,2,739,74.517.123/6851-60,Siqueira,2024-12-18,44074.55,1294.48,55481244322208,Correios,XB43SM0T47IBG,2025-01-01,,em_transito,1,2024-12-19 00:00:00
862,NF-000862,2,779,61.379.180/5526-96,da Cunha,2024-03-21,45289.51,560.76,52000633388700,Sequoia Log,Q9OLP8MJXJBSH,2024-04-08,,extraviado,37,2024-03-21 00:00:00
863,NF-000863,3,152,19.656.523/4138-99,Teixeira Colégio,2023-11-22,32878.94,552.3,55481244322208,Correios,MB1NEMLL1NGCO,2023-12-12,,extraviado,121,2023-11-22 00:00:00
864,NF-000864,1,307,24.754.691/3736-78,Lima,2023-03-17,39025.83,425.55,77546296934721,Jadlog,NQH11BG1G7IU7,2023-03-28,,em_transito,303,2023-03-18 00:00:00
865,NF-000865,2,547,62.208.635/3654-19,Sampaio,2023-10-26,3257.87,1450.4,07901319850452,Braspress,OO8035H9ZAV0N,2023-11-09,,extraviado,126,2023-10-26 00:00:00
866,NF-000866,2,1028,20455611002255,Vasconcelos Colégio,2026-01-16,36286.12,4889.12,77546296934721,Jadlog,NM0LQSREPY7QT,2026-02-02,,em_transito,91,2026-01-16 00:00:00
867,NF-000867,2,787,61.375.060/6853-61,Pimenta Centro Educacional,2022-04-27,11184.69,1716.34,50842145100973,Total Express,TXP41CVMV4FRZ,2022-05-05,2022-05-01,entregue,553,2022-04-27 00:00:00
868,NF-000868,3,79,18.227.824/8963-83,Teixeira Fernandes S/A,2025-08-09,11868.16,3064.75,50842145100973,Total Express,I6MDQ6IT37OFP,2025-08-15,2025-08-14,entregue,247,2025-08-10 00:00:00
869,NF-000869,3,386,86.790.874/0640-39,Novaes Escola,2023-10-27,7302.09,3610.87,07901319850452,Braspress,FVVHJV7J3OBBW,2023-11-07,,devolvido,104,2023-10-27 00:00:00
870,NF-000870,1,76,53074505444713,Melo Centro Educacional,2025-04-12,25621.41,3055.56,77546296934721,Jadlog,S1SPKJAMD7PGS,2025-05-02,,em_transito,37,2025-04-13 00:00:00
871,NF-000871,2,437,01938026206724,da Cunha Aparecida e Filhos,2023-03-29,2687.23,2512.39,52000633388700,Sequoia Log,IRKVOL8FGZ9C7,2023-04-10,,devolvido,1,2023-03-30 00:00:00
872,NF-000872,1,647,75.564.641/7080-53,Gomes - ME,2024-03-11,13700.12,3616.9,07901319850452,Braspress,KDKNK26X3CFHF,2024-03-29,2024-04-08,entregue,163,2024-03-11 00:00:00
873,NF-000873,1,1074,64235369378547,Melo Pimenta S/A,2025-03-02,17744.09,3095.75,07901319850452,Braspress,9JAF92DQU0LBK,2025-03-21,2025-02-25,entregue,270,2025-03-03 00:00:00
874,NF-000874,3,208,66.870.021/7659-18,Câmara,2024-08-25,18662.55,3531.21,55481244322208,Correios,QNOEPRWG5L232,2024-09-10,,aguardando_coleta,87,2024-08-25 00:00:00
875,NF-000875,1,977,53.394.210/4709-52,Fogaça Escola,2025-08-29,17937.76,458.74,07901319850452,Braspress,D8SY1XT34LDVX,2025-09-03,,devolvido,57,2025-08-29 00:00:00
876,NF-000876,1,988,93.246.095/3962-18,Caldeira e Filhos,2022-01-20,4533.3,332.71,77546296934721,Jadlog,B2WRSTEI2VX4X,2022-01-27,2022-02-14,entregue,312,2022-01-21 00:00:00
877,NF-000877,2,939,22.680.182/4225-35,Fogaça Centro Educacional,2025-05-07,21064.86,996.09,50842145100973,Total Express,BI7I5IN2SQGMU,2025-05-13,,devolvido,26,2025-05-07 00:00:00
878,NF-000878,3,829,10512382825867,Azevedo Leão - ME,2022-12-24,29281.22,275.93,50842145100973,Total Express,1ZTPSFDCK715I,2023-01-06,,aguardando_coleta,48,2022-12-24 00:00:00
879,NF-000879,3,432,97.700.886/0084-84,Guerra,2024-08-11,39137.76,3943.53,07901319850452,Braspress,SSXO8E7UOH7MG,2024-08-26,,devolvido,200,2024-08-11 00:00:00
880,NF-000880,1,365,76.936.763/2016-32,Souza Novais - EI,2025-02-05,18349.39,1095.97,52000633388700,Sequoia Log,4Y2H1LHAZAPIM,2025-02-11,2025-02-14,entregue,570,2025-02-05 00:00:00
881,NF-000881,3,820,41.928.327/6483-50,da Conceição Montenegro - EI,2025-09-09,10153.77,4554.92,07901319850452,Braspress,1R1RRMDEWKMWR,2025-09-14,2025-10-02,entregue,313,2025-09-10 00:00:00
882,NF-000882,3,837,39690784473647,da Costa Castro S.A.,2024-03-17,24777.48,4107.3,77546296934721,Jadlog,UCVD6GXN9S3YY,2024-04-05,,aguardando_coleta,126,2024-03-17 00:00:00
883,NF-000883,2,1118,86.874.034/5054-15,da Cunha,2024-01-09,49708.81,4107.1,55481244322208,Correios,XUSYAVO1FBZDJ,2024-01-14,2024-02-05,entregue,265,2024-01-09 00:00:00
884,NF-000884,1,108,39301031051834,Ferreira,2022-10-24,11772.06,2360.95,52000633388700,Sequoia Log,VRX3S3O6J5XTL,2022-11-04,,devolvido,307,2022-10-24 00:00:00
885,NF-000885,1,1053,39.301.031/0518-34,Ferreira,2024-11-09,33880.25,4049.51,52000633388700,Sequoia Log,Z0DAGEJILA54H,2024-11-28,,aguardando_coleta,19,2024-11-10 00:00:00
886,NF-000886,2,899,24.041.574/7338-48,Siqueira,2023-03-04,11187.67,2303.56,52000633388700,Sequoia Log,MIPJVUL6XSD92,2023-03-23,,em_transito,73,2023-03-05 00:00:00
887,NF-000887,2,418,10.651.801/7046-22,Correia Colégio,2023-09-16,4732.9,3942.3,77546296934721,Jadlog,9KVS6WKKQEY5W,2023-09-29,,extraviado,81,2023-09-16 00:00:00
888,NF-000888,2,75,87.083.172/7889-57,Souza Centro Educacional,2022-03-24,2212.01,3492.67,77546296934721,Jadlog,YXTJMKX3DAY0T,2022-04-12,,aguardando_coleta,33,2022-03-24 00:00:00
889,NF-000889,3,380,64.005.242/7868-01,Rios Centro Educacional,2022-11-22,9782.25,781.6,52000633388700,Sequoia Log,JRSJ892I96WTG,2022-12-03,,extraviado,262,2022-11-22 00:00:00
890,NF-000890,2,1094,61201836675254,Cassiano Escola,2025-09-08,16308.63,4686.9,55481244322208,Correios,PLIGN8RYCMOH5,2025-09-13,,aguardando_coleta,16,2025-09-08 00:00:00
891,NF-000891,1,1034,86874034505415,da Cunha,2023-07-18,14095.3,1612.07,07901319850452,Braspress,D7L52EQUSTA8M,2023-07-24,,extraviado,8,2023-07-18 00:00:00
892,NF-000892,1,545,84.866.618/8924-14,Ferreira S.A.,2024-08-17,9929.11,1297.93,52000633388700,Sequoia Log,CEPIFGUOQG0SR,2024-08-26,,em_transito,197,2024-08-17 00:00:00
893,NF-000893,2,212,03579727985524,da Centro Educacional,2023-09-04,47444.97,1895.92,07901319850452,Braspress,V06DIVG0TVOS0,2023-09-16,,extraviado,353,2023-09-05 00:00:00
894,NF-000894,2,182,99.867.980/7935-97,Rios Instituto,2025-05-17,5840.32,1892.7,07901319850452,Braspress,7MC3ODAVDRMQU,2025-05-23,,devolvido,20,2025-05-18 00:00:00
895,NF-000895,1,177,29.667.066/2532-44,Azevedo,2025-08-24,24703.12,890.54,55481244322208,Correios,VF1TAXJSAIML8,2025-08-30,,aguardando_coleta,166,2025-08-24 00:00:00
896,NF-000896,1,1119,53.556.093/2048-99,Casa Colégio,2025-03-13,20202.24,1447.84,55481244322208,Correios,YKF4Y3BMY9DVE,2025-04-01,,extraviado,36,2025-03-14 00:00:00
897,NF-000897,3,508,66882634351751,Moraes Colégio,2025-01-31,8115.07,617.24,50842145100973,Total Express,P7G3CJVETO4RV,2025-02-09,,em_transito,20,2025-01-31 00:00:00
898,NF-000898,2,1080,09.670.546/6889-37,Sá Instituto,2023-07-10,23242.44,1419.21,52000633388700,Sequoia Log,UYHTZORIZSTT4,2023-07-19,2023-08-09,entregue,405,2023-07-11 00:00:00
899,NF-000899,1,271,73.832.060/3850-50,Vasconcelos Colégio,2023-06-22,24332.28,3168.46,77546296934721,Jadlog,MOS3BORAUAUAG,2023-06-28,,extraviado,15,2023-06-23 00:00:00
900,NF-000900,1,824,52.431.069/0331-19,Novaes Escola,2023-10-17,36603.91,2870.65,52000633388700,Sequoia Log,EKYIMI824629D,2023-10-28,2023-11-14,entregue,273,2023-10-17 00:00:00
901,NF-000901,1,260,69.993.867/7496-49,Almeida Colégio,2025-12-17,41204.63,938.09,07901319850452,Braspress,QCAIB27E9FUEI,2026-01-05,,aguardando_coleta,253,2025-12-18 00:00:00
902,NF-000902,2,886,93246095396218,Caldeira e Filhos,2024-09-26,22485.46,1594.66,07901319850452,Braspress,R5VBGSGLLEGX4,2024-10-06,,devolvido,2,2024-09-27 00:00:00
903,NF-000903,2,940,35.403.317/3936-38,Borges,2025-08-31,15899.64,1854.34,77546296934721,Jadlog,DVGNIC62P06GP,2025-09-08,,em_transito,2,2025-09-01 00:00:00
904,NF-000904,3,629,43.959.953/4283-64,Lopes Viana - EI,2023-05-26,20755.82,847.0,07901319850452,Braspress,57Q2N6H4YFV0G,2023-06-12,,aguardando_coleta,11,2023-05-26 00:00:00
905,NF-000905,2,31,42087375300119,Barros Centro Educacional,2025-02-20,28178.0,3057.04,55481244322208,Correios,9YX7ZXO2M319U,2025-03-03,,devolvido,180,2025-02-20 00:00:00
906,NF-000906,1,927,21851569154522,Siqueira Instituto,2024-06-30,48739.87,2867.12,52000633388700,Sequoia Log,7PHFOCSJL12AZ,2024-07-15,2024-07-30,entregue,178,2024-06-30 00:00:00
907,NF-000907,1,4,24.041.574/7338-48,Siqueira,2023-12-31,38203.89,495.39,50842145100973,Total Express,V63WCESJYNZ3H,2024-01-11,,aguardando_coleta,20,2023-12-31 00:00:00
908,NF-000908,1,905,10.433.218/1960-01,Alves Colégio,2025-07-20,1924.8,1983.91,52000633388700,Sequoia Log,GH1FJFYI2PTEW,2025-07-31,,devolvido,29,2025-07-20 00:00:00
909,NF-000909,1,630,51.802.380/6174-45,Vargas Colégio,2024-05-12,7338.6,2006.42,77546296934721,Jadlog,JSII63AX2XU6A,2024-05-31,,em_transito,295,2024-05-12 00:00:00
910,NF-000910,1,147,62.890.028/7721-75,Teixeira Escola,2023-08-27,4983.55,1967.65,55481244322208,Correios,OA9AGRTM6CNNF,2023-09-06,,aguardando_coleta,106,2023-08-28 00:00:00
911,NF-000911,1,504,66.912.517/7852-89,Fonseca Instituto,2022-04-16,32858.62,1961.8,77546296934721,Jadlog,TKULYV7FJIQ0B,2022-05-06,,aguardando_coleta,377,2022-04-17 00:00:00
912,NF-000912,1,814,34.670.656/2729-80,Cassiano e Filhos,2025-01-22,31937.46,2556.9,50842145100973,Total Express,WX6A3C1SPE7EI,2025-02-08,,devolvido,117,2025-01-23 00:00:00
913,NF-000913,1,486,60.898.992/1722-33,Sales Instituto,2023-01-16,40682.21,3883.15,07901319850452,Braspress,YM7HF15WXFMUT,2023-01-23,2023-02-01,entregue,302,2023-01-16 00:00:00
914,NF-000914,2,352,66.179.796/8868-05,da Costa,2023-03-30,49304.0,1384.86,55481244322208,Correios,MJWG6QZ46RAN5,2023-04-17,2023-03-19,entregue,255,2023-03-30 00:00:00
915,NF-000915,1,660,25.871.397/1870-72,Sampaio Colégio,2025-11-17,29159.49,4498.79,52000633388700,Sequoia Log,8N52SZKVL8GRE,2025-12-07,,em_transito,407,2025-11-18 00:00:00
916,NF-000916,3,748,68.548.709/9861-62,Borges Instituto,2023-06-24,34580.55,1605.94,77546296934721,Jadlog,258XXGM798V7T,2023-07-11,2023-06-29,entregue,175,2023-06-24 00:00:00
917,NF-000917,1,110,06.797.403/4471-34,Araújo Escola,2023-11-04,36069.38,3780.65,50842145100973,Total Express,AXO56HA1XTI3N,2023-11-16,,em_transito,84,2023-11-04 00:00:00
918,NF-000918,3,907,29.668.516/1227-53,Pinto Colégio,2024-12-23,46637.11,164.2,52000633388700,Sequoia Log,2IID9FVDEM0L9,2025-01-04,,devolvido,187,2024-12-23 00:00:00
919,NF-000919,3,323,00623120387509,Silva Instituto,2024-12-21,49557.78,3645.59,50842145100973,Total Express,RPTEEXRPOZBLZ,2024-12-29,,em_transito,77,2024-12-22 00:00:00
920,NF-000920,3,539,10762268388516,Montenegro,2025-11-24,626.45,4607.96,77546296934721,Jadlog,HLLU1FJJHYJYP,2025-12-11,2204-11-24,entregue,179,2025-11-24 00:00:00
921,NF-000921,2,765,19.656.523/4138-99,Teixeira Colégio,2024-01-20,22921.17,2320.91,52000633388700,Sequoia Log,U5AW2YHR48TVY,2024-02-04,,extraviado,491,2024-01-20 00:00:00
922,NF-000922,1,337,07903067383028,da Instituto,2025-06-17,45768.99,1472.29,52000633388700,Sequoia Log,NDQJSGY208VCF,2025-07-05,2025-06-20,entregue,376,2025-06-18 00:00:00
923,NF-000923,2,966,66912517785289,Fonseca Instituto,2023-10-10,45967.13,541.77,50842145100973,Total Express,IF5OQ24VHVSEA,2023-10-18,,aguardando_coleta,24,2023-10-11 00:00:00
924,NF-000924,3,359,66.929.662/7828-27,Teixeira - EI,2023-09-20,11410.39,2588.45,77546296934721,Jadlog,8QV0NUR0Q83DC,2023-10-04,2023-10-19,entregue,80,2023-09-21 00:00:00
925,NF-000925,2,72,35408386631779,da Luz Ribeiro S/A,2026-01-20,48042.39,762.64,77546296934721,Jadlog,4FVCI6JCZ48ZI,2026-02-04,,extraviado,295,2026-01-21 00:00:00
926,NF-000926,3,611,73.799.650/7527-35,Camargo,2024-07-02,23812.87,1490.37,52000633388700,Sequoia Log,4GT6PB9OYSQ3C,2024-07-07,2024-07-09,entregue,155,2024-07-03 00:00:00
927,NF-000927,2,449,60.898.992/1722-33,Sales Instituto,2023-12-04,10392.71,477.21,55481244322208,Correios,WFJ3F7FJ7VQ7L,2023-12-13,,devolvido,23,2023-12-05 00:00:00
928,NF-000928,3,124,40.369.003/4324-45,Aragão - EI,2022-01-29,35397.05,973.94,77546296934721,Jadlog,0XK3F45CQ1D6F,2022-02-10,2022-02-28,entregue,238,2022-01-29 00:00:00
929,NF-000929,1,937,66183982622444,Castro,2025-04-18,24880.93,1364.31,07901319850452,Braspress,MEHIYLWNMQNL0,2025-05-01,,aguardando_coleta,189,2025-04-18 00:00:00
930,NF-000930,3,274,35.408.386/6317-79,da Luz Ribeiro S/A,2024-07-28,34992.23,2799.11,55481244322208,Correios,XX16G7U6PRHOV,2024-08-15,,extraviado,35,2024-07-28 00:00:00
931,NF-000931,2,895,17.381.684/6022-35,Sampaio Colégio,2023-04-21,21559.76,1743.91,07901319850452,Braspress,ICQC05FWIZHC1,2023-05-04,,em_transito,194,2023-04-22 00:00:00
932,NF-000932,3,7,06.537.947/3834-73,Azevedo Escola,2024-12-12,15824.15,4533.74,52000633388700,Sequoia Log,WSW3PJS03UYA2,2024-12-24,,extraviado,130,2024-12-12 00:00:00
933,NF-000933,1,374,40.369.003/4324-45,Aragão - EI,2022-04-30,33705.53,4576.19,50842145100973,Total Express,B9B935KZ1MKR3,2022-05-20,2022-04-15,entregue,217,2022-04-30 00:00:00
934,NF-000934,1,1196,27.849.808/4124-11,Castro,2024-01-01,16905.41,1756.47,07901319850452,Braspress,YLX4OGE5LBICG,2024-01-19,,extraviado,176,2024-01-01 00:00:00
935,NF-000935,3,1149,58.657.809/1343-16,Farias Escola,2025-01-26,21202.04,1538.41,50842145100973,Total Express,1LKK7ZPBJ8FLY,2025-02-03,,aguardando_coleta,186,2025-01-26 00:00:00
936,NF-000936,1,517,01.742.684/1459-33,Silveira Colégio,2023-05-06,34102.93,2152.17,77546296934721,Jadlog,Y8JN2ECRXOW6S,2023-05-26,,devolvido,284,2023-05-06 00:00:00
937,NF-000937,3,1058,06.797.403/4471-34,Araújo Escola,2024-10-20,43085.02,2242.78,50842145100973,Total Express,R113M9OIKA963,2024-11-01,,em_transito,240,2024-10-20 00:00:00
938,NF-000938,1,358,78.499.121/6558-52,Câmara Alves e Filhos,2022-11-11,47577.4,1926.64,50842145100973,Total Express,8LZXC2M67WM4P,2022-11-16,,extraviado,9,2022-11-12 00:00:00
939,NF-000939,1,734,42.087.375/3001-19,Barros Centro Educacional,2023-10-31,24487.18,1981.45,50842145100973,Total Express,H1SU730K81IVZ,2023-11-13,,aguardando_coleta,18,2023-10-31 00:00:00
940,NF-000940,1,753,00.722.903/4944-66,Campos,2023-01-05,6188.77,706.94,07901319850452,Braspress,GU10H4W59MSNM,2023-01-14,2023-01-09,entregue,175,2023-01-05 00:00:00
941,NF-000941,1,1153,72181143744701,Campos Centro Educacional,2024-11-07,33656.22,526.39,50842145100973,Total Express,D2QSO2YJ03DLD,2024-11-23,,extraviado,99,2024-11-08 00:00:00
942,NF-000942,3,1049,03.926.142/9396-85,Novais S.A.,2023-12-25,40223.11,2604.34,77546296934721,Jadlog,5I0UH24Q9KSOD,2024-01-04,,extraviado,29,2023-12-26 00:00:00
943,NF-000943,3,1051,69.284.511/5447-96,da Mota,2023-01-21,23132.78,4264.41,07901319850452,Braspress,FFT8M93UCEXWN,2023-02-03,,aguardando_coleta,174,2023-01-22 00:00:00
944,NF-000944,1,221,51.256.746/8071-54,Cunha,2022-04-15,37453.39,896.65,77546296934721,Jadlog,9Q1DIARCI8YXT,2022-04-23,,em_transito,299,2022-04-16 00:00:00
945,NF-000945,3,575,36.226.609/3796-60,Nogueira Centro Educacional,2023-06-07,12874.29,2850.95,07901319850452,Braspress,K1OT1SZH2E5YK,2023-06-14,,extraviado,205,2023-06-07 00:00:00
946,NF-000946,1,790,58957829114678,Lopes Escola,2025-07-10,21459.57,3218.64,55481244322208,Correios,QJIXN2387S9U0,2025-07-27,,em_transito,176,2025-07-11 00:00:00
947,NF-000947,1,847,52312432921277,Pacheco Colégio,2024-07-25,36139.5,2309.04,52000633388700,Sequoia Log,BIR7PIZLD1KA2,2024-08-03,,em_transito,14,2024-07-26 00:00:00
948,NF-000948,3,209,59.774.688/6239-24,Freitas da Paz S.A.,2023-09-01,3331.88,2563.53,50842145100973,Total Express,40R1S8DEFC5ED,2023-09-13,,devolvido,42,2023-09-02 00:00:00
949,NF-000949,2,1190,29991191485646,Guerra Centro Educacional,2022-10-21,17603.55,4225.94,52000633388700,Sequoia Log,ZX263LYAUUQME,2022-11-09,,extraviado,48,2022-10-22 00:00:00
950,NF-000950,2,141,51.823.374/9894-13,Montenegro Centro Educacional,2025-05-09,6814.77,4452.14,50842145100973,Total Express,IVRPJ9SG52NB6,2025-05-23,,extraviado,210,2025-05-09 00:00:00
951,NF-000951,2,963,43.303.654/1458-68,Rodrigues Colégio,2024-11-09,27740.34,1024.72,50842145100973,Total Express,FH83N2BINSC7K,2024-11-27,,devolvido,331,2024-11-09 00:00:00
952,NF-000952,1,818,69.901.627/2046-53,Vieira Colégio,2024-02-16,24813.66,1885.25,50842145100973,Total Express,FPWK4HQOMK1GN,2024-02-23,2024-03-05,entregue,71,2024-02-16 00:00:00
953,NF-000953,1,303,88.568.557/4443-13,Montenegro Instituto,2024-04-07,13647.27,2598.88,55481244322208,Correios,12XU386KOQ8GA,2024-04-22,,devolvido,20,2024-04-08 00:00:00
954,NF-000954,2,301,03.397.401/4890-25,Sampaio Centro Educacional,2025-10-29,38950.68,3562.98,55481244322208,Correios,J6T9E66TVUZHT,2025-11-06,,devolvido,160,2025-10-29 00:00:00
955,NF-000955,3,915,09.010.016/7618-47,Azevedo - ME,2025-07-12,16231.87,3649.06,55481244322208,Correios,7FUOXZVGDLD5K,2025-07-23,,aguardando_coleta,99,2025-07-12 00:00:00
956,NF-000956,1,873,97643815614978,Souza Colégio,2022-03-29,27911.0,3365.21,55481244322208,Correios,DR363TX5VBZM2,2022-04-13,,em_transito,82,2022-03-29 00:00:00
957,NF-000957,2,322,66.870.021/7659-18,Câmara,2022-11-22,33431.67,729.36,55481244322208,Correios,P70Z1KMO7AFWD,2022-11-30,,extraviado,10,2022-11-23 00:00:00
958,NF-000958,1,962,99.229.959/0010-94,Pinto Centro Educacional,2023-09-28,7356.33,67.48,77546296934721,Jadlog,ISRXYEG3LT5S8,2023-10-18,,devolvido,44,2023-09-28 00:00:00
959,NF-000959,2,1104,80940244550229,Sampaio Escola,2023-02-02,41749.45,716.95,50842145100973,Total Express,CPFA0QEPROASL,2023-02-07,,extraviado,173,2023-02-03 00:00:00
960,NF-000960,1,268,80.940.244/5502-29,Sampaio Escola,2025-10-20,46904.49,3066.11,52000633388700,Sequoia Log,I1LEGI5MLWDHT,2025-10-29,,extraviado,2,2025-10-21 00:00:00
961,NF-000961,3,179,62462873342708,Macedo Escola,2023-06-13,29297.84,4352.76,55481244322208,Correios,RZQTN1OKM8V3G,2023-06-20,,extraviado,209,2023-06-14 00:00:00
962,NF-000962,2,1156,01.938.026/2067-24,da Cunha Aparecida e Filhos,2023-02-12,4500.82,4204.09,50842145100973,Total Express,YCSYJOZJJBO3N,2023-02-19,2023-02-19,entregue,162,2023-02-13 00:00:00
963,NF-000963,3,107,93.784.270/1039-30,Pimenta,2024-06-08,5758.26,4492.46,52000633388700,Sequoia Log,AL8C7PBMKGQEN,2024-06-24,,devolvido,150,2024-06-09 00:00:00
964,NF-000964,1,1160,71.094.777/5204-71,Cassiano Escola,2023-06-21,31527.66,1080.56,50842145100973,Total Express,J4IOHPL1XM502,2023-07-05,,extraviado,68,2023-06-21 00:00:00
