id,subject,description,status,priority,type,requester_id,submitter_id,assignee_id,organization_id,tags,custom_field_order_ref,custom_field_cnpj,satisfaction_score,satisfaction_comment,created_at,updated_at,solved_at,due_at
1,Contrato - dúvida,Descrição do problema: contrato - dúvida. Escola solicita resolução.,pending,urgent,task,117,117,382,,plataforma troca senha atraso,151,96.838.761/3437-39,,,2024-03-11 00:00:00,2024-04-08 00:00:00,,2024-03-15 00:00:00
2,Cancelamento de pedido,Descrição do problema: cancelamento de pedido. Escola solicita resolução.,pending,normal,incident,242,242,394,291,pagamento cancelamento,,1996555346,,,2023-05-20 00:00:00,2023-06-07 00:00:00,,2023-05-25 00:00:00
3,Cancelamento de pedido,Descrição do problema: cancelamento de pedido. Escola solicita resolução.,pending,high,incident,282,282,472,130,acesso urgente,770,77.573.991/1339-48,,,2025-05-02 00:00:00,2025-05-30 00:00:00,,2025-05-07 00:00:00
4,Boleto não recebido,Descrição do problema: boleto não recebido. Escola solicita resolução.,new,low,incident,80,80,422,92,suporte_técnico login cancelamento,,1720168679,,,2024-05-13 00:00:00,2024-06-09 00:00:00,,2024-05-15 00:00:00
5,Boleto não recebido,Descrição do problema: boleto não recebido. Escola solicita resolução.,closed,normal,problem,330,330,451,78,pagamento,1178,,,,2025-04-29 00:00:00,2025-05-12 00:00:00,2025-05-07 00:00:00,2025-05-04 00:00:00
6,Suporte técnico - plataforma,Descrição do problema: suporte técnico - plataforma. Escola solicita resolução.,solved,normal,task,203,203,440,209,contrato,,,,,2025-01-29 00:00:00,2025-02-03 00:00:00,2025-01-31 00:00:00,2025-02-02 00:00:00
7,Acesso à plataforma digital,Descrição do problema: acesso à plataforma digital. Escola solicita resolução.,solved,high,task,321,321,430,237,acesso urgente,1555,,bad,Demorou muito,2025-06-26 00:00:00,2025-06-26 00:00:00,2025-07-23 00:00:00,2025-06-27 00:00:00
8,Cancelamento de pedido,Descrição do problema: cancelamento de pedido. Escola solicita resolução.,closed,normal,task,291,291,420,147,nota_fiscal pagamento,,12.808.201/8038-47,good,,2022-05-04 00:00:00,2022-05-12 00:00:00,2022-05-10 00:00:00,2022-05-08 00:00:00
9,Pagamento duplicado,Descrição do problema: pagamento duplicado. Escola solicita resolução.,pending,urgent,problem,199,199,468,33,senha erro_sistema pagamento devolução,1178,,,,2024-09-06 00:00:00,2024-09-18 00:00:00,,2024-09-07 00:00:00
10,Senha não funciona,Descrição do problema: senha não funciona. Escola solicita resolução.,closed,low,question,169,169,463,,troca suporte_técnico erro_sistema digital,,,good,,2025-10-06 00:00:00,2025-10-10 00:00:00,2025-10-16 00:00:00,2025-10-09 00:00:00
11,Senha não funciona,Descrição do problema: senha não funciona. Escola solicita resolução.,pending,normal,task,296,296,384,,material_danificado,1024,,,,2024-11-22 00:00:00,2024-12-12 00:00:00,,2024-11-28 00:00:00
12,Suporte técnico - plataforma,Descrição do problema: suporte técnico - plataforma. Escola solicita resolução.,closed,urgent,problem,152,152,427,12,entrega senha,,,,,2025-04-13 00:00:00,2025-04-21 00:00:00,2025-04-12 00:00:00,2025-04-18 00:00:00
13,Troca de material,Descrição do problema: troca de material. Escola solicita resolução.,new,high,problem,284,284,478,152,atraso falta_material erro_sistema login,,,,,2025-07-05 00:00:00,2025-07-15 00:00:00,,2025-07-07 00:00:00
14,Devolução de material,Descrição do problema: devolução de material. Escola solicita resolução.,closed,high,incident,81,81,472,173,atraso falta_material login suporte_técnico,606,,good,,2024-01-13 00:00:00,2024-01-24 00:00:00,2024-01-16 00:00:00,2024-01-18 00:00:00
15,Problema de login,Descrição do problema: problema de login. Escola solicita resolução.,solved,urgent,problem,237,237,461,170,login nota_fiscal devolução,1119,,good,,2023-01-30 00:00:00,2023-02-07 00:00:00,2023-02-04 00:00:00,2023-02-05 00:00:00
16,Falta de material,Descrição do problema: falta de material. Escola solicita resolução.,pending,normal,problem,254,254,409,292,devolução cancelamento entrega,761,90.507.075/9065-78,,,2024-06-26 00:00:00,2024-07-24 00:00:00,,2024-06-28 00:00:00
17,Nota fiscal com erro,Descrição do problema: nota fiscal com erro. Escola solicita resolução.,pending,normal,incident,349,349,393,274,pagamento urgente,,,,,2023-09-05 00:00:00,2023-09-18 00:00:00,,2023-09-11 00:00:00
18,Material danificado,Descrição do problema: material danificado. Escola solicita resolução.,new,low,question,41,41,386,203,login plataforma acesso,1513,,,,2022-11-25 00:00:00,2022-12-05 00:00:00,,2022-11-26 00:00:00
19,Material danificado,Descrição do problema: material danificado. Escola solicita resolução.,pending,high,problem,266,266,421,302,pagamento,,70.859.139/4050-71,,,2024-07-14 00:00:00,2024-07-27 00:00:00,,2024-07-19 00:00:00
20,Troca de material,Descrição do problema: troca de material. Escola solicita resolução.,new,high,incident,339,339,422,157,atraso nota_fiscal digital,,,,,2025-03-06 00:00:00,2025-03-22 00:00:00,,2025-03-11 00:00:00
21,Material danificado,Descrição do problema: material danificado. Escola solicita resolução.,solved,urgent,problem,165,165,433,145,atraso,,76.766.369/6022-45,,,2024-07-31 00:00:00,2024-07-30 00:00:00,2024-08-09 00:00:00,2024-08-02 00:00:00
22,Pagamento duplicado,Descrição do problema: pagamento duplicado. Escola solicita resolução.,open,normal,incident,164,164,410,72,contrato falta_material login digital,2,61.116.806/0181-46,,,2023-11-11 00:00:00,2023-11-18 00:00:00,,2023-11-17 00:00:00
23,Erro no sistema,Descrição do problema: erro no sistema. Escola solicita resolução.,solved,normal,question,70,70,393,77,erro_sistema,,54.577.346/6931-35,bad,Demorou muito,2022-09-17 00:00:00,2022-10-09 00:00:00,2022-09-17 00:00:00,2022-09-18 00:00:00
24,Suporte técnico - plataforma,Descrição do problema: suporte técnico - plataforma. Escola solicita resolução.,closed,low,incident,217,217,467,184,contrato,,,,,2022-10-07 00:00:00,2022-10-21 00:00:00,2022-10-16 00:00:00,2022-10-12 00:00:00
25,Material danificado,Descrição do problema: material danificado. Escola solicita resolução.,solved,low,problem,368,368,411,88,entrega boleto,,,good,,2024-11-21 00:00:00,2024-12-09 00:00:00,2024-12-11 00:00:00,2024-11-25 00:00:00
26,Troca de material,Descrição do problema: troca de material. Escola solicita resolução.,open,high,task,88,88,423,193,login acesso,,48.317.176/0248-76,,,2025-02-04 00:00:00,2025-02-04 00:00:00,,2025-02-05 00:00:00
27,Pagamento duplicado,Descrição do problema: pagamento duplicado. Escola solicita resolução.,open,low,question,86,86,403,186,financeiro nota_fiscal devolução,1155,,,,2024-03-12 00:00:00,2024-03-13 00:00:00,,2024-03-18 00:00:00
28,Senha não funciona,Descrição do problema: senha não funciona. Escola solicita resolução.,solved,low,incident,138,138,408,189,troca erro_sistema,,,,,2025-08-09 00:00:00,2025-08-10 00:00:00,2025-08-18 00:00:00,2025-08-13 00:00:00
29,Erro no sistema,Descrição do problema: erro no sistema. Escola solicita resolução.,pending,high,question,297,297,444,160,senha pagamento cancelamento,,,,,2023-12-05 00:00:00,2023-12-26 00:00:00,,2023-12-11 00:00:00
30,Material danificado,Descrição do problema: material danificado. Escola solicita resolução.,open,low,task,210,210,412,116,nota_fiscal devolução login,,,,,2023-09-25 00:00:00,2023-10-13 00:00:00,,2023-10-02 00:00:00
31,Devolução de material,Descrição do problema: devolução de material. Escola solicita resolução.,closed,high,incident,166,166,417,21,nota_fiscal,,07.217.986/3767-20,,,2022-10-07 00:00:00,2022-10-08 00:00:00,2022-10-28 00:00:00,2022-10-10 00:00:00
32,Material não recebido,Descrição do problema: material não recebido. Escola solicita resolução.,solved,normal,question,268,268,466,10,entrega digital troca login,916,58.055.535/4441-22,good,,2025-10-30 00:00:00,2025-11-04 00:00:00,2025-11-07 00:00:00,2025-11-03 00:00:00
33,Falta de material,Descrição do problema: falta de material. Escola solicita resolução.,closed,high,question,223,223,446,188,atraso contrato falta_material digital,,,good,,2025-12-19 00:00:00,2026-01-10 00:00:00,2026-01-07 00:00:00,2025-12-26 00:00:00
34,Problema de login,Descrição do problema: problema de login. Escola solicita resolução.,solved,high,task,246,246,433,,urgente atraso digital acesso,,,,,2024-09-23 00:00:00,2024-10-18 00:00:00,2024-10-11 00:00:00,2024-09-28 00:00:00
35,Material danificado,Descrição do problema: material danificado. Escola solicita resolução.,solved,urgent,question,49,49,431,63,material_danificado,,,good,,2025-12-26 00:00:00,2026-01-08 00:00:00,2026-01-06 00:00:00,2026-01-01 00:00:00
36,Contrato - dúvida,Descrição do problema: contrato - dúvida. Escola solicita resolução.,closed,low,task,141,141,471,,entrega,,,,,2024-12-15 00:00:00,2025-01-04 00:00:00,2024-12-17 00:00:00,2024-12-22 00:00:00
37,Pagamento duplicado,Descrição do problema: pagamento duplicado. Escola solicita resolução.,open,high,question,55,55,457,301,boleto,,97.306.809/4803-03,,,2022-09-14 00:00:00,2022-09-19 00:00:00,,2022-09-18 00:00:00
38,Nota fiscal com erro,Descrição do problema: nota fiscal com erro. Escola solicita resolução.,pending,normal,question,310,310,431,284,material_danificado,1246,,,,2023-04-08 00:00:00,2023-04-30 00:00:00,,2023-04-11 00:00:00
39,Erro no sistema,Descrição do problema: erro no sistema. Escola solicita resolução.,new,high,incident,281,281,385,307,plataforma nota_fiscal,,,,,2025-10-07 00:00:00,2025-10-09 00:00:00,,2025-10-11 00:00:00
40,Devolução de material,Descrição do problema: devolução de material. Escola solicita resolução.,pending,high,problem,71,71,426,95,nota_fiscal devolução,357,,,,2023-07-13 00:00:00,2023-08-02 00:00:00,,2023-07-16 00:00:00
41,Problema de login,Descrição do problema: problema de login. Escola solicita resolução.,new,normal,problem,230,230,447,270,login,,,,,2023-05-09 00:00:00,2023-06-07 00:00:00,,2023-05-15 00:00:00
42,Devolução de material,Descrição do problema: devolução de material. Escola solicita resolução.,solved,low,task,202,202,397,234,digital devolução entrega plataforma,47,54.638.423/4433-03,good,,2023-07-16 00:00:00,2023-08-14 00:00:00,2023-07-18 00:00:00,2023-07-17 00:00:00
43,Falta de material,Descrição do problema: falta de material. Escola solicita resolução.,new,low,incident,178,178,419,,cancelamento devolução erro_sistema,,,,,2024-02-02 00:00:00,2024-02-07 00:00:00,,2024-02-06 00:00:00
44,Erro no sistema,Descrição do problema: erro no sistema. Escola solicita resolução.,closed,normal,problem,360,360,418,55,plataforma,,80.963.420/9884-07,,,2025-12-26 00:00:00,2025-12-26 00:00:00,2026-01-01 00:00:00,2025-12-30 00:00:00
45,Senha não funciona,Descrição do problema: senha não funciona. Escola solicita resolução.,solved,high,problem,313,313,456,166,entrega plataforma,,6505645492,good,,2023-07-24 00:00:00,2023-08-21 00:00:00,2023-07-24 00:00:00,2023-07-28 00:00:00
46,Cancelamento de pedido,Descrição do problema: cancelamento de pedido. Escola solicita resolução.,solved,urgent,question,344,344,440,32,cancelamento,,37.273.288/1261-51,,,2023-07-06 00:00:00,2023-07-26 00:00:00,2023-07-08 00:00:00,2023-07-13 00:00:00
47,Senha não funciona,Descrição do problema: senha não funciona. Escola solicita resolução.,closed,low,task,292,292,466,62,material_danificado,,,bad,Tive que abrir outro ticket,2025-01-30 00:00:00,2025-02-15 00:00:00,2025-02-05 00:00:00,2025-01-30 00:00:00
48,Suporte técnico - plataforma,Descrição do problema: suporte técnico - plataforma. Escola solicita resolução.,closed,low,question,3,3,475,103,suporte_técnico nota_fiscal devolução,,,good,,2024-07-31 00:00:00,2024-08-10 00:00:00,2024-08-15 00:00:00,2024-08-07 00:00:00
49,Troca de material,Descrição do problema: troca de material. Escola solicita resolução.,solved,low,task,48,48,473,268,falta_material,,54.121.300/2205-80,good,,2025-07-26 00:00:00,2025-08-10 00:00:00,2025-07-29 00:00:00,2025-07-28 00:00:00
50,Material danificado,Descrição do problema: material danificado. Escola solicita resolução.,open,urgent,problem,163,163,447,93,acesso,,,,,2022-02-02 00:00:00,2022-02-02 00:00:00,,2022-02-04 00:00:00
51,Cancelamento de pedido,Descrição do problema: cancelamento de pedido. Escola solicita resolução.,solved,urgent,problem,324,324,431,,material_danificado,1021,67.283.159/0809-11,,,2024-09-18 00:00:00,2024-09-25 00:00:00,2024-09-19 00:00:00,2024-09-26 00:00:00
52,Erro no sistema,Descrição do problema: erro no sistema. Escola solicita resolução.,pending,low,incident,16,16,455,164,contrato entrega,,96.699.782/1353-21,,,2024-08-19 00:00:00,2024-09-17 00:00:00,,2024-08-26 00:00:00
53,Pagamento duplicado,Descrição do problema: pagamento duplicado. Escola solicita resolução.,closed,low,problem,379,379,460,288,boleto senha acesso entrega,470,,bad,Atendimento ruim,2023-12-14 00:00:00,2023-12-20 00:00:00,2023-12-15 00:00:00,2023-12-22 00:00:00
54,Falta de material,Descrição do problema: falta de material. Escola solicita resolução.,solved,urgent,question,253,253,461,88,cancelamento troca devolução,83,,good,,2025-09-24 00:00:00,2025-10-16 00:00:00,2025-09-25 00:00:00,2025-10-01 00:00:00
55,Troca de material,Descrição do problema: troca de material. Escola solicita resolução.,solved,normal,incident,241,241,432,155,senha,,5970069387,,,2023-12-25 00:00:00,2024-01-12 00:00:00,2023-12-26 00:00:00,2023-12-28 00:00:00
56,Atraso na entrega,Descrição do problema: atraso na entrega. Escola solicita resolução.,solved,normal,question,92,92,445,146,financeiro,,,good,,2023-01-05 00:00:00,2023-01-16 00:00:00,2023-01-20 00:00:00,2023-01-08 00:00:00
57,Senha não funciona,Descrição do problema: senha não funciona. Escola solicita resolução.,open,normal,task,65,65,383,196,nota_fiscal troca acesso,1071,5499807786,,,2023-05-29 00:00:00,2023-06-03 00:00:00,,2023-05-30 00:00:00
58,Erro no sistema,Descrição do problema: erro no sistema. Escola solicita resolução.,pending,normal,task,298,298,426,280,entrega erro_sistema falta_material login,,,,,2022-11-18 00:00:00,2022-11-20 00:00:00,,2022-11-24 00:00:00
59,Boleto não recebido,Descrição do problema: boleto não recebido. Escola solicita resolução.,new,normal,question,252,252,469,208,urgente cancelamento,,28.176.266/9723-33,,,2025-12-17 00:00:00,2025-12-31 00:00:00,,2025-12-17 00:00:00
60,Erro no sistema,Descrição do problema: erro no sistema. Escola solicita resolução.,solved,low,task,301,301,437,105,erro_sistema,272,,,,2022-01-18 00:00:00,2022-02-13 00:00:00,2022-02-06 00:00:00,2022-01-20 00:00:00
61,Material não recebido,Descrição do problema: material não recebido. Escola solicita resolução.,pending,urgent,incident,29,29,411,301,nota_fiscal contrato material_danificado,291,,,,2025-03-21 00:00:00,2025-03-27 00:00:00,,2025-03-27 00:00:00
62,Falta de material,Descrição do problema: falta de material. Escola solicita resolução.,solved,high,incident,195,195,480,7,financeiro boleto suporte_técnico,,,good,,2025-10-03 00:00:00,2025-10-27 00:00:00,2025-10-14 00:00:00,2025-10-11 00:00:00
63,Boleto não recebido,Descrição do problema: boleto não recebido. Escola solicita resolução.,open,urgent,task,249,249,382,,boleto login suporte_técnico,,,,,2025-05-25 00:00:00,2025-06-21 00:00:00,,2025-05-30 00:00:00
64,Troca de material,Descrição do problema: troca de material. Escola solicita resolução.,solved,high,task,248,248,384,266,atraso,,,,,2022-07-23 00:00:00,2022-08-12 00:00:00,2022-07-24 00:00:00,2022-07-29 00:00:00
65,Cancelamento de pedido,Descrição do problema: cancelamento de pedido. Escola solicita resolução.,pending,low,question,83,83,398,134,entrega,637,,,,2023-04-22 00:00:00,2023-05-13 00:00:00,,2023-04-26 00:00:00
66,Nota fiscal com erro,Descrição do problema: nota fiscal com erro. Escola solicita resolução.,solved,low,question,269,269,407,77,pagamento senha,1567,,,,2025-12-03 00:00:00,2025-12-18 00:00:00,2025-12-18 00:00:00,2025-12-07 00:00:00
67,Problema de login,Descrição do problema: problema de login. Escola solicita resolução.,open,low,incident,198,198,391,142,pagamento erro_sistema atraso,798,,,,2025-11-24 00:00:00,2025-12-07 00:00:00,,2025-11-30 00:00:00
68,Troca de material,Descrição do problema: troca de material. Escola solicita resolução.,new,normal,question,299,299,430,10,suporte_técnico cancelamento,,,,,2023-06-03 00:00:00,2023-06-02 00:00:00,,2023-06-06 00:00:00
69,Acesso à plataforma digital,Descrição do problema: acesso à plataforma digital. Escola solicita resolução.,open,high,task,334,334,461,29,devolução acesso pagamento,,99.150.282/6621-81,,,2022-10-11 00:00:00,2022-11-09 00:00:00,,2022-10-13 00:00:00
70,Senha não funciona,Descrição do problema: senha não funciona. Escola solicita resolução.,pending,high,incident,57,57,383,,erro_sistema nota_fiscal,9,,,,2023-02-12 00:00:00,2023-03-11 00:00:00,,2023-02-14 00:00:00
71,Cancelamento de pedido,Descrição do problema: cancelamento de pedido. Escola solicita resolução.,closed,high,problem,195,195,431,7,suporte_técnico entrega pagamento troca,577,,good,,2024-09-29 00:00:00,2024-10-01 00:00:00,2024-10-02 00:00:00,2024-10-06 00:00:00
72,Senha não funciona,Descrição do problema: senha não funciona. Escola solicita resolução.,closed,normal,incident,172,172,413,135,financeiro urgente,,20.477.071/0679-03,,,2023-09-02 00:00:00,2023-09-08 00:00:00,2023-09-05 00:00:00,2023-09-08 00:00:00
73,Problema de login,Descrição do problema: problema de login. Escola solicita resolução.,open,normal,incident,11,11,435,54,urgente pagamento entrega login,,,,,2022-01-04 00:00:00,2022-01-23 00:00:00,,2022-01-12 00:00:00
74,Troca de material,Descrição do problema: troca de material. Escola solicita resolução.,solved,normal,task,148,148,454,230,cancelamento digital,,,bad,Tive que abrir outro ticket,2024-01-21 00:00:00,2024-01-26 00:00:00,2024-01-24 00:00:00,2024-01-28 00:00:00
75,Senha não funciona,Descrição do problema: senha não funciona. Escola solicita resolução.,new,normal,incident,62,62,444,200,erro_sistema,,7583318445,,,2023-07-25 00:00:00,2023-08-18 00:00:00,,2023-07-27 00:00:00
76,Troca de material,Descrição do problema: troca de material. Escola solicita resolução.,new,high,task,258,258,464,256,pagamento,66,,,,2024-09-26 00:00:00,2024-10-17 00:00:00,,2024-10-01 00:00:00
77,Troca de material,Descrição do problema: troca de material. Escola solicita resolução.,open,normal,task,247,247,385,299,senha erro_sistema contrato,,,,,2022-12-16 00:00:00,2022-12-27 00:00:00,,2022-12-18 00:00:00
78,Nota fiscal com erro,Descrição do problema: nota fiscal com erro. Escola solicita resolução.,closed,normal,problem,238,238,468,307,pagamento,370,,good,,2025-02-03 00:00:00,2025-02-17 00:00:00,2025-02-10 00:00:00,2025-02-06 00:00:00
79,Senha não funciona,Descrição do problema: senha não funciona. Escola solicita resolução.,new,urgent,task,1,1,445,172,falta_material,,,,,2024-10-21 00:00:00,2024-11-18 00:00:00,,2024-10-25 00:00:00
80,Material não recebido,Descrição do problema: material não recebido. Escola solicita resolução.,new,low,problem,150,150,471,48,material_danificado entrega,,,,,2024-12-30 00:00:00,2025-01-09 00:00:00,,2025-01-02 00:00:00
81,Material não recebido,Descrição do problema: material não recebido. Escola solicita resolução.,solved,low,problem,329,329,393,,erro_sistema,,,bad,Demorou muito,2022-04-14 00:00:00,2022-04-18 00:00:00,2022-05-09 00:00:00,2022-04-17 00:00:00
82,Devolução de material,Descrição do problema: devolução de material. Escola solicita resolução.,pending,normal,problem,162,162,476,70,login senha,,,,,2025-08-05 00:00:00,2025-08-30 00:00:00,,2025-08-09 00:00:00
83,Material danificado,Descrição do problema: material danificado. Escola solicita resolução.,open,low,problem,373,373,390,131,entrega suporte_técnico pagamento,,,,,2023-07-13 00:00:00,2023-08-01 00:00:00,,2023-07-21 00:00:00
84,Material danificado,Descrição do problema: material danificado. Escola solicita resolução.,pending,urgent,question,279,279,425,263,urgente nota_fiscal entrega,,,,,2024-08-18 00:00:00,2024-08-26 00:00:00,,2024-08-19 00:00:00
85,Acesso à plataforma digital,Descrição do problema: acesso à plataforma digital. Escola solicita resolução.,pending,urgent,problem,205,205,418,93,suporte_técnico,967,65.010.586/7058-09,,,2022-11-01 00:00:00,2022-11-01 00:00:00,,2022-11-03 00:00:00
86,Falta de material,Descrição do problema: falta de material. Escola solicita resolução.,pending,low,task,287,287,431,226,login devolução senha,424,,,,2024-02-15 00:00:00,2024-02-21 00:00:00,,2024-02-21 00:00:00
87,Problema de login,Descrição do problema: problema de login. Escola solicita resolução.,closed,urgent,problem,52,52,474,149,devolução contrato,782,,,,2022-06-16 00:00:00,2022-06-19 00:00:00,2022-06-27 00:00:00,2022-06-17 00:00:00
88,Erro no sistema,Descrição do problema: erro no sistema. Escola solicita resolução.,pending,normal,task,368,368,478,88,atraso nota_fiscal,,2012845081,,,2023-05-02 00:00:00,2023-05-05 00:00:00,,2023-05-05 00:00:00
89,Cancelamento de pedido,Descrição do problema: cancelamento de pedido. Escola solicita resolução.,solved,normal,problem,167,167,410,282,atraso material_danificado,,5467743377,,,2023-03-10 00:00:00,2023-03-19 00:00:00,2023-03-14 00:00:00,2023-03-17 00:00:00
90,Nota fiscal com erro,Descrição do problema: nota fiscal com erro. Escola solicita resolução.,closed,urgent,incident,278,278,462,202,digital entrega,,60.739.748/0762-09,bad,Problema não resolvido,2022-11-06 00:00:00,2022-12-06 00:00:00,2022-11-08 00:00:00,2022-11-09 00:00:00
91,Pagamento duplicado,Descrição do problema: pagamento duplicado. Escola solicita resolução.,open,low,task,248,248,442,266,boleto,746,,,,2024-05-27 00:00:00,2024-06-16 00:00:00,,2024-06-03 00:00:00
92,Suporte técnico - plataforma,Descrição do problema: suporte técnico - plataforma. Escola solicita resolução.,open,low,question,373,373,478,131,pagamento contrato troca acesso,818,,,,2024-05-20 00:00:00,2024-06-11 00:00:00,,2024-05-21 00:00:00
93,Pagamento duplicado,Descrição do problema: pagamento duplicado. Escola solicita resolução.,open,urgent,problem,75,75,442,,entrega material_danificado falta_material acesso,643,,,,2023-11-23 00:00:00,2023-12-08 00:00:00,,2023-11-24 00:00:00
94,Erro no sistema,Descrição do problema: erro no sistema. Escola solicita resolução.,open,high,problem,22,22,446,163,suporte_técnico cancelamento acesso,,,,,2025-11-27 00:00:00,2025-12-13 00:00:00,,2025-11-29 00:00:00
95,Troca de material,Descrição do problema: troca de material. Escola solicita resolução.,new,low,question,69,69,437,30,entrega contrato,,,,,2024-10-09 00:00:00,2024-10-11 00:00:00,,2024-10-16 00:00:00
96,Material danificado,Descrição do problema: material danificado. Escola solicita resolução.,pending,urgent,incident,95,95,417,170,digital,,30.261.421/8514-44,,,2024-07-21 00:00:00,2024-07-26 00:00:00,,2024-07-24 00:00:00
97,Cancelamento de pedido,Descrição do problema: cancelamento de pedido. Escola solicita resolução.,closed,urgent,problem,133,133,403,219,entrega nota_fiscal digital,,,good,,2023-01-14 00:00:00,2023-02-07 00:00:00,2023-01-19 00:00:00,2023-01-18 00:00:00
98,Senha não funciona,Descrição do problema: senha não funciona. Escola solicita resolução.,pending,urgent,task,230,230,433,270,pagamento atraso entrega devolução,1064,14.504.360/3030-74,,,2022-07-12 00:00:00,2022-07-18 00:00:00,,2022-07-15 00:00:00
99,Suporte técnico - plataforma,Descrição do problema: suporte técnico - plataforma. Escola solicita resolução.,new,low,task,232,232,394,292,material_danificado acesso boleto,,28.505.472/6097-10,,,2024-01-21 00:00:00,2024-02-03 00:00:00,,2024-01-25 00:00:00
100,Acesso à plataforma digital,Descrição do problema: acesso à plataforma digital. Escola solicita resolução.,new,low,problem,170,170,447,90,financeiro pagamento cancelamento troca,471,,,,2022-09-13 00:00:00,2022-09-20 00:00:00,,2022-09-21 00:00:00
101,Material danificado,Descrição do problema: material danificado. Escola solicita resolução.,open,high,problem,112,112,457,,pagamento nota_fiscal boleto,191,,,,2024-01-01 00:00:00,2024-01-08 00:00:00,,2024-01-07 00:00:00
102,Nota fiscal com erro,Descrição do problema: nota fiscal com erro. Escola solicita resolução.,closed,high,question,18,18,476,,cancelamento nota_fiscal entrega,883,,good,,2024-12-18 00:00:00,2025-01-06 00:00:00,2024-12-22 00:00:00,2024-12-26 00:00:00
103,Senha não funciona,Descrição do problema: senha não funciona. Escola solicita resolução.,closed,normal,incident,216,216,399,1,erro_sistema senha plataforma,1034,,bad,Atendimento ruim,2024-07-06 00:00:00,2024-07-12 00:00:00,2024-07-09 00:00:00,2024-07-12 00:00:00
104,Erro no sistema,Descrição do problema: erro no sistema. Escola solicita resolução.,solved,normal,problem,270,270,459,95,contrato senha,,77.521.752/6668-58,,,2024-06-27 00:00:00,2024-07-18 00:00:00,2024-06-27 00:00:00,2024-07-04 00:00:00
105,Senha não funciona,Descrição do problema: senha não funciona. Escola solicita resolução.,new,low,problem,76,76,392,72,financeiro,,76.641.005/8526-83,,,2024-05-16 00:00:00,2024-06-04 00:00:00,,2024-05-23 00:00:00
106,Suporte técnico - plataforma,Descrição do problema: suporte técnico - plataforma. Escola solicita resolução.,open,low,question,253,253,460,88,login suporte_técnico pagamento,1585,,,,2024-01-02 00:00:00,2024-01-11 00:00:00,,2024-01-04 00:00:00
107,Troca de material,Descrição do problema: troca de material. Escola solicita resolução.,new,normal,incident,234,234,414,262,troca boleto contrato material_danificado,,,,,2025-09-14 00:00:00,2025-10-03 00:00:00,,2025-09-16 00:00:00
108,Pagamento duplicado,Descrição do problema: pagamento duplicado. Escola solicita resolução.,solved,normal,question,5,5,466,238,boleto atraso nota_fiscal erro_sistema,1782,,bad,Demorou muito,2024-07-24 00:00:00,2024-08-13 00:00:00,2024-08-08 00:00:00,2024-07-28 00:00:00
109,Erro no sistema,Descrição do problema: erro no sistema. Escola solicita resolução.,closed,normal,question,59,59,390,125,cancelamento login troca,,,,,2022-09-30 00:00:00,2022-10-20 00:00:00,2022-10-19 00:00:00,2022-10-02 00:00:00
110,Acesso à plataforma digital,Descrição do problema: acesso à plataforma digital. Escola solicita resolução.,pending,high,question,170,170,429,90,boleto financeiro,1443,,,,2025-05-11 00:00:00,2025-05-25 00:00:00,,2025-05-12 00:00:00
111,Cancelamento de pedido,Descrição do problema: cancelamento de pedido. Escola solicita resolução.,new,low,incident,62,62,471,200,falta_material atraso senha entrega,690,,,,2024-02-29 00:00:00,2024-03-20 00:00:00,,2024-03-06 00:00:00
112,Boleto não recebido,Descrição do problema: boleto não recebido. Escola solicita resolução.,open,urgent,task,293,293,415,6,contrato erro_sistema,336,,,,2025-04-06 00:00:00,2025-04-30 00:00:00,,2025-04-10 00:00:00
113,Erro no sistema,Descrição do problema: erro no sistema. Escola solicita resolução.,pending,high,incident,153,153,480,140,erro_sistema devolução login pagamento,,,,,2025-12-08 00:00:00,2025-12-15 00:00:00,,2025-12-16 00:00:00
114,Material não recebido,Descrição do problema: material não recebido. Escola solicita resolução.,pending,urgent,question,179,179,455,30,acesso entrega,,,,,2022-12-26 00:00:00,2022-12-26 00:00:00,,2022-12-26 00:00:00
115,Devolução de material,Descrição do problema: devolução de material. Escola solicita resolução.,solved,high,problem,339,339,386,157,erro_sistema,25,,good,,2024-05-06 00:00:00,2024-05-16 00:00:00,2024-05-09 00:00:00,2024-05-10 00:00:00
116,Devolução de material,Descrição do problema: devolução de material. Escola solicita resolução.,open,high,problem,18,18,389,,material_danificado acesso,,,,,2022-03-20 00:00:00,2022-04-11 00:00:00,,2022-03-22 00:00:00
117,Cancelamento de pedido,Descrição do problema: cancelamento de pedido. Escola solicita resolução.,pending,urgent,question,64,64,475,32,boleto contrato login digital,1079,,,,2023-02-12 00:00:00,2023-03-12 00:00:00,,2023-02-13 00:00:00
118,Senha não funciona,Descrição do problema: senha não funciona. Escola solicita resolução.,open,low,problem,334,334,410,29,material_danificado urgente,,,,,2025-09-06 00:00:00,2025-09-18 00:00:00,,2025-09-09 00:00:00
119,Devolução de material,Descrição do problema: devolução de material. Escola solicita resolução.,new,low,incident,278,278,401,202,troca senha suporte_técnico plataforma,,,,,2025-02-24 00:00:00,2025-03-20 00:00:00,,2025-03-03 00:00:00
120,Pagamento duplicado,Descrição do problema: pagamento duplicado. Escola solicita resolução.,solved,low,task,278,278,391,202,atraso senha devolução erro_sistema,442,7141014974,good,,2024-03-19 00:00:00,2024-04-01 00:00:00,2024-03-19 00:00:00,2024-03-26 00:00:00
121,Suporte técnico - plataforma,Descrição do problema: suporte técnico - plataforma. Escola solicita resolução.,open,urgent,task,378,378,453,294,plataforma devolução urgente,539,,,,2023-03-10 00:00:00,2023-03-27 00:00:00,,2023-03-16 00:00:00
122,Material danificado,Descrição do problema: material danificado. Escola solicita resolução.,closed,high,question,312,312,478,258,devolução falta_material entrega,,,good,,2025-05-17 00:00:00,2025-06-14 00:00:00,2025-05-25 00:00:00,2025-05-18 00:00:00
123,Acesso à plataforma digital,Descrição do problema: acesso à plataforma digital. Escola solicita resolução.,open,normal,problem,78,78,388,81,cancelamento urgente,,,,,2025-09-07 00:00:00,2025-10-03 00:00:00,,2025-09-08 00:00:00
124,Troca de material,Descrição do problema: troca de material. Escola solicita resolução.,closed,normal,problem,286,286,415,157,financeiro boleto,,46.623.872/9105-00,,,2022-12-21 00:00:00,2022-12-28 00:00:00,2022-12-28 00:00:00,2022-12-26 00:00:00
125,Atraso na entrega,Descrição do problema: atraso na entrega. Escola solicita resolução.,solved,low,question,152,152,460,12,atraso senha material_danificado financeiro,,,,,2023-11-02 00:00:00,2023-11-21 00:00:00,2023-11-19 00:00:00,2023-11-06 00:00:00
126,Atraso na entrega,Descrição do problema: atraso na entrega. Escola solicita resolução.,pending,normal,incident,116,116,428,77,troca financeiro pagamento senha,,38.270.760/4836-23,,,2022-05-11 00:00:00,2022-05-29 00:00:00,,2022-05-13 00:00:00
127,Nota fiscal com erro,Descrição do problema: nota fiscal com erro. Escola solicita resolução.,pending,high,incident,364,364,398,80,acesso atraso nota_fiscal,,03.355.478/1882-56,,,2023-06-03 00:00:00,2023-06-18 00:00:00,,2023-06-06 00:00:00
128,Pagamento duplicado,Descrição do problema: pagamento duplicado. Escola solicita resolução.,solved,low,question,278,278,395,202,contrato,,,good,,2022-10-19 00:00:00,2022-10-25 00:00:00,2022-10-19 00:00:00,2022-10-26 00:00:00
129,Problema de login,Descrição do problema: problema de login. Escola solicita resolução.,closed,urgent,problem,188,188,384,81,cancelamento urgente plataforma,,,bad,,2025-06-12 00:00:00,2025-06-28 00:00:00,2025-06-13 00:00:00,2025-06-16 00:00:00
130,Nota fiscal com erro,Descrição do problema: nota fiscal com erro. Escola solicita resolução.,solved,high,question,178,178,384,,falta_material,,,,,2022-11-06 00:00:00,2022-11-26 00:00:00,2022-11-22 00:00:00,2022-11-13 00:00:00
131,Material danificado,Descrição do problema: material danificado. Escola solicita resolução.,closed,low,question,236,236,396,120,material_danificado erro_sistema,863,,bad,Demorou muito,2022-09-29 00:00:00,2022-10-04 00:00:00,2022-10-01 00:00:00,2022-10-03 00:00:00
132,Erro no sistema,Descrição do problema: erro no sistema. Escola solicita resolução.,pending,low,incident,81,81,438,173,material_danificado suporte_técnico,,,,,2024-08-31 00:00:00,2024-09-19 00:00:00,,2024-09-07 00:00:00
133,Troca de material,Descrição do problema: troca de material. Escola solicita resolução.,new,high,incident,345,345,393,97,cancelamento suporte_técnico entrega,,,,,2022-12-24 00:00:00,2023-01-04 00:00:00,,2022-12-28 00:00:00
134,Pagamento duplicado,Descrição do problema: pagamento duplicado. Escola solicita resolução.,solved,low,task,176,176,455,267,nota_fiscal plataforma contrato,732,,bad,,2023-07-17 00:00:00,2023-07-30 00:00:00,2023-07-23 00:00:00,2023-07-18 00:00:00
135,Contrato - dúvida,Descrição do problema: contrato - dúvida. Escola solicita resolução.,closed,low,task,94,94,461,9,devolução falta_material erro_sistema,793,9289527747,good,,2025-07-22 00:00:00,2025-08-19 00:00:00,2025-08-07 00:00:00,2025-07-23 00:00:00
136,Nota fiscal com erro,Descrição do problema: nota fiscal com erro. Escola solicita resolução.,open,normal,problem,119,119,409,110,acesso financeiro suporte_técnico login,,,,,2024-10-07 00:00:00,2024-10-11 00:00:00,,2024-10-11 00:00:00
137,Atraso na entrega,Descrição do problema: atraso na entrega. Escola solicita resolução.,pending,low,task,122,122,432,4,urgente login suporte_técnico falta_material,,88.210.239/7299-91,,,2022-09-20 00:00:00,2022-09-30 00:00:00,,2022-09-21 00:00:00
138,Atraso na entrega,Descrição do problema: atraso na entrega. Escola solicita resolução.,open,high,problem,114,114,445,203,falta_material suporte_técnico devolução,,,,,2023-03-16 00:00:00,2023-03-28 00:00:00,,2023-03-23 00:00:00
139,Cancelamento de pedido,Descrição do problema: cancelamento de pedido. Escola solicita resolução.,solved,normal,task,342,342,431,236,boleto cancelamento entrega plataforma,,,,,2025-05-22 00:00:00,2025-05-26 00:00:00,2025-06-17 00:00:00,2025-05-25 00:00:00
140,Material danificado,Descrição do problema: material danificado. Escola solicita resolução.,new,urgent,task,104,104,458,236,troca,,,,,2023-07-11 00:00:00,2023-07-12 00:00:00,,2023-07-13 00:00:00
141,Pagamento duplicado,Descrição do problema: pagamento duplicado. Escola solicita resolução.,open,low,incident,282,282,440,130,pagamento devolução,,,,,2024-10-27 00:00:00,2024-11-16 00:00:00,,2024-11-02 00:00:00
142,Pagamento duplicado,Descrição do problema: pagamento duplicado. Escola solicita resolução.,new,normal,task,213,213,387,107,entrega contrato,,,,,2022-07-20 00:00:00,2022-08-09 00:00:00,,2022-07-26 00:00:00
143,Devolução de material,Descrição do problema: devolução de material. Escola solicita resolução.,pending,urgent,task,128,128,382,296,material_danificado,705,,,,2023-07-13 00:00:00,2023-07-15 00:00:00,,2023-07-15 00:00:00
144,Nota fiscal com erro,Descrição do problema: nota fiscal com erro. Escola solicita resolução.,pending,high,task,115,115,401,287,material_danificado erro_sistema,,58.981.629/7146-79,,,2023-11-25 00:00:00,2023-12-01 00:00:00,,2023-11-27 00:00:00
145,Nota fiscal com erro,Descrição do problema: nota fiscal com erro. Escola solicita resolução.,new,normal,problem,88,88,464,193,devolução plataforma atraso,139,,,,2025-01-10 00:00:00,2025-02-07 00:00:00,,2025-01-14 00:00:00
146,Problema de login,Descrição do problema: problema de login. Escola solicita resolução.,solved,low,incident,107,107,441,28,financeiro login falta_material senha,,51.088.958/3711-28,bad,Tive que abrir outro ticket,2022-06-12 00:00:00,2022-07-02 00:00:00,2022-06-26 00:00:00,2022-06-18 00:00:00
147,Erro no sistema,Descrição do problema: erro no sistema. Escola solicita resolução.,new,normal,task,81,81,420,173,senha devolução login falta_material,967,,,,2023-12-08 00:00:00,2023-12-17 00:00:00,,2023-12-09 00:00:00
148,Devolução de material,Descrição do problema: devolução de material. Escola solicita resolução.,new,normal,task,324,324,382,,falta_material pagamento material_danificado,1250,49.574.257/8210-16,,,2023-02-26 00:00:00,2023-03-05 00:00:00,,2023-03-04 00:00:00
149,Material danificado,Descrição do problema: material danificado. Escola solicita resolução.,new,urgent,incident,327,327,461,14,cancelamento,,,,,2022-04-11 00:00:00,2022-04-25 00:00:00,,2022-04-17 00:00:00
150,Problema de login,Descrição do problema: problema de login. Escola solicita resolução.,closed,urgent,problem,69,69,388,30,devolução nota_fiscal suporte_técnico login,,,,,2024-12-26 00:00:00,2025-01-04 00:00:00,2024-12-31 00:00:00,2024-12-28 00:00:00
151,Erro no sistema,Descrição do problema: erro no sistema. Escola solicita resolução.,closed,normal,task,54,54,414,5,digital plataforma material_danificado,,,,,2023-09-06 00:00:00,2023-09-09 00:00:00,2023-09-10 00:00:00,2023-09-11 00:00:00
152,Contrato - dúvida,Descrição do problema: contrato - dúvida. Escola solicita resolução.,new,urgent,task,361,361,382,161,erro_sistema entrega pagamento,225,,,,2024-04-15 00:00:00,2024-05-07 00:00:00,,2024-04-20 00:00:00
153,Senha não funciona,Descrição do problema: senha não funciona. Escola solicita resolução.,pending,normal,task,103,103,426,90,urgente contrato,1018,,,,2024-04-03 00:00:00,2024-04-23 00:00:00,,2024-04-08 00:00:00
154,Cancelamento de pedido,Descrição do problema: cancelamento de pedido. Escola solicita resolução.,pending,urgent,incident,8,8,424,222,cancelamento acesso atraso pagamento,,50.927.768/6910-00,,,2025-08-02 00:00:00,2025-08-10 00:00:00,,2025-08-08 00:00:00
155,Falta de material,Descrição do problema: falta de material. Escola solicita resolução.,new,normal,problem,342,342,472,236,falta_material,,42.042.598/9497-00,,,2022-06-07 00:00:00,2022-06-17 00:00:00,,2022-06-12 00:00:00
156,Contrato - dúvida,Descrição do problema: contrato - dúvida. Escola solicita resolução.,open,normal,task,239,239,474,2,nota_fiscal urgente,1463,,,,2024-10-22 00:00:00,2024-11-14 00:00:00,,2024-10-29 00:00:00
157,Problema de login,Descrição do problema: problema de login. Escola solicita resolução.,open,high,incident,4,4,401,,atraso falta_material boleto,,65.737.469/1206-69,,,2025-05-25 00:00:00,2025-06-20 00:00:00,,2025-05-27 00:00:00
158,Material não recebido,Descrição do problema: material não recebido. Escola solicita resolução.,open,low,incident,63,63,399,246,falta_material cancelamento,,,,,2023-07-30 00:00:00,2023-08-13 00:00:00,,2023-08-04 00:00:00
159,Contrato - dúvida,Descrição do problema: contrato - dúvida. Escola solicita resolução.,pending,urgent,task,283,283,411,256,material_danificado suporte_técnico erro_sistema,,56.422.285/6308-81,,,2025-06-24 00:00:00,2025-07-16 00:00:00,,2025-06-29 00:00:00
160,Acesso à plataforma digital,Descrição do problema: acesso à plataforma digital. Escola solicita resolução.,closed,normal,incident,289,289,451,161,financeiro urgente,,,good,,2022-09-25 00:00:00,2022-10-25 00:00:00,2022-09-26 00:00:00,2022-10-01 00:00:00
161,Boleto não recebido,Descrição do problema: boleto não recebido. Escola solicita resolução.,new,high,question,182,182,458,307,acesso digital cancelamento,,09.236.727/2812-10,,,2024-06-05 00:00:00,2024-07-01 00:00:00,,2024-06-11 00:00:00
162,Erro no sistema,Descrição do problema: erro no sistema. Escola solicita resolução.,open,normal,incident,146,146,412,177,atraso,,,,,2024-03-07 00:00:00,2024-03-06 00:00:00,,2024-03-07 00:00:00
163,Senha não funciona,Descrição do problema: senha não funciona. Escola solicita resolução.,open,normal,problem,290,290,460,114,plataforma senha falta_material atraso,,2879376434,,,2024-05-19 00:00:00,2024-06-06 00:00:00,,2024-05-20 00:00:00
164,Falta de material,Descrição do problema: falta de material. Escola solicita resolução.,open,low,task,299,299,421,10,cancelamento devolução login boleto,291,12.290.708/5613-53,,,2022-08-20 00:00:00,2022-09-16 00:00:00,,2022-08-21 00:00:00
165,Nota fiscal com erro,Descrição do problema: nota fiscal com erro. Escola solicita resolução.,pending,low,question,25,25,437,60,troca login boleto,1113,,,,2023-01-04 00:00:00,2023-01-03 00:00:00,,2023-01-07 00:00:00
166,Troca de material,Descrição do problema: troca de material. Escola solicita resolução.,closed,low,problem,10,10,451,112,boleto digital material_danificado atraso,,,good,,2023-03-08 00:00:00,2023-04-01 00:00:00,2023-03-14 00:00:00,2023-03-09 00:00:00
167,Senha não funciona,Descrição do problema: senha não funciona. Escola solicita resolução.,closed,low,task,58,58,438,263,falta_material,,84.594.597/5297-71,good,,2024-04-30 00:00:00,2024-04-30 00:00:00,2024-05-14 00:00:00,2024-05-04 00:00:00
168,Troca de material,Descrição do problema: troca de material. Escola solicita resolução.,closed,high,question,215,215,410,238,boleto entrega acesso plataforma,,49.399.875/3723-16,good,,2024-12-19 00:00:00,2024-12-23 00:00:00,2024-12-23 00:00:00,2024-12-25 00:00:00
169,Senha não funciona,Descrição do problema: senha não funciona. Escola solicita resolução.,new,urgent,question,245,245,461,119,entrega plataforma,,7229444387,,,2024-10-06 00:00:00,2024-10-27 00:00:00,,2024-10-12 00:00:00
170,Cancelamento de pedido,Descrição do problema: cancelamento de pedido. Escola solicita resolução.,closed,normal,question,368,368,444,88,troca,,,bad,Tive que abrir outro ticket,2023-05-18 00:00:00,2023-06-01 00:00:00,2023-06-06 00:00:00,2023-05-24 00:00:00
171,Falta de material,Descrição do problema: falta de material. Escola solicita resolução.,pending,normal,question,86,86,442,186,troca acesso cancelamento entrega,,,,,2022-03-28 00:00:00,2022-04-04 00:00:00,,2022-03-31 00:00:00
172,Suporte técnico - plataforma,Descrição do problema: suporte técnico - plataforma. Escola solicita resolução.,open,low,problem,94,94,433,9,cancelamento,,,,,2022-04-24 00:00:00,2022-05-18 00:00:00,,2022-04-26 00:00:00
173,Material danificado,Descrição do problema: material danificado. Escola solicita resolução.,solved,high,question,345,345,419,97,financeiro material_danificado cancelamento,112,,,,2022-02-14 00:00:00,2022-02-28 00:00:00,2022-02-23 00:00:00,2022-02-18 00:00:00
174,Cancelamento de pedido,Descrição do problema: cancelamento de pedido. Escola solicita resolução.,closed,urgent,question,204,204,434,125,falta_material cancelamento urgente,124,,good,,2023-09-03 00:00:00,2023-09-12 00:00:00,2023-09-09 00:00:00,2023-09-08 00:00:00
175,Material danificado,Descrição do problema: material danificado. Escola solicita resolução.,open,low,task,330,330,390,78,cancelamento boleto,,9693159720,,,2023-05-13 00:00:00,2023-06-11 00:00:00,,2023-05-15 00:00:00
176,Senha não funciona,Descrição do problema: senha não funciona. Escola solicita resolução.,open,low,problem,87,87,466,117,boleto devolução financeiro atraso,,49.753.337/5056-47,,,2023-12-04 00:00:00,2023-12-18 00:00:00,,2023-12-07 00:00:00
177,Material danificado,Descrição do problema: material danificado. Escola solicita resolução.,new,urgent,question,103,103,400,90,suporte_técnico plataforma,,,,,2022-08-26 00:00:00,2022-09-03 00:00:00,,2022-09-01 00:00:00
178,Devolução de material,Descrição do problema: devolução de material. Escola solicita resolução.,open,low,task,316,316,427,132,devolução cancelamento,747,,,,2024-07-15 00:00:00,2024-07-18 00:00:00,,2024-07-18 00:00:00
179,Troca de material,Descrição do problema: troca de material. Escola solicita resolução.,closed,high,incident,253,253,434,88,financeiro atraso pagamento login,1032,13.689.157/1996-21,bad,Atendimento ruim,2023-02-21 00:00:00,2023-03-21 00:00:00,2023-02-22 00:00:00,2023-02-25 00:00:00
180,Acesso à plataforma digital,Descrição do problema: acesso à plataforma digital. Escola solicita resolução.,new,urgent,task,234,234,390,262,contrato boleto,,,,,2022-09-02 00:00:00,2022-09-02 00:00:00,,2022-09-07 00:00:00
181,Cancelamento de pedido,Descrição do problema: cancelamento de pedido. Escola solicita resolução.,new,low,task,250,250,433,309,material_danificado senha atraso,,,,,2024-05-14 00:00:00,2024-06-09 00:00:00,,2024-05-17 00:00:00
182,Material não recebido,Descrição do problema: material não recebido. Escola solicita resolução.,new,low,problem,312,312,422,258,erro_sistema,,,,,2024-07-13 00:00:00,2024-07-31 00:00:00,,2024-07-17 00:00:00
183,Suporte técnico - plataforma,Descrição do problema: suporte técnico - plataforma. Escola solicita resolução.,solved,normal,task,11,11,427,54,financeiro erro_sistema,,,,,2025-07-05 00:00:00,2025-07-14 00:00:00,2025-07-16 00:00:00,2025-07-11 00:00:00
184,Material danificado,Descrição do problema: material danificado. Escola solicita resolução.,open,urgent,task,314,314,392,78,devolução acesso,,,,,2022-01-07 00:00:00,2022-01-26 00:00:00,,2022-01-11 00:00:00
185,Senha não funciona,Descrição do problema: senha não funciona. Escola solicita resolução.,solved,normal,problem,355,355,455,54,plataforma,,15.123.645/8994-85,,,2024-01-22 00:00:00,2024-01-23 00:00:00,2024-02-02 00:00:00,2024-01-26 00:00:00
186,Material danificado,Descrição do problema: material danificado. Escola solicita resolução.,open,urgent,problem,23,23,471,176,plataforma,,,,,2025-09-03 00:00:00,2025-09-20 00:00:00,,2025-09-06 00:00:00
187,Pagamento duplicado,Descrição do problema: pagamento duplicado. Escola solicita resolução.,new,low,question,303,303,394,264,falta_material,,30.257.777/4336-09,,,2023-11-11 00:00:00,2023-12-06 00:00:00,,2023-11-16 00:00:00
188,Acesso à plataforma digital,Descrição do problema: acesso à plataforma digital. Escola solicita resolução.,new,low,problem,269,269,445,77,senha pagamento material_danificado cancelamento,,,,,2025-12-02 00:00:00,2026-01-01 00:00:00,,2025-12-07 00:00:00
189,Material danificado,Descrição do problema: material danificado. Escola solicita resolução.,new,low,task,208,208,476,304,nota_fiscal digital suporte_técnico,,61.298.770/1953-17,,,2023-10-26 00:00:00,2023-11-05 00:00:00,,2023-10-28 00:00:00
190,Cancelamento de pedido,Descrição do problema: cancelamento de pedido. Escola solicita resolução.,pending,urgent,task,260,260,421,56,pagamento financeiro digital plataforma,,00.955.927/4926-84,,,2024-10-13 00:00:00,2024-11-11 00:00:00,,2024-10-17 00:00:00
191,Troca de material,Descrição do problema: troca de material. Escola solicita resolução.,new,normal,problem,248,248,477,266,financeiro,993,,,,2022-05-02 00:00:00,2022-05-07 00:00:00,,2022-05-08 00:00:00
192,Falta de material,Descrição do problema: falta de material. Escola solicita resolução.,pending,normal,problem,165,165,478,145,devolução acesso falta_material,,74.052.723/5329-39,,,2025-12-21 00:00:00,2026-01-19 00:00:00,,2025-12-28 00:00:00
193,Nota fiscal com erro,Descrição do problema: nota fiscal com erro. Escola solicita resolução.,new,high,task,299,299,446,10,devolução entrega contrato,,,,,2024-05-08 00:00:00,2024-06-02 00:00:00,,2024-05-08 00:00:00
194,Pagamento duplicado,Descrição do problema: pagamento duplicado. Escola solicita resolução.,pending,high,incident,59,59,416,125,nota_fiscal,707,,,,2024-06-07 00:00:00,2024-06-29 00:00:00,,2024-06-11 00:00:00
195,Material não recebido,Descrição do problema: material não recebido. Escola solicita resolução.,pending,normal,problem,29,29,405,301,nota_fiscal,,,,,2023-06-14 00:00:00,2023-06-30 00:00:00,,2023-06-19 00:00:00
196,Problema de login,Descrição do problema: problema de login. Escola solicita resolução.,new,normal,problem,289,289,465,161,troca financeiro login digital,,,,,2025-02-24 00:00:00,2025-02-24 00:00:00,,2025-02-28 00:00:00
197,Devolução de material,Descrição do problema: devolução de material. Escola solicita resolução.,closed,low,task,109,109,404,188,boleto plataforma erro_sistema,,,,,2023-07-04 00:00:00,2023-07-29 00:00:00,2023-07-10 00:00:00,2023-07-11 00:00:00
198,Senha não funciona,Descrição do problema: senha não funciona. Escola solicita resolução.,pending,high,incident,138,138,438,189,senha login nota_fiscal,1680,,,,2023-08-02 00:00:00,2023-08-13 00:00:00,,2023-08-08 00:00:00
199,Erro no sistema,Descrição do problema: erro no sistema. Escola solicita resolução.,pending,low,task,249,249,475,,falta_material,,11.374.794/1373-14,,,2022-03-25 00:00:00,2022-04-19 00:00:00,,2022-04-01 00:00:00
200,Falta de material,Descrição do problema: falta de material. Escola solicita resolução.,new,urgent,problem,38,38,402,216,digital contrato material_danificado,,,,,2024-02-14 00:00:00,2024-02-24 00:00:00,,2024-02-15 00:00:00
201,Suporte técnico - plataforma,Descrição do problema: suporte técnico - plataforma. Escola solicita resolução.,pending,urgent,incident,3,3,458,103,suporte_técnico cancelamento,,,,,2025-05-25 00:00:00,2025-05-24 00:00:00,,2025-05-30 00:00:00
202,Devolução de material,Descrição do problema: devolução de material. Escola solicita resolução.,pending,urgent,incident,215,215,460,238,plataforma suporte_técnico pagamento nota_fiscal,,,,,2024-12-13 00:00:00,2025-01-03 00:00:00,,2024-12-14 00:00:00
203,Contrato - dúvida,Descrição do problema: contrato - dúvida. Escola solicita resolução.,pending,high,incident,154,154,402,176,urgente suporte_técnico material_danificado falta_material,,,,,2022-05-16 00:00:00,2022-06-12 00:00:00,,2022-05-20 00:00:00
204,Devolução de material,Descrição do problema: devolução de material. Escola solicita resolução.,solved,normal,problem,157,157,409,79,urgente cancelamento falta_material nota_fiscal,218,97.229.131/5309-94,,,2022-11-07 00:00:00,2022-11-18 00:00:00,2022-11-14 00:00:00,2022-11-12 00:00:00
205,Material não recebido,Descrição do problema: material não recebido. Escola solicita resolução.,closed,normal,incident,257,257,413,67,troca material_danificado,,,,,2023-03-10 00:00:00,2023-04-03 00:00:00,2023-03-13 00:00:00,2023-03-11 00:00:00
206,Falta de material,Descrição do problema: falta de material. Escola solicita resolução.,closed,normal,problem,32,32,384,116,senha login plataforma,1041,,bad,Tive que abrir outro ticket,2025-06-02 00:00:00,2025-06-26 00:00:00,2025-06-03 00:00:00,2025-06-08 00:00:00
207,Boleto não recebido,Descrição do problema: boleto não recebido. Escola solicita resolução.,solved,low,problem,289,289,404,161,senha urgente material_danificado,,7628611229,bad,,2022-12-25 00:00:00,2023-01-09 00:00:00,2023-01-12 00:00:00,2022-12-31 00:00:00
208,Pagamento duplicado,Descrição do problema: pagamento duplicado. Escola solicita resolução.,closed,normal,problem,225,225,468,22,financeiro login cancelamento,,,good,,2024-06-05 00:00:00,2024-06-18 00:00:00,2024-06-07 00:00:00,2024-06-07 00:00:00
209,Cancelamento de pedido,Descrição do problema: cancelamento de pedido. Escola solicita resolução.,open,normal,problem,240,240,384,213,entrega login,,5869764290,,,2022-05-21 00:00:00,2022-05-30 00:00:00,,2022-05-25 00:00:00
210,Nota fiscal com erro,Descrição do problema: nota fiscal com erro. Escola solicita resolução.,open,normal,problem,333,333,427,73,urgente contrato digital,,47.053.475/0883-86,,,2023-08-01 00:00:00,2023-08-02 00:00:00,,2023-08-08 00:00:00
211,Suporte técnico - plataforma,Descrição do problema: suporte técnico - plataforma. Escola solicita resolução.,closed,normal,problem,294,294,427,177,entrega login contrato erro_sistema,1747,,,,2022-11-20 00:00:00,2022-12-18 00:00:00,2022-11-21 00:00:00,2022-11-27 00:00:00
212,Nota fiscal com erro,Descrição do problema: nota fiscal com erro. Escola solicita resolução.,pending,high,incident,230,230,480,270,urgente erro_sistema,,,,,2022-04-16 00:00:00,2022-05-04 00:00:00,,2022-04-22 00:00:00
213,Suporte técnico - plataforma,Descrição do problema: suporte técnico - plataforma. Escola solicita resolução.,closed,normal,problem,66,66,399,56,falta_material,711,39.153.175/4416-54,good,,2025-10-30 00:00:00,2025-11-10 00:00:00,2025-10-29 00:00:00,2025-11-01 00:00:00
214,Senha não funciona,Descrição do problema: senha não funciona. Escola solicita resolução.,solved,high,incident,138,138,479,189,nota_fiscal atraso,,,good,,2023-06-12 00:00:00,2023-06-30 00:00:00,2023-06-16 00:00:00,2023-06-17 00:00:00
215,Contrato - dúvida,Descrição do problema: contrato - dúvida. Escola solicita resolução.,new,normal,task,320,320,480,37,acesso,,,,,2023-02-19 00:00:00,2023-02-22 00:00:00,,2023-02-25 00:00:00
216,Falta de material,Descrição do problema: falta de material. Escola solicita resolução.,open,low,incident,29,29,387,301,atraso urgente boleto acesso,,,,,2025-12-12 00:00:00,2025-12-17 00:00:00,,2025-12-14 00:00:00
217,Devolução de material,Descrição do problema: devolução de material. Escola solicita resolução.,new,high,problem,57,57,396,,falta_material suporte_técnico boleto,,,,,2023-06-11 00:00:00,2023-06-14 00:00:00,,2023-06-15 00:00:00
218,Nota fiscal com erro,Descrição do problema: nota fiscal com erro. Escola solicita resolução.,open,high,problem,222,222,438,230,digital,622,,,,2025-09-15 00:00:00,2025-10-07 00:00:00,,2025-09-20 00:00:00
219,Troca de material,Descrição do problema: troca de material. Escola solicita resolução.,new,high,question,228,228,478,241,devolução senha material_danificado,652,,,,2022-09-05 00:00:00,2022-09-27 00:00:00,,2022-09-08 00:00:00
220,Material não recebido,Descrição do problema: material não recebido. Escola solicita resolução.,new,normal,incident,217,217,392,184,entrega,1268,,,,2025-07-01 00:00:00,2025-07-20 00:00:00,,2025-07-02 00:00:00
221,Suporte técnico - plataforma,Descrição do problema: suporte técnico - plataforma. Escola solicita resolução.,open,normal,task,193,193,476,234,contrato cancelamento acesso,1040,19.068.087/5573-13,,,2023-06-30 00:00:00,2023-06-30 00:00:00,,2023-07-07 00:00:00
222,Material danificado,Descrição do problema: material danificado. Escola solicita resolução.,new,urgent,incident,237,237,463,170,atraso financeiro,1418,,,,2025-01-09 00:00:00,2025-02-05 00:00:00,,2025-01-12 00:00:00
223,Devolução de material,Descrição do problema: devolução de material. Escola solicita resolução.,new,urgent,incident,222,222,459,230,nota_fiscal financeiro devolução,,15.469.797/5826-45,,,2025-10-17 00:00:00,2025-10-26 00:00:00,,2025-10-23 00:00:00
224,Senha não funciona,Descrição do problema: senha não funciona. Escola solicita resolução.,pending,normal,question,66,66,394,56,boleto troca,,,,,2023-01-14 00:00:00,2023-02-01 00:00:00,,2023-01-21 00:00:00
225,Material danificado,Descrição do problema: material danificado. Escola solicita resolução.,new,low,incident,182,182,411,307,digital material_danificado suporte_técnico cancelamento,,,,,2023-02-24 00:00:00,2023-02-25 00:00:00,,2023-03-01 00:00:00
226,Senha não funciona,Descrição do problema: senha não funciona. Escola solicita resolução.,solved,normal,problem,373,373,467,131,erro_sistema login pagamento,,,good,,2023-01-05 00:00:00,2023-01-05 00:00:00,2023-01-13 00:00:00,2023-01-11 00:00:00
227,Nota fiscal com erro,Descrição do problema: nota fiscal com erro. Escola solicita resolução.,solved,normal,question,199,199,469,33,cancelamento senha digital,700,0042624601,,,2024-06-10 00:00:00,2024-07-09 00:00:00,2024-06-16 00:00:00,2024-06-14 00:00:00
228,Senha não funciona,Descrição do problema: senha não funciona. Escola solicita resolução.,pending,urgent,problem,116,116,442,77,material_danificado login,,,,,2023-03-19 00:00:00,2023-03-24 00:00:00,,2023-03-22 00:00:00
229,Falta de material,Descrição do problema: falta de material. Escola solicita resolução.,pending,urgent,problem,304,304,473,120,digital boleto atraso,,,,,2024-11-11 00:00:00,2024-11-16 00:00:00,,2024-11-17 00:00:00
230,Suporte técnico - plataforma,Descrição do problema: suporte técnico - plataforma. Escola solicita resolução.,solved,high,problem,331,331,420,253,acesso entrega boleto urgente,573,,,,2024-11-23 00:00:00,2024-11-28 00:00:00,2024-11-25 00:00:00,2024-11-27 00:00:00
231,Pagamento duplicado,Descrição do problema: pagamento duplicado. Escola solicita resolução.,new,urgent,incident,206,206,443,78,atraso senha,,87.787.903/0990-10,,,2022-09-05 00:00:00,2022-09-18 00:00:00,,2022-09-05 00:00:00
232,Acesso à plataforma digital,Descrição do problema: acesso à plataforma digital. Escola solicita resolução.,closed,urgent,task,132,132,382,,financeiro material_danificado devolução suporte_técnico,53,,good,,2024-05-20 00:00:00,2024-06-14 00:00:00,2024-05-30 00:00:00,2024-05-22 00:00:00
233,Nota fiscal com erro,Descrição do problema: nota fiscal com erro. Escola solicita resolução.,new,high,problem,226,226,407,165,falta_material,,64.368.025/9323-49,,,2025-12-09 00:00:00,2025-12-10 00:00:00,,2025-12-14 00:00:00
234,Devolução de material,Descrição do problema: devolução de material. Escola solicita resolução.,open,high,problem,278,278,463,202,cancelamento nota_fiscal digital,1665,46.181.437/1468-76,,,2022-04-07 00:00:00,2022-04-26 00:00:00,,2022-04-12 00:00:00
235,Nota fiscal com erro,Descrição do problema: nota fiscal com erro. Escola solicita resolução.,new,high,task,303,303,428,264,contrato troca cancelamento acesso,,,,,2022-06-04 00:00:00,2022-06-26 00:00:00,,2022-06-09 00:00:00
236,Material danificado,Descrição do problema: material danificado. Escola solicita resolução.,solved,high,problem,119,119,404,110,acesso,,,,,2023-05-07 00:00:00,2023-05-22 00:00:00,2023-05-24 00:00:00,2023-05-12 00:00:00
237,Acesso à plataforma digital,Descrição do problema: acesso à plataforma digital. Escola solicita resolução.,open,normal,question,86,86,389,186,urgente,,10.184.796/1693-51,,,2022-08-26 00:00:00,2022-08-31 00:00:00,,2022-09-01 00:00:00
238,Atraso na entrega,Descrição do problema: atraso na entrega. Escola solicita resolução.,new,normal,incident,273,273,454,266,atraso erro_sistema boleto entrega,1151,,,,2024-05-26 00:00:00,2024-05-30 00:00:00,,2024-05-31 00:00:00
239,Acesso à plataforma digital,Descrição do problema: acesso à plataforma digital. Escola solicita resolução.,closed,normal,problem,210,210,437,116,financeiro atraso,,,,,2023-09-02 00:00:00,2023-09-19 00:00:00,2023-09-01 00:00:00,2023-09-04 00:00:00
240,Erro no sistema,Descrição do problema: erro no sistema. Escola solicita resolução.,closed,low,problem,186,186,405,,pagamento,,,,,2023-01-14 00:00:00,2023-02-03 00:00:00,2023-01-21 00:00:00,2023-01-17 00:00:00
241,Acesso à plataforma digital,Descrição do problema: acesso à plataforma digital. Escola solicita resolução.,new,low,task,238,238,477,307,material_danificado troca devolução erro_sistema,889,,,,2024-03-13 00:00:00,2024-04-03 00:00:00,,2024-03-19 00:00:00
242,Troca de material,Descrição do problema: troca de material. Escola solicita resolução.,new,normal,problem,192,192,388,193,plataforma,,,,,2023-08-04 00:00:00,2023-08-31 00:00:00,,2023-08-08 00:00:00
243,Pagamento duplicado,Descrição do problema: pagamento duplicado. Escola solicita resolução.,open,low,incident,192,192,406,193,pagamento,481,,,,2022-10-25 00:00:00,2022-10-27 00:00:00,,2022-10-31 00:00:00
244,Erro no sistema,Descrição do problema: erro no sistema. Escola solicita resolução.,solved,urgent,incident,306,306,456,29,cancelamento entrega,,81.944.105/9950-43,,,2023-05-04 00:00:00,2023-05-27 00:00:00,2023-05-30 00:00:00,2023-05-09 00:00:00
245,Devolução de material,Descrição do problema: devolução de material. Escola solicita resolução.,solved,normal,question,122,122,389,4,erro_sistema boleto pagamento,272,7723570554,good,,2025-07-09 00:00:00,2025-07-22 00:00:00,2025-07-12 00:00:00,2025-07-11 00:00:00
246,Contrato - dúvida,Descrição do problema: contrato - dúvida. Escola solicita resolução.,closed,urgent,incident,23,23,461,176,login,,,good,,2024-10-11 00:00:00,2024-10-28 00:00:00,2024-10-19 00:00:00,2024-10-18 00:00:00
247,Atraso na entrega,Descrição do problema: atraso na entrega. Escola solicita resolução.,open,normal,task,369,369,478,27,acesso digital plataforma pagamento,,,,,2023-01-30 00:00:00,2023-02-25 00:00:00,,2023-02-04 00:00:00
248,Cancelamento de pedido,Descrição do problema: cancelamento de pedido. Escola solicita resolução.,pending,urgent,question,318,318,389,,nota_fiscal pagamento,,,,,2024-03-08 00:00:00,2024-04-03 00:00:00,,2024-03-09 00:00:00
249,Material danificado,Descrição do problema: material danificado. Escola solicita resolução.,open,urgent,question,3,3,407,103,senha plataforma material_danificado,343,,,,2022-12-13 00:00:00,2023-01-07 00:00:00,,2022-12-19 00:00:00
250,Devolução de material,Descrição do problema: devolução de material. Escola solicita resolução.,solved,urgent,incident,5,5,424,238,financeiro,472,,,,2023-12-06 00:00:00,2023-12-22 00:00:00,2023-12-06 00:00:00,2023-12-08 00:00:00
251,Erro no sistema,Descrição do problema: erro no sistema. Escola solicita resolução.,new,low,task,70,70,475,77,pagamento contrato troca acesso,,,,,2025-04-07 00:00:00,2025-05-06 00:00:00,,2025-04-09 00:00:00
252,Troca de material,Descrição do problema: troca de material. Escola solicita resolução.,open,urgent,question,122,122,444,4,atraso boleto pagamento material_danificado,665,,,,2025-11-03 00:00:00,2025-11-10 00:00:00,,2025-11-06 00:00:00
253,Problema de login,Descrição do problema: problema de login. Escola solicita resolução.,pending,normal,problem,60,60,394,,nota_fiscal suporte_técnico troca,,,,,2024-01-27 00:00:00,2024-02-22 00:00:00,,2024-02-04 00:00:00
254,Cancelamento de pedido,Descrição do problema: cancelamento de pedido. Escola solicita resolução.,new,urgent,incident,247,247,417,299,suporte_técnico,415,7407443413,,,2022-12-31 00:00:00,2023-01-15 00:00:00,,2023-01-01 00:00:00
255,Boleto não recebido,Descrição do problema: boleto não recebido. Escola solicita resolução.,closed,low,incident,362,362,408,268,suporte_técnico,,,,,2023-06-29 00:00:00,2023-07-25 00:00:00,2023-07-03 00:00:00,2023-06-30 00:00:00
256,Problema de login,Descrição do problema: problema de login. Escola solicita resolução.,closed,urgent,question,365,365,449,268,senha,396,,good,,2025-09-23 00:00:00,2025-10-07 00:00:00,2025-09-24 00:00:00,2025-09-28 00:00:00
257,Atraso na entrega,Descrição do problema: atraso na entrega. Escola solicita resolução.,open,urgent,problem,231,231,434,5,login senha cancelamento financeiro,,,,,2025-12-13 00:00:00,2026-01-11 00:00:00,,2025-12-19 00:00:00
258,Cancelamento de pedido,Descrição do problema: cancelamento de pedido. Escola solicita resolução.,new,low,problem,270,270,386,95,contrato cancelamento troca boleto,813,8519592647,,,2024-07-28 00:00:00,2024-08-07 00:00:00,,2024-07-29 00:00:00
259,Material danificado,Descrição do problema: material danificado. Escola solicita resolução.,new,normal,incident,273,273,416,266,digital,,,,,2025-07-05 00:00:00,2025-07-19 00:00:00,,2025-07-06 00:00:00
260,Cancelamento de pedido,Descrição do problema: cancelamento de pedido. Escola solicita resolução.,closed,low,problem,72,72,429,166,cancelamento login,,,good,,2022-01-25 00:00:00,2022-02-10 00:00:00,2022-02-01 00:00:00,2022-01-28 00:00:00
261,Senha não funciona,Descrição do problema: senha não funciona. Escola solicita resolução.,pending,urgent,problem,117,117,408,,boleto digital pagamento,,51.773.987/3363-66,,,2023-10-24 00:00:00,2023-11-13 00:00:00,,2023-10-30 00:00:00
262,Boleto não recebido,Descrição do problema: boleto não recebido. Escola solicita resolução.,new,low,question,232,232,413,292,entrega,,,,,2024-03-06 00:00:00,2024-03-21 00:00:00,,2024-03-13 00:00:00
263,Erro no sistema,Descrição do problema: erro no sistema. Escola solicita resolução.,closed,low,incident,190,190,461,,material_danificado erro_sistema acesso,1096,,good,,2024-06-15 00:00:00,2024-06-19 00:00:00,2024-06-18 00:00:00,2024-06-16 00:00:00
264,Pagamento duplicado,Descrição do problema: pagamento duplicado. Escola solicita resolução.,closed,urgent,incident,141,141,459,,suporte_técnico login,,,good,,2022-06-30 00:00:00,2022-07-04 00:00:00,2022-07-12 00:00:00,2022-07-01 00:00:00
265,Suporte técnico - plataforma,Descrição do problema: suporte técnico - plataforma. Escola solicita resolução.,pending,high,task,15,15,396,248,senha login,,,,,2023-01-15 00:00:00,2023-02-12 00:00:00,,2023-01-22 00:00:00
266,Troca de material,Descrição do problema: troca de material. Escola solicita resolução.,new,low,question,2,2,411,270,login cancelamento entrega,,,,,2025-06-29 00:00:00,2025-07-27 00:00:00,,2025-06-30 00:00:00
267,Contrato - dúvida,Descrição do problema: contrato - dúvida. Escola solicita resolução.,solved,urgent,task,351,351,415,304,urgente,,,good,,2023-06-08 00:00:00,2023-07-07 00:00:00,2023-06-23 00:00:00,2023-06-14 00:00:00
268,Acesso à plataforma digital,Descrição do problema: acesso à plataforma digital. Escola solicita resolução.,pending,normal,task,233,233,444,134,devolução,1676,,,,2022-02-27 00:00:00,2022-03-03 00:00:00,,2022-03-02 00:00:00
269,Atraso na entrega,Descrição do problema: atraso na entrega. Escola solicita resolução.,closed,urgent,task,18,18,394,,atraso financeiro,952,,good,,2024-01-01 00:00:00,2024-01-30 00:00:00,2024-01-03 00:00:00,2024-01-04 00:00:00
270,Suporte técnico - plataforma,Descrição do problema: suporte técnico - plataforma. Escola solicita resolução.,solved,urgent,problem,169,169,423,,boleto erro_sistema pagamento suporte_técnico,,,,,2024-12-05 00:00:00,2024-12-19 00:00:00,2024-12-22 00:00:00,2024-12-09 00:00:00
271,Material danificado,Descrição do problema: material danificado. Escola solicita resolução.,new,low,problem,133,133,409,219,plataforma,,,,,2022-02-10 00:00:00,2022-02-15 00:00:00,,2022-02-11 00:00:00
272,Acesso à plataforma digital,Descrição do problema: acesso à plataforma digital. Escola solicita resolução.,new,high,question,145,145,399,114,atraso financeiro material_danificado troca,455,,,,2022-02-21 00:00:00,2022-02-27 00:00:00,,2022-02-26 00:00:00
273,Troca de material,Descrição do problema: troca de material. Escola solicita resolução.,new,low,question,85,85,465,288,nota_fiscal boleto cancelamento acesso,,,,,2022-10-26 00:00:00,2022-11-11 00:00:00,,2022-10-28 00:00:00
274,Acesso à plataforma digital,Descrição do problema: acesso à plataforma digital. Escola solicita resolução.,new,low,question,325,325,475,104,boleto plataforma troca,,,,,2023-12-02 00:00:00,2023-12-16 00:00:00,,2023-12-06 00:00:00
275,Pagamento duplicado,Descrição do problema: pagamento duplicado. Escola solicita resolução.,open,high,question,180,180,394,309,urgente senha suporte_técnico,,34.746.593/1728-28,,,2022-03-20 00:00:00,2022-03-25 00:00:00,,2022-03-25 00:00:00
276,Problema de login,Descrição do problema: problema de login. Escola solicita resolução.,open,urgent,problem,276,276,459,246,plataforma cancelamento,,,,,2023-08-25 00:00:00,2023-08-29 00:00:00,,2023-08-28 00:00:00
277,Suporte técnico - plataforma,Descrição do problema: suporte técnico - plataforma. Escola solicita resolução.,pending,high,task,216,216,435,1,falta_material urgente troca cancelamento,954,,,,2022-02-17 00:00:00,2022-03-04 00:00:00,,2022-02-22 00:00:00
278,Material danificado,Descrição do problema: material danificado. Escola solicita resolução.,new,normal,problem,153,153,417,140,senha suporte_técnico pagamento,,,,,2024-04-17 00:00:00,2024-04-17 00:00:00,,2024-04-18 00:00:00
279,Material danificado,Descrição do problema: material danificado. Escola solicita resolução.,open,low,task,126,126,434,145,plataforma atraso,,,,,2025-02-28 00:00:00,2025-03-15 00:00:00,,2025-03-03 00:00:00
280,Material não recebido,Descrição do problema: material não recebido. Escola solicita resolução.,open,low,question,226,226,454,165,senha boleto digital,,,,,2023-09-27 00:00:00,2023-10-01 00:00:00,,2023-10-03 00:00:00
281,Contrato - dúvida,Descrição do problema: contrato - dúvida. Escola solicita resolução.,new,normal,task,71,71,418,95,troca,,,,,2024-05-17 00:00:00,2024-05-20 00:00:00,,2024-05-18 00:00:00
282,Troca de material,Descrição do problema: troca de material. Escola solicita resolução.,closed,low,question,331,331,475,253,suporte_técnico,,44.377.491/6947-34,,,2023-01-19 00:00:00,2023-01-18 00:00:00,2023-01-20 00:00:00,2023-01-24 00:00:00
283,Material danificado,Descrição do problema: material danificado. Escola solicita resolução.,new,normal,question,130,130,473,67,entrega plataforma nota_fiscal,880,68.911.191/8567-75,,,2022-05-30 00:00:00,2022-06-12 00:00:00,,2022-06-01 00:00:00
284,Pagamento duplicado,Descrição do problema: pagamento duplicado. Escola solicita resolução.,new,normal,incident,54,54,449,5,cancelamento pagamento digital acesso,,88.112.725/7678-59,,,2023-07-08 00:00:00,2023-07-25 00:00:00,,2023-07-08 00:00:00
285,Nota fiscal com erro,Descrição do problema: nota fiscal com erro. Escola solicita resolução.,closed,high,incident,322,322,430,307,erro_sistema cancelamento,,,bad,Atendimento ruim,2024-07-02 00:00:00,2024-07-28 00:00:00,2024-07-21 00:00:00,2024-07-06 00:00:00
286,Devolução de material,Descrição do problema: devolução de material. Escola solicita resolução.,pending,low,problem,13,13,387,210,erro_sistema,1086,,,,2024-04-15 00:00:00,2024-04-22 00:00:00,,2024-04-17 00:00:00
287,Boleto não recebido,Descrição do problema: boleto não recebido. Escola solicita resolução.,new,urgent,incident,306,306,469,29,acesso entrega pagamento,,,,,2024-08-29 00:00:00,2024-09-01 00:00:00,,2024-09-04 00:00:00
288,Problema de login,Descrição do problema: problema de login. Escola solicita resolução.,new,normal,incident,120,120,426,259,troca digital,874,,,,2024-09-21 00:00:00,2024-09-24 00:00:00,,2024-09-26 00:00:00
289,Problema de login,Descrição do problema: problema de login. Escola solicita resolução.,open,low,problem,206,206,436,78,financeiro acesso,705,78.697.361/4587-51,,,2024-06-11 00:00:00,2024-07-02 00:00:00,,2024-06-16 00:00:00
290,Falta de material,Descrição do problema: falta de material. Escola solicita resolução.,open,high,task,361,361,454,161,atraso login financeiro,,8827114315,,,2022-05-05 00:00:00,2022-05-29 00:00:00,,2022-05-10 00:00:00
291,Devolução de material,Descrição do problema: devolução de material. Escola solicita resolução.,new,urgent,incident,305,305,398,39,pagamento material_danificado plataforma troca,,1037203230,,,2023-09-14 00:00:00,2023-10-01 00:00:00,,2023-09-18 00:00:00
292,Suporte técnico - plataforma,Descrição do problema: suporte técnico - plataforma. Escola solicita resolução.,closed,low,problem,94,94,408,9,cancelamento,,,good,,2025-12-16 00:00:00,2025-12-19 00:00:00,2025-12-16 00:00:00,2025-12-18 00:00:00
293,Suporte técnico - plataforma,Descrição do problema: suporte técnico - plataforma. Escola solicita resolução.,open,normal,task,376,376,464,284,boleto devolução plataforma,,,,,2025-01-21 00:00:00,2025-02-14 00:00:00,,2025-01-28 00:00:00
294,Suporte técnico - plataforma,Descrição do problema: suporte técnico - plataforma. Escola solicita resolução.,closed,low,incident,313,313,425,166,entrega falta_material acesso,184,,,,2025-12-02 00:00:00,2025-12-13 00:00:00,2025-12-04 00:00:00,2025-12-09 00:00:00
295,Troca de material,Descrição do problema: troca de material. Escola solicita resolução.,pending,high,task,53,53,431,41,plataforma senha digital falta_material,,1981932664,,,2024-09-18 00:00:00,2024-10-16 00:00:00,,2024-09-19 00:00:00
296,Material não recebido,Descrição do problema: material não recebido. Escola solicita resolução.,open,high,task,312,312,402,258,acesso urgente,,,,,2023-04-03 00:00:00,2023-04-20 00:00:00,,2023-04-04 00:00:00
297,Pagamento duplicado,Descrição do problema: pagamento duplicado. Escola solicita resolução.,pending,low,incident,58,58,479,263,acesso,,2901769830,,,2023-05-28 00:00:00,2023-06-23 00:00:00,,2023-05-29 00:00:00
298,Boleto não recebido,Descrição do problema: boleto não recebido. Escola solicita resolução.,closed,urgent,question,346,346,391,,suporte_técnico material_danificado financeiro troca,,90.757.049/1459-48,,,2024-11-08 00:00:00,2024-11-21 00:00:00,2024-11-10 00:00:00,2024-11-12 00:00:00
299,Material danificado,Descrição do problema: material danificado. Escola solicita resolução.,pending,low,problem,242,242,383,291,pagamento login,16,,,,2022-07-18 00:00:00,2022-08-13 00:00:00,,2022-07-23 00:00:00
300,Problema de login,Descrição do problema: problema de login. Escola solicita resolução.,closed,urgent,problem,222,222,454,230,digital contrato cancelamento,384,33.071.461/8013-56,,,2023-12-18 00:00:00,2024-01-08 00:00:00,2023-12-26 00:00:00,2023-12-23 00:00:00
301,Material não recebido,Descrição do problema: material não recebido. Escola solicita resolução.,closed,normal,question,82,82,457,145,troca,,08.318.539/1585-73,,,2022-07-30 00:00:00,2022-08-11 00:00:00,2022-08-07 00:00:00,2022-08-03 00:00:00
302,Acesso à plataforma digital,Descrição do problema: acesso à plataforma digital. Escola solicita resolução.,solved,normal,incident,48,48,431,268,suporte_técnico login pagamento troca,297,,,,2022-03-17 00:00:00,2022-03-21 00:00:00,2022-03-18 00:00:00,2022-03-21 00:00:00
303,Material danificado,Descrição do problema: material danificado. Escola solicita resolução.,closed,normal,incident,242,242,459,291,boleto atraso login suporte_técnico,897,65.811.229/3225-01,,,2023-12-01 00:00:00,2023-12-06 00:00:00,2023-12-10 00:00:00,2023-12-02 00:00:00
304,Senha não funciona,Descrição do problema: senha não funciona. Escola solicita resolução.,solved,low,incident,96,96,435,208,senha erro_sistema,,,good,,2023-05-21 00:00:00,2023-06-02 00:00:00,2023-06-02 00:00:00,2023-05-26 00:00:00
305,Troca de material,Descrição do problema: troca de material. Escola solicita resolução.,closed,high,problem,290,290,441,114,devolução cancelamento,,,,,2023-08-15 00:00:00,2023-09-02 00:00:00,2023-09-02 00:00:00,2023-08-19 00:00:00
306,Nota fiscal com erro,Descrição do problema: nota fiscal com erro. Escola solicita resolução.,solved,high,question,221,221,471,113,boleto erro_sistema,,,bad,Atendimento ruim,2023-08-10 00:00:00,2023-08-09 00:00:00,2023-08-11 00:00:00,2023-08-13 00:00:00
307,Senha não funciona,Descrição do problema: senha não funciona. Escola solicita resolução.,open,low,problem,158,158,420,121,cancelamento suporte_técnico material_danificado,768,,,,2024-08-18 00:00:00,2024-08-25 00:00:00,,2024-08-18 00:00:00
308,Suporte técnico - plataforma,Descrição do problema: suporte técnico - plataforma. Escola solicita resolução.,open,urgent,question,71,71,402,95,nota_fiscal contrato suporte_técnico entrega,902,46.498.747/2137-24,,,2024-11-03 00:00:00,2024-11-06 00:00:00,,2024-11-06 00:00:00
309,Problema de login,Descrição do problema: problema de login. Escola solicita resolução.,open,high,problem,41,41,390,203,falta_material login,,,,,2023-04-23 00:00:00,2023-05-07 00:00:00,,2023-04-25 00:00:00
310,Nota fiscal com erro,Descrição do problema: nota fiscal com erro. Escola solicita resolução.,closed,low,problem,207,207,408,72,material_danificado,1031,,,,2022-08-12 00:00:00,2022-08-24 00:00:00,2022-08-14 00:00:00,2022-08-19 00:00:00
311,Problema de login,Descrição do problema: problema de login. Escola solicita resolução.,closed,normal,incident,22,22,425,163,pagamento suporte_técnico,448,,,,2024-11-20 00:00:00,2024-11-30 00:00:00,2024-11-26 00:00:00,2024-11-27 00:00:00
312,Acesso à plataforma digital,Descrição do problema: acesso à plataforma digital. Escola solicita resolução.,closed,urgent,incident,192,192,435,193,suporte_técnico,1047,,good,,2023-01-21 00:00:00,2023-01-25 00:00:00,2023-02-01 00:00:00,2023-01-23 00:00:00
313,Erro no sistema,Descrição do problema: erro no sistema. Escola solicita resolução.,solved,low,question,36,36,424,284,acesso plataforma,,,,,2025-03-21 00:00:00,2025-03-21 00:00:00,2025-04-11 00:00:00,2025-03-24 00:00:00
314,Problema de login,Descrição do problema: problema de login. Escola solicita resolução.,open,normal,problem,275,275,474,208,pagamento boleto plataforma,,,,,2022-02-25 00:00:00,2022-02-25 00:00:00,,2022-03-02 00:00:00
315,Senha não funciona,Descrição do problema: senha não funciona. Escola solicita resolução.,open,urgent,question,154,154,464,176,acesso,1049,,,,2023-10-24 00:00:00,2023-11-16 00:00:00,,2023-10-29 00:00:00
316,Suporte técnico - plataforma,Descrição do problema: suporte técnico - plataforma. Escola solicita resolução.,solved,urgent,task,281,281,453,307,erro_sistema,372,,good,,2025-01-18 00:00:00,2025-01-27 00:00:00,2025-02-05 00:00:00,2025-01-24 00:00:00
317,Material danificado,Descrição do problema: material danificado. Escola solicita resolução.,new,normal,task,379,379,469,288,boleto financeiro,,,,,2022-06-13 00:00:00,2022-06-22 00:00:00,,2022-06-15 00:00:00
318,Senha não funciona,Descrição do problema: senha não funciona. Escola solicita resolução.,new,high,question,277,277,405,1,senha atraso,,50.774.458/1835-98,,,2024-12-27 00:00:00,2025-01-19 00:00:00,,2024-12-27 00:00:00
319,Erro no sistema,Descrição do problema: erro no sistema. Escola solicita resolução.,closed,low,problem,159,159,429,,senha,,,bad,,2022-01-21 00:00:00,2022-01-21 00:00:00,2022-01-22 00:00:00,2022-01-25 00:00:00
320,Suporte técnico - plataforma,Descrição do problema: suporte técnico - plataforma. Escola solicita resolução.,open,high,problem,103,103,437,90,falta_material entrega cancelamento,807,,,,2024-05-07 00:00:00,2024-05-13 00:00:00,,2024-05-09 00:00:00
321,Devolução de material,Descrição do problema: devolução de material. Escola solicita resolução.,new,low,question,113,113,401,59,cancelamento financeiro acesso,698,73.543.323/4776-55,,,2025-09-10 00:00:00,2025-10-06 00:00:00,,2025-09-14 00:00:00
322,Senha não funciona,Descrição do problema: senha não funciona. Escola solicita resolução.,open,urgent,task,147,147,418,35,acesso atraso pagamento,,,,,2023-02-28 00:00:00,2023-03-29 00:00:00,,2023-03-02 00:00:00
323,Erro no sistema,Descrição do problema: erro no sistema. Escola solicita resolução.,open,urgent,problem,106,106,427,188,pagamento financeiro nota_fiscal,,,,,2022-04-08 00:00:00,2022-04-11 00:00:00,,2022-04-13 00:00:00
324,Erro no sistema,Descrição do problema: erro no sistema. Escola solicita resolução.,solved,low,problem,150,150,384,48,pagamento nota_fiscal boleto acesso,,32.102.529/0706-26,good,,2024-09-03 00:00:00,2024-09-12 00:00:00,2024-09-10 00:00:00,2024-09-08 00:00:00
325,Pagamento duplicado,Descrição do problema: pagamento duplicado. Escola solicita resolução.,new,urgent,task,36,36,405,284,pagamento acesso,826,72.455.627/8486-97,,,2023-05-14 00:00:00,2023-05-16 00:00:00,,2023-05-22 00:00:00
326,Material danificado,Descrição do problema: material danificado. Escola solicita resolução.,new,urgent,incident,351,351,391,304,pagamento cancelamento contrato,,,,,2023-05-25 00:00:00,2023-06-03 00:00:00,,2023-05-31 00:00:00
327,Acesso à plataforma digital,Descrição do problema: acesso à plataforma digital. Escola solicita resolução.,pending,low,problem,182,182,386,307,plataforma,324,76.416.504/4932-43,,,2022-04-12 00:00:00,2022-04-22 00:00:00,,2022-04-20 00:00:00
328,Falta de material,Descrição do problema: falta de material. Escola solicita resolução.,solved,urgent,question,322,322,421,307,falta_material material_danificado troca devolução,1212,,,,2023-01-05 00:00:00,2023-02-03 00:00:00,2023-01-18 00:00:00,2023-01-08 00:00:00
329,Nota fiscal com erro,Descrição do problema: nota fiscal com erro. Escola solicita resolução.,new,low,question,169,169,455,,acesso suporte_técnico pagamento devolução,,,,,2025-01-19 00:00:00,2025-02-18 00:00:00,,2025-01-22 00:00:00
330,Atraso na entrega,Descrição do problema: atraso na entrega. Escola solicita resolução.,pending,high,task,59,59,423,125,senha,,59.880.129/8173-41,,,2022-04-16 00:00:00,2022-05-01 00:00:00,,2022-04-20 00:00:00
331,Material não recebido,Descrição do problema: material não recebido. Escola solicita resolução.,open,normal,task,355,355,420,54,erro_sistema,712,,,,2024-08-08 00:00:00,2024-08-21 00:00:00,,2024-08-14 00:00:00
332,Suporte técnico - plataforma,Descrição do problema: suporte técnico - plataforma. Escola solicita resolução.,pending,high,incident,141,141,430,,urgente falta_material nota_fiscal,,,,,2025-08-31 00:00:00,2025-09-05 00:00:00,,2025-09-03 00:00:00
333,Nota fiscal com erro,Descrição do problema: nota fiscal com erro. Escola solicita resolução.,pending,urgent,problem,36,36,426,284,suporte_técnico erro_sistema acesso atraso,,,,,2023-09-20 00:00:00,2023-10-20 00:00:00,,2023-09-24 00:00:00
334,Material danificado,Descrição do problema: material danificado. Escola solicita resolução.,pending,high,incident,195,195,468,7,urgente senha material_danificado pagamento,,,,,2022-12-23 00:00:00,2022-12-22 00:00:00,,2022-12-28 00:00:00
335,Devolução de material,Descrição do problema: devolução de material. Escola solicita resolução.,new,urgent,question,269,269,396,77,devolução,378,39.402.285/2566-78,,,2024-12-23 00:00:00,2025-01-14 00:00:00,,2024-12-23 00:00:00
336,Atraso na entrega,Descrição do problema: atraso na entrega. Escola solicita resolução.,closed,low,question,288,288,473,262,contrato atraso,,,good,,2023-02-22 00:00:00,2023-03-02 00:00:00,2023-03-04 00:00:00,2023-02-24 00:00:00
337,Material danificado,Descrição do problema: material danificado. Escola solicita resolução.,new,urgent,question,236,236,456,120,acesso login boleto,359,,,,2025-10-12 00:00:00,2025-11-04 00:00:00,,2025-10-16 00:00:00
338,Senha não funciona,Descrição do problema: senha não funciona. Escola solicita resolução.,pending,high,problem,154,154,398,176,nota_fiscal pagamento,1089,01.860.868/7315-49,,,2022-04-01 00:00:00,2022-04-19 00:00:00,,2022-04-08 00:00:00
339,Atraso na entrega,Descrição do problema: atraso na entrega. Escola solicita resolução.,closed,low,incident,363,363,463,146,plataforma,,76.524.516/0969-33,,,2022-04-05 00:00:00,2022-04-27 00:00:00,2022-04-06 00:00:00,2022-04-11 00:00:00
340,Atraso na entrega,Descrição do problema: atraso na entrega. Escola solicita resolução.,solved,low,task,298,298,410,280,plataforma devolução senha,,36.624.805/0359-56,,,2022-05-03 00:00:00,2022-05-24 00:00:00,2022-05-07 00:00:00,2022-05-05 00:00:00
341,Acesso à plataforma digital,Descrição do problema: acesso à plataforma digital. Escola solicita resolução.,solved,low,problem,131,131,390,107,atraso,,,bad,Tive que abrir outro ticket,2022-04-20 00:00:00,2022-04-29 00:00:00,2022-04-23 00:00:00,2022-04-23 00:00:00
342,Acesso à plataforma digital,Descrição do problema: acesso à plataforma digital. Escola solicita resolução.,new,urgent,question,311,311,427,8,entrega cancelamento urgente login,920,,,,2023-09-29 00:00:00,2023-10-07 00:00:00,,2023-10-02 00:00:00
343,Devolução de material,Descrição do problema: devolução de material. Escola solicita resolução.,solved,low,incident,346,346,429,,digital cancelamento acesso,,39.818.557/4388-27,,,2024-06-23 00:00:00,2024-06-24 00:00:00,2024-07-02 00:00:00,2024-06-25 00:00:00
344,Contrato - dúvida,Descrição do problema: contrato - dúvida. Escola solicita resolução.,closed,normal,question,299,299,476,10,nota_fiscal plataforma boleto senha,366,,,,2025-03-08 00:00:00,2025-03-15 00:00:00,2025-03-09 00:00:00,2025-03-12 00:00:00
345,Acesso à plataforma digital,Descrição do problema: acesso à plataforma digital. Escola solicita resolução.,open,low,incident,154,154,382,176,acesso contrato boleto senha,,,,,2025-10-18 00:00:00,2025-10-24 00:00:00,,2025-10-25 00:00:00
346,Suporte técnico - plataforma,Descrição do problema: suporte técnico - plataforma. Escola solicita resolução.,new,normal,problem,109,109,458,188,financeiro devolução acesso troca,1018,,,,2024-06-13 00:00:00,2024-07-05 00:00:00,,2024-06-17 00:00:00
347,Pagamento duplicado,Descrição do problema: pagamento duplicado. Escola solicita resolução.,solved,low,task,183,183,448,14,boleto acesso cancelamento senha,,6358354937,good,,2022-02-26 00:00:00,2022-03-09 00:00:00,2022-03-15 00:00:00,2022-03-06 00:00:00
348,Material não recebido,Descrição do problema: material não recebido. Escola solicita resolução.,open,low,question,285,285,424,132,atraso,,81.017.560/9925-25,,,2024-12-05 00:00:00,2024-12-27 00:00:00,,2024-12-11 00:00:00
349,Acesso à plataforma digital,Descrição do problema: acesso à plataforma digital. Escola solicita resolução.,solved,high,question,17,17,443,36,acesso nota_fiscal senha,51,,,,2022-10-06 00:00:00,2022-10-17 00:00:00,2022-10-05 00:00:00,2022-10-09 00:00:00
350,Material não recebido,Descrição do problema: material não recebido. Escola solicita resolução.,solved,urgent,task,262,262,419,196,cancelamento pagamento,239,,,,2023-09-08 00:00:00,2023-09-11 00:00:00,2023-09-09 00:00:00,2023-09-10 00:00:00
351,Material não recebido,Descrição do problema: material não recebido. Escola solicita resolução.,open,high,problem,9,9,383,14,atraso cancelamento nota_fiscal,,,,,2022-10-08 00:00:00,2022-10-24 00:00:00,,2022-10-10 00:00:00
352,Senha não funciona,Descrição do problema: senha não funciona. Escola solicita resolução.,open,normal,task,213,213,416,107,boleto,1036,,,,2023-04-05 00:00:00,2023-04-18 00:00:00,,2023-04-09 00:00:00
353,Troca de material,Descrição do problema: troca de material. Escola solicita resolução.,pending,high,incident,31,31,438,289,urgente,,,,,2022-11-05 00:00:00,2022-11-28 00:00:00,,2022-11-08 00:00:00
354,Erro no sistema,Descrição do problema: erro no sistema. Escola solicita resolução.,new,low,task,189,189,466,251,urgente,,,,,2022-03-03 00:00:00,2022-03-13 00:00:00,,2022-03-07 00:00:00
355,Pagamento duplicado,Descrição do problema: pagamento duplicado. Escola solicita resolução.,new,normal,question,93,93,399,88,senha devolução suporte_técnico,298,,,,2022-04-12 00:00:00,2022-04-30 00:00:00,,2022-04-15 00:00:00
356,Cancelamento de pedido,Descrição do problema: cancelamento de pedido. Escola solicita resolução.,open,high,problem,363,363,432,146,plataforma,,,,,2025-04-11 00:00:00,2025-04-13 00:00:00,,2025-04-18 00:00:00
357,Material não recebido,Descrição do problema: material não recebido. Escola solicita resolução.,closed,low,problem,18,18,384,,senha material_danificado atraso nota_fiscal,,,bad,Tive que abrir outro ticket,2022-04-16 00:00:00,2022-04-29 00:00:00,2022-05-08 00:00:00,2022-04-17 00:00:00
358,Material danificado,Descrição do problema: material danificado. Escola solicita resolução.,solved,normal,incident,264,264,435,271,digital cancelamento falta_material material_danificado,172,10.188.542/7796-97,,,2025-02-17 00:00:00,2025-02-16 00:00:00,2025-02-22 00:00:00,2025-02-23 00:00:00
359,Cancelamento de pedido,Descrição do problema: cancelamento de pedido. Escola solicita resolução.,new,high,incident,89,89,431,276,material_danificado cancelamento pagamento troca,580,1211257878,,,2024-11-22 00:00:00,2024-12-17 00:00:00,,2024-11-27 00:00:00
360,Boleto não recebido,Descrição do problema: boleto não recebido. Escola solicita resolução.,closed,urgent,incident,12,12,393,94,cancelamento,749,77.251.982/4900-81,,,2023-03-18 00:00:00,2023-03-23 00:00:00,2023-03-20 00:00:00,2023-03-20 00:00:00
361,Falta de material,Descrição do problema: falta de material. Escola solicita resolução.,new,normal,question,231,231,396,5,erro_sistema plataforma digital financeiro,,,,,2024-03-01 00:00:00,2024-03-18 00:00:00,,2024-03-05 00:00:00
362,Contrato - dúvida,Descrição do problema: contrato - dúvida. Escola solicita resolução.,closed,normal,problem,163,163,394,93,digital financeiro,,,,,2024-09-25 00:00:00,2024-10-09 00:00:00,2024-09-28 00:00:00,2024-09-29 00:00:00
363,Contrato - dúvida,Descrição do problema: contrato - dúvida. Escola solicita resolução.,solved,normal,question,221,221,475,113,cancelamento pagamento,,,good,,2022-02-25 00:00:00,2022-03-17 00:00:00,2022-03-07 00:00:00,2022-02-28 00:00:00
364,Material danificado,Descrição do problema: material danificado. Escola solicita resolução.,pending,urgent,problem,36,36,403,284,login digital,,,,,2025-03-07 00:00:00,2025-03-20 00:00:00,,2025-03-09 00:00:00
365,Material não recebido,Descrição do problema: material não recebido. Escola solicita resolução.,solved,low,problem,178,178,402,,atraso,,,,,2023-09-29 00:00:00,2023-10-11 00:00:00,2023-10-02 00:00:00,2023-10-04 00:00:00
366,Devolução de material,Descrição do problema: devolução de material. Escola solicita resolução.,solved,low,problem,62,62,454,200,boleto,,,,,2024-08-29 00:00:00,2024-09-03 00:00:00,2024-09-03 00:00:00,2024-09-06 00:00:00
367,Problema de login,Descrição do problema: problema de login. Escola solicita resolução.,closed,urgent,incident,121,121,396,1,falta_material cancelamento digital,105,95.334.807/8511-95,bad,,2023-04-30 00:00:00,2023-05-25 00:00:00,2023-04-29 00:00:00,2023-05-06 00:00:00
368,Pagamento duplicado,Descrição do problema: pagamento duplicado. Escola solicita resolução.,solved,low,question,116,116,426,77,pagamento,,2887387724,,,2024-03-04 00:00:00,2024-03-11 00:00:00,2024-03-05 00:00:00,2024-03-05 00:00:00
369,Pagamento duplicado,Descrição do problema: pagamento duplicado. Escola solicita resolução.,open,normal,task,317,317,398,275,urgente,87,2104986081,,,2023-12-29 00:00:00,2023-12-30 00:00:00,,2023-12-29 00:00:00
370,Nota fiscal com erro,Descrição do problema: nota fiscal com erro. Escola solicita resolução.,solved,urgent,task,186,186,435,,nota_fiscal atraso,,68.505.763/0235-34,good,,2024-10-19 00:00:00,2024-11-05 00:00:00,2024-10-18 00:00:00,2024-10-23 00:00:00
371,Senha não funciona,Descrição do problema: senha não funciona. Escola solicita resolução.,pending,urgent,question,311,311,463,8,financeiro falta_material troca,,,,,2022-07-01 00:00:00,2022-07-01 00:00:00,,2022-07-03 00:00:00
372,Senha não funciona,Descrição do problema: senha não funciona. Escola solicita resolução.,open,low,incident,367,367,414,118,material_danificado acesso entrega devolução,10,,,,2025-11-20 00:00:00,2025-12-19 00:00:00,,2025-11-24 00:00:00
373,Devolução de material,Descrição do problema: devolução de material. Escola solicita resolução.,pending,normal,task,248,248,472,266,devolução nota_fiscal financeiro,,2067361681,,,2024-07-31 00:00:00,2024-08-24 00:00:00,,2024-08-04 00:00:00
374,Cancelamento de pedido,Descrição do problema: cancelamento de pedido. Escola solicita resolução.,pending,urgent,problem,48,48,468,268,entrega falta_material cancelamento,90,,,,2023-09-21 00:00:00,2023-09-28 00:00:00,,2023-09-22 00:00:00
375,Material não recebido,Descrição do problema: material não recebido. Escola solicita resolução.,open,high,task,271,271,417,222,pagamento,,,,,2023-02-20 00:00:00,2023-03-13 00:00:00,,2023-02-23 00:00:00
376,Contrato - dúvida,Descrição do problema: contrato - dúvida. Escola solicita resolução.,pending,normal,question,68,68,428,269,digital nota_fiscal,374,,,,2025-11-24 00:00:00,2025-12-01 00:00:00,,2025-12-01 00:00:00
377,Problema de login,Descrição do problema: problema de login. Escola solicita resolução.,solved,urgent,task,301,301,399,105,falta_material troca devolução,,,good,,2025-09-02 00:00:00,2025-09-14 00:00:00,2025-09-12 00:00:00,2025-09-08 00:00:00
378,Cancelamento de pedido,Descrição do problema: cancelamento de pedido. Escola solicita resolução.,open,low,task,76,76,425,72,entrega,,,,,2025-12-06 00:00:00,2025-12-09 00:00:00,,2025-12-09 00:00:00
379,Boleto não recebido,Descrição do problema: boleto não recebido. Escola solicita resolução.,closed,high,incident,115,115,407,287,financeiro suporte_técnico,,,,,2022-03-18 00:00:00,2022-04-17 00:00:00,2022-04-12 00:00:00,2022-03-19 00:00:00
380,Falta de material,Descrição do problema: falta de material. Escola solicita resolução.,new,low,task,201,201,460,124,acesso entrega nota_fiscal,145,55.429.555/7239-92,,,2022-05-27 00:00:00,2022-06-19 00:00:00,,2022-05-27 00:00:00
381,Acesso à plataforma digital,Descrição do problema: acesso à plataforma digital. Escola solicita resolução.,new,low,problem,280,280,445,130,devolução plataforma atraso,857,,,,2024-04-25 00:00:00,2024-05-03 00:00:00,,2024-04-28 00:00:00
382,Pagamento duplicado,Descrição do problema: pagamento duplicado. Escola solicita resolução.,pending,urgent,task,360,360,384,55,digital,,48.094.402/5934-60,,,2025-04-23 00:00:00,2025-05-17 00:00:00,,2025-04-28 00:00:00
383,Problema de login,Descrição do problema: problema de login. Escola solicita resolução.,pending,high,task,88,88,395,193,troca,,,,,2024-09-19 00:00:00,2024-09-30 00:00:00,,2024-09-21 00:00:00
384,Nota fiscal com erro,Descrição do problema: nota fiscal com erro. Escola solicita resolução.,new,urgent,question,322,322,475,307,falta_material digital urgente,1668,,,,2025-09-09 00:00:00,2025-10-06 00:00:00,,2025-09-10 00:00:00
385,Falta de material,Descrição do problema: falta de material. Escola solicita resolução.,pending,high,task,81,81,471,173,pagamento,,07.317.154/3090-46,,,2024-01-03 00:00:00,2024-01-28 00:00:00,,2024-01-06 00:00:00
386,Erro no sistema,Descrição do problema: erro no sistema. Escola solicita resolução.,pending,urgent,question,235,235,437,302,plataforma material_danificado digital,134,6526618901,,,2023-11-25 00:00:00,2023-12-20 00:00:00,,2023-11-26 00:00:00
387,Acesso à plataforma digital,Descrição do problema: acesso à plataforma digital. Escola solicita resolução.,solved,urgent,task,130,130,401,67,contrato material_danificado devolução,551,,,,2023-10-25 00:00:00,2023-10-31 00:00:00,2023-10-27 00:00:00,2023-10-25 00:00:00
388,Pagamento duplicado,Descrição do problema: pagamento duplicado. Escola solicita resolução.,open,urgent,problem,2,2,441,270,troca login,,,,,2022-08-31 00:00:00,2022-09-10 00:00:00,,2022-09-06 00:00:00
389,Pagamento duplicado,Descrição do problema: pagamento duplicado. Escola solicita resolução.,solved,normal,problem,69,69,459,30,financeiro,,,good,,2025-12-04 00:00:00,2025-12-15 00:00:00,2025-12-05 00:00:00,2025-12-08 00:00:00
390,Troca de material,Descrição do problema: troca de material. Escola solicita resolução.,pending,urgent,incident,343,343,435,237,senha,370,36.164.580/5992-65,,,2023-11-25 00:00:00,2023-11-29 00:00:00,,2023-11-27 00:00:00
391,Material danificado,Descrição do problema: material danificado. Escola solicita resolução.,open,normal,task,299,299,454,10,entrega contrato digital,248,,,,2022-04-29 00:00:00,2022-05-12 00:00:00,,2022-05-01 00:00:00
392,Problema de login,Descrição do problema: problema de login. Escola solicita resolução.,open,low,incident,198,198,431,142,suporte_técnico,622,0431052687,,,2022-01-02 00:00:00,2022-01-21 00:00:00,,2022-01-03 00:00:00
393,Cancelamento de pedido,Descrição do problema: cancelamento de pedido. Escola solicita resolução.,pending,urgent,task,284,284,389,152,falta_material,691,1369153868,,,2022-09-21 00:00:00,2022-10-09 00:00:00,,2022-09-25 00:00:00
394,Senha não funciona,Descrição do problema: senha não funciona. Escola solicita resolução.,new,normal,question,232,232,441,292,plataforma pagamento senha,266,,,,2024-11-19 00:00:00,2024-12-09 00:00:00,,2024-11-27 00:00:00
395,Acesso à plataforma digital,Descrição do problema: acesso à plataforma digital. Escola solicita resolução.,open,low,question,42,42,437,,troca pagamento plataforma devolução,570,,,,2022-10-12 00:00:00,2022-11-03 00:00:00,,2022-10-19 00:00:00
396,Senha não funciona,Descrição do problema: senha não funciona. Escola solicita resolução.,closed,normal,task,38,38,414,216,plataforma,347,,good,,2025-07-26 00:00:00,2025-08-23 00:00:00,2025-07-31 00:00:00,2025-07-29 00:00:00
397,Falta de material,Descrição do problema: falta de material. Escola solicita resolução.,open,high,problem,24,24,445,,contrato plataforma senha,688,,,,2024-07-29 00:00:00,2024-08-06 00:00:00,,2024-08-02 00:00:00
398,Nota fiscal com erro,Descrição do problema: nota fiscal com erro. Escola solicita resolução.,open,high,incident,221,221,466,113,suporte_técnico atraso senha erro_sistema,440,,,,2023-03-04 00:00:00,2023-03-16 00:00:00,,2023-03-09 00:00:00
399,Falta de material,Descrição do problema: falta de material. Escola solicita resolução.,new,urgent,incident,198,198,444,142,plataforma boleto entrega material_danificado,,39.345.174/7939-89,,,2022-09-08 00:00:00,2022-09-11 00:00:00,,2022-09-09 00:00:00
400,Boleto não recebido,Descrição do problema: boleto não recebido. Escola solicita resolução.,open,low,question,356,356,434,265,nota_fiscal troca,,,,,2023-09-29 00:00:00,2023-10-09 00:00:00,,2023-10-04 00:00:00
401,Boleto não recebido,Descrição do problema: boleto não recebido. Escola solicita resolução.,new,high,question,88,88,449,193,digital cancelamento,1229,,,,2024-05-01 00:00:00,2024-05-28 00:00:00,,2024-05-06 00:00:00
402,Acesso à plataforma digital,Descrição do problema: acesso à plataforma digital. Escola solicita resolução.,solved,high,task,201,201,445,124,suporte_técnico erro_sistema,,,good,,2024-04-01 00:00:00,2024-04-20 00:00:00,2024-04-03 00:00:00,2024-04-03 00:00:00
403,Suporte técnico - plataforma,Descrição do problema: suporte técnico - plataforma. Escola solicita resolução.,closed,low,problem,354,354,471,59,devolução material_danificado pagamento financeiro,,79.197.074/6324-68,good,,2024-11-06 00:00:00,2024-11-20 00:00:00,2024-11-07 00:00:00,2024-11-10 00:00:00
404,Nota fiscal com erro,Descrição do problema: nota fiscal com erro. Escola solicita resolução.,closed,high,question,125,125,387,164,senha urgente atraso boleto,,84.565.730/5785-74,good,,2023-08-06 00:00:00,2023-08-21 00:00:00,2023-08-09 00:00:00,2023-08-10 00:00:00
405,Nota fiscal com erro,Descrição do problema: nota fiscal com erro. Escola solicita resolução.,closed,low,question,106,106,438,188,nota_fiscal acesso boleto,,,,,2024-04-26 00:00:00,2024-05-13 00:00:00,2024-05-13 00:00:00,2024-04-29 00:00:00
406,Pagamento duplicado,Descrição do problema: pagamento duplicado. Escola solicita resolução.,solved,urgent,question,220,220,416,120,nota_fiscal,973,,,,2022-04-13 00:00:00,2022-05-01 00:00:00,2022-04-22 00:00:00,2022-04-15 00:00:00
407,Pagamento duplicado,Descrição do problema: pagamento duplicado. Escola solicita resolução.,pending,low,incident,4,4,413,,urgente troca,,,,,2024-10-15 00:00:00,2024-10-19 00:00:00,,2024-10-21 00:00:00
408,Cancelamento de pedido,Descrição do problema: cancelamento de pedido. Escola solicita resolução.,open,normal,question,10,10,479,112,digital entrega,,,,,2023-02-13 00:00:00,2023-02-25 00:00:00,,2023-02-19 00:00:00
409,Falta de material,Descrição do problema: falta de material. Escola solicita resolução.,open,urgent,incident,86,86,418,186,digital atraso,,,,,2024-05-15 00:00:00,2024-05-22 00:00:00,,2024-05-21 00:00:00
410,Material não recebido,Descrição do problema: material não recebido. Escola solicita resolução.,pending,high,question,275,275,452,208,atraso erro_sistema nota_fiscal,,,,,2025-05-21 00:00:00,2025-05-23 00:00:00,,2025-05-26 00:00:00
411,Contrato - dúvida,Descrição do problema: contrato - dúvida. Escola solicita resolução.,solved,high,incident,120,120,397,259,suporte_técnico,,21.342.988/0387-40,good,,2025-12-11 00:00:00,2025-12-12 00:00:00,2025-12-13 00:00:00,2025-12-19 00:00:00
412,Material danificado,Descrição do problema: material danificado. Escola solicita resolução.,closed,high,question,85,85,431,288,material_danificado pagamento digital contrato,,50.187.446/0768-89,,,2024-03-16 00:00:00,2024-04-03 00:00:00,2024-03-17 00:00:00,2024-03-23 00:00:00
413,Material danificado,Descrição do problema: material danificado. Escola solicita resolução.,open,normal,question,212,212,475,67,contrato,,,,,2025-11-08 00:00:00,2025-11-21 00:00:00,,2025-11-13 00:00:00
414,Erro no sistema,Descrição do problema: erro no sistema. Escola solicita resolução.,new,high,question,209,209,406,20,login troca falta_material material_danificado,652,,,,2025-11-17 00:00:00,2025-11-23 00:00:00,,2025-11-19 00:00:00
415,Devolução de material,Descrição do problema: devolução de material. Escola solicita resolução.,open,normal,incident,22,22,417,163,boleto contrato digital,,,,,2023-07-29 00:00:00,2023-08-21 00:00:00,,2023-08-03 00:00:00
416,Troca de material,Descrição do problema: troca de material. Escola solicita resolução.,pending,urgent,incident,317,317,453,275,erro_sistema login,33,,,,2023-01-11 00:00:00,2023-02-10 00:00:00,,2023-01-13 00:00:00
417,Pagamento duplicado,Descrição do problema: pagamento duplicado. Escola solicita resolução.,new,urgent,task,206,206,472,78,erro_sistema nota_fiscal plataforma,,,,,2024-12-11 00:00:00,2025-01-04 00:00:00,,2024-12-16 00:00:00
418,Nota fiscal com erro,Descrição do problema: nota fiscal com erro. Escola solicita resolução.,new,low,question,182,182,444,307,nota_fiscal suporte_técnico entrega,,4519851382,,,2024-03-09 00:00:00,2024-04-05 00:00:00,,2024-03-12 00:00:00
419,Material danificado,Descrição do problema: material danificado. Escola solicita resolução.,new,high,question,238,238,389,307,falta_material,,,,,2022-05-10 00:00:00,2022-06-06 00:00:00,,2022-05-17 00:00:00
420,Falta de material,Descrição do problema: falta de material. Escola solicita resolução.,closed,urgent,task,163,163,476,93,entrega material_danificado nota_fiscal,139,24.342.521/3812-58,,,2024-12-14 00:00:00,2024-12-17 00:00:00,2024-12-15 00:00:00,2024-12-20 00:00:00
421,Material danificado,Descrição do problema: material danificado. Escola solicita resolução.,solved,high,problem,248,248,433,266,plataforma urgente,,,good,,2024-06-14 00:00:00,2024-07-02 00:00:00,2024-06-22 00:00:00,2024-06-17 00:00:00
422,Falta de material,Descrição do problema: falta de material. Escola solicita resolução.,closed,normal,problem,101,101,404,83,senha acesso contrato atraso,297,,,,2023-10-28 00:00:00,2023-11-05 00:00:00,2023-10-30 00:00:00,2023-11-01 00:00:00
423,Erro no sistema,Descrição do problema: erro no sistema. Escola solicita resolução.,pending,low,incident,135,135,457,236,entrega troca,,,,,2025-11-21 00:00:00,2025-12-04 00:00:00,,2025-11-23 00:00:00
424,Contrato - dúvida,Descrição do problema: contrato - dúvida. Escola solicita resolução.,open,normal,problem,341,341,383,,urgente pagamento,,70.360.023/3239-02,,,2025-05-27 00:00:00,2025-06-02 00:00:00,,2025-05-27 00:00:00
425,Nota fiscal com erro,Descrição do problema: nota fiscal com erro. Escola solicita resolução.,pending,urgent,task,33,33,465,267,troca,,4765235923,,,2023-08-01 00:00:00,2023-08-08 00:00:00,,2023-08-02 00:00:00
426,Erro no sistema,Descrição do problema: erro no sistema. Escola solicita resolução.,pending,low,incident,274,274,474,156,plataforma cancelamento contrato atraso,,,,,2023-06-03 00:00:00,2023-06-12 00:00:00,,2023-06-04 00:00:00
427,Nota fiscal com erro,Descrição do problema: nota fiscal com erro. Escola solicita resolução.,new,urgent,question,268,268,408,10,acesso contrato,,83.862.192/2556-75,,,2022-01-03 00:00:00,2022-01-22 00:00:00,,2022-01-11 00:00:00
428,Falta de material,Descrição do problema: falta de material. Escola solicita resolução.,closed,urgent,question,181,181,426,157,atraso financeiro login,171,8906307493,good,,2025-05-09 00:00:00,2025-05-24 00:00:00,2025-05-31 00:00:00,2025-05-15 00:00:00
429,Erro no sistema,Descrição do problema: erro no sistema. Escola solicita resolução.,pending,low,problem,284,284,459,152,plataforma devolução,,41.490.056/3561-96,,,2023-07-06 00:00:00,2023-08-05 00:00:00,,2023-07-08 00:00:00
430,Suporte técnico - plataforma,Descrição do problema: suporte técnico - plataforma. Escola solicita resolução.,solved,low,problem,71,71,444,95,digital entrega,,,,,2024-11-25 00:00:00,2024-12-22 00:00:00,2024-12-05 00:00:00,2024-11-29 00:00:00
431,Contrato - dúvida,Descrição do problema: contrato - dúvida. Escola solicita resolução.,open,urgent,task,9,9,406,14,devolução plataforma suporte_técnico material_danificado,,,,,2023-07-03 00:00:00,2023-07-17 00:00:00,,2023-07-11 00:00:00
432,Suporte técnico - plataforma,Descrição do problema: suporte técnico - plataforma. Escola solicita resolução.,solved,normal,task,106,106,471,188,nota_fiscal atraso pagamento boleto,1684,3897643859,,,2022-09-07 00:00:00,2022-10-01 00:00:00,2022-09-08 00:00:00,2022-09-14 00:00:00
433,Acesso à plataforma digital,Descrição do problema: acesso à plataforma digital. Escola solicita resolução.,pending,urgent,task,3,3,396,103,material_danificado boleto atraso troca,,,,,2023-01-04 00:00:00,2023-01-17 00:00:00,,2023-01-06 00:00:00
434,Material danificado,Descrição do problema: material danificado. Escola solicita resolução.,solved,urgent,problem,75,75,387,,entrega,1280,,,,2025-12-03 00:00:00,2025-12-16 00:00:00,2025-12-16 00:00:00,2025-12-08 00:00:00
435,Contrato - dúvida,Descrição do problema: contrato - dúvida. Escola solicita resolução.,solved,high,task,62,62,405,200,contrato boleto troca plataforma,806,,good,,2024-12-20 00:00:00,2025-01-06 00:00:00,2024-12-30 00:00:00,2024-12-27 00:00:00
436,Falta de material,Descrição do problema: falta de material. Escola solicita resolução.,new,low,task,257,257,462,67,financeiro troca erro_sistema nota_fiscal,471,,,,2022-09-06 00:00:00,2022-09-07 00:00:00,,2022-09-09 00:00:00
437,Suporte técnico - plataforma,Descrição do problema: suporte técnico - plataforma. Escola solicita resolução.,open,urgent,question,139,139,382,34,erro_sistema cancelamento,,46.823.831/9834-04,,,2023-04-23 00:00:00,2023-05-13 00:00:00,,2023-04-26 00:00:00
438,Nota fiscal com erro,Descrição do problema: nota fiscal com erro. Escola solicita resolução.,closed,low,task,289,289,421,161,troca senha,,,bad,Demorou muito,2025-02-14 00:00:00,2025-02-28 00:00:00,2025-02-26 00:00:00,2025-02-20 00:00:00
439,Suporte técnico - plataforma,Descrição do problema: suporte técnico - plataforma. Escola solicita resolução.,closed,urgent,task,103,103,381,90,entrega cancelamento login,411,26.007.796/6667-95,good,,2023-01-06 00:00:00,2023-01-12 00:00:00,2023-01-12 00:00:00,2023-01-10 00:00:00
440,Troca de material,Descrição do problema: troca de material. Escola solicita resolução.,pending,normal,task,1,1,458,172,material_danificado contrato entrega,684,,,,2025-05-27 00:00:00,2025-06-05 00:00:00,,2025-05-30 00:00:00
441,Erro no sistema,Descrição do problema: erro no sistema. Escola solicita resolução.,open,high,question,21,21,442,87,falta_material acesso,,42.474.766/8357-19,,,2022-11-29 00:00:00,2022-12-27 00:00:00,,2022-11-30 00:00:00
442,Pagamento duplicado,Descrição do problema: pagamento duplicado. Escola solicita resolução.,open,high,question,314,314,471,78,material_danificado devolução pagamento,,,,,2025-02-10 00:00:00,2025-02-15 00:00:00,,2025-02-16 00:00:00
443,Acesso à plataforma digital,Descrição do problema: acesso à plataforma digital. Escola solicita resolução.,new,urgent,incident,102,102,474,254,falta_material devolução digital atraso,,,,,2025-01-27 00:00:00,2025-02-17 00:00:00,,2025-01-30 00:00:00
444,Acesso à plataforma digital,Descrição do problema: acesso à plataforma digital. Escola solicita resolução.,solved,urgent,incident,346,346,472,,login,536,,bad,Atendimento ruim,2024-12-23 00:00:00,2024-12-27 00:00:00,2025-01-03 00:00:00,2024-12-29 00:00:00
445,Atraso na entrega,Descrição do problema: atraso na entrega. Escola solicita resolução.,new,normal,incident,255,255,447,4,pagamento,,,,,2022-03-31 00:00:00,2022-04-03 00:00:00,,2022-04-04 00:00:00
446,Material não recebido,Descrição do problema: material não recebido. Escola solicita resolução.,new,high,question,334,334,467,29,urgente,,,,,2025-08-23 00:00:00,2025-09-18 00:00:00,,2025-08-25 00:00:00
447,Atraso na entrega,Descrição do problema: atraso na entrega. Escola solicita resolução.,open,high,incident,317,317,386,275,troca acesso digital,,4182715564,,,2023-09-01 00:00:00,2023-09-03 00:00:00,,2023-09-02 00:00:00
448,Suporte técnico - plataforma,Descrição do problema: suporte técnico - plataforma. Escola solicita resolução.,new,high,question,24,24,474,,nota_fiscal atraso senha,481,,,,2025-12-21 00:00:00,2025-12-29 00:00:00,,2025-12-25 00:00:00
449,Devolução de material,Descrição do problema: devolução de material. Escola solicita resolução.,new,urgent,problem,195,195,423,7,login erro_sistema cancelamento atraso,,33.631.316/5194-93,,,2023-12-25 00:00:00,2024-01-02 00:00:00,,2023-12-27 00:00:00
450,Falta de material,Descrição do problema: falta de material. Escola solicita resolução.,pending,high,task,270,270,435,95,plataforma nota_fiscal,1009,,,,2023-08-26 00:00:00,2023-09-23 00:00:00,,2023-09-01 00:00:00
451,Nota fiscal com erro,Descrição do problema: nota fiscal com erro. Escola solicita resolução.,open,normal,incident,108,108,443,244,cancelamento pagamento falta_material erro_sistema,,,,,2023-10-07 00:00:00,2023-10-19 00:00:00,,2023-10-14 00:00:00
452,Atraso na entrega,Descrição do problema: atraso na entrega. Escola solicita resolução.,solved,urgent,incident,157,157,472,79,financeiro,,5308395130,,,2022-06-11 00:00:00,2022-06-24 00:00:00,2022-06-10 00:00:00,2022-06-11 00:00:00
453,Cancelamento de pedido,Descrição do problema: cancelamento de pedido. Escola solicita resolução.,new,high,incident,361,361,465,161,cancelamento erro_sistema contrato,674,,,,2025-04-06 00:00:00,2025-04-13 00:00:00,,2025-04-12 00:00:00
454,Suporte técnico - plataforma,Descrição do problema: suporte técnico - plataforma. Escola solicita resolução.,pending,normal,task,247,247,405,299,falta_material erro_sistema,1485,,,,2023-10-13 00:00:00,2023-11-08 00:00:00,,2023-10-20 00:00:00
455,Erro no sistema,Descrição do problema: erro no sistema. Escola solicita resolução.,open,urgent,problem,205,205,438,93,atraso plataforma financeiro,963,41.885.625/7712-50,,,2025-09-17 00:00:00,2025-09-24 00:00:00,,2025-09-24 00:00:00
456,Acesso à plataforma digital,Descrição do problema: acesso à plataforma digital. Escola solicita resolução.,pending,high,problem,176,176,422,267,cancelamento acesso contrato troca,243,,,,2023-02-02 00:00:00,2023-02-12 00:00:00,,2023-02-04 00:00:00
457,Material danificado,Descrição do problema: material danificado. Escola solicita resolução.,open,low,problem,269,269,443,77,atraso urgente,964,,,,2022-08-01 00:00:00,2022-08-20 00:00:00,,2022-08-05 00:00:00
458,Atraso na entrega,Descrição do problema: atraso na entrega. Escola solicita resolução.,closed,high,incident,120,120,414,259,boleto atraso,976,,,,2022-01-14 00:00:00,2022-02-12 00:00:00,2022-01-14 00:00:00,2022-01-18 00:00:00
459,Cancelamento de pedido,Descrição do problema: cancelamento de pedido. Escola solicita resolução.,open,normal,problem,26,26,472,52,senha falta_material entrega,,,,,2022-12-31 00:00:00,2023-01-16 00:00:00,,2023-01-03 00:00:00
460,Devolução de material,Descrição do problema: devolução de material. Escola solicita resolução.,pending,normal,problem,353,353,431,26,contrato nota_fiscal financeiro digital,,,,,2022-05-04 00:00:00,2022-05-22 00:00:00,,2022-05-09 00:00:00
461,Acesso à plataforma digital,Descrição do problema: acesso à plataforma digital. Escola solicita resolução.,closed,normal,incident,199,199,381,33,troca boleto login devolução,,,,,2025-09-21 00:00:00,2025-10-03 00:00:00,2025-09-21 00:00:00,2025-09-26 00:00:00
462,Boleto não recebido,Descrição do problema: boleto não recebido. Escola solicita resolução.,new,high,task,258,258,425,256,senha,567,36.607.127/8137-03,,,2025-12-01 00:00:00,2025-12-11 00:00:00,,2025-12-05 00:00:00
463,Boleto não recebido,Descrição do problema: boleto não recebido. Escola solicita resolução.,open,high,incident,214,214,478,243,contrato,,,,,2023-04-15 00:00:00,2023-05-02 00:00:00,,2023-04-20 00:00:00
464,Nota fiscal com erro,Descrição do problema: nota fiscal com erro. Escola solicita resolução.,closed,high,question,377,377,405,141,senha,60,,,,2022-08-01 00:00:00,2022-08-09 00:00:00,2022-08-01 00:00:00,2022-08-07 00:00:00
465,Erro no sistema,Descrição do problema: erro no sistema. Escola solicita resolução.,pending,urgent,incident,197,197,471,76,financeiro,912,,,,2022-06-26 00:00:00,2022-07-13 00:00:00,,2022-07-02 00:00:00
466,Pagamento duplicado,Descrição do problema: pagamento duplicado. Escola solicita resolução.,pending,normal,incident,4,4,392,,suporte_técnico erro_sistema nota_fiscal plataforma,44,,,,2022-08-04 00:00:00,2022-08-15 00:00:00,,2022-08-12 00:00:00
467,Atraso na entrega,Descrição do problema: atraso na entrega. Escola solicita resolução.,solved,urgent,task,311,311,444,8,digital urgente,660,78.183.436/9978-01,good,,2022-04-12 00:00:00,2022-05-03 00:00:00,2022-04-11 00:00:00,2022-04-15 00:00:00
468,Suporte técnico - plataforma,Descrição do problema: suporte técnico - plataforma. Escola solicita resolução.,closed,urgent,question,222,222,477,230,erro_sistema atraso contrato,,,,,2025-04-19 00:00:00,2025-05-19 00:00:00,2025-04-29 00:00:00,2025-04-21 00:00:00
469,Erro no sistema,Descrição do problema: erro no sistema. Escola solicita resolução.,pending,urgent,problem,219,219,398,251,plataforma contrato login urgente,,68.865.979/4227-01,,,2025-07-26 00:00:00,2025-08-16 00:00:00,,2025-08-02 00:00:00
470,Problema de login,Descrição do problema: problema de login. Escola solicita resolução.,open,low,task,83,83,424,134,troca,,,,,2025-10-24 00:00:00,2025-10-30 00:00:00,,2025-10-31 00:00:00
471,Material danificado,Descrição do problema: material danificado. Escola solicita resolução.,new,high,task,248,248,394,266,digital suporte_técnico,450,,,,2022-06-20 00:00:00,2022-06-22 00:00:00,,2022-06-22 00:00:00
472,Suporte técnico - plataforma,Descrição do problema: suporte técnico - plataforma. Escola solicita resolução.,solved,urgent,problem,134,134,409,79,nota_fiscal atraso,1247,3820264430,,,2024-04-30 00:00:00,2024-05-07 00:00:00,2024-05-11 00:00:00,2024-05-06 00:00:00
473,Devolução de material,Descrição do problema: devolução de material. Escola solicita resolução.,closed,urgent,problem,189,189,417,251,falta_material,,47.476.291/2278-18,good,,2022-05-06 00:00:00,2022-05-16 00:00:00,2022-05-23 00:00:00,2022-05-07 00:00:00
474,Senha não funciona,Descrição do problema: senha não funciona. Escola solicita resolução.,solved,high,task,190,190,439,,digital devolução,1057,64.670.864/1231-86,,,2023-10-27 00:00:00,2023-10-27 00:00:00,2023-10-27 00:00:00,2023-11-02 00:00:00
475,Falta de material,Descrição do problema: falta de material. Escola solicita resolução.,pending,normal,incident,352,352,459,285,material_danificado senha digital,616,6883058585,,,2023-06-21 00:00:00,2023-07-18 00:00:00,,2023-06-26 00:00:00
476,Acesso à plataforma digital,Descrição do problema: acesso à plataforma digital. Escola solicita resolução.,solved,high,incident,103,103,438,90,contrato digital,329,,,,2023-01-17 00:00:00,2023-02-09 00:00:00,2023-01-17 00:00:00,2023-01-22 00:00:00
477,Material não recebido,Descrição do problema: material não recebido. Escola solicita resolução.,pending,low,problem,380,380,416,211,acesso,151,99.885.659/6581-65,,,2024-01-25 00:00:00,2024-01-28 00:00:00,,2024-01-27 00:00:00
478,Boleto não recebido,Descrição do problema: boleto não recebido. Escola solicita resolução.,solved,high,problem,349,349,397,274,contrato suporte_técnico urgente falta_material,,,good,,2022-07-31 00:00:00,2022-08-08 00:00:00,2022-08-13 00:00:00,2022-08-01 00:00:00
479,Nota fiscal com erro,Descrição do problema: nota fiscal com erro. Escola solicita resolução.,closed,high,problem,273,273,404,266,falta_material,512,,bad,Problema não resolvido,2022-01-26 00:00:00,2022-02-09 00:00:00,2022-02-05 00:00:00,2022-01-29 00:00:00
480,Material danificado,Descrição do problema: material danificado. Escola solicita resolução.,pending,low,incident,233,233,474,134,suporte_técnico boleto nota_fiscal pagamento,,,,,2023-10-31 00:00:00,2023-11-08 00:00:00,,2023-11-04 00:00:00
481,Material não recebido,Descrição do problema: material não recebido. Escola solicita resolução.,open,urgent,question,8,8,388,222,entrega nota_fiscal,552,81.367.521/2410-10,,,2024-05-08 00:00:00,2024-05-30 00:00:00,,2024-05-15 00:00:00
482,Material não recebido,Descrição do problema: material não recebido. Escola solicita resolução.,new,low,task,250,250,452,309,erro_sistema,,10.270.379/3537-12,,,2024-10-29 00:00:00,2024-11-15 00:00:00,,2024-10-30 00:00:00
483,Material não recebido,Descrição do problema: material não recebido. Escola solicita resolução.,solved,normal,question,172,172,409,135,plataforma suporte_técnico,,,,,2024-01-21 00:00:00,2024-01-23 00:00:00,2024-01-20 00:00:00,2024-01-22 00:00:00
484,Atraso na entrega,Descrição do problema: atraso na entrega. Escola solicita resolução.,open,high,incident,59,59,445,125,plataforma urgente acesso financeiro,541,32.206.237/2408-68,,,2023-03-15 00:00:00,2023-04-10 00:00:00,,2023-03-18 00:00:00
485,Devolução de material,Descrição do problema: devolução de material. Escola solicita resolução.,open,high,task,97,97,391,292,financeiro pagamento,1781,,,,2022-01-17 00:00:00,2022-02-12 00:00:00,,2022-01-22 00:00:00
486,Contrato - dúvida,Descrição do problema: contrato - dúvida. Escola solicita resolução.,new,high,problem,8,8,457,222,atraso,,,,,2024-07-08 00:00:00,2024-07-15 00:00:00,,2024-07-15 00:00:00
487,Falta de material,Descrição do problema: falta de material. Escola solicita resolução.,pending,normal,incident,78,78,461,81,financeiro senha contrato,1086,25.142.297/4745-26,,,2022-09-28 00:00:00,2022-10-17 00:00:00,,2022-10-04 00:00:00
488,Atraso na entrega,Descrição do problema: atraso na entrega. Escola solicita resolução.,new,urgent,problem,264,264,384,271,erro_sistema senha plataforma,,48.386.509/9816-31,,,2023-10-29 00:00:00,2023-11-11 00:00:00,,2023-10-31 00:00:00
489,Material danificado,Descrição do problema: material danificado. Escola solicita resolução.,new,low,problem,159,159,419,,erro_sistema,,,,,2025-08-04 00:00:00,2025-08-09 00:00:00,,2025-08-09 00:00:00
490,Pagamento duplicado,Descrição do problema: pagamento duplicado. Escola solicita resolução.,solved,high,question,265,265,382,307,pagamento material_danificado digital,1172,,,,2025-05-30 00:00:00,2025-06-01 00:00:00,2025-06-07 00:00:00,2025-06-07 00:00:00
491,Falta de material,Descrição do problema: falta de material. Escola solicita resolução.,solved,high,task,340,340,476,243,urgente,,,good,,2023-01-01 00:00:00,2023-01-16 00:00:00,2023-01-08 00:00:00,2023-01-03 00:00:00
492,Erro no sistema,Descrição do problema: erro no sistema. Escola solicita resolução.,closed,normal,incident,192,192,457,193,pagamento,539,,,,2025-08-04 00:00:00,2025-08-19 00:00:00,2025-08-06 00:00:00,2025-08-05 00:00:00
493,Erro no sistema,Descrição do problema: erro no sistema. Escola solicita resolução.,closed,normal,question,36,36,396,284,atraso acesso,,,good,,2025-07-11 00:00:00,2025-08-05 00:00:00,2025-08-02 00:00:00,2025-07-15 00:00:00
494,Atraso na entrega,Descrição do problema: atraso na entrega. Escola solicita resolução.,solved,high,question,48,48,421,268,boleto,,85.312.170/3557-82,,,2024-06-21 00:00:00,2024-07-15 00:00:00,2024-07-15 00:00:00,2024-06-21 00:00:00
495,Erro no sistema,Descrição do problema: erro no sistema. Escola solicita resolução.,pending,normal,task,6,6,434,95,financeiro,,9731933654,,,2023-09-30 00:00:00,2023-09-30 00:00:00,,2023-10-01 00:00:00
496,Cancelamento de pedido,Descrição do problema: cancelamento de pedido. Escola solicita resolução.,new,low,question,11,11,472,54,cancelamento contrato material_danificado,,,,,2024-05-30 00:00:00,2024-06-13 00:00:00,,2024-06-02 00:00:00
497,Falta de material,Descrição do problema: falta de material. Escola solicita resolução.,new,urgent,task,279,279,479,263,falta_material troca cancelamento,1056,88.793.808/2464-13,,,2025-09-21 00:00:00,2025-09-26 00:00:00,,2025-09-22 00:00:00
498,Senha não funciona,Descrição do problema: senha não funciona. Escola solicita resolução.,closed,normal,problem,66,66,384,56,pagamento cancelamento,,73.894.080/6299-69,good,,2024-06-30 00:00:00,2024-07-02 00:00:00,2024-07-03 00:00:00,2024-07-02 00:00:00
499,Suporte técnico - plataforma,Descrição do problema: suporte técnico - plataforma. Escola solicita resolução.,open,high,problem,109,109,412,188,pagamento urgente atraso,88,,,,2024-04-05 00:00:00,2024-04-11 00:00:00,,2024-04-07 00:00:00
500,Erro no sistema,Descrição do problema: erro no sistema. Escola solicita resolução.,pending,normal,task,243,243,438,185,senha atraso,,02.868.725/8544-28,,,2022-02-04 00:00:00,2022-02-11 00:00:00,,2022-02-05 00:00:00
501,Problema de login,Descrição do problema: problema de login. Escola solicita resolução.,closed,low,problem,140,140,455,280,troca,,,,,2025-11-17 00:00:00,2025-12-01 00:00:00,2025-11-28 00:00:00,2025-11-20 00:00:00
502,Boleto não recebido,Descrição do problema: boleto não recebido. Escola solicita resolução.,open,low,problem,277,277,459,1,urgente financeiro senha devolução,,75.264.709/1777-90,,,2023-07-19 00:00:00,2023-07-26 00:00:00,,2023-07-21 00:00:00
503,Material não recebido,Descrição do problema: material não recebido. Escola solicita resolução.,open,low,problem,57,57,411,,devolução pagamento atraso plataforma,1634,,,,2022-10-08 00:00:00,2022-10-14 00:00:00,,2022-10-12 00:00:00
504,Suporte técnico - plataforma,Descrição do problema: suporte técnico - plataforma. Escola solicita resolução.,open,high,incident,26,26,390,52,contrato digital urgente plataforma,,4508527317,,,2024-08-05 00:00:00,2024-09-03 00:00:00,,2024-08-06 00:00:00
505,Contrato - dúvida,Descrição do problema: contrato - dúvida. Escola solicita resolução.,solved,low,incident,342,342,398,236,troca boleto contrato,935,,,,2023-01-24 00:00:00,2023-02-04 00:00:00,2023-01-30 00:00:00,2023-01-24 00:00:00
506,Senha não funciona,Descrição do problema: senha não funciona. Escola solicita resolução.,new,low,incident,143,143,433,69,devolução material_danificado,1378,,,,2024-05-30 00:00:00,2024-05-31 00:00:00,,2024-06-03 00:00:00
507,Pagamento duplicado,Descrição do problema: pagamento duplicado. Escola solicita resolução.,solved,normal,problem,252,252,448,208,login,,,good,,2022-06-19 00:00:00,2022-07-11 00:00:00,2022-06-30 00:00:00,2022-06-25 00:00:00
508,Boleto não recebido,Descrição do problema: boleto não recebido. Escola solicita resolução.,closed,high,problem,267,267,396,292,pagamento nota_fiscal devolução acesso,,31.109.265/4790-27,good,,2022-12-03 00:00:00,2022-12-09 00:00:00,2022-12-07 00:00:00,2022-12-04 00:00:00
509,Cancelamento de pedido,Descrição do problema: cancelamento de pedido. Escola solicita resolução.,new,normal,question,356,356,424,265,cancelamento nota_fiscal,,,,,2024-08-02 00:00:00,2024-08-10 00:00:00,,2024-08-06 00:00:00
510,Problema de login,Descrição do problema: problema de login. Escola solicita resolução.,closed,normal,incident,374,374,433,276,cancelamento urgente boleto financeiro,,,good,,2024-01-21 00:00:00,2024-01-20 00:00:00,2024-01-24 00:00:00,2024-01-21 00:00:00
511,Erro no sistema,Descrição do problema: erro no sistema. Escola solicita resolução.,solved,normal,question,182,182,427,307,devolução entrega contrato,100,,good,,2022-11-14 00:00:00,2022-12-04 00:00:00,2022-11-26 00:00:00,2022-11-16 00:00:00
512,Troca de material,Descrição do problema: troca de material. Escola solicita resolução.,solved,low,problem,197,197,462,76,senha,668,36.899.162/0129-25,bad,Demorou muito,2022-03-09 00:00:00,2022-03-09 00:00:00,2022-03-18 00:00:00,2022-03-10 00:00:00
513,Contrato - dúvida,Descrição do problema: contrato - dúvida. Escola solicita resolução.,solved,urgent,question,34,34,463,102,pagamento senha,809,03.895.151/0490-34,,,2024-11-17 00:00:00,2024-12-12 00:00:00,2024-11-27 00:00:00,2024-11-19 00:00:00
514,Troca de material,Descrição do problema: troca de material. Escola solicita resolução.,pending,high,incident,139,139,412,34,falta_material erro_sistema senha cancelamento,1141,71.665.527/4136-50,,,2024-05-19 00:00:00,2024-05-20 00:00:00,,2024-05-26 00:00:00
515,Devolução de material,Descrição do problema: devolução de material. Escola solicita resolução.,solved,normal,problem,284,284,383,152,suporte_técnico boleto senha,,,good,,2023-08-23 00:00:00,2023-08-22 00:00:00,2023-08-23 00:00:00,2023-08-29 00:00:00
516,Material não recebido,Descrição do problema: material não recebido. Escola solicita resolução.,closed,urgent,incident,32,32,454,116,senha material_danificado contrato entrega,,7889990422,good,,2024-08-13 00:00:00,2024-08-25 00:00:00,2024-08-16 00:00:00,2024-08-14 00:00:00
517,Acesso à plataforma digital,Descrição do problema: acesso à plataforma digital. Escola solicita resolução.,open,urgent,task,275,275,436,208,suporte_técnico,647,05.786.419/7011-83,,,2022-11-08 00:00:00,2022-11-11 00:00:00,,2022-11-11 00:00:00
518,Senha não funciona,Descrição do problema: senha não funciona. Escola solicita resolução.,pending,normal,question,225,225,436,22,suporte_técnico material_danificado entrega,,7133314307,,,2023-07-28 00:00:00,2023-08-15 00:00:00,,2023-08-04 00:00:00
519,Senha não funciona,Descrição do problema: senha não funciona. Escola solicita resolução.,pending,low,question,87,87,395,117,falta_material boleto financeiro,,79.942.565/2986-00,,,2024-05-11 00:00:00,2024-05-11 00:00:00,,2024-05-18 00:00:00
520,Troca de material,Descrição do problema: troca de material. Escola solicita resolução.,open,high,problem,78,78,421,81,nota_fiscal,,,,,2025-11-15 00:00:00,2025-12-06 00:00:00,,2025-11-23 00:00:00
521,Cancelamento de pedido,Descrição do problema: cancelamento de pedido. Escola solicita resolução.,open,high,incident,71,71,411,95,troca erro_sistema urgente,,02.338.075/5635-09,,,2025-05-12 00:00:00,2025-05-14 00:00:00,,2025-05-14 00:00:00
522,Troca de material,Descrição do problema: troca de material. Escola solicita resolução.,pending,normal,problem,35,35,444,129,erro_sistema contrato,324,,,,2022-08-08 00:00:00,2022-09-03 00:00:00,,2022-08-15 00:00:00
523,Cancelamento de pedido,Descrição do problema: cancelamento de pedido. Escola solicita resolução.,open,high,question,302,302,446,34,devolução material_danificado digital erro_sistema,619,06.783.584/7182-27,,,2024-09-26 00:00:00,2024-10-13 00:00:00,,2024-10-03 00:00:00
524,Material danificado,Descrição do problema: material danificado. Escola solicita resolução.,pending,urgent,question,167,167,459,282,financeiro senha digital acesso,18,54.216.924/4881-92,,,2024-07-10 00:00:00,2024-08-02 00:00:00,,2024-07-13 00:00:00
525,Devolução de material,Descrição do problema: devolução de material. Escola solicita resolução.,solved,high,task,5,5,394,238,material_danificado devolução falta_material,503,6279592408,,,2024-04-11 00:00:00,2024-04-16 00:00:00,2024-04-16 00:00:00,2024-04-12 00:00:00
526,Nota fiscal com erro,Descrição do problema: nota fiscal com erro. Escola solicita resolução.,new,high,problem,135,135,428,236,suporte_técnico urgente,,,,,2023-12-31 00:00:00,2024-01-09 00:00:00,,2024-01-04 00:00:00
527,Nota fiscal com erro,Descrição do problema: nota fiscal com erro. Escola solicita resolução.,open,urgent,problem,370,370,396,43,atraso acesso login entrega,,,,,2023-01-10 00:00:00,2023-02-06 00:00:00,,2023-01-10 00:00:00
528,Acesso à plataforma digital,Descrição do problema: acesso à plataforma digital. Escola solicita resolução.,solved,low,question,34,34,458,102,material_danificado erro_sistema,,,,,2022-02-27 00:00:00,2022-03-28 00:00:00,2022-02-27 00:00:00,2022-03-02 00:00:00
529,Material não recebido,Descrição do problema: material não recebido. Escola solicita resolução.,open,low,task,353,353,472,26,entrega contrato erro_sistema boleto,208,,,,2024-11-10 00:00:00,2024-11-28 00:00:00,,2024-11-15 00:00:00
530,Pagamento duplicado,Descrição do problema: pagamento duplicado. Escola solicita resolução.,solved,urgent,incident,126,126,401,145,senha,221,,,,2023-02-07 00:00:00,2023-02-09 00:00:00,2023-02-25 00:00:00,2023-02-11 00:00:00
531,Cancelamento de pedido,Descrição do problema: cancelamento de pedido. Escola solicita resolução.,solved,low,incident,376,376,389,284,falta_material,,,,,2024-05-03 00:00:00,2024-05-24 00:00:00,2024-05-10 00:00:00,2024-05-06 00:00:00
532,Troca de material,Descrição do problema: troca de material. Escola solicita resolução.,solved,high,question,305,305,458,39,nota_fiscal acesso contrato,266,07.257.062/1045-36,,,2025-07-14 00:00:00,2025-08-05 00:00:00,2025-07-13 00:00:00,2025-07-17 00:00:00
533,Boleto não recebido,Descrição do problema: boleto não recebido. Escola solicita resolução.,solved,low,question,11,11,444,54,nota_fiscal contrato plataforma,295,,,,2022-02-26 00:00:00,2022-03-28 00:00:00,2022-03-22 00:00:00,2022-03-01 00:00:00
534,Devolução de material,Descrição do problema: devolução de material. Escola solicita resolução.,new,high,task,315,315,467,132,boleto,,,,,2023-11-06 00:00:00,2023-11-24 00:00:00,,2023-11-10 00:00:00
535,Devolução de material,Descrição do problema: devolução de material. Escola solicita resolução.,pending,low,question,68,68,440,269,suporte_técnico urgente boleto login,333,,,,2023-08-15 00:00:00,2023-08-24 00:00:00,,2023-08-19 00:00:00
536,Devolução de material,Descrição do problema: devolução de material. Escola solicita resolução.,open,high,problem,88,88,436,193,atraso,,,,,2023-09-15 00:00:00,2023-09-27 00:00:00,,2023-09-21 00:00:00
537,Suporte técnico - plataforma,Descrição do problema: suporte técnico - plataforma. Escola solicita resolução.,pending,normal,problem,377,377,430,141,cancelamento,,,,,2025-08-12 00:00:00,2025-09-10 00:00:00,,2025-08-14 00:00:00
538,Troca de material,Descrição do problema: troca de material. Escola solicita resolução.,new,high,problem,376,376,455,284,atraso,,,,,2023-03-09 00:00:00,2023-04-06 00:00:00,,2023-03-13 00:00:00
539,Falta de material,Descrição do problema: falta de material. Escola solicita resolução.,closed,high,question,272,272,438,2,suporte_técnico,913,,bad,Tive que abrir outro ticket,2022-07-07 00:00:00,2022-08-04 00:00:00,2022-07-14 00:00:00,2022-07-12 00:00:00
540,Atraso na entrega,Descrição do problema: atraso na entrega. Escola solicita resolução.,closed,low,question,182,182,428,307,boleto atraso erro_sistema acesso,,16.041.875/5279-25,good,,2024-09-25 00:00:00,2024-10-01 00:00:00,2024-10-01 00:00:00,2024-09-26 00:00:00
541,Troca de material,Descrição do problema: troca de material. Escola solicita resolução.,solved,urgent,question,230,230,457,270,falta_material financeiro digital,,,,,2023-10-03 00:00:00,2023-10-07 00:00:00,2023-10-03 00:00:00,2023-10-10 00:00:00
542,Erro no sistema,Descrição do problema: erro no sistema. Escola solicita resolução.,pending,low,task,231,231,408,5,troca nota_fiscal,,,,,2023-03-11 00:00:00,2023-03-10 00:00:00,,2023-03-14 00:00:00
543,Troca de material,Descrição do problema: troca de material. Escola solicita resolução.,new,low,task,64,64,478,32,nota_fiscal,109,,,,2025-09-05 00:00:00,2025-10-03 00:00:00,,2025-09-12 00:00:00
544,Boleto não recebido,Descrição do problema: boleto não recebido. Escola solicita resolução.,pending,urgent,problem,182,182,424,307,login,,93.674.968/1010-69,,,2022-07-22 00:00:00,2022-08-21 00:00:00,,2022-07-23 00:00:00
545,Atraso na entrega,Descrição do problema: atraso na entrega. Escola solicita resolução.,closed,urgent,question,191,191,421,156,pagamento acesso,354,,good,,2025-12-02 00:00:00,2025-12-29 00:00:00,2025-12-05 00:00:00,2025-12-03 00:00:00
546,Boleto não recebido,Descrição do problema: boleto não recebido. Escola solicita resolução.,solved,urgent,question,254,254,401,292,atraso entrega urgente,,,bad,Demorou muito,2025-06-29 00:00:00,2025-07-16 00:00:00,2025-06-28 00:00:00,2025-07-06 00:00:00
547,Problema de login,Descrição do problema: problema de login. Escola solicita resolução.,new,low,problem,290,290,406,114,erro_sistema login,735,60.782.401/1988-88,,,2025-03-01 00:00:00,2025-03-06 00:00:00,,2025-03-04 00:00:00
548,Pagamento duplicado,Descrição do problema: pagamento duplicado. Escola solicita resolução.,closed,high,problem,289,289,465,161,financeiro urgente acesso,507,04.216.340/4926-30,,,2022-12-03 00:00:00,2022-12-22 00:00:00,2022-12-06 00:00:00,2022-12-07 00:00:00
549,Senha não funciona,Descrição do problema: senha não funciona. Escola solicita resolução.,closed,high,task,94,94,405,9,suporte_técnico login,381,,bad,,2024-11-29 00:00:00,2024-12-10 00:00:00,2024-12-08 00:00:00,2024-12-07 00:00:00
550,Troca de material,Descrição do problema: troca de material. Escola solicita resolução.,closed,urgent,incident,189,189,398,251,cancelamento suporte_técnico nota_fiscal atraso,,,good,,2023-05-17 00:00:00,2023-06-15 00:00:00,2023-05-28 00:00:00,2023-05-24 00:00:00
551,Contrato - dúvida,Descrição do problema: contrato - dúvida. Escola solicita resolução.,pending,low,incident,79,79,387,228,digital urgente,,,,,2023-04-05 00:00:00,2023-04-20 00:00:00,,2023-04-12 00:00:00
552,Senha não funciona,Descrição do problema: senha não funciona. Escola solicita resolução.,solved,high,problem,63,63,408,246,erro_sistema troca digital,,,,,2022-02-20 00:00:00,2022-02-25 00:00:00,2022-02-24 00:00:00,2022-02-25 00:00:00
553,Acesso à plataforma digital,Descrição do problema: acesso à plataforma digital. Escola solicita resolução.,new,low,task,182,182,470,307,acesso boleto financeiro,699,12.204.860/4249-22,,,2024-05-13 00:00:00,2024-06-06 00:00:00,,2024-05-18 00:00:00
554,Acesso à plataforma digital,Descrição do problema: acesso à plataforma digital. Escola solicita resolução.,pending,low,problem,33,33,402,267,boleto cancelamento financeiro,373,49.886.179/4922-68,,,2024-10-02 00:00:00,2024-10-09 00:00:00,,2024-10-05 00:00:00
555,Falta de material,Descrição do problema: falta de material. Escola solicita resolução.,solved,normal,incident,3,3,414,103,financeiro erro_sistema suporte_técnico digital,,,bad,Tive que abrir outro ticket,2024-01-19 00:00:00,2024-02-08 00:00:00,2024-02-08 00:00:00,2024-01-22 00:00:00
556,Nota fiscal com erro,Descrição do problema: nota fiscal com erro. Escola solicita resolução.,new,urgent,incident,62,62,406,200,pagamento digital urgente,341,,,,2025-10-15 00:00:00,2025-10-25 00:00:00,,2025-10-18 00:00:00
557,Problema de login,Descrição do problema: problema de login. Escola solicita resolução.,solved,low,task,340,340,387,243,senha contrato pagamento,1142,07.337.613/8746-59,good,,2025-04-12 00:00:00,2025-04-21 00:00:00,2025-05-05 00:00:00,2025-04-13 00:00:00
558,Senha não funciona,Descrição do problema: senha não funciona. Escola solicita resolução.,solved,high,task,85,85,454,288,pagamento digital material_danificado login,,42.397.986/3847-98,,,2025-08-02 00:00:00,2025-08-24 00:00:00,2025-08-05 00:00:00,2025-08-09 00:00:00
559,Atraso na entrega,Descrição do problema: atraso na entrega. Escola solicita resolução.,new,low,task,292,292,439,62,plataforma falta_material urgente,979,55.925.267/0494-38,,,2024-05-12 00:00:00,2024-05-27 00:00:00,,2024-05-15 00:00:00
560,Cancelamento de pedido,Descrição do problema: cancelamento de pedido. Escola solicita resolução.,new,normal,incident,20,20,472,,erro_sistema,,4302997169,,,2023-01-22 00:00:00,2023-02-13 00:00:00,,2023-01-27 00:00:00
561,Falta de material,Descrição do problema: falta de material. Escola solicita resolução.,closed,urgent,incident,141,141,423,,digital material_danificado senha contrato,,,bad,Demorou muito,2023-12-01 00:00:00,2023-12-22 00:00:00,2023-12-02 00:00:00,2023-12-06 00:00:00
562,Cancelamento de pedido,Descrição do problema: cancelamento de pedido. Escola solicita resolução.,solved,normal,problem,57,57,431,,financeiro,,80.286.952/3685-38,,,2024-02-10 00:00:00,2024-02-15 00:00:00,2024-02-22 00:00:00,2024-02-12 00:00:00
563,Falta de material,Descrição do problema: falta de material. Escola solicita resolução.,solved,urgent,problem,342,342,381,236,nota_fiscal cancelamento erro_sistema,154,,good,,2025-02-25 00:00:00,2025-03-15 00:00:00,2025-03-05 00:00:00,2025-02-27 00:00:00
564,Devolução de material,Descrição do problema: devolução de material. Escola solicita resolução.,open,high,problem,276,276,464,246,acesso,1601,,,,2024-11-21 00:00:00,2024-12-05 00:00:00,,2024-11-22 00:00:00
565,Boleto não recebido,Descrição do problema: boleto não recebido. Escola solicita resolução.,pending,low,question,207,207,414,72,troca urgente,,,,,2022-12-06 00:00:00,2022-12-19 00:00:00,,2022-12-10 00:00:00
566,Senha não funciona,Descrição do problema: senha não funciona. Escola solicita resolução.,open,urgent,question,322,322,460,307,falta_material,,92.581.563/5820-48,,,2025-07-13 00:00:00,2025-07-12 00:00:00,,2025-07-20 00:00:00
567,Acesso à plataforma digital,Descrição do problema: acesso à plataforma digital. Escola solicita resolução.,open,low,question,86,86,394,186,plataforma,,88.102.374/7886-02,,,2024-05-09 00:00:00,2024-05-23 00:00:00,,2024-05-14 00:00:00
568,Devolução de material,Descrição do problema: devolução de material. Escola solicita resolução.,pending,normal,question,71,71,445,95,erro_sistema digital entrega contrato,1033,,,,2022-02-17 00:00:00,2022-02-23 00:00:00,,2022-02-20 00:00:00
569,Boleto não recebido,Descrição do problema: boleto não recebido. Escola solicita resolução.,open,low,problem,172,172,422,135,troca material_danificado,521,,,,2024-01-15 00:00:00,2024-01-19 00:00:00,,2024-01-19 00:00:00
570,Problema de login,Descrição do problema: problema de login. Escola solicita resolução.,open,low,problem,224,224,393,232,cancelamento senha,,6440172894,,,2022-05-07 00:00:00,2022-05-14 00:00:00,,2022-05-13 00:00:00
571,Cancelamento de pedido,Descrição do problema: cancelamento de pedido. Escola solicita resolução.,closed,normal,incident,162,162,449,70,plataforma senha contrato,1706,,,,2022-10-27 00:00:00,2022-11-22 00:00:00,2022-10-31 00:00:00,2022-10-30 00:00:00
572,Problema de login,Descrição do problema: problema de login. Escola solicita resolução.,open,urgent,problem,61,61,404,164,suporte_técnico erro_sistema atraso devolução,1209,46.509.395/2003-24,,,2025-08-03 00:00:00,2025-08-10 00:00:00,,2025-08-06 00:00:00
573,Devolução de material,Descrição do problema: devolução de material. Escola solicita resolução.,new,high,task,47,47,475,284,atraso digital,,,,,2025-02-09 00:00:00,2025-02-20 00:00:00,,2025-02-11 00:00:00
574,Pagamento duplicado,Descrição do problema: pagamento duplicado. Escola solicita resolução.,open,low,question,72,72,392,166,erro_sistema,,,,,2025-01-24 00:00:00,2025-02-22 00:00:00,,2025-01-26 00:00:00
575,Pagamento duplicado,Descrição do problema: pagamento duplicado. Escola solicita resolução.,new,low,task,86,86,467,186,login erro_sistema,1615,,,,2022-10-02 00:00:00,2022-10-18 00:00:00,,2022-10-06 00:00:00
576,Boleto não recebido,Descrição do problema: boleto não recebido. Escola solicita resolução.,new,low,problem,91,91,434,304,urgente senha cancelamento falta_material,,,,,2025-05-17 00:00:00,2025-06-01 00:00:00,,2025-05-23 00:00:00
577,Erro no sistema,Descrição do problema: erro no sistema. Escola solicita resolução.,closed,urgent,question,74,74,450,172,boleto,1314,57.943.558/6395-63,bad,Demorou muito,2025-04-11 00:00:00,2025-05-02 00:00:00,2025-04-30 00:00:00,2025-04-13 00:00:00
578,Senha não funciona,Descrição do problema: senha não funciona. Escola solicita resolução.,closed,high,task,377,377,457,141,digital,754,,,,2022-10-27 00:00:00,2022-11-12 00:00:00,2022-11-05 00:00:00,2022-10-31 00:00:00
579,Material danificado,Descrição do problema: material danificado. Escola solicita resolução.,pending,urgent,task,61,61,395,164,entrega erro_sistema cancelamento atraso,549,,,,2025-02-24 00:00:00,2025-03-21 00:00:00,,2025-02-24 00:00:00
580,Pagamento duplicado,Descrição do problema: pagamento duplicado. Escola solicita resolução.,open,urgent,incident,268,268,403,10,pagamento erro_sistema atraso devolução,1664,8749234931,,,2025-09-20 00:00:00,2025-10-13 00:00:00,,2025-09-21 00:00:00
581,Material danificado,Descrição do problema: material danificado. Escola solicita resolução.,open,urgent,incident,345,345,414,97,contrato erro_sistema,,,,,2022-10-23 00:00:00,2022-11-03 00:00:00,,2022-10-29 00:00:00
582,Cancelamento de pedido,Descrição do problema: cancelamento de pedido. Escola solicita resolução.,closed,high,question,18,18,390,,contrato atraso suporte_técnico,,66.594.813/9777-38,,,2024-08-11 00:00:00,2024-08-27 00:00:00,2024-08-13 00:00:00,2024-08-11 00:00:00
583,Material danificado,Descrição do problema: material danificado. Escola solicita resolução.,new,high,question,298,298,455,280,nota_fiscal,581,,,,2025-10-23 00:00:00,2025-10-27 00:00:00,,2025-10-28 00:00:00
584,Nota fiscal com erro,Descrição do problema: nota fiscal com erro. Escola solicita resolução.,new,urgent,task,54,54,467,5,financeiro erro_sistema falta_material material_danificado,521,,,,2022-05-11 00:00:00,2022-05-15 00:00:00,,2022-05-14 00:00:00
585,Suporte técnico - plataforma,Descrição do problema: suporte técnico - plataforma. Escola solicita resolução.,open,urgent,incident,368,368,400,88,atraso,1237,,,,2023-05-19 00:00:00,2023-05-28 00:00:00,,2023-05-25 00:00:00
586,Material danificado,Descrição do problema: material danificado. Escola solicita resolução.,solved,normal,incident,124,124,382,37,login suporte_técnico boleto,929,34.113.323/7732-99,bad,Problema não resolvido,2025-07-07 00:00:00,2025-07-26 00:00:00,2025-07-22 00:00:00,2025-07-09 00:00:00
587,Material não recebido,Descrição do problema: material não recebido. Escola solicita resolução.,pending,low,problem,289,289,432,161,devolução,1005,,,,2022-05-05 00:00:00,2022-05-31 00:00:00,,2022-05-10 00:00:00
588,Problema de login,Descrição do problema: problema de login. Escola solicita resolução.,solved,urgent,incident,125,125,385,164,acesso senha plataforma boleto,,20.101.524/5533-52,good,,2023-11-13 00:00:00,2023-12-01 00:00:00,2023-11-22 00:00:00,2023-11-14 00:00:00
589,Senha não funciona,Descrição do problema: senha não funciona. Escola solicita resolução.,open,low,task,191,191,384,156,contrato erro_sistema digital entrega,361,,,,2022-02-10 00:00:00,2022-03-01 00:00:00,,2022-02-14 00:00:00
590,Falta de material,Descrição do problema: falta de material. Escola solicita resolução.,solved,urgent,incident,265,265,440,307,financeiro senha,514,,good,,2023-04-15 00:00:00,2023-04-25 00:00:00,2023-04-21 00:00:00,2023-04-21 00:00:00
591,Boleto não recebido,Descrição do problema: boleto não recebido. Escola solicita resolução.,solved,low,task,347,347,446,158,atraso digital falta_material erro_sistema,,,good,,2024-01-05 00:00:00,2024-01-19 00:00:00,2024-01-09 00:00:00,2024-01-09 00:00:00
592,Falta de material,Descrição do problema: falta de material. Escola solicita resolução.,open,urgent,task,171,171,480,83,senha urgente entrega digital,,,,,2025-07-11 00:00:00,2025-08-09 00:00:00,,2025-07-18 00:00:00
593,Material não recebido,Descrição do problema: material não recebido. Escola solicita resolução.,solved,normal,problem,127,127,390,180,plataforma contrato boleto cancelamento,423,,good,,2024-12-15 00:00:00,2025-01-07 00:00:00,2024-12-16 00:00:00,2024-12-20 00:00:00
594,Senha não funciona,Descrição do problema: senha não funciona. Escola solicita resolução.,new,low,task,35,35,388,129,material_danificado boleto,,05.146.618/9084-55,,,2022-03-15 00:00:00,2022-03-24 00:00:00,,2022-03-20 00:00:00
595,Material não recebido,Descrição do problema: material não recebido. Escola solicita resolução.,new,urgent,incident,124,124,401,37,financeiro login atraso,,,,,2023-07-18 00:00:00,2023-08-14 00:00:00,,2023-07-21 00:00:00
596,Acesso à plataforma digital,Descrição do problema: acesso à plataforma digital. Escola solicita resolução.,pending,normal,question,49,49,424,63,entrega contrato login,,,,,2022-04-11 00:00:00,2022-04-28 00:00:00,,2022-04-13 00:00:00
597,Troca de material,Descrição do problema: troca de material. Escola solicita resolução.,solved,urgent,incident,113,113,446,59,plataforma login troca falta_material,791,,good,,2024-02-27 00:00:00,2024-03-24 00:00:00,2024-02-27 00:00:00,2024-03-05 00:00:00
598,Troca de material,Descrição do problema: troca de material. Escola solicita resolução.,pending,normal,incident,290,290,455,114,troca devolução cancelamento,62,,,,2023-04-13 00:00:00,2023-05-04 00:00:00,,2023-04-13 00:00:00
599,Nota fiscal com erro,Descrição do problema: nota fiscal com erro. Escola solicita resolução.,closed,normal,incident,209,209,473,20,suporte_técnico digital financeiro,743,58.677.838/9850-84,good,,2022-01-13 00:00:00,2022-02-08 00:00:00,2022-01-14 00:00:00,2022-01-19 00:00:00
600,Cancelamento de pedido,Descrição do problema: cancelamento de pedido. Escola solicita resolução.,new,low,incident,368,368,444,88,devolução,1020,34.328.651/5242-22,,,2024-11-18 00:00:00,2024-11-17 00:00:00,,2024-11-20 00:00:00
601,Material não recebido,Descrição do problema: material não recebido. Escola solicita resolução.,pending,high,problem,191,191,416,156,acesso login material_danificado,537,40.222.505/3955-63,,,2022-08-30 00:00:00,2022-09-15 00:00:00,,2022-09-01 00:00:00
602,Boleto não recebido,Descrição do problema: boleto não recebido. Escola solicita resolução.,closed,urgent,question,352,352,390,285,urgente,1413,,,,2024-11-23 00:00:00,2024-12-21 00:00:00,2024-11-23 00:00:00,2024-11-25 00:00:00
603,Atraso na entrega,Descrição do problema: atraso na entrega. Escola solicita resolução.,solved,low,incident,364,364,479,80,cancelamento,413,,,,2025-05-04 00:00:00,2025-05-25 00:00:00,2025-05-15 00:00:00,2025-05-05 00:00:00
604,Acesso à plataforma digital,Descrição do problema: acesso à plataforma digital. Escola solicita resolução.,new,low,question,275,275,410,208,boleto contrato devolução,,,,,2022-08-10 00:00:00,2022-08-24 00:00:00,,2022-08-13 00:00:00
605,Senha não funciona,Descrição do problema: senha não funciona. Escola solicita resolução.,closed,urgent,incident,307,307,382,,devolução suporte_técnico plataforma,986,,good,,2023-03-20 00:00:00,2023-03-31 00:00:00,2023-03-29 00:00:00,2023-03-24 00:00:00
606,Boleto não recebido,Descrição do problema: boleto não recebido. Escola solicita resolução.,open,urgent,task,104,104,453,236,senha entrega boleto,,,,,2024-02-16 00:00:00,2024-02-23 00:00:00,,2024-02-17 00:00:00
607,Problema de login,Descrição do problema: problema de login. Escola solicita resolução.,solved,normal,task,34,34,405,102,senha acesso suporte_técnico,,,good,,2023-03-11 00:00:00,2023-04-05 00:00:00,2023-03-21 00:00:00,2023-03-12 00:00:00
608,Problema de login,Descrição do problema: problema de login. Escola solicita resolução.,new,normal,problem,81,81,424,173,boleto acesso,,,,,2023-12-01 00:00:00,2023-12-13 00:00:00,,2023-12-04 00:00:00
609,Atraso na entrega,Descrição do problema: atraso na entrega. Escola solicita resolução.,closed,urgent,problem,233,233,404,134,erro_sistema senha troca,172,22.839.165/1033-14,good,,2024-10-17 00:00:00,2024-10-26 00:00:00,2024-10-26 00:00:00,2024-10-22 00:00:00
610,Pagamento duplicado,Descrição do problema: pagamento duplicado. Escola solicita resolução.,new,low,incident,182,182,469,307,login urgente senha plataforma,1132,,,,2022-09-03 00:00:00,2022-09-18 00:00:00,,2022-09-08 00:00:00
611,Material danificado,Descrição do problema: material danificado. Escola solicita resolução.,closed,high,question,312,312,400,258,digital,,,good,,2022-08-14 00:00:00,2022-09-07 00:00:00,2022-08-18 00:00:00,2022-08-22 00:00:00
612,Erro no sistema,Descrição do problema: erro no sistema. Escola solicita resolução.,open,low,problem,90,90,445,74,entrega contrato,,,,,2023-05-24 00:00:00,2023-06-21 00:00:00,,2023-05-25 00:00:00
613,Troca de material,Descrição do problema: troca de material. Escola solicita resolução.,new,urgent,problem,131,131,438,107,financeiro troca pagamento devolução,,,,,2022-07-11 00:00:00,2022-08-04 00:00:00,,2022-07-19 00:00:00
614,Senha não funciona,Descrição do problema: senha não funciona. Escola solicita resolução.,pending,urgent,question,56,56,440,,material_danificado,,,,,2023-07-26 00:00:00,2023-08-19 00:00:00,,2023-07-28 00:00:00
615,Suporte técnico - plataforma,Descrição do problema: suporte técnico - plataforma. Escola solicita resolução.,pending,low,question,43,43,392,170,devolução falta_material,,35.997.972/3050-98,,,2022-10-24 00:00:00,2022-10-31 00:00:00,,2022-10-25 00:00:00
616,Devolução de material,Descrição do problema: devolução de material. Escola solicita resolução.,solved,urgent,problem,139,139,461,34,suporte_técnico boleto pagamento senha,949,4465414806,good,,2024-12-02 00:00:00,2024-12-09 00:00:00,2024-12-23 00:00:00,2024-12-05 00:00:00
617,Erro no sistema,Descrição do problema: erro no sistema. Escola solicita resolução.,open,high,task,256,256,475,10,digital cancelamento,,,,,2025-03-27 00:00:00,2025-04-08 00:00:00,,2025-03-29 00:00:00
618,Erro no sistema,Descrição do problema: erro no sistema. Escola solicita resolução.,solved,high,incident,17,17,454,36,entrega financeiro material_danificado,832,,good,,2025-10-09 00:00:00,2025-11-01 00:00:00,2025-10-11 00:00:00,2025-10-15 00:00:00
619,Suporte técnico - plataforma,Descrição do problema: suporte técnico - plataforma. Escola solicita resolução.,new,low,incident,143,143,414,69,troca material_danificado digital atraso,,,,,2023-04-18 00:00:00,2023-05-07 00:00:00,,2023-04-20 00:00:00
620,Acesso à plataforma digital,Descrição do problema: acesso à plataforma digital. Escola solicita resolução.,pending,normal,task,217,217,479,184,financeiro pagamento digital,,5600966699,,,2024-09-22 00:00:00,2024-10-09 00:00:00,,2024-09-26 00:00:00
621,Pagamento duplicado,Descrição do problema: pagamento duplicado. Escola solicita resolução.,pending,low,problem,43,43,436,170,plataforma material_danificado troca,,77.898.889/9290-59,,,2025-08-08 00:00:00,2025-08-20 00:00:00,,2025-08-10 00:00:00
622,Falta de material,Descrição do problema: falta de material. Escola solicita resolução.,solved,low,task,114,114,389,203,plataforma suporte_técnico,1020,,good,,2025-10-15 00:00:00,2025-11-02 00:00:00,2025-10-30 00:00:00,2025-10-22 00:00:00
623,Pagamento duplicado,Descrição do problema: pagamento duplicado. Escola solicita resolução.,pending,high,question,156,156,480,134,entrega plataforma,,93.049.032/4584-11,,,2022-10-06 00:00:00,2022-10-30 00:00:00,,2022-10-12 00:00:00
624,Problema de login,Descrição do problema: problema de login. Escola solicita resolução.,pending,normal,incident,188,188,430,81,entrega login urgente boleto,1032,,,,2024-07-15 00:00:00,2024-07-20 00:00:00,,2024-07-20 00:00:00
625,Atraso na entrega,Descrição do problema: atraso na entrega. Escola solicita resolução.,pending,normal,problem,157,157,452,79,troca,280,30.656.047/4828-14,,,2025-12-13 00:00:00,2025-12-15 00:00:00,,2025-12-15 00:00:00
626,Nota fiscal com erro,Descrição do problema: nota fiscal com erro. Escola solicita resolução.,open,urgent,incident,346,346,472,,financeiro nota_fiscal suporte_técnico plataforma,,,,,2022-10-12 00:00:00,2022-10-17 00:00:00,,2022-10-16 00:00:00
627,Troca de material,Descrição do problema: troca de material. Escola solicita resolução.,open,urgent,incident,182,182,401,307,plataforma,,,,,2025-10-18 00:00:00,2025-10-19 00:00:00,,2025-10-24 00:00:00
628,Boleto não recebido,Descrição do problema: boleto não recebido. Escola solicita resolução.,open,high,problem,364,364,406,80,troca erro_sistema pagamento falta_material,,,,,2025-02-22 00:00:00,2025-03-09 00:00:00,,2025-03-01 00:00:00
629,Acesso à plataforma digital,Descrição do problema: acesso à plataforma digital. Escola solicita resolução.,closed,urgent,task,135,135,423,236,nota_fiscal,757,45.489.015/4840-66,good,,2025-12-02 00:00:00,2025-12-30 00:00:00,2025-12-06 00:00:00,2025-12-03 00:00:00
630,Problema de login,Descrição do problema: problema de login. Escola solicita resolução.,closed,low,task,332,332,398,301,digital material_danificado cancelamento financeiro,380,33.889.552/4110-05,good,,2024-12-13 00:00:00,2024-12-20 00:00:00,2024-12-12 00:00:00,2024-12-16 00:00:00
631,Material não recebido,Descrição do problema: material não recebido. Escola solicita resolução.,new,low,question,208,208,404,304,plataforma senha,,,,,2024-01-19 00:00:00,2024-01-27 00:00:00,,2024-01-22 00:00:00
632,Falta de material,Descrição do problema: falta de material. Escola solicita resolução.,new,high,incident,88,88,427,193,cancelamento,,,,,2023-04-01 00:00:00,2023-04-01 00:00:00,,2023-04-08 00:00:00
633,Acesso à plataforma digital,Descrição do problema: acesso à plataforma digital. Escola solicita resolução.,open,high,incident,320,320,446,37,nota_fiscal,822,,,,2024-07-08 00:00:00,2024-07-18 00:00:00,,2024-07-08 00:00:00
634,Atraso na entrega,Descrição do problema: atraso na entrega. Escola solicita resolução.,pending,low,task,5,5,424,238,suporte_técnico acesso boleto urgente,271,,,,2022-06-23 00:00:00,2022-07-05 00:00:00,,2022-06-25 00:00:00
635,Atraso na entrega,Descrição do problema: atraso na entrega. Escola solicita resolução.,solved,urgent,problem,144,144,396,293,troca,,,good,,2022-11-20 00:00:00,2022-12-17 00:00:00,2022-12-12 00:00:00,2022-11-26 00:00:00
636,Atraso na entrega,Descrição do problema: atraso na entrega. Escola solicita resolução.,closed,normal,question,133,133,406,219,material_danificado,,,,,2025-01-04 00:00:00,2025-01-16 00:00:00,2025-01-14 00:00:00,2025-01-07 00:00:00
637,Problema de login,Descrição do problema: problema de login. Escola solicita resolução.,closed,urgent,question,255,255,477,4,cancelamento atraso contrato,793,,good,,2022-11-13 00:00:00,2022-11-30 00:00:00,2022-11-25 00:00:00,2022-11-15 00:00:00
638,Falta de material,Descrição do problema: falta de material. Escola solicita resolução.,pending,urgent,incident,95,95,434,170,falta_material,,18.250.181/2298-39,,,2025-01-26 00:00:00,2025-02-16 00:00:00,,2025-02-01 00:00:00
639,Material não recebido,Descrição do problema: material não recebido. Escola solicita resolução.,open,low,question,310,310,478,284,suporte_técnico atraso,126,,,,2024-01-15 00:00:00,2024-02-13 00:00:00,,2024-01-20 00:00:00
640,Erro no sistema,Descrição do problema: erro no sistema. Escola solicita resolução.,solved,low,problem,334,334,477,29,nota_fiscal,,42.716.871/3199-61,good,,2022-09-06 00:00:00,2022-09-11 00:00:00,2022-09-10 00:00:00,2022-09-09 00:00:00
641,Nota fiscal com erro,Descrição do problema: nota fiscal com erro. Escola solicita resolução.,open,normal,task,9,9,443,14,atraso suporte_técnico,,56.066.271/6095-09,,,2023-02-08 00:00:00,2023-03-10 00:00:00,,2023-02-14 00:00:00
642,Boleto não recebido,Descrição do problema: boleto não recebido. Escola solicita resolução.,new,low,task,24,24,384,,atraso falta_material pagamento devolução,1355,,,,2024-08-08 00:00:00,2024-08-15 00:00:00,,2024-08-14 00:00:00
643,Material danificado,Descrição do problema: material danificado. Escola solicita resolução.,open,urgent,question,21,21,420,87,urgente,,,,,2022-12-27 00:00:00,2022-12-30 00:00:00,,2022-12-30 00:00:00
644,Problema de login,Descrição do problema: problema de login. Escola solicita resolução.,pending,high,problem,351,351,473,304,digital atraso,,,,,2024-03-26 00:00:00,2024-04-24 00:00:00,,2024-04-01 00:00:00
645,Troca de material,Descrição do problema: troca de material. Escola solicita resolução.,solved,high,problem,312,312,458,258,atraso plataforma devolução,,,good,,2022-02-11 00:00:00,2022-03-08 00:00:00,2022-02-18 00:00:00,2022-02-13 00:00:00
646,Acesso à plataforma digital,Descrição do problema: acesso à plataforma digital. Escola solicita resolução.,pending,low,problem,376,376,418,284,troca contrato,1073,49.722.234/9375-53,,,2024-04-07 00:00:00,2024-05-06 00:00:00,,2024-04-14 00:00:00
647,Erro no sistema,Descrição do problema: erro no sistema. Escola solicita resolução.,open,urgent,question,341,341,412,,acesso atraso,497,,,,2025-01-10 00:00:00,2025-02-01 00:00:00,,2025-01-15 00:00:00
648,Senha não funciona,Descrição do problema: senha não funciona. Escola solicita resolução.,new,low,task,204,204,444,125,cancelamento senha financeiro,,,,,2025-06-05 00:00:00,2025-07-02 00:00:00,,2025-06-12 00:00:00
649,Atraso na entrega,Descrição do problema: atraso na entrega. Escola solicita resolução.,new,high,problem,74,74,430,172,cancelamento acesso,74,,,,2022-02-21 00:00:00,2022-02-21 00:00:00,,2022-02-23 00:00:00
650,Falta de material,Descrição do problema: falta de material. Escola solicita resolução.,new,normal,task,268,268,437,10,suporte_técnico troca,456,,,,2024-03-03 00:00:00,2024-04-01 00:00:00,,2024-03-06 00:00:00
651,Acesso à plataforma digital,Descrição do problema: acesso à plataforma digital. Escola solicita resolução.,closed,low,incident,320,320,388,37,nota_fiscal,,30.815.386/4800-48,,,2024-06-06 00:00:00,2024-06-06 00:00:00,2024-06-07 00:00:00,2024-06-11 00:00:00
652,Senha não funciona,Descrição do problema: senha não funciona. Escola solicita resolução.,pending,low,incident,353,353,452,26,pagamento digital financeiro falta_material,,,,,2022-09-27 00:00:00,2022-10-19 00:00:00,,2022-09-28 00:00:00
653,Material não recebido,Descrição do problema: material não recebido. Escola solicita resolução.,solved,low,problem,200,200,450,33,devolução,,,,,2022-11-23 00:00:00,2022-12-03 00:00:00,2022-11-27 00:00:00,2022-11-25 00:00:00
654,Material danificado,Descrição do problema: material danificado. Escola solicita resolução.,pending,urgent,problem,258,258,419,256,acesso plataforma troca boleto,422,,,,2023-11-29 00:00:00,2023-12-25 00:00:00,,2023-12-01 00:00:00
655,Falta de material,Descrição do problema: falta de material. Escola solicita resolução.,pending,low,question,264,264,407,271,troca boleto digital devolução,450,,,,2024-09-24 00:00:00,2024-10-10 00:00:00,,2024-09-28 00:00:00
656,Troca de material,Descrição do problema: troca de material. Escola solicita resolução.,closed,normal,task,335,335,473,14,urgente boleto nota_fiscal,736,,good,,2025-04-14 00:00:00,2025-04-26 00:00:00,2025-05-04 00:00:00,2025-04-22 00:00:00
657,Material não recebido,Descrição do problema: material não recebido. Escola solicita resolução.,solved,high,question,108,108,455,244,contrato,777,4495362387,good,,2022-03-14 00:00:00,2022-04-05 00:00:00,2022-03-19 00:00:00,2022-03-21 00:00:00
658,Senha não funciona,Descrição do problema: senha não funciona. Escola solicita resolução.,open,normal,question,277,277,458,1,plataforma erro_sistema contrato,,7280563193,,,2023-01-27 00:00:00,2023-02-11 00:00:00,,2023-01-29 00:00:00
659,Falta de material,Descrição do problema: falta de material. Escola solicita resolução.,new,high,incident,22,22,382,163,falta_material suporte_técnico boleto,1153,,,,2023-07-19 00:00:00,2023-08-13 00:00:00,,2023-07-20 00:00:00
660,Devolução de material,Descrição do problema: devolução de material. Escola solicita resolução.,solved,normal,problem,251,251,414,,cancelamento login digital,339,9773186155,,,2022-09-27 00:00:00,2022-10-02 00:00:00,2022-10-03 00:00:00,2022-09-29 00:00:00
661,Cancelamento de pedido,Descrição do problema: cancelamento de pedido. Escola solicita resolução.,solved,normal,problem,377,377,463,141,plataforma,,,,,2022-12-25 00:00:00,2023-01-23 00:00:00,2023-01-17 00:00:00,2022-12-26 00:00:00
662,Troca de material,Descrição do problema: troca de material. Escola solicita resolução.,solved,high,incident,141,141,458,,plataforma material_danificado,,86.303.827/6906-74,,,2024-02-17 00:00:00,2024-03-12 00:00:00,2024-03-05 00:00:00,2024-02-20 00:00:00
663,Acesso à plataforma digital,Descrição do problema: acesso à plataforma digital. Escola solicita resolução.,closed,low,incident,292,292,440,62,urgente digital erro_sistema,1724,76.562.330/4948-00,good,,2023-05-15 00:00:00,2023-05-25 00:00:00,2023-05-28 00:00:00,2023-05-22 00:00:00
664,Acesso à plataforma digital,Descrição do problema: acesso à plataforma digital. Escola solicita resolução.,solved,normal,incident,90,90,453,74,financeiro material_danificado,,,good,,2023-04-01 00:00:00,2023-04-12 00:00:00,2023-04-12 00:00:00,2023-04-08 00:00:00
665,Troca de material,Descrição do problema: troca de material. Escola solicita resolução.,open,urgent,question,162,162,438,70,devolução login atraso,1003,,,,2023-10-04 00:00:00,2023-10-27 00:00:00,,2023-10-10 00:00:00
666,Erro no sistema,Descrição do problema: erro no sistema. Escola solicita resolução.,open,low,task,222,222,462,230,pagamento,677,,,,2023-01-14 00:00:00,2023-01-22 00:00:00,,2023-01-16 00:00:00
667,Suporte técnico - plataforma,Descrição do problema: suporte técnico - plataforma. Escola solicita resolução.,solved,high,incident,317,317,422,275,entrega urgente falta_material,,,bad,Atendimento ruim,2025-03-09 00:00:00,2025-03-29 00:00:00,2025-03-09 00:00:00,2025-03-11 00:00:00
668,Senha não funciona,Descrição do problema: senha não funciona. Escola solicita resolução.,pending,urgent,task,340,340,416,243,financeiro acesso,,,,,2024-09-23 00:00:00,2024-09-22 00:00:00,,2024-09-29 00:00:00
669,Cancelamento de pedido,Descrição do problema: cancelamento de pedido. Escola solicita resolução.,new,urgent,incident,131,131,402,107,falta_material urgente login,943,,,,2023-08-28 00:00:00,2023-09-20 00:00:00,,2023-09-05 00:00:00
670,Cancelamento de pedido,Descrição do problema: cancelamento de pedido. Escola solicita resolução.,new,high,incident,14,14,450,78,suporte_técnico plataforma,142,,,,2023-12-20 00:00:00,2024-01-01 00:00:00,,2023-12-24 00:00:00
671,Senha não funciona,Descrição do problema: senha não funciona. Escola solicita resolução.,closed,normal,question,330,330,479,78,troca,,43.948.608/7589-72,good,,2025-01-21 00:00:00,2025-02-08 00:00:00,2025-01-26 00:00:00,2025-01-23 00:00:00
672,Contrato - dúvida,Descrição do problema: contrato - dúvida. Escola solicita resolução.,new,low,incident,34,34,419,102,atraso entrega cancelamento,1403,25.397.415/4485-20,,,2022-08-08 00:00:00,2022-08-25 00:00:00,,2022-08-09 00:00:00
673,Boleto não recebido,Descrição do problema: boleto não recebido. Escola solicita resolução.,solved,high,incident,4,4,437,,login,530,,,,2025-10-23 00:00:00,2025-11-03 00:00:00,2025-10-24 00:00:00,2025-10-24 00:00:00
674,Contrato - dúvida,Descrição do problema: contrato - dúvida. Escola solicita resolução.,closed,urgent,incident,107,107,426,28,digital material_danificado contrato boleto,1716,91.611.787/6926-29,good,,2022-09-24 00:00:00,2022-10-11 00:00:00,2022-10-02 00:00:00,2022-09-30 00:00:00
675,Material não recebido,Descrição do problema: material não recebido. Escola solicita resolução.,solved,urgent,task,319,319,403,180,acesso login,849,,,,2023-06-19 00:00:00,2023-06-23 00:00:00,2023-06-24 00:00:00,2023-06-25 00:00:00
676,Atraso na entrega,Descrição do problema: atraso na entrega. Escola solicita resolução.,pending,low,question,327,327,445,14,plataforma falta_material,79,,,,2024-03-16 00:00:00,2024-03-21 00:00:00,,2024-03-24 00:00:00
677,Acesso à plataforma digital,Descrição do problema: acesso à plataforma digital. Escola solicita resolução.,solved,urgent,problem,231,231,401,5,plataforma digital pagamento devolução,,80.657.337/1350-52,good,,2023-04-08 00:00:00,2023-04-17 00:00:00,2023-04-10 00:00:00,2023-04-11 00:00:00
678,Cancelamento de pedido,Descrição do problema: cancelamento de pedido. Escola solicita resolução.,new,urgent,problem,164,164,414,72,urgente boleto login,,,,,2024-07-07 00:00:00,2024-07-08 00:00:00,,2024-07-09 00:00:00
679,Problema de login,Descrição do problema: problema de login. Escola solicita resolução.,open,low,question,190,190,399,,acesso erro_sistema nota_fiscal plataforma,,,,,2023-02-05 00:00:00,2023-02-10 00:00:00,,2023-02-08 00:00:00
680,Problema de login,Descrição do problema: problema de login. Escola solicita resolução.,open,low,problem,266,266,383,302,boleto plataforma material_danificado atraso,,,,,2024-08-14 00:00:00,2024-09-05 00:00:00,,2024-08-20 00:00:00
681,Material não recebido,Descrição do problema: material não recebido. Escola solicita resolução.,open,normal,problem,242,242,454,291,cancelamento falta_material,,,,,2022-08-17 00:00:00,2022-08-28 00:00:00,,2022-08-23 00:00:00
682,Senha não funciona,Descrição do problema: senha não funciona. Escola solicita resolução.,pending,low,problem,58,58,450,263,financeiro,848,4134047940,,,2025-08-03 00:00:00,2025-08-25 00:00:00,,2025-08-07 00:00:00
683,Material não recebido,Descrição do problema: material não recebido. Escola solicita resolução.,open,normal,task,56,56,443,,erro_sistema contrato,542,89.178.578/5015-14,,,2022-11-21 00:00:00,2022-12-14 00:00:00,,2022-11-22 00:00:00
684,Devolução de material,Descrição do problema: devolução de material. Escola solicita resolução.,closed,urgent,incident,138,138,450,189,entrega suporte_técnico,1158,38.281.590/4737-41,,,2025-09-25 00:00:00,2025-10-11 00:00:00,2025-09-30 00:00:00,2025-09-29 00:00:00
685,Problema de login,Descrição do problema: problema de login. Escola solicita resolução.,closed,urgent,question,17,17,461,36,digital contrato devolução acesso,,,bad,Atendimento ruim,2024-12-24 00:00:00,2025-01-04 00:00:00,2025-01-10 00:00:00,2024-12-30 00:00:00
686,Boleto não recebido,Descrição do problema: boleto não recebido. Escola solicita resolução.,new,low,question,264,264,416,271,boleto,1081,,,,2022-12-08 00:00:00,2023-01-01 00:00:00,,2022-12-10 00:00:00
687,Material danificado,Descrição do problema: material danificado. Escola solicita resolução.,open,normal,task,18,18,415,,troca,,06.229.594/8894-46,,,2025-05-07 00:00:00,2025-05-19 00:00:00,,2025-05-08 00:00:00
688,Atraso na entrega,Descrição do problema: atraso na entrega. Escola solicita resolução.,solved,high,task,65,65,477,196,login financeiro,326,,,,2024-09-28 00:00:00,2024-10-02 00:00:00,2024-09-30 00:00:00,2024-09-30 00:00:00
689,Pagamento duplicado,Descrição do problema: pagamento duplicado. Escola solicita resolução.,closed,low,task,199,199,424,33,cancelamento falta_material,,00.763.336/1187-57,,,2022-01-07 00:00:00,2022-01-29 00:00:00,2022-01-19 00:00:00,2022-01-12 00:00:00
690,Suporte técnico - plataforma,Descrição do problema: suporte técnico - plataforma. Escola solicita resolução.,pending,normal,task,72,72,435,166,urgente financeiro,,,,,2025-07-21 00:00:00,2025-08-14 00:00:00,,2025-07-22 00:00:00
691,Boleto não recebido,Descrição do problema: boleto não recebido. Escola solicita resolução.,open,normal,task,277,277,405,1,erro_sistema atraso senha contrato,,,,,2023-01-28 00:00:00,2023-01-27 00:00:00,,2023-02-01 00:00:00
692,Cancelamento de pedido,Descrição do problema: cancelamento de pedido. Escola solicita resolução.,new,urgent,incident,110,110,391,,urgente contrato login troca,,,,,2023-07-24 00:00:00,2023-08-03 00:00:00,,2023-07-27 00:00:00
693,Suporte técnico - plataforma,Descrição do problema: suporte técnico - plataforma. Escola solicita resolução.,closed,urgent,question,19,19,455,,entrega material_danificado troca,,,,,2024-08-25 00:00:00,2024-09-07 00:00:00,2024-09-09 00:00:00,2024-09-01 00:00:00
694,Boleto não recebido,Descrição do problema: boleto não recebido. Escola solicita resolução.,open,urgent,problem,105,105,450,200,falta_material pagamento contrato acesso,811,51.851.059/2791-22,,,2023-06-13 00:00:00,2023-07-11 00:00:00,,2023-06-19 00:00:00
695,Cancelamento de pedido,Descrição do problema: cancelamento de pedido. Escola solicita resolução.,closed,normal,question,280,280,454,130,senha falta_material urgente,,,bad,Problema não resolvido,2022-12-30 00:00:00,2023-01-13 00:00:00,2023-01-07 00:00:00,2023-01-01 00:00:00
696,Material não recebido,Descrição do problema: material não recebido. Escola solicita resolução.,solved,normal,incident,332,332,389,301,pagamento material_danificado digital,,,good,,2024-02-13 00:00:00,2024-02-13 00:00:00,2024-02-17 00:00:00,2024-02-20 00:00:00
697,Suporte técnico - plataforma,Descrição do problema: suporte técnico - plataforma. Escola solicita resolução.,new,high,incident,112,112,389,,devolução nota_fiscal,36,44.132.464/2086-16,,,2023-06-17 00:00:00,2023-07-10 00:00:00,,2023-06-24 00:00:00
698,Atraso na entrega,Descrição do problema: atraso na entrega. Escola solicita resolução.,new,high,task,108,108,432,244,login,395,,,,2025-08-31 00:00:00,2025-08-31 00:00:00,,2025-09-06 00:00:00
699,Contrato - dúvida,Descrição do problema: contrato - dúvida. Escola solicita resolução.,new,normal,incident,356,356,462,265,falta_material material_danificado,,54.320.594/5670-07,,,2025-03-24 00:00:00,2025-04-23 00:00:00,,2025-03-28 00:00:00
700,Problema de login,Descrição do problema: problema de login. Escola solicita resolução.,new,low,incident,364,364,394,80,pagamento cancelamento,1074,,,,2023-12-08 00:00:00,2023-12-08 00:00:00,,2023-12-14 00:00:00
701,Suporte técnico - plataforma,Descrição do problema: suporte técnico - plataforma. Escola solicita resolução.,open,low,problem,37,37,448,56,financeiro,,,,,2025-04-12 00:00:00,2025-04-13 00:00:00,,2025-04-14 00:00:00
702,Contrato - dúvida,Descrição do problema: contrato - dúvida. Escola solicita resolução.,pending,normal,question,285,285,450,132,material_danificado contrato nota_fiscal,,,,,2024-01-15 00:00:00,2024-01-26 00:00:00,,2024-01-18 00:00:00
703,Nota fiscal com erro,Descrição do problema: nota fiscal com erro. Escola solicita resolução.,pending,normal,problem,379,379,391,288,erro_sistema nota_fiscal entrega troca,594,43.128.700/2369-88,,,2022-03-07 00:00:00,2022-03-11 00:00:00,,2022-03-12 00:00:00
704,Erro no sistema,Descrição do problema: erro no sistema. Escola solicita resolução.,solved,normal,question,230,230,382,270,financeiro suporte_técnico,1180,09.064.387/4808-41,bad,Tive que abrir outro ticket,2024-10-31 00:00:00,2024-11-29 00:00:00,2024-11-05 00:00:00,2024-11-06 00:00:00
705,Troca de material,Descrição do problema: troca de material. Escola solicita resolução.,solved,low,incident,125,125,406,164,pagamento,,,good,,2024-09-30 00:00:00,2024-10-14 00:00:00,2024-10-25 00:00:00,2024-10-03 00:00:00
706,Atraso na entrega,Descrição do problema: atraso na entrega. Escola solicita resolução.,open,high,task,304,304,449,120,financeiro acesso troca,404,,,,2023-12-28 00:00:00,2024-01-17 00:00:00,,2023-12-31 00:00:00
707,Contrato - dúvida,Descrição do problema: contrato - dúvida. Escola solicita resolução.,solved,high,task,87,87,394,117,erro_sistema contrato material_danificado senha,,,good,,2025-01-16 00:00:00,2025-01-28 00:00:00,2025-01-31 00:00:00,2025-01-23 00:00:00
708,Problema de login,Descrição do problema: problema de login. Escola solicita resolução.,solved,high,problem,358,358,427,294,senha,,,,,2023-01-04 00:00:00,2023-02-01 00:00:00,2023-01-11 00:00:00,2023-01-04 00:00:00
709,Contrato - dúvida,Descrição do problema: contrato - dúvida. Escola solicita resolução.,new,urgent,task,142,142,437,276,erro_sistema suporte_técnico,544,63.593.867/6709-68,,,2025-04-23 00:00:00,2025-04-27 00:00:00,,2025-04-27 00:00:00
710,Nota fiscal com erro,Descrição do problema: nota fiscal com erro. Escola solicita resolução.,pending,urgent,incident,324,324,384,,nota_fiscal erro_sistema,,,,,2025-09-02 00:00:00,2025-09-25 00:00:00,,2025-09-08 00:00:00
711,Material não recebido,Descrição do problema: material não recebido. Escola solicita resolução.,open,urgent,task,307,307,421,,boleto digital,784,41.294.865/5811-52,,,2024-04-28 00:00:00,2024-05-13 00:00:00,,2024-04-29 00:00:00
712,Pagamento duplicado,Descrição do problema: pagamento duplicado. Escola solicita resolução.,open,low,incident,168,168,397,,atraso nota_fiscal,,52.948.509/4023-99,,,2025-12-08 00:00:00,2025-12-16 00:00:00,,2025-12-11 00:00:00
713,Pagamento duplicado,Descrição do problema: pagamento duplicado. Escola solicita resolução.,open,urgent,incident,24,24,456,,suporte_técnico,197,,,,2025-06-22 00:00:00,2025-07-03 00:00:00,,2025-06-28 00:00:00
714,Suporte técnico - plataforma,Descrição do problema: suporte técnico - plataforma. Escola solicita resolução.,pending,normal,incident,305,305,465,39,contrato boleto pagamento acesso,,,,,2022-05-07 00:00:00,2022-05-29 00:00:00,,2022-05-11 00:00:00
715,Erro no sistema,Descrição do problema: erro no sistema. Escola solicita resolução.,new,urgent,incident,84,84,396,,troca,936,,,,2024-11-05 00:00:00,2024-11-24 00:00:00,,2024-11-09 00:00:00
716,Suporte técnico - plataforma,Descrição do problema: suporte técnico - plataforma. Escola solicita resolução.,closed,normal,question,121,121,406,1,nota_fiscal erro_sistema falta_material troca,,,,,2025-04-17 00:00:00,2025-04-24 00:00:00,2025-04-28 00:00:00,2025-04-22 00:00:00
717,Atraso na entrega,Descrição do problema: atraso na entrega. Escola solicita resolução.,open,high,problem,293,293,414,6,erro_sistema suporte_técnico,,,,,2023-08-31 00:00:00,2023-09-29 00:00:00,,2023-09-02 00:00:00
718,Acesso à plataforma digital,Descrição do problema: acesso à plataforma digital. Escola solicita resolução.,open,low,incident,250,250,420,309,falta_material,288,,,,2024-04-17 00:00:00,2024-04-27 00:00:00,,2024-04-23 00:00:00
719,Troca de material,Descrição do problema: troca de material. Escola solicita resolução.,new,high,question,11,11,398,54,urgente,1029,54.804.798/1734-12,,,2025-12-21 00:00:00,2025-12-30 00:00:00,,2025-12-28 00:00:00
720,Acesso à plataforma digital,Descrição do problema: acesso à plataforma digital. Escola solicita resolução.,new,low,incident,369,369,413,27,acesso,,,,,2022-10-27 00:00:00,2022-11-12 00:00:00,,2022-10-31 00:00:00
721,Senha não funciona,Descrição do problema: senha não funciona. Escola solicita resolução.,new,low,incident,31,31,389,289,urgente suporte_técnico erro_sistema nota_fiscal,,,,,2025-12-23 00:00:00,2026-01-06 00:00:00,,2025-12-30 00:00:00
722,Senha não funciona,Descrição do problema: senha não funciona. Escola solicita resolução.,solved,normal,incident,338,338,422,127,material_danificado login,,91.432.410/1278-16,,,2024-08-13 00:00:00,2024-09-05 00:00:00,2024-08-13 00:00:00,2024-08-18 00:00:00
723,Devolução de material,Descrição do problema: devolução de material. Escola solicita resolução.,closed,low,task,127,127,390,180,atraso plataforma devolução senha,,,,,2024-10-10 00:00:00,2024-11-04 00:00:00,2024-10-24 00:00:00,2024-10-12 00:00:00
724,Troca de material,Descrição do problema: troca de material. Escola solicita resolução.,closed,normal,problem,41,41,405,203,digital login acesso,,,bad,Problema não resolvido,2022-06-30 00:00:00,2022-07-29 00:00:00,2022-07-13 00:00:00,2022-07-02 00:00:00
725,Devolução de material,Descrição do problema: devolução de material. Escola solicita resolução.,open,low,task,361,361,445,161,boleto entrega,38,,,,2025-05-31 00:00:00,2025-06-01 00:00:00,,2025-06-03 00:00:00
726,Devolução de material,Descrição do problema: devolução de material. Escola solicita resolução.,closed,urgent,incident,242,242,395,291,acesso plataforma entrega financeiro,,5790258236,,,2024-07-30 00:00:00,2024-08-22 00:00:00,2024-08-06 00:00:00,2024-08-04 00:00:00
727,Devolução de material,Descrição do problema: devolução de material. Escola solicita resolução.,new,high,task,53,53,381,41,troca acesso,,85.342.652/2558-36,,,2025-02-07 00:00:00,2025-02-23 00:00:00,,2025-02-12 00:00:00
728,Suporte técnico - plataforma,Descrição do problema: suporte técnico - plataforma. Escola solicita resolução.,pending,normal,incident,73,73,457,201,nota_fiscal suporte_técnico,1732,,,,2023-09-03 00:00:00,2023-09-11 00:00:00,,2023-09-10 00:00:00
729,Pagamento duplicado,Descrição do problema: pagamento duplicado. Escola solicita resolução.,open,urgent,problem,36,36,438,284,falta_material financeiro,,,,,2023-09-13 00:00:00,2023-10-03 00:00:00,,2023-09-16 00:00:00
730,Suporte técnico - plataforma,Descrição do problema: suporte técnico - plataforma. Escola solicita resolução.,solved,low,incident,203,203,436,209,falta_material urgente suporte_técnico erro_sistema,74,,,,2022-07-24 00:00:00,2022-07-23 00:00:00,2022-07-25 00:00:00,2022-07-24 00:00:00
731,Atraso na entrega,Descrição do problema: atraso na entrega. Escola solicita resolução.,closed,urgent,problem,355,355,478,54,plataforma suporte_técnico nota_fiscal,,0500133475,,,2023-05-26 00:00:00,2023-06-13 00:00:00,2023-05-29 00:00:00,2023-05-26 00:00:00
732,Atraso na entrega,Descrição do problema: atraso na entrega. Escola solicita resolução.,closed,normal,problem,335,335,466,14,devolução acesso falta_material,161,,good,,2022-07-06 00:00:00,2022-07-23 00:00:00,2022-07-09 00:00:00,2022-07-11 00:00:00
733,Contrato - dúvida,Descrição do problema: contrato - dúvida. Escola solicita resolução.,solved,urgent,question,365,365,422,268,atraso boleto urgente,1368,,,,2023-05-07 00:00:00,2023-05-21 00:00:00,2023-05-08 00:00:00,2023-05-07 00:00:00
734,Pagamento duplicado,Descrição do problema: pagamento duplicado. Escola solicita resolução.,new,normal,problem,271,271,399,222,erro_sistema urgente pagamento login,,27.083.606/3129-91,,,2025-05-13 00:00:00,2025-05-14 00:00:00,,2025-05-15 00:00:00
735,Falta de material,Descrição do problema: falta de material. Escola solicita resolução.,closed,low,incident,322,322,466,307,financeiro digital,,,good,,2023-03-06 00:00:00,2023-03-26 00:00:00,2023-03-08 00:00:00,2023-03-09 00:00:00
736,Material não recebido,Descrição do problema: material não recebido. Escola solicita resolução.,pending,high,incident,164,164,458,72,login troca,,,,,2022-04-02 00:00:00,2022-04-28 00:00:00,,2022-04-02 00:00:00
737,Pagamento duplicado,Descrição do problema: pagamento duplicado. Escola solicita resolução.,solved,urgent,incident,236,236,409,120,entrega boleto financeiro,990,51.193.332/3187-19,,,2024-04-15 00:00:00,2024-04-26 00:00:00,2024-04-28 00:00:00,2024-04-21 00:00:00
738,Suporte técnico - plataforma,Descrição do problema: suporte técnico - plataforma. Escola solicita resolução.,open,urgent,question,130,130,381,67,digital,317,,,,2022-04-01 00:00:00,2022-04-21 00:00:00,,2022-04-05 00:00:00
739,Senha não funciona,Descrição do problema: senha não funciona. Escola solicita resolução.,new,high,incident,146,146,431,177,digital urgente,236,1262362332,,,2024-06-22 00:00:00,2024-06-29 00:00:00,,2024-06-28 00:00:00
740,Erro no sistema,Descrição do problema: erro no sistema. Escola solicita resolução.,new,normal,question,174,174,384,242,contrato suporte_técnico,,,,,2025-02-17 00:00:00,2025-03-04 00:00:00,,2025-02-20 00:00:00
741,Troca de material,Descrição do problema: troca de material. Escola solicita resolução.,open,low,incident,114,114,432,203,senha erro_sistema plataforma material_danificado,,9501944182,,,2024-10-27 00:00:00,2024-11-01 00:00:00,,2024-10-30 00:00:00
742,Contrato - dúvida,Descrição do problema: contrato - dúvida. Escola solicita resolução.,open,low,incident,269,269,383,77,entrega,299,,,,2023-01-04 00:00:00,2023-01-05 00:00:00,,2023-01-06 00:00:00
743,Devolução de material,Descrição do problema: devolução de material. Escola solicita resolução.,solved,normal,problem,184,184,473,170,senha,381,,good,,2024-07-23 00:00:00,2024-08-19 00:00:00,2024-08-03 00:00:00,2024-07-30 00:00:00
744,Suporte técnico - plataforma,Descrição do problema: suporte técnico - plataforma. Escola solicita resolução.,pending,low,task,190,190,480,,cancelamento erro_sistema contrato plataforma,879,,,,2023-10-30 00:00:00,2023-11-15 00:00:00,,2023-11-07 00:00:00
745,Nota fiscal com erro,Descrição do problema: nota fiscal com erro. Escola solicita resolução.,closed,urgent,incident,63,63,419,246,contrato acesso urgente devolução,434,,good,,2023-10-06 00:00:00,2023-11-01 00:00:00,2023-10-06 00:00:00,2023-10-09 00:00:00
746,Erro no sistema,Descrição do problema: erro no sistema. Escola solicita resolução.,closed,normal,incident,331,331,410,253,entrega atraso,,6548556540,,,2023-03-23 00:00:00,2023-03-26 00:00:00,2023-03-23 00:00:00,2023-03-28 00:00:00
747,Devolução de material,Descrição do problema: devolução de material. Escola solicita resolução.,open,normal,question,181,181,413,157,falta_material atraso suporte_técnico cancelamento,223,74.527.171/2184-50,,,2025-03-19 00:00:00,2025-04-12 00:00:00,,2025-03-26 00:00:00
748,Erro no sistema,Descrição do problema: erro no sistema. Escola solicita resolução.,closed,normal,incident,11,11,410,54,contrato boleto material_danificado,800,,,,2023-04-23 00:00:00,2023-04-28 00:00:00,2023-04-24 00:00:00,2023-04-25 00:00:00
749,Suporte técnico - plataforma,Descrição do problema: suporte técnico - plataforma. Escola solicita resolução.,open,urgent,problem,106,106,456,188,atraso pagamento devolução,345,,,,2023-02-18 00:00:00,2023-03-11 00:00:00,,2023-02-23 00:00:00
750,Suporte técnico - plataforma,Descrição do problema: suporte técnico - plataforma. Escola solicita resolução.,pending,urgent,question,153,153,423,140,urgente atraso,,66.183.506/2581-71,,,2024-10-27 00:00:00,2024-11-15 00:00:00,,2024-11-04 00:00:00
751,Devolução de material,Descrição do problema: devolução de material. Escola solicita resolução.,pending,high,task,132,132,392,,troca falta_material,315,,,,2022-01-06 00:00:00,2022-02-01 00:00:00,,2022-01-08 00:00:00
752,Devolução de material,Descrição do problema: devolução de material. Escola solicita resolução.,open,high,problem,330,330,450,78,devolução nota_fiscal,1012,,,,2022-05-21 00:00:00,2022-05-21 00:00:00,,2022-05-22 00:00:00
753,Nota fiscal com erro,Descrição do problema: nota fiscal com erro. Escola solicita resolução.,pending,low,task,225,225,462,22,urgente suporte_técnico financeiro cancelamento,,,,,2024-03-01 00:00:00,2024-03-30 00:00:00,,2024-03-08 00:00:00
754,Troca de material,Descrição do problema: troca de material. Escola solicita resolução.,open,normal,task,281,281,454,307,cancelamento material_danificado suporte_técnico pagamento,,,,,2023-06-27 00:00:00,2023-07-17 00:00:00,,2023-06-28 00:00:00
755,Material danificado,Descrição do problema: material danificado. Escola solicita resolução.,new,low,problem,181,181,409,157,contrato login digital boleto,896,,,,2022-10-05 00:00:00,2022-10-20 00:00:00,,2022-10-07 00:00:00
756,Boleto não recebido,Descrição do problema: boleto não recebido. Escola solicita resolução.,solved,high,question,325,325,467,104,pagamento,,,bad,,2025-10-14 00:00:00,2025-10-16 00:00:00,2025-10-13 00:00:00,2025-10-20 00:00:00
757,Erro no sistema,Descrição do problema: erro no sistema. Escola solicita resolução.,pending,urgent,task,120,120,458,259,troca senha,,,,,2024-01-31 00:00:00,2024-02-15 00:00:00,,2024-02-02 00:00:00
758,Boleto não recebido,Descrição do problema: boleto não recebido. Escola solicita resolução.,solved,normal,question,142,142,459,276,pagamento troca,1657,,bad,Atendimento ruim,2022-01-09 00:00:00,2022-01-10 00:00:00,2022-01-11 00:00:00,2022-01-16 00:00:00
759,Atraso na entrega,Descrição do problema: atraso na entrega. Escola solicita resolução.,new,normal,incident,241,241,402,155,troca acesso financeiro,,72.574.700/2188-84,,,2023-03-07 00:00:00,2023-03-15 00:00:00,,2023-03-08 00:00:00
760,Atraso na entrega,Descrição do problema: atraso na entrega. Escola solicita resolução.,solved,normal,problem,257,257,465,67,cancelamento,,,,,2023-02-24 00:00:00,2023-03-17 00:00:00,2023-02-25 00:00:00,2023-02-26 00:00:00
761,Atraso na entrega,Descrição do problema: atraso na entrega. Escola solicita resolução.,new,low,question,55,55,436,301,falta_material plataforma atraso,,,,,2022-07-22 00:00:00,2022-08-05 00:00:00,,2022-07-26 00:00:00
762,Pagamento duplicado,Descrição do problema: pagamento duplicado. Escola solicita resolução.,closed,normal,task,206,206,466,78,contrato cancelamento,330,86.596.883/6433-30,,,2025-06-11 00:00:00,2025-07-05 00:00:00,2025-06-14 00:00:00,2025-06-13 00:00:00
763,Acesso à plataforma digital,Descrição do problema: acesso à plataforma digital. Escola solicita resolução.,closed,low,problem,64,64,456,32,devolução,992,7732200038,good,,2024-02-06 00:00:00,2024-02-09 00:00:00,2024-02-27 00:00:00,2024-02-08 00:00:00
764,Senha não funciona,Descrição do problema: senha não funciona. Escola solicita resolução.,pending,normal,question,248,248,409,266,suporte_técnico,,,,,2023-07-30 00:00:00,2023-07-31 00:00:00,,2023-07-30 00:00:00
765,Suporte técnico - plataforma,Descrição do problema: suporte técnico - plataforma. Escola solicita resolução.,closed,normal,incident,248,248,460,266,troca cancelamento,,,good,,2024-03-07 00:00:00,2024-03-27 00:00:00,2024-03-09 00:00:00,2024-03-08 00:00:00
766,Acesso à plataforma digital,Descrição do problema: acesso à plataforma digital. Escola solicita resolução.,pending,normal,question,101,101,397,83,troca pagamento,696,3709247810,,,2025-02-25 00:00:00,2025-03-11 00:00:00,,2025-02-25 00:00:00
767,Nota fiscal com erro,Descrição do problema: nota fiscal com erro. Escola solicita resolução.,closed,normal,incident,247,247,435,299,senha,,34.229.954/6049-94,,,2025-11-23 00:00:00,2025-12-12 00:00:00,2025-11-24 00:00:00,2025-12-01 00:00:00
768,Material danificado,Descrição do problema: material danificado. Escola solicita resolução.,open,low,problem,34,34,397,102,digital atraso financeiro,,,,,2022-10-11 00:00:00,2022-11-03 00:00:00,,2022-10-16 00:00:00
769,Boleto não recebido,Descrição do problema: boleto não recebido. Escola solicita resolução.,new,high,incident,355,355,396,54,nota_fiscal,,,,,2022-07-15 00:00:00,2022-08-08 00:00:00,,2022-07-20 00:00:00
770,Suporte técnico - plataforma,Descrição do problema: suporte técnico - plataforma. Escola solicita resolução.,new,low,task,194,194,474,282,acesso,1549,41.619.417/9785-56,,,2024-05-27 00:00:00,2024-06-01 00:00:00,,2024-05-29 00:00:00
771,Contrato - dúvida,Descrição do problema: contrato - dúvida. Escola solicita resolução.,closed,urgent,task,4,4,424,,acesso nota_fiscal,,,bad,Atendimento ruim,2023-06-30 00:00:00,2023-07-16 00:00:00,2023-07-05 00:00:00,2023-07-04 00:00:00
772,Devolução de material,Descrição do problema: devolução de material. Escola solicita resolução.,new,high,incident,222,222,381,230,digital senha material_danificado,,,,,2023-03-24 00:00:00,2023-03-25 00:00:00,,2023-03-29 00:00:00
773,Pagamento duplicado,Descrição do problema: pagamento duplicado. Escola solicita resolução.,open,low,question,39,39,454,13,material_danificado plataforma falta_material login,600,,,,2023-12-10 00:00:00,2024-01-02 00:00:00,,2023-12-12 00:00:00
774,Pagamento duplicado,Descrição do problema: pagamento duplicado. Escola solicita resolução.,open,normal,problem,361,361,393,161,digital,1709,,,,2023-11-18 00:00:00,2023-12-06 00:00:00,,2023-11-23 00:00:00
775,Erro no sistema,Descrição do problema: erro no sistema. Escola solicita resolução.,open,high,task,2,2,408,270,atraso,,17.075.051/6336-35,,,2023-08-15 00:00:00,2023-09-08 00:00:00,,2023-08-23 00:00:00
776,Falta de material,Descrição do problema: falta de material. Escola solicita resolução.,solved,normal,problem,8,8,384,222,suporte_técnico,828,77.228.683/1960-45,good,,2023-11-12 00:00:00,2023-11-27 00:00:00,2023-11-21 00:00:00,2023-11-17 00:00:00
777,Devolução de material,Descrição do problema: devolução de material. Escola solicita resolução.,closed,normal,incident,220,220,398,120,digital login senha financeiro,,9873318590,,,2023-07-11 00:00:00,2023-07-12 00:00:00,2023-07-12 00:00:00,2023-07-15 00:00:00
778,Material não recebido,Descrição do problema: material não recebido. Escola solicita resolução.,new,normal,incident,219,219,463,251,cancelamento nota_fiscal material_danificado troca,772,,,,2022-09-22 00:00:00,2022-10-01 00:00:00,,2022-09-26 00:00:00
779,Problema de login,Descrição do problema: problema de login. Escola solicita resolução.,solved,normal,task,222,222,468,230,falta_material material_danificado acesso digital,,,good,,2022-04-10 00:00:00,2022-04-13 00:00:00,2022-04-09 00:00:00,2022-04-10 00:00:00
780,Troca de material,Descrição do problema: troca de material. Escola solicita resolução.,new,normal,incident,318,318,451,,entrega senha,,34.624.956/8756-62,,,2022-12-19 00:00:00,2022-12-22 00:00:00,,2022-12-22 00:00:00
781,Erro no sistema,Descrição do problema: erro no sistema. Escola solicita resolução.,closed,normal,task,349,349,436,274,devolução troca plataforma,98,02.138.102/5040-22,good,,2023-02-07 00:00:00,2023-02-11 00:00:00,2023-02-20 00:00:00,2023-02-14 00:00:00
782,Nota fiscal com erro,Descrição do problema: nota fiscal com erro. Escola solicita resolução.,pending,high,task,301,301,479,105,login digital nota_fiscal,,87.727.727/1160-57,,,2025-08-30 00:00:00,2025-09-07 00:00:00,,2025-09-05 00:00:00
783,Senha não funciona,Descrição do problema: senha não funciona. Escola solicita resolução.,new,high,incident,53,53,393,41,contrato,,22.173.224/5038-26,,,2022-11-04 00:00:00,2022-11-12 00:00:00,,2022-11-05 00:00:00
784,Material danificado,Descrição do problema: material danificado. Escola solicita resolução.,new,normal,incident,51,51,418,33,plataforma devolução,643,,,,2024-10-26 00:00:00,2024-11-02 00:00:00,,2024-10-27 00:00:00
785,Cancelamento de pedido,Descrição do problema: cancelamento de pedido. Escola solicita resolução.,open,normal,incident,82,82,413,145,devolução material_danificado digital cancelamento,829,9201457016,,,2023-10-24 00:00:00,2023-11-20 00:00:00,,2023-10-26 00:00:00
786,Pagamento duplicado,Descrição do problema: pagamento duplicado. Escola solicita resolução.,open,normal,task,99,99,461,92,entrega contrato,796,,,,2022-02-26 00:00:00,2022-03-15 00:00:00,,2022-03-02 00:00:00
787,Boleto não recebido,Descrição do problema: boleto não recebido. Escola solicita resolução.,pending,high,task,119,119,401,110,plataforma pagamento,,,,,2022-05-02 00:00:00,2022-05-29 00:00:00,,2022-05-03 00:00:00
788,Nota fiscal com erro,Descrição do problema: nota fiscal com erro. Escola solicita resolução.,pending,normal,incident,186,186,438,,suporte_técnico troca boleto,,40.584.914/2290-29,,,2025-07-15 00:00:00,2025-07-26 00:00:00,,2025-07-18 00:00:00
789,Boleto não recebido,Descrição do problema: boleto não recebido. Escola solicita resolução.,closed,high,problem,292,292,388,62,senha entrega atraso plataforma,167,25.921.064/3171-78,good,,2025-04-29 00:00:00,2025-05-25 00:00:00,2025-05-07 00:00:00,2025-05-04 00:00:00
790,Atraso na entrega,Descrição do problema: atraso na entrega. Escola solicita resolução.,solved,urgent,task,135,135,447,236,contrato,,,,,2024-09-24 00:00:00,2024-10-14 00:00:00,2024-09-25 00:00:00,2024-09-26 00:00:00
791,Nota fiscal com erro,Descrição do problema: nota fiscal com erro. Escola solicita resolução.,closed,low,task,289,289,428,161,troca falta_material erro_sistema pagamento,,04.686.696/8823-75,good,,2023-10-12 00:00:00,2023-11-07 00:00:00,2023-10-28 00:00:00,2023-10-15 00:00:00
792,Acesso à plataforma digital,Descrição do problema: acesso à plataforma digital. Escola solicita resolução.,new,urgent,task,250,250,396,309,erro_sistema suporte_técnico,586,,,,2023-12-15 00:00:00,2024-01-06 00:00:00,,2023-12-16 00:00:00
793,Falta de material,Descrição do problema: falta de material. Escola solicita resolução.,solved,high,problem,355,355,443,54,nota_fiscal pagamento devolução financeiro,,,,,2022-09-11 00:00:00,2022-09-20 00:00:00,2022-10-08 00:00:00,2022-09-16 00:00:00
794,Troca de material,Descrição do problema: troca de material. Escola solicita resolução.,closed,low,incident,76,76,411,72,senha suporte_técnico,,,good,,2022-11-21 00:00:00,2022-11-30 00:00:00,2022-11-30 00:00:00,2022-11-26 00:00:00
795,Problema de login,Descrição do problema: problema de login. Escola solicita resolução.,new,urgent,question,179,179,471,30,pagamento,,6610851113,,,2025-12-27 00:00:00,2025-12-31 00:00:00,,2026-01-02 00:00:00
796,Erro no sistema,Descrição do problema: erro no sistema. Escola solicita resolução.,new,normal,problem,334,334,471,29,digital material_danificado,,,,,2023-12-25 00:00:00,2023-12-25 00:00:00,,2023-12-28 00:00:00
797,Boleto não recebido,Descrição do problema: boleto não recebido. Escola solicita resolução.,new,low,incident,256,256,423,10,acesso login nota_fiscal,601,8159421502,,,2025-05-01 00:00:00,2025-05-28 00:00:00,,2025-05-07 00:00:00
798,Atraso na entrega,Descrição do problema: atraso na entrega. Escola solicita resolução.,solved,low,problem,349,349,461,274,login atraso,,3203969059,,,2022-09-21 00:00:00,2022-10-15 00:00:00,2022-10-01 00:00:00,2022-09-22 00:00:00
799,Erro no sistema,Descrição do problema: erro no sistema. Escola solicita resolução.,pending,low,task,282,282,424,130,cancelamento material_danificado contrato,870,,,,2024-08-30 00:00:00,2024-09-28 00:00:00,,2024-08-31 00:00:00
800,Pagamento duplicado,Descrição do problema: pagamento duplicado. Escola solicita resolução.,open,normal,task,113,113,444,59,senha suporte_técnico material_danificado financeiro,,63.730.656/6217-04,,,2023-12-17 00:00:00,2024-01-14 00:00:00,,2023-12-25 00:00:00
801,Falta de material,Descrição do problema: falta de material. Escola solicita resolução.,pending,low,task,136,136,409,,urgente atraso,,,,,2023-12-24 00:00:00,2023-12-31 00:00:00,,2023-12-24 00:00:00
802,Suporte técnico - plataforma,Descrição do problema: suporte técnico - plataforma. Escola solicita resolução.,solved,low,question,155,155,438,214,suporte_técnico nota_fiscal contrato,,29.806.673/4690-62,bad,Atendimento ruim,2024-07-31 00:00:00,2024-08-01 00:00:00,2024-07-31 00:00:00,2024-08-02 00:00:00
803,Problema de login,Descrição do problema: problema de login. Escola solicita resolução.,new,urgent,problem,345,345,468,97,falta_material,,52.471.562/6439-37,,,2023-03-05 00:00:00,2023-03-09 00:00:00,,2023-03-09 00:00:00
804,Erro no sistema,Descrição do problema: erro no sistema. Escola solicita resolução.,solved,normal,problem,214,214,418,243,financeiro,,52.211.392/7316-29,good,,2023-01-31 00:00:00,2023-02-18 00:00:00,2023-02-20 00:00:00,2023-02-05 00:00:00
805,Devolução de material,Descrição do problema: devolução de material. Escola solicita resolução.,open,urgent,problem,170,170,390,90,login urgente cancelamento digital,,,,,2022-01-15 00:00:00,2022-01-25 00:00:00,,2022-01-17 00:00:00
806,Troca de material,Descrição do problema: troca de material. Escola solicita resolução.,closed,low,incident,331,331,403,253,financeiro suporte_técnico,568,,,,2023-09-18 00:00:00,2023-09-24 00:00:00,2023-09-19 00:00:00,2023-09-26 00:00:00
807,Material danificado,Descrição do problema: material danificado. Escola solicita resolução.,solved,high,task,313,313,398,166,senha,171,,good,,2022-02-27 00:00:00,2022-03-03 00:00:00,2022-03-05 00:00:00,2022-03-04 00:00:00
808,Troca de material,Descrição do problema: troca de material. Escola solicita resolução.,solved,high,task,369,369,414,27,digital urgente contrato,529,,good,,2023-04-23 00:00:00,2023-05-07 00:00:00,2023-04-24 00:00:00,2023-04-25 00:00:00
809,Problema de login,Descrição do problema: problema de login. Escola solicita resolução.,closed,low,question,11,11,423,54,pagamento nota_fiscal boleto erro_sistema,,,,,2025-09-03 00:00:00,2025-09-17 00:00:00,2025-09-21 00:00:00,2025-09-09 00:00:00
810,Senha não funciona,Descrição do problema: senha não funciona. Escola solicita resolução.,solved,low,incident,275,275,474,208,entrega troca boleto plataforma,274,29.635.352/6571-46,good,,2024-11-10 00:00:00,2024-12-03 00:00:00,2024-11-10 00:00:00,2024-11-16 00:00:00
811,Contrato - dúvida,Descrição do problema: contrato - dúvida. Escola solicita resolução.,solved,normal,task,14,14,406,78,acesso entrega plataforma suporte_técnico,,6312943906,,,2022-07-20 00:00:00,2022-08-08 00:00:00,2022-07-20 00:00:00,2022-07-24 00:00:00
812,Material danificado,Descrição do problema: material danificado. Escola solicita resolução.,closed,normal,task,8,8,383,222,cancelamento nota_fiscal digital atraso,463,,,,2022-05-18 00:00:00,2022-06-13 00:00:00,2022-05-24 00:00:00,2022-05-25 00:00:00
813,Atraso na entrega,Descrição do problema: atraso na entrega. Escola solicita resolução.,closed,high,incident,192,192,444,193,material_danificado devolução boleto,556,16.013.086/1821-81,bad,,2024-12-23 00:00:00,2024-12-25 00:00:00,2024-12-28 00:00:00,2024-12-27 00:00:00
814,Atraso na entrega,Descrição do problema: atraso na entrega. Escola solicita resolução.,new,low,question,42,42,469,,acesso atraso troca,,,,,2023-04-14 00:00:00,2023-04-20 00:00:00,,2023-04-18 00:00:00
815,Erro no sistema,Descrição do problema: erro no sistema. Escola solicita resolução.,new,low,task,57,57,422,,suporte_técnico senha atraso,821,,,,2024-10-27 00:00:00,2024-11-13 00:00:00,,2024-11-01 00:00:00
816,Nota fiscal com erro,Descrição do problema: nota fiscal com erro. Escola solicita resolução.,solved,high,question,260,260,446,56,urgente entrega falta_material,445,,good,,2025-05-29 00:00:00,2025-06-08 00:00:00,2025-05-29 00:00:00,2025-06-03 00:00:00
817,Pagamento duplicado,Descrição do problema: pagamento duplicado. Escola solicita resolução.,closed,low,problem,234,234,402,262,nota_fiscal acesso suporte_técnico,,,,,2022-07-22 00:00:00,2022-07-28 00:00:00,2022-07-22 00:00:00,2022-07-30 00:00:00
818,Problema de login,Descrição do problema: problema de login. Escola solicita resolução.,open,low,incident,203,203,472,209,nota_fiscal atraso pagamento,617,43.045.474/2432-86,,,2025-03-26 00:00:00,2025-03-30 00:00:00,,2025-03-28 00:00:00
819,Material danificado,Descrição do problema: material danificado. Escola solicita resolução.,pending,normal,task,92,92,430,146,senha material_danificado atraso,1705,,,,2025-05-18 00:00:00,2025-05-27 00:00:00,,2025-05-23 00:00:00
820,Material não recebido,Descrição do problema: material não recebido. Escola solicita resolução.,solved,high,question,111,111,467,,cancelamento falta_material,1111,,,,2024-07-15 00:00:00,2024-07-21 00:00:00,2024-07-14 00:00:00,2024-07-19 00:00:00
821,Senha não funciona,Descrição do problema: senha não funciona. Escola solicita resolução.,open,high,task,95,95,411,170,suporte_técnico,,,,,2023-05-08 00:00:00,2023-05-12 00:00:00,,2023-05-08 00:00:00
822,Atraso na entrega,Descrição do problema: atraso na entrega. Escola solicita resolução.,pending,high,task,71,71,426,95,nota_fiscal atraso erro_sistema material_danificado,,5129837121,,,2023-06-11 00:00:00,2023-07-02 00:00:00,,2023-06-12 00:00:00
823,Falta de material,Descrição do problema: falta de material. Escola solicita resolução.,closed,low,question,60,60,422,,troca,464,,good,,2025-11-23 00:00:00,2025-11-25 00:00:00,2025-12-08 00:00:00,2025-11-27 00:00:00
824,Material não recebido,Descrição do problema: material não recebido. Escola solicita resolução.,new,urgent,incident,341,341,460,,troca falta_material,871,50.525.828/9595-79,,,2025-12-26 00:00:00,2025-12-25 00:00:00,,2025-12-31 00:00:00
825,Devolução de material,Descrição do problema: devolução de material. Escola solicita resolução.,new,high,task,5,5,449,238,entrega acesso,,,,,2023-03-14 00:00:00,2023-04-06 00:00:00,,2023-03-18 00:00:00
826,Troca de material,Descrição do problema: troca de material. Escola solicita resolução.,new,urgent,problem,30,30,441,167,urgente cancelamento,711,2229087295,,,2023-07-24 00:00:00,2023-08-12 00:00:00,,2023-07-28 00:00:00
827,Boleto não recebido,Descrição do problema: boleto não recebido. Escola solicita resolução.,new,high,incident,77,77,463,186,erro_sistema,400,7483784997,,,2023-08-25 00:00:00,2023-09-04 00:00:00,,2023-08-27 00:00:00
828,Acesso à plataforma digital,Descrição do problema: acesso à plataforma digital. Escola solicita resolução.,open,normal,incident,71,71,475,95,suporte_técnico,,,,,2025-11-05 00:00:00,2025-11-25 00:00:00,,2025-11-09 00:00:00
829,Boleto não recebido,Descrição do problema: boleto não recebido. Escola solicita resolução.,open,high,incident,321,321,477,237,login,,73.850.695/2268-43,,,2022-01-25 00:00:00,2022-02-09 00:00:00,,2022-02-01 00:00:00
830,Contrato - dúvida,Descrição do problema: contrato - dúvida. Escola solicita resolução.,pending,low,task,107,107,417,28,login entrega,,,,,2025-03-04 00:00:00,2025-03-28 00:00:00,,2025-03-06 00:00:00
831,Devolução de material,Descrição do problema: devolução de material. Escola solicita resolução.,closed,high,task,285,285,388,132,contrato,732,,,,2024-12-27 00:00:00,2025-01-14 00:00:00,2024-12-30 00:00:00,2025-01-02 00:00:00
832,Material não recebido,Descrição do problema: material não recebido. Escola solicita resolução.,open,urgent,incident,66,66,384,56,material_danificado plataforma,,,,,2025-01-26 00:00:00,2025-02-11 00:00:00,,2025-01-27 00:00:00
833,Material danificado,Descrição do problema: material danificado. Escola solicita resolução.,new,low,incident,59,59,422,125,digital falta_material,,86.694.977/0238-79,,,2022-05-10 00:00:00,2022-05-24 00:00:00,,2022-05-17 00:00:00
834,Problema de login,Descrição do problema: problema de login. Escola solicita resolução.,closed,low,question,187,187,382,90,contrato troca,168,,good,,2023-12-11 00:00:00,2023-12-15 00:00:00,2023-12-22 00:00:00,2023-12-16 00:00:00
835,Atraso na entrega,Descrição do problema: atraso na entrega. Escola solicita resolução.,solved,high,problem,194,194,459,282,material_danificado suporte_técnico,,,bad,Tive que abrir outro ticket,2024-02-07 00:00:00,2024-02-26 00:00:00,2024-02-18 00:00:00,2024-02-08 00:00:00
836,Suporte técnico - plataforma,Descrição do problema: suporte técnico - plataforma. Escola solicita resolução.,solved,urgent,task,289,289,465,161,acesso login urgente suporte_técnico,,12.473.808/3884-98,,,2025-06-14 00:00:00,2025-06-14 00:00:00,2025-06-19 00:00:00,2025-06-15 00:00:00
837,Suporte técnico - plataforma,Descrição do problema: suporte técnico - plataforma. Escola solicita resolução.,closed,urgent,problem,5,5,410,238,acesso erro_sistema financeiro,,,bad,Problema não resolvido,2022-06-13 00:00:00,2022-06-27 00:00:00,2022-06-14 00:00:00,2022-06-14 00:00:00
838,Senha não funciona,Descrição do problema: senha não funciona. Escola solicita resolução.,pending,normal,problem,124,124,456,37,plataforma entrega,,,,,2023-09-10 00:00:00,2023-09-18 00:00:00,,2023-09-13 00:00:00
839,Troca de material,Descrição do problema: troca de material. Escola solicita resolução.,closed,low,task,215,215,479,238,cancelamento digital,,,good,,2024-04-29 00:00:00,2024-05-19 00:00:00,2024-05-13 00:00:00,2024-05-05 00:00:00
840,Boleto não recebido,Descrição do problema: boleto não recebido. Escola solicita resolução.,pending,high,task,224,224,406,232,falta_material suporte_técnico pagamento,,,,,2025-04-18 00:00:00,2025-05-08 00:00:00,,2025-04-21 00:00:00
841,Material danificado,Descrição do problema: material danificado. Escola solicita resolução.,closed,low,problem,49,49,384,63,suporte_técnico pagamento boleto,571,6363085605,,,2025-04-22 00:00:00,2025-05-21 00:00:00,2025-05-06 00:00:00,2025-04-26 00:00:00
842,Troca de material,Descrição do problema: troca de material. Escola solicita resolução.,solved,normal,incident,218,218,453,222,login,,15.489.604/7589-10,,,2025-08-19 00:00:00,2025-08-26 00:00:00,2025-08-24 00:00:00,2025-08-20 00:00:00
843,Erro no sistema,Descrição do problema: erro no sistema. Escola solicita resolução.,pending,low,question,158,158,474,121,nota_fiscal,972,,,,2025-04-12 00:00:00,2025-05-05 00:00:00,,2025-04-18 00:00:00
844,Material danificado,Descrição do problema: material danificado. Escola solicita resolução.,open,urgent,task,352,352,454,285,urgente falta_material,,27.416.368/4660-73,,,2022-06-10 00:00:00,2022-07-10 00:00:00,,2022-06-12 00:00:00
845,Devolução de material,Descrição do problema: devolução de material. Escola solicita resolução.,closed,low,problem,275,275,394,208,nota_fiscal cancelamento devolução,674,62.148.937/8099-31,,,2024-06-26 00:00:00,2024-07-03 00:00:00,2024-06-27 00:00:00,2024-06-29 00:00:00
846,Contrato - dúvida,Descrição do problema: contrato - dúvida. Escola solicita resolução.,closed,low,incident,232,232,393,292,cancelamento nota_fiscal,857,9604569166,,,2023-08-05 00:00:00,2023-08-29 00:00:00,2023-08-08 00:00:00,2023-08-10 00:00:00
847,Pagamento duplicado,Descrição do problema: pagamento duplicado. Escola solicita resolução.,pending,urgent,problem,66,66,414,56,senha,,,,,2024-02-01 00:00:00,2024-03-01 00:00:00,,2024-02-04 00:00:00
848,Senha não funciona,Descrição do problema: senha não funciona. Escola solicita resolução.,new,high,question,334,334,442,29,acesso falta_material senha,,,,,2023-05-15 00:00:00,2023-05-31 00:00:00,,2023-05-22 00:00:00
849,Cancelamento de pedido,Descrição do problema: cancelamento de pedido. Escola solicita resolução.,new,low,problem,268,268,446,10,atraso entrega financeiro,908,78.927.411/3513-90,,,2024-06-19 00:00:00,2024-07-18 00:00:00,,2024-06-21 00:00:00
850,Contrato - dúvida,Descrição do problema: contrato - dúvida. Escola solicita resolução.,new,high,question,110,110,464,,login,,13.038.422/1502-75,,,2024-11-01 00:00:00,2024-10-31 00:00:00,,2024-11-02 00:00:00
851,Atraso na entrega,Descrição do problema: atraso na entrega. Escola solicita resolução.,closed,urgent,task,37,37,423,56,troca contrato boleto urgente,,0434620259,good,,2023-01-30 00:00:00,2023-02-26 00:00:00,2023-02-25 00:00:00,2023-02-04 00:00:00
852,Atraso na entrega,Descrição do problema: atraso na entrega. Escola solicita resolução.,open,high,question,127,127,462,180,plataforma login boleto,166,86.493.362/9720-85,,,2024-04-19 00:00:00,2024-04-26 00:00:00,,2024-04-19 00:00:00
853,Pagamento duplicado,Descrição do problema: pagamento duplicado. Escola solicita resolução.,solved,normal,question,245,245,475,119,erro_sistema acesso,857,,,,2025-07-05 00:00:00,2025-07-10 00:00:00,2025-07-25 00:00:00,2025-07-10 00:00:00
854,Pagamento duplicado,Descrição do problema: pagamento duplicado. Escola solicita resolução.,solved,urgent,problem,191,191,392,156,entrega urgente,,,,,2025-09-17 00:00:00,2025-09-23 00:00:00,2025-09-18 00:00:00,2025-09-22 00:00:00
855,Troca de material,Descrição do problema: troca de material. Escola solicita resolução.,pending,low,task,264,264,458,271,material_danificado entrega pagamento login,,35.397.239/0372-68,,,2025-12-21 00:00:00,2025-12-30 00:00:00,,2025-12-25 00:00:00
856,Atraso na entrega,Descrição do problema: atraso na entrega. Escola solicita resolução.,solved,high,task,217,217,381,184,senha acesso troca,186,78.307.188/0512-33,good,,2023-03-30 00:00:00,2023-04-04 00:00:00,2023-03-29 00:00:00,2023-04-04 00:00:00
857,Falta de material,Descrição do problema: falta de material. Escola solicita resolução.,closed,urgent,incident,145,145,479,114,digital falta_material,1702,63.441.282/5662-46,bad,Tive que abrir outro ticket,2024-11-16 00:00:00,2024-12-07 00:00:00,2024-12-04 00:00:00,2024-11-24 00:00:00
858,Erro no sistema,Descrição do problema: erro no sistema. Escola solicita resolução.,solved,low,problem,177,177,449,189,entrega financeiro troca,1696,,,,2025-06-02 00:00:00,2025-06-05 00:00:00,2025-06-12 00:00:00,2025-06-06 00:00:00
859,Falta de material,Descrição do problema: falta de material. Escola solicita resolução.,solved,low,question,357,357,477,175,entrega nota_fiscal contrato suporte_técnico,,31.425.145/2692-79,bad,,2023-03-05 00:00:00,2023-04-01 00:00:00,2023-03-06 00:00:00,2023-03-10 00:00:00
860,Material danificado,Descrição do problema: material danificado. Escola solicita resolução.,closed,normal,question,3,3,400,103,contrato digital,,98.952.045/6702-63,,,2023-09-12 00:00:00,2023-10-07 00:00:00,2023-09-12 00:00:00,2023-09-13 00:00:00
861,Acesso à plataforma digital,Descrição do problema: acesso à plataforma digital. Escola solicita resolução.,closed,low,question,369,369,393,27,acesso material_danificado,,,good,,2023-11-26 00:00:00,2023-12-18 00:00:00,2023-12-13 00:00:00,2023-12-01 00:00:00
862,Pagamento duplicado,Descrição do problema: pagamento duplicado. Escola solicita resolução.,closed,urgent,task,370,370,478,43,falta_material acesso,,,,,2023-08-26 00:00:00,2023-09-12 00:00:00,2023-08-27 00:00:00,2023-09-01 00:00:00
863,Senha não funciona,Descrição do problema: senha não funciona. Escola solicita resolução.,new,low,problem,366,366,464,172,devolução,,93.439.062/6848-90,,,2025-06-22 00:00:00,2025-07-10 00:00:00,,2025-06-30 00:00:00
864,Contrato - dúvida,Descrição do problema: contrato - dúvida. Escola solicita resolução.,closed,high,incident,41,41,404,203,financeiro acesso plataforma,,,,,2022-03-02 00:00:00,2022-03-22 00:00:00,2022-03-20 00:00:00,2022-03-08 00:00:00
865,Boleto não recebido,Descrição do problema: boleto não recebido. Escola solicita resolução.,open,low,task,331,331,441,253,contrato pagamento boleto login,716,,,,2025-07-28 00:00:00,2025-08-19 00:00:00,,2025-07-29 00:00:00
866,Acesso à plataforma digital,Descrição do problema: acesso à plataforma digital. Escola solicita resolução.,pending,low,incident,335,335,397,14,contrato suporte_técnico,1259,08.365.362/1998-80,,,2025-01-05 00:00:00,2025-01-22 00:00:00,,2025-01-11 00:00:00
867,Boleto não recebido,Descrição do problema: boleto não recebido. Escola solicita resolução.,new,urgent,question,164,164,385,72,suporte_técnico,,,,,2025-04-15 00:00:00,2025-05-14 00:00:00,,2025-04-20 00:00:00
868,Senha não funciona,Descrição do problema: senha não funciona. Escola solicita resolução.,closed,normal,problem,52,52,469,149,senha pagamento login,161,,good,,2024-11-21 00:00:00,2024-11-30 00:00:00,2024-12-13 00:00:00,2024-11-25 00:00:00
869,Acesso à plataforma digital,Descrição do problema: acesso à plataforma digital. Escola solicita resolução.,pending,high,problem,365,365,405,268,urgente cancelamento,1577,68.381.029/3906-79,,,2025-01-20 00:00:00,2025-02-17 00:00:00,,2025-01-25 00:00:00
870,Senha não funciona,Descrição do problema: senha não funciona. Escola solicita resolução.,pending,normal,task,72,72,478,166,devolução erro_sistema atraso pagamento,,20.553.177/3806-12,,,2023-12-01 00:00:00,2023-12-19 00:00:00,,2023-12-09 00:00:00
871,Problema de login,Descrição do problema: problema de login. Escola solicita resolução.,new,low,task,368,368,405,88,cancelamento,371,,,,2023-12-31 00:00:00,2024-01-18 00:00:00,,2024-01-01 00:00:00
872,Cancelamento de pedido,Descrição do problema: cancelamento de pedido. Escola solicita resolução.,open,normal,task,209,209,400,20,urgente,1032,,,,2023-06-01 00:00:00,2023-06-02 00:00:00,,2023-06-04 00:00:00
873,Falta de material,Descrição do problema: falta de material. Escola solicita resolução.,solved,urgent,question,79,79,456,228,digital acesso,,,,,2023-10-18 00:00:00,2023-10-25 00:00:00,2023-10-21 00:00:00,2023-10-22 00:00:00
874,Suporte técnico - plataforma,Descrição do problema: suporte técnico - plataforma. Escola solicita resolução.,open,high,incident,374,374,471,276,login erro_sistema,,,,,2022-05-20 00:00:00,2022-06-17 00:00:00,,2022-05-27 00:00:00
875,Boleto não recebido,Descrição do problema: boleto não recebido. Escola solicita resolução.,closed,high,task,102,102,469,254,devolução,1148,66.500.459/3420-79,good,,2022-08-26 00:00:00,2022-09-20 00:00:00,2022-09-15 00:00:00,2022-08-30 00:00:00
876,Erro no sistema,Descrição do problema: erro no sistema. Escola solicita resolução.,pending,normal,incident,33,33,422,267,troca material_danificado acesso pagamento,,65.585.478/6322-75,,,2023-03-24 00:00:00,2023-04-16 00:00:00,,2023-03-31 00:00:00
877,Senha não funciona,Descrição do problema: senha não funciona. Escola solicita resolução.,new,urgent,question,134,134,447,79,devolução falta_material atraso,925,,,,2022-06-30 00:00:00,2022-07-23 00:00:00,,2022-06-30 00:00:00
878,Problema de login,Descrição do problema: problema de login. Escola solicita resolução.,new,low,task,43,43,400,170,boleto erro_sistema devolução material_danificado,1782,9661668708,,,2025-10-20 00:00:00,2025-11-09 00:00:00,,2025-10-21 00:00:00
879,Nota fiscal com erro,Descrição do problema: nota fiscal com erro. Escola solicita resolução.,new,low,task,135,135,408,236,devolução urgente troca,,,,,2024-09-12 00:00:00,2024-09-23 00:00:00,,2024-09-14 00:00:00
880,Falta de material,Descrição do problema: falta de material. Escola solicita resolução.,closed,normal,incident,298,298,382,280,plataforma urgente suporte_técnico,73,50.660.605/5221-24,good,,2022-10-01 00:00:00,2022-10-05 00:00:00,2022-10-02 00:00:00,2022-10-03 00:00:00
881,Troca de material,Descrição do problema: troca de material. Escola solicita resolução.,open,low,task,55,55,426,301,suporte_técnico cancelamento,,,,,2025-04-25 00:00:00,2025-05-18 00:00:00,,2025-04-27 00:00:00
882,Pagamento duplicado,Descrição do problema: pagamento duplicado. Escola solicita resolução.,solved,low,problem,278,278,427,202,atraso boleto,,,good,,2023-12-24 00:00:00,2024-01-20 00:00:00,2024-01-03 00:00:00,2023-12-26 00:00:00
883,Material danificado,Descrição do problema: material danificado. Escola solicita resolução.,solved,low,problem,2,2,421,270,cancelamento acesso plataforma devolução,,,bad,Atendimento ruim,2025-08-14 00:00:00,2025-08-24 00:00:00,2025-08-15 00:00:00,2025-08-22 00:00:00
884,Problema de login,Descrição do problema: problema de login. Escola solicita resolução.,solved,normal,incident,366,366,419,172,erro_sistema nota_fiscal,,,bad,,2022-09-06 00:00:00,2022-09-25 00:00:00,2022-09-16 00:00:00,2022-09-13 00:00:00
885,Acesso à plataforma digital,Descrição do problema: acesso à plataforma digital. Escola solicita resolução.,new,urgent,problem,67,67,463,28,material_danificado cancelamento urgente,,47.634.951/9787-84,,,2024-04-04 00:00:00,2024-04-20 00:00:00,,2024-04-07 00:00:00
886,Material não recebido,Descrição do problema: material não recebido. Escola solicita resolução.,pending,normal,incident,250,250,401,309,pagamento,,,,,2023-12-28 00:00:00,2023-12-30 00:00:00,,2024-01-05 00:00:00
887,Boleto não recebido,Descrição do problema: boleto não recebido. Escola solicita resolução.,pending,normal,question,23,23,402,176,acesso digital,883,,,,2022-05-20 00:00:00,2022-05-22 00:00:00,,2022-05-22 00:00:00
888,Acesso à plataforma digital,Descrição do problema: acesso à plataforma digital. Escola solicita resolução.,open,urgent,question,179,179,452,30,material_danificado financeiro falta_material entrega,69,89.723.669/4127-28,,,2025-08-21 00:00:00,2025-09-02 00:00:00,,2025-08-28 00:00:00
889,Troca de material,Descrição do problema: troca de material. Escola solicita resolução.,solved,urgent,problem,5,5,477,238,material_danificado atraso,193,,good,,2025-01-09 00:00:00,2025-01-09 00:00:00,2025-01-17 00:00:00,2025-01-17 00:00:00
890,Material não recebido,Descrição do problema: material não recebido. Escola solicita resolução.,open,high,task,112,112,459,,atraso,321,,,,2023-08-21 00:00:00,2023-09-08 00:00:00,,2023-08-26 00:00:00
891,Material danificado,Descrição do problema: material danificado. Escola solicita resolução.,solved,normal,incident,12,12,394,94,plataforma,735,,,,2022-12-12 00:00:00,2023-01-11 00:00:00,2022-12-19 00:00:00,2022-12-18 00:00:00
892,Nota fiscal com erro,Descrição do problema: nota fiscal com erro. Escola solicita resolução.,closed,urgent,problem,69,69,472,30,plataforma falta_material,,28.042.194/0847-47,,,2022-07-10 00:00:00,2022-07-25 00:00:00,2022-07-13 00:00:00,2022-07-16 00:00:00
893,Falta de material,Descrição do problema: falta de material. Escola solicita resolução.,pending,low,problem,160,160,439,,pagamento,431,3223586436,,,2025-04-20 00:00:00,2025-05-18 00:00:00,,2025-04-24 00:00:00
894,Material danificado,Descrição do problema: material danificado. Escola solicita resolução.,open,high,problem,56,56,476,,financeiro,432,87.004.078/0006-06,,,2022-10-27 00:00:00,2022-10-28 00:00:00,,2022-10-29 00:00:00
895,Senha não funciona,Descrição do problema: senha não funciona. Escola solicita resolução.,closed,urgent,question,237,237,393,170,senha nota_fiscal suporte_técnico login,320,77.079.780/0010-99,good,,2023-12-29 00:00:00,2024-01-16 00:00:00,2024-01-17 00:00:00,2023-12-29 00:00:00
896,Nota fiscal com erro,Descrição do problema: nota fiscal com erro. Escola solicita resolução.,new,normal,question,275,275,433,208,senha atraso suporte_técnico plataforma,,97.904.214/8534-44,,,2023-06-15 00:00:00,2023-06-23 00:00:00,,2023-06-21 00:00:00
897,Material não recebido,Descrição do problema: material não recebido. Escola solicita resolução.,pending,urgent,task,319,319,393,180,suporte_técnico troca,461,,,,2023-05-09 00:00:00,2023-05-11 00:00:00,,2023-05-09 00:00:00
898,Troca de material,Descrição do problema: troca de material. Escola solicita resolução.,new,urgent,problem,209,209,394,20,urgente pagamento,,,,,2024-07-19 00:00:00,2024-08-10 00:00:00,,2024-07-24 00:00:00
899,Material não recebido,Descrição do problema: material não recebido. Escola solicita resolução.,new,urgent,task,290,290,415,114,devolução falta_material troca,496,42.405.989/4039-90,,,2022-01-24 00:00:00,2022-02-23 00:00:00,,2022-01-27 00:00:00
900,Atraso na entrega,Descrição do problema: atraso na entrega. Escola solicita resolução.,pending,normal,question,179,179,456,30,devolução senha falta_material plataforma,,89.275.838/3456-33,,,2025-12-31 00:00:00,2026-01-11 00:00:00,,2026-01-01 00:00:00
901,Nota fiscal com erro,Descrição do problema: nota fiscal com erro. Escola solicita resolução.,solved,low,incident,316,316,386,132,senha devolução,,,bad,Problema não resolvido,2022-07-25 00:00:00,2022-07-27 00:00:00,2022-08-09 00:00:00,2022-07-30 00:00:00
902,Erro no sistema,Descrição do problema: erro no sistema. Escola solicita resolução.,closed,low,incident,103,103,393,90,urgente entrega atraso devolução,,38.371.908/2890-23,,,2023-08-25 00:00:00,2023-09-14 00:00:00,2023-08-29 00:00:00,2023-08-28 00:00:00
903,Material não recebido,Descrição do problema: material não recebido. Escola solicita resolução.,open,urgent,problem,368,368,427,88,troca devolução erro_sistema,177,,,,2023-07-01 00:00:00,2023-07-23 00:00:00,,2023-07-03 00:00:00
904,Material danificado,Descrição do problema: material danificado. Escola solicita resolução.,solved,normal,task,283,283,396,256,entrega,,6440484343,good,,2023-02-20 00:00:00,2023-03-01 00:00:00,2023-02-23 00:00:00,2023-02-24 00:00:00
905,Troca de material,Descrição do problema: troca de material. Escola solicita resolução.,open,high,question,31,31,474,289,urgente entrega login senha,,83.110.692/8381-40,,,2025-03-20 00:00:00,2025-03-27 00:00:00,,2025-03-22 00:00:00
906,Material danificado,Descrição do problema: material danificado. Escola solicita resolução.,closed,normal,task,286,286,397,157,plataforma,,06.041.183/4986-82,,,2025-06-17 00:00:00,2025-07-01 00:00:00,2025-06-16 00:00:00,2025-06-19 00:00:00
907,Contrato - dúvida,Descrição do problema: contrato - dúvida. Escola solicita resolução.,solved,normal,task,331,331,398,253,nota_fiscal digital,,,,,2024-12-12 00:00:00,2025-01-07 00:00:00,2024-12-14 00:00:00,2024-12-15 00:00:00
908,Troca de material,Descrição do problema: troca de material. Escola solicita resolução.,pending,normal,task,110,110,408,,login plataforma urgente contrato,569,65.933.496/9429-38,,,2025-12-30 00:00:00,2026-01-07 00:00:00,,2026-01-03 00:00:00
909,Erro no sistema,Descrição do problema: erro no sistema. Escola solicita resolução.,closed,normal,incident,374,374,464,276,erro_sistema atraso material_danificado senha,,45.960.424/2456-25,good,,2024-05-13 00:00:00,2024-05-25 00:00:00,2024-05-16 00:00:00,2024-05-14 00:00:00
910,Cancelamento de pedido,Descrição do problema: cancelamento de pedido. Escola solicita resolução.,open,high,question,321,321,416,237,cancelamento devolução suporte_técnico,591,,,,2022-05-23 00:00:00,2022-06-05 00:00:00,,2022-05-28 00:00:00
911,Atraso na entrega,Descrição do problema: atraso na entrega. Escola solicita resolução.,pending,urgent,problem,343,343,395,237,nota_fiscal contrato senha,544,,,,2024-05-03 00:00:00,2024-05-21 00:00:00,,2024-05-06 00:00:00
912,Erro no sistema,Descrição do problema: erro no sistema. Escola solicita resolução.,open,high,task,152,152,439,12,atraso login troca falta_material,,16.322.341/6921-74,,,2023-06-02 00:00:00,2023-06-10 00:00:00,,2023-06-02 00:00:00
913,Boleto não recebido,Descrição do problema: boleto não recebido. Escola solicita resolução.,open,urgent,incident,205,205,408,93,senha cancelamento,,,,,2022-12-23 00:00:00,2022-12-26 00:00:00,,2022-12-30 00:00:00
914,Boleto não recebido,Descrição do problema: boleto não recebido. Escola solicita resolução.,new,low,task,135,135,428,236,senha urgente,,,,,2024-11-25 00:00:00,2024-12-03 00:00:00,,2024-12-01 00:00:00
915,Atraso na entrega,Descrição do problema: atraso na entrega. Escola solicita resolução.,closed,low,question,139,139,403,34,pagamento devolução digital suporte_técnico,,,good,,2025-11-10 00:00:00,2025-11-21 00:00:00,2025-12-03 00:00:00,2025-11-11 00:00:00
916,Erro no sistema,Descrição do problema: erro no sistema. Escola solicita resolução.,closed,normal,task,140,140,472,280,pagamento falta_material atraso,,87.298.308/1631-06,,,2023-05-16 00:00:00,2023-05-19 00:00:00,2023-05-18 00:00:00,2023-05-21 00:00:00
917,Troca de material,Descrição do problema: troca de material. Escola solicita resolução.,pending,high,problem,123,123,422,108,atraso senha,,,,,2023-02-13 00:00:00,2023-02-12 00:00:00,,2023-02-16 00:00:00
918,Devolução de material,Descrição do problema: devolução de material. Escola solicita resolução.,closed,high,question,14,14,441,78,erro_sistema,,,,,2024-03-09 00:00:00,2024-03-30 00:00:00,2024-03-10 00:00:00,2024-03-11 00:00:00
919,Material não recebido,Descrição do problema: material não recebido. Escola solicita resolução.,closed,urgent,task,260,260,468,56,financeiro digital atraso plataforma,,0578420888,good,,2025-01-05 00:00:00,2025-01-26 00:00:00,2025-01-08 00:00:00,2025-01-10 00:00:00
920,Material danificado,Descrição do problema: material danificado. Escola solicita resolução.,new,low,incident,276,276,423,246,nota_fiscal falta_material erro_sistema,561,,,,2023-09-18 00:00:00,2023-10-10 00:00:00,,2023-09-23 00:00:00
921,Pagamento duplicado,Descrição do problema: pagamento duplicado. Escola solicita resolução.,closed,normal,task,32,32,478,116,erro_sistema,,,good,,2022-07-21 00:00:00,2022-08-15 00:00:00,2022-07-26 00:00:00,2022-07-24 00:00:00
922,Atraso na entrega,Descrição do problema: atraso na entrega. Escola solicita resolução.,solved,normal,incident,207,207,432,72,plataforma digital financeiro suporte_técnico,1287,,good,,2023-08-19 00:00:00,2023-08-18 00:00:00,2023-08-20 00:00:00,2023-08-20 00:00:00
923,Erro no sistema,Descrição do problema: erro no sistema. Escola solicita resolução.,pending,normal,problem,125,125,463,164,cancelamento senha pagamento,,16.854.583/5000-13,,,2025-11-16 00:00:00,2025-12-02 00:00:00,,2025-11-21 00:00:00
924,Material danificado,Descrição do problema: material danificado. Escola solicita resolução.,open,urgent,problem,19,19,402,,suporte_técnico,646,,,,2024-02-01 00:00:00,2024-02-16 00:00:00,,2024-02-04 00:00:00
925,Acesso à plataforma digital,Descrição do problema: acesso à plataforma digital. Escola solicita resolução.,new,urgent,task,214,214,438,243,devolução,1711,,,,2023-03-31 00:00:00,2023-04-27 00:00:00,,2023-04-05 00:00:00
926,Material não recebido,Descrição do problema: material não recebido. Escola solicita resolução.,new,low,problem,367,367,406,118,cancelamento material_danificado,900,,,,2025-09-04 00:00:00,2025-10-01 00:00:00,,2025-09-07 00:00:00
927,Suporte técnico - plataforma,Descrição do problema: suporte técnico - plataforma. Escola solicita resolução.,new,urgent,problem,82,82,465,145,pagamento atraso nota_fiscal senha,,88.293.753/6029-87,,,2022-06-30 00:00:00,2022-07-19 00:00:00,,2022-07-06 00:00:00
928,Erro no sistema,Descrição do problema: erro no sistema. Escola solicita resolução.,open,normal,task,357,357,466,175,troca devolução financeiro,800,40.970.598/2400-27,,,2022-03-06 00:00:00,2022-03-31 00:00:00,,2022-03-09 00:00:00
929,Contrato - dúvida,Descrição do problema: contrato - dúvida. Escola solicita resolução.,open,urgent,problem,353,353,398,26,devolução falta_material,,,,,2023-05-08 00:00:00,2023-06-07 00:00:00,,2023-05-10 00:00:00
930,Senha não funciona,Descrição do problema: senha não funciona. Escola solicita resolução.,solved,normal,problem,206,206,480,78,urgente pagamento falta_material troca,,,good,,2023-01-25 00:00:00,2023-02-15 00:00:00,2023-02-02 00:00:00,2023-01-28 00:00:00
931,Devolução de material,Descrição do problema: devolução de material. Escola solicita resolução.,solved,low,question,321,321,405,237,atraso acesso,,,,,2023-11-10 00:00:00,2023-11-18 00:00:00,2023-11-10 00:00:00,2023-11-17 00:00:00
932,Problema de login,Descrição do problema: problema de login. Escola solicita resolução.,closed,urgent,problem,77,77,405,186,entrega nota_fiscal contrato acesso,,,good,,2022-04-19 00:00:00,2022-05-11 00:00:00,2022-04-23 00:00:00,2022-04-27 00:00:00
933,Problema de login,Descrição do problema: problema de login. Escola solicita resolução.,open,normal,problem,151,151,435,158,contrato digital plataforma urgente,869,,,,2022-12-07 00:00:00,2023-01-05 00:00:00,,2022-12-12 00:00:00
934,Boleto não recebido,Descrição do problema: boleto não recebido. Escola solicita resolução.,pending,high,incident,356,356,478,265,login devolução suporte_técnico,639,,,,2023-11-02 00:00:00,2023-11-20 00:00:00,,2023-11-05 00:00:00
935,Falta de material,Descrição do problema: falta de material. Escola solicita resolução.,solved,urgent,question,372,372,439,126,urgente devolução pagamento login,,9603496267,bad,Demorou muito,2023-05-22 00:00:00,2023-06-13 00:00:00,2023-06-04 00:00:00,2023-05-27 00:00:00
936,Erro no sistema,Descrição do problema: erro no sistema. Escola solicita resolução.,pending,high,task,312,312,462,258,senha falta_material,,,,,2022-10-24 00:00:00,2022-11-09 00:00:00,,2022-10-26 00:00:00
937,Material não recebido,Descrição do problema: material não recebido. Escola solicita resolução.,pending,urgent,incident,316,316,471,132,atraso financeiro,1595,,,,2025-09-22 00:00:00,2025-10-07 00:00:00,,2025-09-27 00:00:00
938,Nota fiscal com erro,Descrição do problema: nota fiscal com erro. Escola solicita resolução.,solved,normal,question,303,303,408,264,urgente,,,,,2023-05-16 00:00:00,2023-05-22 00:00:00,2023-05-17 00:00:00,2023-05-20 00:00:00
939,Boleto não recebido,Descrição do problema: boleto não recebido. Escola solicita resolução.,pending,high,problem,288,288,399,262,contrato urgente,,,,,2024-03-30 00:00:00,2024-04-17 00:00:00,,2024-04-02 00:00:00
940,Troca de material,Descrição do problema: troca de material. Escola solicita resolução.,pending,urgent,problem,159,159,445,,suporte_técnico cancelamento erro_sistema contrato,,,,,2023-06-11 00:00:00,2023-07-07 00:00:00,,2023-06-17 00:00:00
941,Devolução de material,Descrição do problema: devolução de material. Escola solicita resolução.,open,low,question,251,251,407,,cancelamento senha,1178,,,,2023-12-20 00:00:00,2023-12-26 00:00:00,,2023-12-22 00:00:00
942,Material não recebido,Descrição do problema: material não recebido. Escola solicita resolução.,new,normal,incident,171,171,474,83,boleto,,,,,2024-06-01 00:00:00,2024-06-03 00:00:00,,2024-06-05 00:00:00
943,Material danificado,Descrição do problema: material danificado. Escola solicita resolução.,open,normal,incident,181,181,429,157,troca falta_material material_danificado,,,,,2024-09-21 00:00:00,2024-10-19 00:00:00,,2024-09-26 00:00:00
944,Troca de material,Descrição do problema: troca de material. Escola solicita resolução.,closed,urgent,question,177,177,426,189,material_danificado,,,,,2023-01-31 00:00:00,2023-02-18 00:00:00,2023-02-02 00:00:00,2023-02-06 00:00:00
945,Material danificado,Descrição do problema: material danificado. Escola solicita resolução.,solved,low,question,330,330,395,78,material_danificado devolução erro_sistema senha,131,,,,2022-09-04 00:00:00,2022-09-08 00:00:00,2022-09-12 00:00:00,2022-09-05 00:00:00
946,Atraso na entrega,Descrição do problema: atraso na entrega. Escola solicita resolução.,closed,normal,task,75,75,395,,nota_fiscal financeiro login boleto,75,39.922.578/5944-67,,,2025-09-20 00:00:00,2025-10-05 00:00:00,2025-09-29 00:00:00,2025-09-28 00:00:00
947,Boleto não recebido,Descrição do problema: boleto não recebido. Escola solicita resolução.,solved,low,task,54,54,412,5,atraso devolução,580,,,,2023-02-07 00:00:00,2023-02-21 00:00:00,2023-02-09 00:00:00,2023-02-10 00:00:00
948,Atraso na entrega,Descrição do problema: atraso na entrega. Escola solicita resolução.,pending,high,task,339,339,465,157,pagamento erro_sistema financeiro login,,,,,2025-04-30 00:00:00,2025-05-26 00:00:00,,2025-05-06 00:00:00
949,Material danificado,Descrição do problema: material danificado. Escola solicita resolução.,pending,high,question,309,309,437,128,plataforma senha financeiro digital,285,,,,2025-10-31 00:00:00,2025-11-01 00:00:00,,2025-11-06 00:00:00
950,Contrato - dúvida,Descrição do problema: contrato - dúvida. Escola solicita resolução.,closed,high,question,170,170,401,90,devolução nota_fiscal erro_sistema digital,,2033970794,good,,2025-03-23 00:00:00,2025-03-30 00:00:00,2025-03-26 00:00:00,2025-03-30 00:00:00
951,Material danificado,Descrição do problema: material danificado. Escola solicita resolução.,new,urgent,task,144,144,401,293,devolução atraso,414,59.273.116/6815-95,,,2025-03-18 00:00:00,2025-04-09 00:00:00,,2025-03-26 00:00:00
952,Devolução de material,Descrição do problema: devolução de material. Escola solicita resolução.,closed,urgent,task,349,349,451,274,login,,,good,,2025-10-13 00:00:00,2025-10-22 00:00:00,2025-10-13 00:00:00,2025-10-16 00:00:00
953,Material danificado,Descrição do problema: material danificado. Escola solicita resolução.,closed,low,task,157,157,391,79,contrato financeiro urgente,1150,,,,2022-07-21 00:00:00,2022-07-21 00:00:00,2022-07-26 00:00:00,2022-07-28 00:00:00
954,Senha não funciona,Descrição do problema: senha não funciona. Escola solicita resolução.,solved,urgent,incident,189,189,462,251,pagamento digital contrato,,,good,,2024-08-28 00:00:00,2024-09-22 00:00:00,2024-09-11 00:00:00,2024-08-29 00:00:00
955,Material danificado,Descrição do problema: material danificado. Escola solicita resolução.,closed,normal,incident,338,338,477,127,boleto plataforma pagamento erro_sistema,,,good,,2024-09-03 00:00:00,2024-09-07 00:00:00,2024-09-26 00:00:00,2024-09-07 00:00:00
956,Erro no sistema,Descrição do problema: erro no sistema. Escola solicita resolução.,new,urgent,question,68,68,456,269,digital,,33.779.541/9256-45,,,2022-03-31 00:00:00,2022-04-10 00:00:00,,2022-04-03 00:00:00
957,Pagamento duplicado,Descrição do problema: pagamento duplicado. Escola solicita resolução.,new,normal,problem,160,160,451,,entrega atraso troca,,,,,2024-04-08 00:00:00,2024-04-10 00:00:00,,2024-04-09 00:00:00
958,Material danificado,Descrição do problema: material danificado. Escola solicita resolução.,pending,low,task,320,320,473,37,erro_sistema,,,,,2024-06-08 00:00:00,2024-06-17 00:00:00,,2024-06-13 00:00:00
959,Material não recebido,Descrição do problema: material não recebido. Escola solicita resolução.,new,low,question,102,102,388,254,cancelamento troca digital,,,,,2022-06-11 00:00:00,2022-06-19 00:00:00,,2022-06-14 00:00:00
960,Material não recebido,Descrição do problema: material não recebido. Escola solicita resolução.,open,high,task,251,251,477,,senha financeiro pagamento erro_sistema,591,95.060.092/7392-06,,,2024-01-26 00:00:00,2024-01-29 00:00:00,,2024-01-31 00:00:00
961,Problema de login,Descrição do problema: problema de login. Escola solicita resolução.,open,high,question,159,159,401,,senha material_danificado troca,,,,,2023-08-21 00:00:00,2023-09-01 00:00:00,,2023-08-28 00:00:00
962,Problema de login,Descrição do problema: problema de login. Escola solicita resolução.,open,normal,question,228,228,479,241,troca erro_sistema nota_fiscal,874,45.417.031/0728-10,,,2024-11-25 00:00:00,2024-12-16 00:00:00,,2024-11-27 00:00:00
963,Acesso à plataforma digital,Descrição do problema: acesso à plataforma digital. Escola solicita resolução.,open,high,incident,147,147,415,35,cancelamento troca login,,10.024.618/9568-80,,,2025-12-25 00:00:00,2025-12-24 00:00:00,,2025-12-26 00:00:00
964,Material danificado,Descrição do problema: material danificado. Escola solicita resolução.,solved,low,incident,230,230,412,270,acesso falta_material,,,good,,2023-05-29 00:00:00,2023-06-18 00:00:00,2023-06-02 00:00:00,2023-05-30 00:00:00
965,Troca de material,Descrição do problema: troca de material. Escola solicita resolução.,solved,normal,problem,232,232,382,292,material_danificado atraso nota_fiscal falta_material,279,,good,,2024-03-08 00:00:00,2024-03-12 00:00:00,2024-03-18 00:00:00,2024-03-09 00:00:00
966,Material danificado,Descrição do problema: material danificado. Escola solicita resolução.,solved,low,question,354,354,478,59,falta_material senha,958,,,,2022-08-08 00:00:00,2022-08-08 00:00:00,2022-08-15 00:00:00,2022-08-12 00:00:00
967,Material não recebido,Descrição do problema: material não recebido. Escola solicita resolução.,new,urgent,problem,164,164,403,72,troca entrega pagamento,,07.589.704/7785-60,,,2022-02-09 00:00:00,2022-02-16 00:00:00,,2022-02-13 00:00:00
968,Pagamento duplicado,Descrição do problema: pagamento duplicado. Escola solicita resolução.,new,normal,problem,334,334,472,29,erro_sistema urgente falta_material,,,,,2024-04-03 00:00:00,2024-04-29 00:00:00,,2024-04-07 00:00:00
969,Erro no sistema,Descrição do problema: erro no sistema. Escola solicita resolução.,new,high,question,134,134,479,79,atraso plataforma,,,,,2022-07-05 00:00:00,2022-07-04 00:00:00,,2022-07-07 00:00:00
970,Atraso na entrega,Descrição do problema: atraso na entrega. Escola solicita resolução.,solved,normal,incident,245,245,470,119,boleto urgente,,5201913137,good,,2022-10-08 00:00:00,2022-10-24 00:00:00,2022-10-29 00:00:00,2022-10-10 00:00:00
971,Atraso na entrega,Descrição do problema: atraso na entrega. Escola solicita resolução.,solved,low,question,369,369,448,27,erro_sistema nota_fiscal material_danificado financeiro,,,good,,2025-06-18 00:00:00,2025-06-24 00:00:00,2025-06-22 00:00:00,2025-06-23 00:00:00
972,Problema de login,Descrição do problema: problema de login. Escola solicita resolução.,closed,normal,task,292,292,433,62,entrega senha,1135,,,,2025-09-11 00:00:00,2025-10-02 00:00:00,2025-09-15 00:00:00,2025-09-16 00:00:00
973,Pagamento duplicado,Descrição do problema: pagamento duplicado. Escola solicita resolução.,solved,urgent,question,115,115,421,287,troca devolução falta_material digital,380,90.014.360/4235-15,,,2023-04-28 00:00:00,2023-05-14 00:00:00,2023-05-04 00:00:00,2023-05-05 00:00:00
974,Acesso à plataforma digital,Descrição do problema: acesso à plataforma digital. Escola solicita resolução.,new,low,question,168,168,450,,suporte_técnico troca contrato acesso,391,,,,2025-10-11 00:00:00,2025-11-09 00:00:00,,2025-10-16 00:00:00
975,Contrato - dúvida,Descrição do problema: contrato - dúvida. Escola solicita resolução.,open,normal,task,271,271,392,222,plataforma falta_material,,,,,2024-04-01 00:00:00,2024-04-29 00:00:00,,2024-04-03 00:00:00
976,Erro no sistema,Descrição do problema: erro no sistema. Escola solicita resolução.,open,normal,incident,352,352,451,285,financeiro material_danificado,476,,,,2025-02-28 00:00:00,2025-03-15 00:00:00,,2025-03-05 00:00:00
977,Contrato - dúvida,Descrição do problema: contrato - dúvida. Escola solicita resolução.,closed,urgent,incident,212,212,414,67,pagamento suporte_técnico,,,,,2023-05-10 00:00:00,2023-05-14 00:00:00,2023-05-10 00:00:00,2023-05-13 00:00:00
978,Senha não funciona,Descrição do problema: senha não funciona. Escola solicita resolução.,solved,high,question,318,318,429,,pagamento erro_sistema login,1032,,bad,,2024-01-24 00:00:00,2024-02-10 00:00:00,2024-02-02 00:00:00,2024-01-27 00:00:00
979,Problema de login,Descrição do problema: problema de login. Escola solicita resolução.,open,urgent,task,56,56,405,,cancelamento suporte_técnico,295,39.526.189/6507-47,,,2025-04-22 00:00:00,2025-05-04 00:00:00,,2025-04-24 00:00:00
980,Troca de material,Descrição do problema: troca de material. Escola solicita resolução.,open,high,problem,227,227,416,256,devolução financeiro,,,,,2023-08-10 00:00:00,2023-08-31 00:00:00,,2023-08-12 00:00:00
981,Troca de material,Descrição do problema: troca de material. Escola solicita resolução.,pending,high,question,120,120,432,259,acesso troca erro_sistema,,50.365.356/5475-43,,,2025-11-12 00:00:00,2025-11-21 00:00:00,,2025-11-18 00:00:00
982,Erro no sistema,Descrição do problema: erro no sistema. Escola solicita resolução.,pending,normal,task,266,266,432,302,suporte_técnico,,,,,2023-04-06 00:00:00,2023-04-28 00:00:00,,2023-04-13 00:00:00
983,Contrato - dúvida,Descrição do problema: contrato - dúvida. Escola solicita resolução.,open,high,problem,4,4,401,,erro_sistema contrato acesso suporte_técnico,925,,,,2024-06-06 00:00:00,2024-06-10 00:00:00,,2024-06-11 00:00:00
984,Erro no sistema,Descrição do problema: erro no sistema. Escola solicita resolução.,closed,high,incident,357,357,480,175,contrato atraso troca cancelamento,,40.006.663/7691-11,,,2022-11-06 00:00:00,2022-11-19 00:00:00,2022-11-20 00:00:00,2022-11-13 00:00:00
985,Falta de material,Descrição do problema: falta de material. Escola solicita resolução.,new,high,problem,246,246,428,,nota_fiscal erro_sistema boleto,,,,,2024-12-10 00:00:00,2024-12-19 00:00:00,,2024-12-12 00:00:00
986,Boleto não recebido,Descrição do problema: boleto não recebido. Escola solicita resolução.,solved,low,task,256,256,426,10,senha digital,,,good,,2025-07-09 00:00:00,2025-07-16 00:00:00,2025-07-16 00:00:00,2025-07-10 00:00:00
987,Material danificado,Descrição do problema: material danificado. Escola solicita resolução.,pending,low,problem,51,51,388,33,acesso plataforma digital,,,,,2024-10-15 00:00:00,2024-11-12 00:00:00,,2024-10-20 00:00:00
988,Problema de login,Descrição do problema: problema de login. Escola solicita resolução.,open,urgent,incident,5,5,392,238,login nota_fiscal pagamento,303,90.990.529/9358-79,,,2025-03-21 00:00:00,2025-03-25 00:00:00,,2025-03-27 00:00:00
989,Boleto não recebido,Descrição do problema: boleto não recebido. Escola solicita resolução.,open,normal,problem,184,184,415,170,contrato boleto erro_sistema,333,00.907.873/2885-73,,,2024-09-27 00:00:00,2024-10-07 00:00:00,,2024-10-01 00:00:00
990,Problema de login,Descrição do problema: problema de login. Escola solicita resolução.,closed,low,problem,133,133,442,219,plataforma devolução urgente,,,bad,Demorou muito,2023-05-12 00:00:00,2023-05-16 00:00:00,2023-05-13 00:00:00,2023-05-20 00:00:00
991,Boleto não recebido,Descrição do problema: boleto não recebido. Escola solicita resolução.,closed,urgent,question,198,198,480,142,acesso contrato,32,,,,2024-09-07 00:00:00,2024-09-30 00:00:00,2024-09-10 00:00:00,2024-09-12 00:00:00
992,Acesso à plataforma digital,Descrição do problema: acesso à plataforma digital. Escola solicita resolução.,open,high,problem,24,24,431,,erro_sistema,877,05.042.423/3993-53,,,2022-03-24 00:00:00,2022-04-21 00:00:00,,2022-03-25 00:00:00
993,Erro no sistema,Descrição do problema: erro no sistema. Escola solicita resolução.,pending,high,question,129,129,409,52,cancelamento urgente,,,,,2025-05-28 00:00:00,2025-06-22 00:00:00,,2025-06-03 00:00:00
994,Contrato - dúvida,Descrição do problema: contrato - dúvida. Escola solicita resolução.,pending,low,problem,25,25,437,60,falta_material pagamento,,0979648461,,,2022-08-28 00:00:00,2022-09-26 00:00:00,,2022-09-04 00:00:00
995,Erro no sistema,Descrição do problema: erro no sistema. Escola solicita resolução.,closed,low,task,29,29,423,301,devolução boleto acesso digital,744,,good,,2025-08-26 00:00:00,2025-09-13 00:00:00,2025-08-25 00:00:00,2025-09-01 00:00:00
996,Suporte técnico - plataforma,Descrição do problema: suporte técnico - plataforma. Escola solicita resolução.,new,low,task,287,287,442,226,atraso urgente nota_fiscal acesso,130,66.886.866/5756-36,,,2024-10-02 00:00:00,2024-10-16 00:00:00,,2024-10-09 00:00:00
997,Cancelamento de pedido,Descrição do problema: cancelamento de pedido. Escola solicita resolução.,open,normal,problem,141,141,394,,pagamento,,,,,2022-03-10 00:00:00,2022-03-23 00:00:00,,2022-03-13 00:00:00
998,Boleto não recebido,Descrição do problema: boleto não recebido. Escola solicita resolução.,new,urgent,incident,158,158,413,121,login pagamento,938,,,,2025-06-12 00:00:00,2025-07-06 00:00:00,,2025-06-19 00:00:00
999,Suporte técnico - plataforma,Descrição do problema: suporte técnico - plataforma. Escola solicita resolução.,solved,low,incident,343,343,475,237,devolução plataforma cancelamento financeiro,,76.567.960/9010-51,,,2022-03-08 00:00:00,2022-03-09 00:00:00,2022-03-08 00:00:00,2022-03-14 00:00:00
1000,Cancelamento de pedido,Descrição do problema: cancelamento de pedido. Escola solicita resolução.,solved,urgent,problem,196,196,385,23,falta_material,,35.121.291/6063-26,,,2024-06-29 00:00:00,2024-07-16 00:00:00,2024-07-06 00:00:00,2024-07-05 00:00:00
1001,Cancelamento de pedido,Descrição do problema: cancelamento de pedido. Escola solicita resolução.,open,low,task,141,141,385,,login,,,,,2023-02-03 00:00:00,2023-02-25 00:00:00,,2023-02-04 00:00:00
1002,Erro no sistema,Descrição do problema: erro no sistema. Escola solicita resolução.,pending,normal,task,104,104,421,236,troca senha suporte_técnico login,,,,,2023-11-03 00:00:00,2023-11-28 00:00:00,,2023-11-04 00:00:00
1003,Boleto não recebido,Descrição do problema: boleto não recebido. Escola solicita resolução.,solved,low,problem,123,123,451,108,urgente digital,6,,good,,2025-01-04 00:00:00,2025-01-31 00:00:00,2025-01-06 00:00:00,2025-01-06 00:00:00
1004,Problema de login,Descrição do problema: problema de login. Escola solicita resolução.,closed,high,question,203,203,396,209,atraso,,,,,2023-07-03 00:00:00,2023-07-24 00:00:00,2023-07-07 00:00:00,2023-07-10 00:00:00
1005,Problema de login,Descrição do problema: problema de login. Escola solicita resolução.,pending,high,task,123,123,431,108,suporte_técnico boleto pagamento,,78.049.763/0442-41,,,2022-05-07 00:00:00,2022-05-13 00:00:00,,2022-05-14 00:00:00
1006,Senha não funciona,Descrição do problema: senha não funciona. Escola solicita resolução.,pending,low,incident,188,188,443,81,falta_material atraso material_danificado acesso,759,68.405.000/4397-47,,,2022-09-18 00:00:00,2022-09-26 00:00:00,,2022-09-26 00:00:00
1007,Material danificado,Descrição do problema: material danificado. Escola solicita resolução.,open,high,task,359,359,389,199,cancelamento atraso troca digital,1578,,,,2025-02-10 00:00:00,2025-02-18 00:00:00,,2025-02-17 00:00:00
1008,Material não recebido,Descrição do problema: material não recebido. Escola solicita resolução.,solved,low,task,200,200,471,33,urgente acesso devolução atraso,,,,,2025-01-19 00:00:00,2025-01-28 00:00:00,2025-02-07 00:00:00,2025-01-23 00:00:00
1009,Falta de material,Descrição do problema: falta de material. Escola solicita resolução.,solved,low,incident,124,124,430,37,entrega erro_sistema,,,good,,2022-10-02 00:00:00,2022-10-28 00:00:00,2022-10-16 00:00:00,2022-10-06 00:00:00
1010,Devolução de material,Descrição do problema: devolução de material. Escola solicita resolução.,solved,normal,incident,7,7,428,100,atraso login material_danificado troca,,,good,,2022-07-17 00:00:00,2022-07-27 00:00:00,2022-07-16 00:00:00,2022-07-24 00:00:00
1011,Falta de material,Descrição do problema: falta de material. Escola solicita resolução.,pending,low,task,97,97,404,292,digital acesso,,,,,2025-06-25 00:00:00,2025-07-19 00:00:00,,2025-06-28 00:00:00
1012,Atraso na entrega,Descrição do problema: atraso na entrega. Escola solicita resolução.,new,urgent,incident,146,146,395,177,financeiro acesso boleto,,,,,2024-12-23 00:00:00,2025-01-13 00:00:00,,2024-12-25 00:00:00
1013,Troca de material,Descrição do problema: troca de material. Escola solicita resolução.,closed,high,problem,375,375,435,150,atraso contrato troca,1090,,,,2023-02-23 00:00:00,2023-03-21 00:00:00,2023-02-23 00:00:00,2023-02-24 00:00:00
1014,Material danificado,Descrição do problema: material danificado. Escola solicita resolução.,solved,normal,question,257,257,442,67,entrega erro_sistema,617,5505915978,,,2023-10-09 00:00:00,2023-10-24 00:00:00,2023-10-08 00:00:00,2023-10-11 00:00:00
1015,Troca de material,Descrição do problema: troca de material. Escola solicita resolução.,pending,normal,task,225,225,402,22,atraso troca financeiro,147,1188826308,,,2025-08-14 00:00:00,2025-08-15 00:00:00,,2025-08-19 00:00:00
1016,Atraso na entrega,Descrição do problema: atraso na entrega. Escola solicita resolução.,closed,normal,problem,172,172,448,135,financeiro cancelamento,,84.137.126/2595-06,good,,2023-02-07 00:00:00,2023-03-01 00:00:00,2023-02-07 00:00:00,2023-02-09 00:00:00
1017,Cancelamento de pedido,Descrição do problema: cancelamento de pedido. Escola solicita resolução.,open,urgent,question,314,314,383,78,suporte_técnico material_danificado,,,,,2022-06-29 00:00:00,2022-07-25 00:00:00,,2022-07-02 00:00:00
1018,Falta de material,Descrição do problema: falta de material. Escola solicita resolução.,open,urgent,task,5,5,441,238,cancelamento acesso contrato,476,,,,2025-07-04 00:00:00,2025-07-14 00:00:00,,2025-07-06 00:00:00
1019,Atraso na entrega,Descrição do problema: atraso na entrega. Escola solicita resolução.,pending,urgent,problem,203,203,395,209,atraso financeiro,977,,,,2022-10-30 00:00:00,2022-11-25 00:00:00,,2022-11-02 00:00:00
1020,Boleto não recebido,Descrição do problema: boleto não recebido. Escola solicita resolução.,new,normal,incident,307,307,412,,pagamento troca,,,,,2024-07-20 00:00:00,2024-08-11 00:00:00,,2024-07-26 00:00:00
1021,Acesso à plataforma digital,Descrição do problema: acesso à plataforma digital. Escola solicita resolução.,open,high,question,299,299,474,10,erro_sistema pagamento nota_fiscal,,,,,2023-07-29 00:00:00,2023-08-05 00:00:00,,2023-08-04 00:00:00
1022,Atraso na entrega,Descrição do problema: atraso na entrega. Escola solicita resolução.,pending,high,problem,179,179,404,30,financeiro,,,,,2023-06-02 00:00:00,2023-06-21 00:00:00,,2023-06-08 00:00:00
1023,Falta de material,Descrição do problema: falta de material. Escola solicita resolução.,solved,high,problem,120,120,446,259,financeiro nota_fiscal acesso,201,,good,,2024-08-13 00:00:00,2024-08-12 00:00:00,2024-08-15 00:00:00,2024-08-17 00:00:00
1024,Problema de login,Descrição do problema: problema de login. Escola solicita resolução.,closed,high,incident,193,193,458,234,troca acesso falta_material,694,,good,,2024-02-25 00:00:00,2024-03-20 00:00:00,2024-02-25 00:00:00,2024-02-28 00:00:00
1025,Devolução de material,Descrição do problema: devolução de material. Escola solicita resolução.,new,normal,question,241,241,442,155,senha falta_material urgente,37,,,,2024-07-22 00:00:00,2024-08-07 00:00:00,,2024-07-24 00:00:00
1026,Pagamento duplicado,Descrição do problema: pagamento duplicado. Escola solicita resolução.,closed,normal,problem,72,72,404,166,devolução senha acesso,,,,,2024-07-28 00:00:00,2024-08-25 00:00:00,2024-08-07 00:00:00,2024-08-03 00:00:00
1027,Erro no sistema,Descrição do problema: erro no sistema. Escola solicita resolução.,pending,urgent,problem,218,218,470,222,nota_fiscal erro_sistema urgente,,,,,2023-04-07 00:00:00,2023-05-06 00:00:00,,2023-04-14 00:00:00
1028,Problema de login,Descrição do problema: problema de login. Escola solicita resolução.,closed,urgent,question,61,61,438,164,troca,,,,,2024-07-15 00:00:00,2024-08-10 00:00:00,2024-07-17 00:00:00,2024-07-20 00:00:00
1029,Pagamento duplicado,Descrição do problema: pagamento duplicado. Escola solicita resolução.,new,urgent,problem,54,54,480,5,devolução financeiro entrega,,3850294920,,,2024-06-06 00:00:00,2024-06-19 00:00:00,,2024-06-14 00:00:00
1030,Problema de login,Descrição do problema: problema de login. Escola solicita resolução.,pending,normal,problem,193,193,426,234,plataforma suporte_técnico entrega,,,,,2022-09-14 00:00:00,2022-10-11 00:00:00,,2022-09-19 00:00:00
1031,Falta de material,Descrição do problema: falta de material. Escola solicita resolução.,new,low,question,368,368,409,88,atraso,502,,,,2023-07-25 00:00:00,2023-07-28 00:00:00,,2023-07-30 00:00:00
1032,Nota fiscal com erro,Descrição do problema: nota fiscal com erro. Escola solicita resolução.,open,high,task,108,108,436,244,erro_sistema entrega pagamento,,,,,2022-11-19 00:00:00,2022-11-22 00:00:00,,2022-11-23 00:00:00
1033,Troca de material,Descrição do problema: troca de material. Escola solicita resolução.,pending,low,question,132,132,445,,acesso erro_sistema pagamento,935,48.190.517/6948-77,,,2023-07-10 00:00:00,2023-07-17 00:00:00,,2023-07-12 00:00:00
1034,Suporte técnico - plataforma,Descrição do problema: suporte técnico - plataforma. Escola solicita resolução.,closed,high,task,147,147,390,35,senha,,,good,,2024-09-04 00:00:00,2024-10-04 00:00:00,2024-09-06 00:00:00,2024-09-05 00:00:00
1035,Material não recebido,Descrição do problema: material não recebido. Escola solicita resolução.,pending,normal,incident,331,331,454,253,plataforma,,,,,2022-12-07 00:00:00,2023-01-02 00:00:00,,2022-12-14 00:00:00
1036,Erro no sistema,Descrição do problema: erro no sistema. Escola solicita resolução.,solved,low,problem,13,13,474,210,erro_sistema boleto nota_fiscal atraso,,77.174.157/1579-66,,,2022-10-07 00:00:00,2022-10-12 00:00:00,2022-10-16 00:00:00,2022-10-10 00:00:00
1037,Suporte técnico - plataforma,Descrição do problema: suporte técnico - plataforma. Escola solicita resolução.,closed,high,incident,273,273,425,266,suporte_técnico cancelamento,,,,,2024-01-26 00:00:00,2024-01-27 00:00:00,2024-02-16 00:00:00,2024-01-31 00:00:00
1038,Nota fiscal com erro,Descrição do problema: nota fiscal com erro. Escola solicita resolução.,new,low,problem,192,192,444,193,material_danificado erro_sistema cancelamento senha,287,16.558.759/4738-70,,,2022-09-01 00:00:00,2022-09-19 00:00:00,,2022-09-05 00:00:00
1039,Atraso na entrega,Descrição do problema: atraso na entrega. Escola solicita resolução.,new,normal,incident,303,303,386,264,material_danificado digital devolução,,,,,2022-05-31 00:00:00,2022-06-26 00:00:00,,2022-06-05 00:00:00
1040,Atraso na entrega,Descrição do problema: atraso na entrega. Escola solicita resolução.,solved,high,question,95,95,457,170,pagamento cancelamento entrega nota_fiscal,982,,good,,2025-09-02 00:00:00,2025-09-11 00:00:00,2025-09-02 00:00:00,2025-09-04 00:00:00
1041,Material danificado,Descrição do problema: material danificado. Escola solicita resolução.,closed,high,incident,222,222,408,230,senha boleto material_danificado falta_material,48,,good,,2022-03-10 00:00:00,2022-04-08 00:00:00,2022-03-14 00:00:00,2022-03-15 00:00:00
1042,Material não recebido,Descrição do problema: material não recebido. Escola solicita resolução.,solved,low,problem,194,194,480,282,entrega suporte_técnico financeiro,,,,,2024-08-22 00:00:00,2024-09-20 00:00:00,2024-09-14 00:00:00,2024-08-27 00:00:00
1043,Cancelamento de pedido,Descrição do problema: cancelamento de pedido. Escola solicita resolução.,solved,low,question,333,333,457,73,contrato atraso login,,,,,2022-04-08 00:00:00,2022-04-14 00:00:00,2022-04-24 00:00:00,2022-04-11 00:00:00
1044,Boleto não recebido,Descrição do problema: boleto não recebido. Escola solicita resolução.,solved,urgent,problem,174,174,385,242,boleto,,,good,,2025-06-02 00:00:00,2025-06-28 00:00:00,2025-06-25 00:00:00,2025-06-07 00:00:00
1045,Troca de material,Descrição do problema: troca de material. Escola solicita resolução.,pending,high,task,323,323,383,304,login pagamento cancelamento,,,,,2022-03-03 00:00:00,2022-03-07 00:00:00,,2022-03-05 00:00:00
1046,Nota fiscal com erro,Descrição do problema: nota fiscal com erro. Escola solicita resolução.,closed,low,incident,256,256,414,10,plataforma material_danificado,,16.582.730/8574-55,,,2022-10-12 00:00:00,2022-11-03 00:00:00,2022-10-14 00:00:00,2022-10-15 00:00:00
1047,Pagamento duplicado,Descrição do problema: pagamento duplicado. Escola solicita resolução.,pending,normal,problem,85,85,407,288,suporte_técnico,459,,,,2022-12-14 00:00:00,2022-12-17 00:00:00,,2022-12-14 00:00:00
1048,Erro no sistema,Descrição do problema: erro no sistema. Escola solicita resolução.,new,urgent,problem,279,279,399,263,material_danificado acesso,783,2937086091,,,2022-06-08 00:00:00,2022-06-25 00:00:00,,2022-06-14 00:00:00
1049,Senha não funciona,Descrição do problema: senha não funciona. Escola solicita resolução.,open,urgent,task,248,248,442,266,entrega troca,1043,,,,2023-11-11 00:00:00,2023-11-15 00:00:00,,2023-11-16 00:00:00
1050,Senha não funciona,Descrição do problema: senha não funciona. Escola solicita resolução.,open,low,task,217,217,382,184,senha material_danificado,,,,,2024-04-23 00:00:00,2024-05-01 00:00:00,,2024-04-29 00:00:00
1051,Falta de material,Descrição do problema: falta de material. Escola solicita resolução.,pending,low,task,298,298,454,280,boleto,,,,,2022-05-06 00:00:00,2022-06-02 00:00:00,,2022-05-08 00:00:00
1052,Erro no sistema,Descrição do problema: erro no sistema. Escola solicita resolução.,open,low,question,218,218,381,222,pagamento atraso,,6288466645,,,2022-01-19 00:00:00,2022-02-05 00:00:00,,2022-01-19 00:00:00
1053,Nota fiscal com erro,Descrição do problema: nota fiscal com erro. Escola solicita resolução.,pending,urgent,problem,321,321,385,237,digital devolução,,,,,2022-09-07 00:00:00,2022-10-04 00:00:00,,2022-09-07 00:00:00
1054,Devolução de material,Descrição do problema: devolução de material. Escola solicita resolução.,closed,low,question,51,51,417,33,erro_sistema troca urgente,,,,,2022-10-05 00:00:00,2022-10-19 00:00:00,2022-10-06 00:00:00,2022-10-07 00:00:00
1055,Contrato - dúvida,Descrição do problema: contrato - dúvida. Escola solicita resolução.,solved,normal,problem,252,252,424,208,pagamento financeiro,571,,bad,Problema não resolvido,2025-04-15 00:00:00,2025-04-25 00:00:00,2025-04-16 00:00:00,2025-04-17 00:00:00
1056,Pagamento duplicado,Descrição do problema: pagamento duplicado. Escola solicita resolução.,new,normal,question,106,106,402,188,login suporte_técnico urgente,55,,,,2023-10-05 00:00:00,2023-10-20 00:00:00,,2023-10-08 00:00:00
1057,Falta de material,Descrição do problema: falta de material. Escola solicita resolução.,pending,high,task,269,269,386,77,falta_material contrato,,89.489.467/2470-51,,,2023-06-03 00:00:00,2023-06-07 00:00:00,,2023-06-10 00:00:00
1058,Pagamento duplicado,Descrição do problema: pagamento duplicado. Escola solicita resolução.,new,urgent,problem,349,349,448,274,digital nota_fiscal,,,,,2024-06-17 00:00:00,2024-06-22 00:00:00,,2024-06-19 00:00:00
1059,Nota fiscal com erro,Descrição do problema: nota fiscal com erro. Escola solicita resolução.,closed,urgent,task,228,228,401,241,nota_fiscal login troca,,4915128635,,,2023-01-24 00:00:00,2023-02-08 00:00:00,2023-02-07 00:00:00,2023-01-29 00:00:00
1060,Contrato - dúvida,Descrição do problema: contrato - dúvida. Escola solicita resolução.,open,high,problem,290,290,410,114,troca,1032,,,,2025-06-23 00:00:00,2025-06-30 00:00:00,,2025-06-24 00:00:00
1061,Acesso à plataforma digital,Descrição do problema: acesso à plataforma digital. Escola solicita resolução.,new,high,question,251,251,410,,senha,,41.628.857/4137-73,,,2024-10-13 00:00:00,2024-10-29 00:00:00,,2024-10-18 00:00:00
1062,Erro no sistema,Descrição do problema: erro no sistema. Escola solicita resolução.,pending,normal,task,51,51,417,33,suporte_técnico falta_material,,94.103.518/5554-90,,,2022-06-29 00:00:00,2022-07-18 00:00:00,,2022-07-07 00:00:00
1063,Senha não funciona,Descrição do problema: senha não funciona. Escola solicita resolução.,closed,normal,incident,198,198,466,142,suporte_técnico falta_material erro_sistema,,,,,2025-09-26 00:00:00,2025-09-29 00:00:00,2025-09-28 00:00:00,2025-09-28 00:00:00
1064,Problema de login,Descrição do problema: problema de login. Escola solicita resolução.,open,normal,question,258,258,398,256,atraso suporte_técnico cancelamento,,54.540.409/3708-47,,,2024-03-15 00:00:00,2024-03-21 00:00:00,,2024-03-17 00:00:00
1065,Devolução de material,Descrição do problema: devolução de material. Escola solicita resolução.,solved,normal,task,38,38,409,216,pagamento plataforma urgente digital,14,,,,2022-02-03 00:00:00,2022-02-24 00:00:00,2022-02-10 00:00:00,2022-02-11 00:00:00
1066,Material não recebido,Descrição do problema: material não recebido. Escola solicita resolução.,open,high,task,328,328,407,194,digital,,25.156.345/0108-52,,,2025-06-27 00:00:00,2025-06-27 00:00:00,,2025-06-28 00:00:00
1067,Cancelamento de pedido,Descrição do problema: cancelamento de pedido. Escola solicita resolução.,pending,urgent,problem,205,205,439,93,boleto senha login contrato,,47.927.822/0759-07,,,2024-09-18 00:00:00,2024-09-18 00:00:00,,2024-09-19 00:00:00
1068,Pagamento duplicado,Descrição do problema: pagamento duplicado. Escola solicita resolução.,solved,low,incident,266,266,390,302,falta_material financeiro nota_fiscal,,,good,,2024-03-04 00:00:00,2024-03-31 00:00:00,2024-03-07 00:00:00,2024-03-09 00:00:00
1069,Atraso na entrega,Descrição do problema: atraso na entrega. Escola solicita resolução.,solved,high,task,268,268,414,10,entrega contrato,,,good,,2024-07-29 00:00:00,2024-08-20 00:00:00,2024-08-18 00:00:00,2024-07-31 00:00:00
1070,Material danificado,Descrição do problema: material danificado. Escola solicita resolução.,solved,normal,question,151,151,405,158,digital urgente entrega atraso,1199,,good,,2025-02-19 00:00:00,2025-03-01 00:00:00,2025-02-21 00:00:00,2025-02-23 00:00:00
1071,Devolução de material,Descrição do problema: devolução de material. Escola solicita resolução.,new,low,task,119,119,440,110,devolução financeiro,,,,,2023-07-24 00:00:00,2023-08-02 00:00:00,,2023-07-31 00:00:00
1072,Pagamento duplicado,Descrição do problema: pagamento duplicado. Escola solicita resolução.,new,high,incident,95,95,387,170,login boleto nota_fiscal,,,,,2022-01-17 00:00:00,2022-01-25 00:00:00,,2022-01-23 00:00:00
1073,Troca de material,Descrição do problema: troca de material. Escola solicita resolução.,closed,normal,problem,261,261,389,203,nota_fiscal devolução,,3166516078,bad,Demorou muito,2025-06-07 00:00:00,2025-06-24 00:00:00,2025-06-11 00:00:00,2025-06-14 00:00:00
1074,Contrato - dúvida,Descrição do problema: contrato - dúvida. Escola solicita resolução.,pending,urgent,problem,105,105,407,200,entrega,,,,,2023-10-29 00:00:00,2023-10-31 00:00:00,,2023-11-05 00:00:00
1075,Nota fiscal com erro,Descrição do problema: nota fiscal com erro. Escola solicita resolução.,solved,high,problem,16,16,453,164,entrega material_danificado,,27.797.474/6972-55,,,2022-06-16 00:00:00,2022-06-25 00:00:00,2022-06-20 00:00:00,2022-06-23 00:00:00
1076,Senha não funciona,Descrição do problema: senha não funciona. Escola solicita resolução.,solved,urgent,incident,195,195,440,7,troca contrato,,70.984.589/3009-56,,,2022-12-08 00:00:00,2022-12-17 00:00:00,2022-12-14 00:00:00,2022-12-08 00:00:00
1077,Atraso na entrega,Descrição do problema: atraso na entrega. Escola solicita resolução.,open,high,incident,222,222,448,230,entrega acesso,1601,,,,2024-09-02 00:00:00,2024-09-16 00:00:00,,2024-09-09 00:00:00
1078,Contrato - dúvida,Descrição do problema: contrato - dúvida. Escola solicita resolução.,solved,low,task,184,184,476,170,cancelamento pagamento,482,,bad,,2024-12-01 00:00:00,2024-12-09 00:00:00,2024-12-18 00:00:00,2024-12-08 00:00:00
1079,Nota fiscal com erro,Descrição do problema: nota fiscal com erro. Escola solicita resolução.,solved,low,incident,334,334,460,29,financeiro digital urgente,,,,,2023-08-11 00:00:00,2023-08-22 00:00:00,2023-08-27 00:00:00,2023-08-17 00:00:00
1080,Senha não funciona,Descrição do problema: senha não funciona. Escola solicita resolução.,pending,high,task,267,267,451,292,nota_fiscal,,80.116.218/7888-17,,,2025-10-08 00:00:00,2025-10-29 00:00:00,,2025-10-16 00:00:00
1081,Problema de login,Descrição do problema: problema de login. Escola solicita resolução.,closed,urgent,task,318,318,473,,falta_material acesso,,6819938096,good,,2023-07-26 00:00:00,2023-08-09 00:00:00,2023-08-09 00:00:00,2023-07-29 00:00:00
1082,Material danificado,Descrição do problema: material danificado. Escola solicita resolução.,closed,low,question,360,360,426,55,login entrega,1125,,,,2022-12-24 00:00:00,2023-01-23 00:00:00,2022-12-28 00:00:00,2022-12-27 00:00:00
1083,Boleto não recebido,Descrição do problema: boleto não recebido. Escola solicita resolução.,closed,normal,incident,166,166,417,21,urgente boleto acesso,9,,good,,2023-06-06 00:00:00,2023-06-13 00:00:00,2023-06-08 00:00:00,2023-06-09 00:00:00
1084,Pagamento duplicado,Descrição do problema: pagamento duplicado. Escola solicita resolução.,pending,normal,task,18,18,409,,erro_sistema pagamento financeiro,,32.670.330/8780-91,,,2022-09-22 00:00:00,2022-10-02 00:00:00,,2022-09-25 00:00:00
1085,Material não recebido,Descrição do problema: material não recebido. Escola solicita resolução.,new,high,task,176,176,413,267,material_danificado plataforma boleto,38,,,,2024-02-22 00:00:00,2024-03-08 00:00:00,,2024-02-25 00:00:00
1086,Suporte técnico - plataforma,Descrição do problema: suporte técnico - plataforma. Escola solicita resolução.,new,normal,incident,261,261,389,203,erro_sistema cancelamento material_danificado pagamento,,95.845.906/5090-45,,,2022-07-25 00:00:00,2022-08-07 00:00:00,,2022-07-26 00:00:00
1087,Problema de login,Descrição do problema: problema de login. Escola solicita resolução.,pending,urgent,question,18,18,393,,devolução material_danificado,408,,,,2024-03-10 00:00:00,2024-03-13 00:00:00,,2024-03-12 00:00:00
1088,Erro no sistema,Descrição do problema: erro no sistema. Escola solicita resolução.,pending,urgent,problem,10,10,473,112,falta_material devolução login material_danificado,,,,,2022-05-25 00:00:00,2022-05-24 00:00:00,,2022-05-25 00:00:00
1089,Atraso na entrega,Descrição do problema: atraso na entrega. Escola solicita resolução.,closed,urgent,question,133,133,389,219,entrega contrato pagamento,,,,,2023-01-07 00:00:00,2023-01-20 00:00:00,2023-01-06 00:00:00,2023-01-09 00:00:00
1090,Boleto não recebido,Descrição do problema: boleto não recebido. Escola solicita resolução.,open,urgent,problem,323,323,453,304,pagamento suporte_técnico plataforma,233,44.633.098/7173-65,,,2025-12-20 00:00:00,2026-01-04 00:00:00,,2025-12-22 00:00:00
1091,Acesso à plataforma digital,Descrição do problema: acesso à plataforma digital. Escola solicita resolução.,solved,urgent,problem,302,302,386,34,plataforma atraso urgente troca,627,,good,,2025-02-25 00:00:00,2025-03-24 00:00:00,2025-02-26 00:00:00,2025-02-27 00:00:00
1092,Troca de material,Descrição do problema: troca de material. Escola solicita resolução.,new,normal,problem,7,7,385,100,erro_sistema,,,,,2023-08-11 00:00:00,2023-08-21 00:00:00,,2023-08-14 00:00:00
1093,Nota fiscal com erro,Descrição do problema: nota fiscal com erro. Escola solicita resolução.,solved,normal,question,259,259,440,149,entrega falta_material digital,526,,good,,2023-05-02 00:00:00,2023-06-01 00:00:00,2023-05-05 00:00:00,2023-05-10 00:00:00
1094,Troca de material,Descrição do problema: troca de material. Escola solicita resolução.,closed,high,problem,9,9,442,14,nota_fiscal,,3550468075,,,2024-12-16 00:00:00,2024-12-27 00:00:00,2025-01-03 00:00:00,2024-12-24 00:00:00
1095,Atraso na entrega,Descrição do problema: atraso na entrega. Escola solicita resolução.,pending,low,task,116,116,460,77,erro_sistema nota_fiscal atraso acesso,182,,,,2022-03-31 00:00:00,2022-04-15 00:00:00,,2022-04-04 00:00:00
1096,Acesso à plataforma digital,Descrição do problema: acesso à plataforma digital. Escola solicita resolução.,solved,normal,incident,158,158,410,121,nota_fiscal entrega,,97.324.370/5295-43,good,,2025-05-25 00:00:00,2025-05-27 00:00:00,2025-05-25 00:00:00,2025-05-31 00:00:00
1097,Senha não funciona,Descrição do problema: senha não funciona. Escola solicita resolução.,new,normal,question,295,295,443,260,falta_material atraso acesso,,12.391.745/5218-25,,,2025-07-22 00:00:00,2025-08-18 00:00:00,,2025-07-23 00:00:00
1098,Cancelamento de pedido,Descrição do problema: cancelamento de pedido. Escola solicita resolução.,new,high,question,135,135,458,236,atraso plataforma,407,23.857.975/7775-95,,,2023-08-27 00:00:00,2023-09-05 00:00:00,,2023-09-03 00:00:00
1099,Material danificado,Descrição do problema: material danificado. Escola solicita resolução.,solved,high,incident,306,306,415,29,erro_sistema contrato falta_material,,62.337.480/3640-56,,,2025-09-29 00:00:00,2025-10-14 00:00:00,2025-10-05 00:00:00,2025-10-05 00:00:00
1100,Pagamento duplicado,Descrição do problema: pagamento duplicado. Escola solicita resolução.,new,normal,incident,315,315,453,132,entrega pagamento nota_fiscal,,,,,2024-05-04 00:00:00,2024-06-03 00:00:00,,2024-05-09 00:00:00
1101,Acesso à plataforma digital,Descrição do problema: acesso à plataforma digital. Escola solicita resolução.,open,urgent,task,369,369,404,27,troca,,,,,2023-11-24 00:00:00,2023-11-30 00:00:00,,2023-11-25 00:00:00
1102,Troca de material,Descrição do problema: troca de material. Escola solicita resolução.,pending,high,incident,46,46,391,144,login material_danificado,,,,,2023-05-10 00:00:00,2023-05-25 00:00:00,,2023-05-16 00:00:00
1103,Nota fiscal com erro,Descrição do problema: nota fiscal com erro. Escola solicita resolução.,pending,high,incident,5,5,386,238,digital plataforma senha,,,,,2024-03-08 00:00:00,2024-03-21 00:00:00,,2024-03-14 00:00:00
1104,Troca de material,Descrição do problema: troca de material. Escola solicita resolução.,pending,high,incident,301,301,381,105,pagamento acesso financeiro nota_fiscal,,39.556.984/2289-59,,,2024-12-05 00:00:00,2024-12-12 00:00:00,,2024-12-09 00:00:00
1105,Atraso na entrega,Descrição do problema: atraso na entrega. Escola solicita resolução.,solved,high,task,302,302,423,34,nota_fiscal,1129,,,,2024-09-18 00:00:00,2024-09-22 00:00:00,2024-09-21 00:00:00,2024-09-20 00:00:00
1106,Senha não funciona,Descrição do problema: senha não funciona. Escola solicita resolução.,new,normal,problem,67,67,396,28,digital,,,,,2024-12-04 00:00:00,2024-12-09 00:00:00,,2024-12-05 00:00:00
1107,Nota fiscal com erro,Descrição do problema: nota fiscal com erro. Escola solicita resolução.,new,high,question,91,91,403,304,digital urgente suporte_técnico,,,,,2022-02-25 00:00:00,2022-03-12 00:00:00,,2022-03-01 00:00:00
1108,Suporte técnico - plataforma,Descrição do problema: suporte técnico - plataforma. Escola solicita resolução.,solved,urgent,question,245,245,427,119,financeiro,624,,good,,2025-04-27 00:00:00,2025-05-20 00:00:00,2025-04-26 00:00:00,2025-05-03 00:00:00
1109,Boleto não recebido,Descrição do problema: boleto não recebido. Escola solicita resolução.,pending,normal,incident,202,202,410,234,entrega,64,,,,2025-11-12 00:00:00,2025-11-17 00:00:00,,2025-11-18 00:00:00
1110,Problema de login,Descrição do problema: problema de login. Escola solicita resolução.,pending,low,incident,282,282,475,130,falta_material digital,,88.559.549/4906-04,,,2023-01-28 00:00:00,2023-02-09 00:00:00,,2023-02-04 00:00:00
1111,Boleto não recebido,Descrição do problema: boleto não recebido. Escola solicita resolução.,open,high,problem,203,203,467,209,senha falta_material,,,,,2022-09-04 00:00:00,2022-09-06 00:00:00,,2022-09-04 00:00:00
1112,Boleto não recebido,Descrição do problema: boleto não recebido. Escola solicita resolução.,new,high,question,22,22,394,163,troca entrega nota_fiscal,,,,,2023-08-02 00:00:00,2023-08-11 00:00:00,,2023-08-09 00:00:00
1113,Atraso na entrega,Descrição do problema: atraso na entrega. Escola solicita resolução.,closed,urgent,task,155,155,389,214,atraso senha,494,84.353.882/5463-10,,,2023-01-27 00:00:00,2023-02-03 00:00:00,2023-02-05 00:00:00,2023-01-28 00:00:00
1114,Atraso na entrega,Descrição do problema: atraso na entrega. Escola solicita resolução.,pending,normal,incident,221,221,466,113,urgente login,,,,,2025-01-21 00:00:00,2025-01-21 00:00:00,,2025-01-25 00:00:00
1115,Material danificado,Descrição do problema: material danificado. Escola solicita resolução.,solved,high,problem,71,71,396,95,suporte_técnico entrega,,,,,2024-04-20 00:00:00,2024-05-05 00:00:00,2024-04-24 00:00:00,2024-04-21 00:00:00
1116,Suporte técnico - plataforma,Descrição do problema: suporte técnico - plataforma. Escola solicita resolução.,new,high,task,335,335,391,14,acesso suporte_técnico financeiro devolução,124,14.215.684/4153-98,,,2025-04-09 00:00:00,2025-04-25 00:00:00,,2025-04-12 00:00:00
1117,Pagamento duplicado,Descrição do problema: pagamento duplicado. Escola solicita resolução.,solved,normal,incident,317,317,437,275,falta_material digital senha troca,,,bad,Tive que abrir outro ticket,2024-10-31 00:00:00,2024-11-25 00:00:00,2024-11-06 00:00:00,2024-11-08 00:00:00
1118,Contrato - dúvida,Descrição do problema: contrato - dúvida. Escola solicita resolução.,open,high,incident,58,58,382,263,suporte_técnico plataforma boleto,64,,,,2022-05-19 00:00:00,2022-05-29 00:00:00,,2022-05-26 00:00:00
1119,Atraso na entrega,Descrição do problema: atraso na entrega. Escola solicita resolução.,new,normal,problem,225,225,427,22,atraso erro_sistema financeiro suporte_técnico,,20.682.173/3615-03,,,2023-11-28 00:00:00,2023-12-17 00:00:00,,2023-11-30 00:00:00
1120,Devolução de material,Descrição do problema: devolução de material. Escola solicita resolução.,pending,low,task,94,94,422,9,erro_sistema material_danificado falta_material,478,59.524.455/8058-05,,,2022-05-04 00:00:00,2022-05-26 00:00:00,,2022-05-09 00:00:00
1121,Atraso na entrega,Descrição do problema: atraso na entrega. Escola solicita resolução.,solved,normal,problem,58,58,423,263,devolução suporte_técnico atraso nota_fiscal,,,,,2022-04-24 00:00:00,2022-05-19 00:00:00,2022-04-23 00:00:00,2022-04-27 00:00:00
1122,Erro no sistema,Descrição do problema: erro no sistema. Escola solicita resolução.,closed,normal,task,284,284,416,152,digital atraso entrega,,,good,,2024-06-14 00:00:00,2024-06-30 00:00:00,2024-06-24 00:00:00,2024-06-22 00:00:00
1123,Material não recebido,Descrição do problema: material não recebido. Escola solicita resolução.,new,urgent,problem,2,2,415,270,plataforma troca,,,,,2025-07-04 00:00:00,2025-07-30 00:00:00,,2025-07-08 00:00:00
1124,Cancelamento de pedido,Descrição do problema: cancelamento de pedido. Escola solicita resolução.,closed,urgent,incident,288,288,408,262,erro_sistema atraso nota_fiscal financeiro,,,,,2024-02-26 00:00:00,2024-03-10 00:00:00,2024-03-07 00:00:00,2024-02-29 00:00:00
1125,Cancelamento de pedido,Descrição do problema: cancelamento de pedido. Escola solicita resolução.,open,urgent,task,71,71,441,95,nota_fiscal material_danificado acesso falta_material,401,32.345.038/5545-66,,,2025-02-04 00:00:00,2025-03-02 00:00:00,,2025-02-10 00:00:00
1126,Erro no sistema,Descrição do problema: erro no sistema. Escola solicita resolução.,solved,low,task,316,316,393,132,contrato suporte_técnico login,,,bad,Atendimento ruim,2024-07-21 00:00:00,2024-07-30 00:00:00,2024-07-24 00:00:00,2024-07-25 00:00:00
1127,Contrato - dúvida,Descrição do problema: contrato - dúvida. Escola solicita resolução.,solved,normal,question,346,346,402,,erro_sistema,1090,,good,,2022-11-24 00:00:00,2022-11-26 00:00:00,2022-11-25 00:00:00,2022-11-25 00:00:00
1128,Pagamento duplicado,Descrição do problema: pagamento duplicado. Escola solicita resolução.,open,low,problem,146,146,424,177,erro_sistema contrato,,6928842871,,,2022-09-29 00:00:00,2022-10-15 00:00:00,,2022-10-02 00:00:00
1129,Problema de login,Descrição do problema: problema de login. Escola solicita resolução.,open,normal,incident,357,357,388,175,financeiro entrega senha,,8470722530,,,2024-07-12 00:00:00,2024-07-19 00:00:00,,2024-07-19 00:00:00
1130,Troca de material,Descrição do problema: troca de material. Escola solicita resolução.,solved,normal,question,373,373,406,131,urgente,,0904154245,good,,2023-11-21 00:00:00,2023-12-17 00:00:00,2023-12-12 00:00:00,2023-11-26 00:00:00
1131,Nota fiscal com erro,Descrição do problema: nota fiscal com erro. Escola solicita resolução.,open,low,question,262,262,386,196,atraso suporte_técnico,,,,,2022-06-09 00:00:00,2022-06-26 00:00:00,,2022-06-15 00:00:00
1132,Contrato - dúvida,Descrição do problema: contrato - dúvida. Escola solicita resolução.,solved,normal,task,104,104,437,236,urgente cancelamento,,,,,2022-04-12 00:00:00,2022-04-30 00:00:00,2022-04-14 00:00:00,2022-04-20 00:00:00
1133,Troca de material,Descrição do problema: troca de material. Escola solicita resolução.,solved,high,incident,355,355,456,54,digital senha erro_sistema boleto,,9158356938,good,,2024-04-15 00:00:00,2024-05-01 00:00:00,2024-04-17 00:00:00,2024-04-16 00:00:00
1134,Pagamento duplicado,Descrição do problema: pagamento duplicado. Escola solicita resolução.,pending,high,question,377,377,462,141,contrato acesso financeiro,,,,,2024-10-18 00:00:00,2024-10-19 00:00:00,,2024-10-21 00:00:00
1135,Cancelamento de pedido,Descrição do problema: cancelamento de pedido. Escola solicita resolução.,open,high,question,264,264,400,271,urgente senha plataforma,,,,,2024-02-01 00:00:00,2024-02-28 00:00:00,,2024-02-06 00:00:00
1136,Problema de login,Descrição do problema: problema de login. Escola solicita resolução.,closed,high,incident,374,374,471,276,suporte_técnico,951,,good,,2023-01-24 00:00:00,2023-02-02 00:00:00,2023-02-08 00:00:00,2023-01-27 00:00:00
1137,Erro no sistema,Descrição do problema: erro no sistema. Escola solicita resolução.,new,normal,question,165,165,423,145,suporte_técnico urgente nota_fiscal acesso,,,,,2022-02-28 00:00:00,2022-03-16 00:00:00,,2022-03-03 00:00:00
1138,Falta de material,Descrição do problema: falta de material. Escola solicita resolução.,new,urgent,problem,172,172,477,135,financeiro boleto erro_sistema nota_fiscal,,,,,2023-12-09 00:00:00,2023-12-17 00:00:00,,2023-12-16 00:00:00
1139,Problema de login,Descrição do problema: problema de login. Escola solicita resolução.,pending,urgent,incident,365,365,463,268,boleto troca login,,35.160.910/7772-66,,,2025-04-15 00:00:00,2025-05-12 00:00:00,,2025-04-17 00:00:00
1140,Contrato - dúvida,Descrição do problema: contrato - dúvida. Escola solicita resolução.,closed,urgent,question,233,233,455,134,entrega,23,,,,2024-08-26 00:00:00,2024-09-11 00:00:00,2024-09-20 00:00:00,2024-08-29 00:00:00
1141,Atraso na entrega,Descrição do problema: atraso na entrega. Escola solicita resolução.,new,normal,question,71,71,477,95,troca digital entrega,,,,,2023-06-21 00:00:00,2023-07-04 00:00:00,,2023-06-24 00:00:00
1142,Nota fiscal com erro,Descrição do problema: nota fiscal com erro. Escola solicita resolução.,solved,high,task,244,244,480,28,erro_sistema,707,08.465.574/3817-84,bad,Problema não resolvido,2023-09-13 00:00:00,2023-09-21 00:00:00,2023-09-18 00:00:00,2023-09-15 00:00:00
1143,Devolução de material,Descrição do problema: devolução de material. Escola solicita resolução.,closed,high,task,266,266,389,302,atraso acesso boleto,400,,good,,2022-12-27 00:00:00,2023-01-24 00:00:00,2023-01-05 00:00:00,2022-12-29 00:00:00
1144,Acesso à plataforma digital,Descrição do problema: acesso à plataforma digital. Escola solicita resolução.,solved,high,problem,292,292,382,62,login entrega contrato,,,,,2023-09-20 00:00:00,2023-10-12 00:00:00,2023-10-13 00:00:00,2023-09-23 00:00:00
1145,Material danificado,Descrição do problema: material danificado. Escola solicita resolução.,new,normal,incident,368,368,462,88,acesso troca,,58.842.256/8058-55,,,2025-05-16 00:00:00,2025-06-13 00:00:00,,2025-05-22 00:00:00
1146,Pagamento duplicado,Descrição do problema: pagamento duplicado. Escola solicita resolução.,new,high,question,361,361,413,161,pagamento digital falta_material senha,,,,,2024-11-11 00:00:00,2024-11-29 00:00:00,,2024-11-17 00:00:00
1147,Cancelamento de pedido,Descrição do problema: cancelamento de pedido. Escola solicita resolução.,new,low,task,85,85,425,288,troca urgente contrato digital,,,,,2023-11-23 00:00:00,2023-12-04 00:00:00,,2023-11-26 00:00:00
1148,Atraso na entrega,Descrição do problema: atraso na entrega. Escola solicita resolução.,pending,urgent,problem,305,305,458,39,boleto,,,,,2022-02-16 00:00:00,2022-03-15 00:00:00,,2022-02-20 00:00:00
1149,Acesso à plataforma digital,Descrição do problema: acesso à plataforma digital. Escola solicita resolução.,closed,urgent,problem,282,282,459,130,atraso urgente digital,879,,,,2022-12-07 00:00:00,2022-12-07 00:00:00,2022-12-08 00:00:00,2022-12-08 00:00:00
1150,Devolução de material,Descrição do problema: devolução de material. Escola solicita resolução.,closed,urgent,task,308,308,441,230,nota_fiscal acesso,763,,,,2024-04-25 00:00:00,2024-04-28 00:00:00,2024-05-08 00:00:00,2024-04-28 00:00:00
1151,Troca de material,Descrição do problema: troca de material. Escola solicita resolução.,open,high,question,239,239,404,2,nota_fiscal,,,,,2025-04-19 00:00:00,2025-04-28 00:00:00,,2025-04-22 00:00:00
1152,Troca de material,Descrição do problema: troca de material. Escola solicita resolução.,closed,high,incident,332,332,458,301,troca erro_sistema,,18.539.450/3274-53,,,2022-02-27 00:00:00,2022-03-21 00:00:00,2022-03-19 00:00:00,2022-02-28 00:00:00
1153,Atraso na entrega,Descrição do problema: atraso na entrega. Escola solicita resolução.,new,low,problem,312,312,430,258,erro_sistema,,,,,2022-05-24 00:00:00,2022-06-22 00:00:00,,2022-05-28 00:00:00
1154,Problema de login,Descrição do problema: problema de login. Escola solicita resolução.,solved,high,question,331,331,427,253,login,1035,,good,,2024-04-06 00:00:00,2024-04-23 00:00:00,2024-04-11 00:00:00,2024-04-08 00:00:00
1155,Acesso à plataforma digital,Descrição do problema: acesso à plataforma digital. Escola solicita resolução.,solved,low,question,238,238,390,307,boleto,,,good,,2023-06-21 00:00:00,2023-06-28 00:00:00,2023-07-13 00:00:00,2023-06-26 00:00:00
1156,Pagamento duplicado,Descrição do problema: pagamento duplicado. Escola solicita resolução.,new,low,question,100,100,410,266,plataforma,,,,,2023-12-17 00:00:00,2023-12-18 00:00:00,,2023-12-19 00:00:00
1157,Pagamento duplicado,Descrição do problema: pagamento duplicado. Escola solicita resolução.,open,normal,problem,278,278,417,202,erro_sistema,,17.998.002/1255-53,,,2022-09-21 00:00:00,2022-10-06 00:00:00,,2022-09-24 00:00:00
1158,Problema de login,Descrição do problema: problema de login. Escola solicita resolução.,new,high,problem,82,82,384,145,cancelamento,,37.981.899/9672-35,,,2025-04-19 00:00:00,2025-05-04 00:00:00,,2025-04-25 00:00:00
1159,Material danificado,Descrição do problema: material danificado. Escola solicita resolução.,closed,low,incident,247,247,438,299,nota_fiscal boleto troca,279,54.119.041/3423-87,good,,2024-04-29 00:00:00,2024-05-03 00:00:00,2024-05-02 00:00:00,2024-05-03 00:00:00
1160,Acesso à plataforma digital,Descrição do problema: acesso à plataforma digital. Escola solicita resolução.,closed,high,incident,99,99,455,92,atraso troca,,05.990.067/8478-62,good,,2024-10-25 00:00:00,2024-11-10 00:00:00,2024-11-04 00:00:00,2024-10-28 00:00:00
1161,Acesso à plataforma digital,Descrição do problema: acesso à plataforma digital. Escola solicita resolução.,closed,high,task,14,14,457,78,cancelamento troca atraso contrato,1029,3528324835,,,2025-01-08 00:00:00,2025-02-04 00:00:00,2025-01-24 00:00:00,2025-01-14 00:00:00
1162,Pagamento duplicado,Descrição do problema: pagamento duplicado. Escola solicita resolução.,solved,urgent,question,297,297,449,160,login material_danificado urgente falta_material,,26.929.362/7197-07,good,,2022-07-11 00:00:00,2022-07-22 00:00:00,2022-07-13 00:00:00,2022-07-18 00:00:00
1163,Pagamento duplicado,Descrição do problema: pagamento duplicado. Escola solicita resolução.,open,urgent,question,328,328,421,194,login material_danificado cancelamento,251,,,,2024-07-09 00:00:00,2024-07-12 00:00:00,,2024-07-13 00:00:00
1164,Problema de login,Descrição do problema: problema de login. Escola solicita resolução.,closed,high,question,128,128,398,296,suporte_técnico troca nota_fiscal,387,,good,,2022-05-22 00:00:00,2022-06-10 00:00:00,2022-05-30 00:00:00,2022-05-24 00:00:00
1165,Boleto não recebido,Descrição do problema: boleto não recebido. Escola solicita resolução.,new,normal,problem,24,24,477,,erro_sistema,,5274299685,,,2025-02-24 00:00:00,2025-03-15 00:00:00,,2025-02-26 00:00:00
1166,Cancelamento de pedido,Descrição do problema: cancelamento de pedido. Escola solicita resolução.,new,normal,question,253,253,449,88,acesso entrega boleto,,,,,2024-05-04 00:00:00,2024-05-27 00:00:00,,2024-05-06 00:00:00
1167,Nota fiscal com erro,Descrição do problema: nota fiscal com erro. Escola solicita resolução.,new,urgent,task,100,100,390,266,nota_fiscal falta_material erro_sistema acesso,,,,,2024-04-22 00:00:00,2024-05-02 00:00:00,,2024-04-26 00:00:00
1168,Troca de material,Descrição do problema: troca de material. Escola solicita resolução.,pending,urgent,problem,2,2,432,270,contrato,312,,,,2025-08-15 00:00:00,2025-08-29 00:00:00,,2025-08-21 00:00:00
1169,Devolução de material,Descrição do problema: devolução de material. Escola solicita resolução.,open,low,question,91,91,473,304,contrato,,,,,2025-06-04 00:00:00,2025-06-13 00:00:00,,2025-06-10 00:00:00
1170,Nota fiscal com erro,Descrição do problema: nota fiscal com erro. Escola solicita resolução.,pending,high,question,305,305,383,39,falta_material contrato plataforma,,50.156.603/9648-92,,,2022-09-14 00:00:00,2022-10-13 00:00:00,,2022-09-15 00:00:00
1171,Senha não funciona,Descrição do problema: senha não funciona. Escola solicita resolução.,pending,low,task,35,35,464,129,troca cancelamento boleto plataforma,661,,,,2024-03-17 00:00:00,2024-04-15 00:00:00,,2024-03-24 00:00:00
1172,Devolução de material,Descrição do problema: devolução de material. Escola solicita resolução.,closed,high,task,314,314,441,78,suporte_técnico digital troca senha,,07.092.142/4350-00,good,,2025-05-20 00:00:00,2025-05-25 00:00:00,2025-05-28 00:00:00,2025-05-21 00:00:00
1173,Erro no sistema,Descrição do problema: erro no sistema. Escola solicita resolução.,solved,normal,question,181,181,411,157,erro_sistema falta_material boleto contrato,,,,,2024-03-02 00:00:00,2024-03-20 00:00:00,2024-03-03 00:00:00,2024-03-09 00:00:00
1174,Suporte técnico - plataforma,Descrição do problema: suporte técnico - plataforma. Escola solicita resolução.,open,high,task,209,209,390,20,senha digital pagamento,461,,,,2025-10-20 00:00:00,2025-11-08 00:00:00,,2025-10-26 00:00:00
1175,Contrato - dúvida,Descrição do problema: contrato - dúvida. Escola solicita resolução.,pending,urgent,task,60,60,420,,cancelamento erro_sistema falta_material acesso,,,,,2025-10-01 00:00:00,2025-10-25 00:00:00,,2025-10-07 00:00:00
1176,Material danificado,Descrição do problema: material danificado. Escola solicita resolução.,solved,low,question,242,242,459,291,material_danificado,,,,,2024-06-23 00:00:00,2024-07-06 00:00:00,2024-06-22 00:00:00,2024-06-26 00:00:00
1177,Falta de material,Descrição do problema: falta de material. Escola solicita resolução.,solved,normal,question,139,139,421,34,financeiro,191,,good,,2022-05-15 00:00:00,2022-05-14 00:00:00,2022-05-30 00:00:00,2022-05-15 00:00:00
1178,Troca de material,Descrição do problema: troca de material. Escola solicita resolução.,open,low,incident,210,210,451,116,falta_material suporte_técnico devolução senha,690,,,,2023-02-18 00:00:00,2023-03-04 00:00:00,,2023-02-20 00:00:00
1179,Atraso na entrega,Descrição do problema: atraso na entrega. Escola solicita resolução.,open,normal,problem,244,244,459,28,nota_fiscal digital suporte_técnico,,,,,2024-06-24 00:00:00,2024-07-21 00:00:00,,2024-06-30 00:00:00
1180,Senha não funciona,Descrição do problema: senha não funciona. Escola solicita resolução.,new,normal,incident,171,171,444,83,senha,252,62.730.109/4348-99,,,2025-01-04 00:00:00,2025-01-05 00:00:00,,2025-01-05 00:00:00
1181,Cancelamento de pedido,Descrição do problema: cancelamento de pedido. Escola solicita resolução.,solved,low,incident,144,144,444,293,falta_material material_danificado,,,,,2022-10-31 00:00:00,2022-11-13 00:00:00,2022-11-14 00:00:00,2022-11-08 00:00:00
1182,Cancelamento de pedido,Descrição do problema: cancelamento de pedido. Escola solicita resolução.,closed,high,task,177,177,435,189,nota_fiscal,,24.998.520/6740-97,good,,2023-01-16 00:00:00,2023-02-06 00:00:00,2023-01-31 00:00:00,2023-01-18 00:00:00
1183,Acesso à plataforma digital,Descrição do problema: acesso à plataforma digital. Escola solicita resolução.,closed,high,problem,152,152,412,12,atraso cancelamento,,98.775.521/2156-33,good,,2025-12-14 00:00:00,2026-01-04 00:00:00,2026-01-01 00:00:00,2025-12-20 00:00:00
1184,Suporte técnico - plataforma,Descrição do problema: suporte técnico - plataforma. Escola solicita resolução.,pending,high,incident,148,148,388,230,digital,,51.509.405/9029-01,,,2024-09-13 00:00:00,2024-09-30 00:00:00,,2024-09-19 00:00:00
1185,Senha não funciona,Descrição do problema: senha não funciona. Escola solicita resolução.,closed,low,question,42,42,430,,falta_material entrega boleto,,,good,,2024-05-10 00:00:00,2024-06-06 00:00:00,2024-05-23 00:00:00,2024-05-15 00:00:00
1186,Falta de material,Descrição do problema: falta de material. Escola solicita resolução.,closed,low,problem,224,224,445,232,cancelamento erro_sistema entrega boleto,,,,,2025-02-06 00:00:00,2025-02-28 00:00:00,2025-02-09 00:00:00,2025-02-08 00:00:00
1187,Erro no sistema,Descrição do problema: erro no sistema. Escola solicita resolução.,closed,high,incident,332,332,440,301,nota_fiscal,1143,55.782.922/1731-13,good,,2025-11-17 00:00:00,2025-11-24 00:00:00,2025-11-16 00:00:00,2025-11-18 00:00:00
1188,Material danificado,Descrição do problema: material danificado. Escola solicita resolução.,open,low,question,161,161,448,73,pagamento,,,,,2024-11-27 00:00:00,2024-11-28 00:00:00,,2024-12-03 00:00:00
1189,Nota fiscal com erro,Descrição do problema: nota fiscal com erro. Escola solicita resolução.,solved,low,incident,302,302,433,34,suporte_técnico financeiro,,,good,,2023-07-01 00:00:00,2023-07-06 00:00:00,2023-07-05 00:00:00,2023-07-08 00:00:00
1190,Suporte técnico - plataforma,Descrição do problema: suporte técnico - plataforma. Escola solicita resolução.,open,urgent,question,248,248,451,266,troca digital financeiro pagamento,,64.610.604/6621-00,,,2022-11-29 00:00:00,2022-12-28 00:00:00,,2022-12-04 00:00:00
1191,Senha não funciona,Descrição do problema: senha não funciona. Escola solicita resolução.,closed,urgent,problem,228,228,459,241,financeiro,,,good,,2025-12-10 00:00:00,2025-12-22 00:00:00,2025-12-12 00:00:00,2025-12-10 00:00:00
1192,Material não recebido,Descrição do problema: material não recebido. Escola solicita resolução.,pending,low,question,280,280,419,130,acesso nota_fiscal pagamento urgente,,,,,2022-05-03 00:00:00,2022-05-13 00:00:00,,2022-05-06 00:00:00
1193,Senha não funciona,Descrição do problema: senha não funciona. Escola solicita resolução.,closed,normal,incident,379,379,412,288,senha financeiro,,,,,2024-08-21 00:00:00,2024-08-23 00:00:00,2024-09-07 00:00:00,2024-08-28 00:00:00
1194,Material não recebido,Descrição do problema: material não recebido. Escola solicita resolução.,solved,normal,task,73,73,381,201,contrato falta_material,,,good,,2025-09-16 00:00:00,2025-09-30 00:00:00,2025-09-21 00:00:00,2025-09-17 00:00:00
1195,Boleto não recebido,Descrição do problema: boleto não recebido. Escola solicita resolução.,pending,low,incident,286,286,440,157,cancelamento,,,,,2023-12-04 00:00:00,2023-12-21 00:00:00,,2023-12-11 00:00:00
1196,Material danificado,Descrição do problema: material danificado. Escola solicita resolução.,pending,urgent,question,191,191,478,156,plataforma material_danificado cancelamento login,184,45.582.050/4077-94,,,2023-05-19 00:00:00,2023-05-19 00:00:00,,2023-05-23 00:00:00
1197,Senha não funciona,Descrição do problema: senha não funciona. Escola solicita resolução.,open,normal,incident,7,7,413,100,material_danificado senha,797,,,,2024-06-19 00:00:00,2024-06-27 00:00:00,,2024-06-21 00:00:00
1198,Material danificado,Descrição do problema: material danificado. Escola solicita resolução.,closed,high,incident,117,117,447,,material_danificado atraso acesso entrega,1452,84.479.583/7899-39,good,,2022-12-02 00:00:00,2022-12-05 00:00:00,2022-12-27 00:00:00,2022-12-07 00:00:00
1199,Senha não funciona,Descrição do problema: senha não funciona. Escola solicita resolução.,pending,urgent,problem,36,36,438,284,atraso login material_danificado contrato,,,,,2024-07-23 00:00:00,2024-08-14 00:00:00,,2024-07-29 00:00:00
1200,Problema de login,Descrição do problema: problema de login. Escola solicita resolução.,solved,low,problem,15,15,462,248,entrega falta_material,,,good,,2023-11-15 00:00:00,2023-12-04 00:00:00,2023-11-15 00:00:00,2023-11-19 00:00:00
1201,Problema de login,Descrição do problema: problema de login. Escola solicita resolução.,solved,low,problem,81,81,446,173,contrato devolução,,,,,2025-10-01 00:00:00,2025-10-28 00:00:00,2025-10-07 00:00:00,2025-10-03 00:00:00
1202,Material não recebido,Descrição do problema: material não recebido. Escola solicita resolução.,new,normal,task,170,170,438,90,senha entrega urgente falta_material,300,96.433.552/9462-63,,,2025-08-29 00:00:00,2025-09-22 00:00:00,,2025-08-30 00:00:00
1203,Suporte técnico - plataforma,Descrição do problema: suporte técnico - plataforma. Escola solicita resolução.,pending,urgent,incident,238,238,473,307,boleto nota_fiscal plataforma erro_sistema,,,,,2022-02-16 00:00:00,2022-03-11 00:00:00,,2022-02-22 00:00:00
1204,Nota fiscal com erro,Descrição do problema: nota fiscal com erro. Escola solicita resolução.,pending,normal,problem,205,205,390,93,material_danificado urgente boleto,,4699487327,,,2025-03-11 00:00:00,2025-03-31 00:00:00,,2025-03-15 00:00:00
1205,Devolução de material,Descrição do problema: devolução de material. Escola solicita resolução.,pending,high,problem,231,231,423,5,boleto contrato erro_sistema,,11.914.651/1263-39,,,2024-09-13 00:00:00,2024-10-10 00:00:00,,2024-09-20 00:00:00
1206,Erro no sistema,Descrição do problema: erro no sistema. Escola solicita resolução.,pending,high,question,83,83,478,134,suporte_técnico,,,,,2023-06-22 00:00:00,2023-07-10 00:00:00,,2023-06-27 00:00:00
1207,Suporte técnico - plataforma,Descrição do problema: suporte técnico - plataforma. Escola solicita resolução.,new,normal,question,49,49,478,63,urgente atraso pagamento,,,,,2025-01-22 00:00:00,2025-01-21 00:00:00,,2025-01-25 00:00:00
1208,Erro no sistema,Descrição do problema: erro no sistema. Escola solicita resolução.,closed,urgent,incident,189,189,386,251,troca devolução,106,,good,,2022-10-22 00:00:00,2022-11-20 00:00:00,2022-10-24 00:00:00,2022-10-24 00:00:00
1209,Acesso à plataforma digital,Descrição do problema: acesso à plataforma digital. Escola solicita resolução.,closed,low,problem,297,297,386,160,devolução urgente,651,29.993.665/2049-92,,,2024-10-26 00:00:00,2024-11-17 00:00:00,2024-11-01 00:00:00,2024-10-31 00:00:00
1210,Pagamento duplicado,Descrição do problema: pagamento duplicado. Escola solicita resolução.,new,high,question,21,21,434,87,cancelamento login nota_fiscal,617,,,,2022-03-22 00:00:00,2022-03-26 00:00:00,,2022-03-27 00:00:00
1211,Cancelamento de pedido,Descrição do problema: cancelamento de pedido. Escola solicita resolução.,new,urgent,task,346,346,443,,cancelamento contrato troca,601,,,,2022-10-17 00:00:00,2022-10-25 00:00:00,,2022-10-17 00:00:00
1212,Boleto não recebido,Descrição do problema: boleto não recebido. Escola solicita resolução.,new,high,question,368,368,450,88,login urgente,,49.143.735/8486-84,,,2023-07-19 00:00:00,2023-08-11 00:00:00,,2023-07-24 00:00:00
1213,Problema de login,Descrição do problema: problema de login. Escola solicita resolução.,pending,urgent,task,8,8,407,222,urgente suporte_técnico financeiro,,,,,2022-12-19 00:00:00,2022-12-30 00:00:00,,2022-12-25 00:00:00
1214,Material danificado,Descrição do problema: material danificado. Escola solicita resolução.,new,urgent,incident,157,157,398,79,financeiro,,31.730.714/2902-89,,,2025-08-15 00:00:00,2025-08-19 00:00:00,,2025-08-21 00:00:00
1215,Material danificado,Descrição do problema: material danificado. Escola solicita resolução.,closed,urgent,problem,228,228,411,241,plataforma acesso devolução pagamento,1157,20.484.763/3578-30,good,,2023-03-08 00:00:00,2023-03-20 00:00:00,2023-03-16 00:00:00,2023-03-16 00:00:00
1216,Erro no sistema,Descrição do problema: erro no sistema. Escola solicita resolução.,open,low,incident,46,46,416,144,pagamento cancelamento,,6315842481,,,2022-02-09 00:00:00,2022-02-26 00:00:00,,2022-02-10 00:00:00
1217,Nota fiscal com erro,Descrição do problema: nota fiscal com erro. Escola solicita resolução.,new,high,problem,274,274,432,156,devolução nota_fiscal falta_material digital,,,,,2022-06-16 00:00:00,2022-06-19 00:00:00,,2022-06-22 00:00:00
1218,Boleto não recebido,Descrição do problema: boleto não recebido. Escola solicita resolução.,pending,normal,question,171,171,443,83,pagamento,,,,,2023-02-26 00:00:00,2023-03-11 00:00:00,,2023-02-27 00:00:00
1219,Suporte técnico - plataforma,Descrição do problema: suporte técnico - plataforma. Escola solicita resolução.,solved,urgent,incident,274,274,451,156,devolução contrato pagamento boleto,367,96.274.925/3896-74,,,2023-11-26 00:00:00,2023-12-10 00:00:00,2023-12-12 00:00:00,2023-11-28 00:00:00
1220,Devolução de material,Descrição do problema: devolução de material. Escola solicita resolução.,closed,low,problem,262,262,453,196,erro_sistema nota_fiscal contrato urgente,,,,,2025-09-16 00:00:00,2025-10-04 00:00:00,2025-09-29 00:00:00,2025-09-19 00:00:00
1221,Boleto não recebido,Descrição do problema: boleto não recebido. Escola solicita resolução.,new,urgent,question,301,301,384,105,material_danificado troca,,,,,2023-08-28 00:00:00,2023-09-18 00:00:00,,2023-08-30 00:00:00
1222,Boleto não recebido,Descrição do problema: boleto não recebido. Escola solicita resolução.,solved,high,incident,265,265,474,307,troca atraso pagamento erro_sistema,,24.330.688/1805-27,good,,2024-12-12 00:00:00,2024-12-12 00:00:00,2024-12-14 00:00:00,2024-12-17 00:00:00
1223,Suporte técnico - plataforma,Descrição do problema: suporte técnico - plataforma. Escola solicita resolução.,new,high,incident,317,317,412,275,entrega contrato falta_material troca,,,,,2024-10-26 00:00:00,2024-10-25 00:00:00,,2024-10-29 00:00:00
1224,Nota fiscal com erro,Descrição do problema: nota fiscal com erro. Escola solicita resolução.,new,high,task,26,26,433,52,entrega material_danificado boleto,,,,,2024-12-02 00:00:00,2024-12-18 00:00:00,,2024-12-03 00:00:00
1225,Contrato - dúvida,Descrição do problema: contrato - dúvida. Escola solicita resolução.,solved,normal,question,163,163,472,93,devolução boleto,910,,,,2024-08-10 00:00:00,2024-09-06 00:00:00,2024-08-12 00:00:00,2024-08-16 00:00:00
1226,Senha não funciona,Descrição do problema: senha não funciona. Escola solicita resolução.,open,urgent,incident,380,380,389,211,financeiro,1167,,,,2025-10-02 00:00:00,2025-10-31 00:00:00,,2025-10-03 00:00:00
1227,Acesso à plataforma digital,Descrição do problema: acesso à plataforma digital. Escola solicita resolução.,closed,normal,question,202,202,447,234,cancelamento,,50.381.393/4054-58,,,2025-01-29 00:00:00,2025-01-31 00:00:00,2025-02-23 00:00:00,2025-02-01 00:00:00
1228,Acesso à plataforma digital,Descrição do problema: acesso à plataforma digital. Escola solicita resolução.,open,normal,incident,101,101,393,83,suporte_técnico acesso material_danificado,,4998057485,,,2025-08-04 00:00:00,2025-08-14 00:00:00,,2025-08-09 00:00:00
1229,Boleto não recebido,Descrição do problema: boleto não recebido. Escola solicita resolução.,open,urgent,task,320,320,464,37,senha acesso,555,,,,2024-09-29 00:00:00,2024-10-01 00:00:00,,2024-10-06 00:00:00
1230,Senha não funciona,Descrição do problema: senha não funciona. Escola solicita resolução.,solved,urgent,incident,29,29,430,301,nota_fiscal boleto entrega falta_material,,,,,2023-07-26 00:00:00,2023-08-08 00:00:00,2023-08-06 00:00:00,2023-07-27 00:00:00
1231,Pagamento duplicado,Descrição do problema: pagamento duplicado. Escola solicita resolução.,closed,high,task,81,81,476,173,contrato erro_sistema,,,good,,2022-04-19 00:00:00,2022-05-16 00:00:00,2022-05-10 00:00:00,2022-04-21 00:00:00
1232,Material danificado,Descrição do problema: material danificado. Escola solicita resolução.,solved,normal,incident,333,333,440,73,financeiro falta_material contrato,,,good,,2023-09-10 00:00:00,2023-10-08 00:00:00,2023-09-21 00:00:00,2023-09-13 00:00:00
1233,Atraso na entrega,Descrição do problema: atraso na entrega. Escola solicita resolução.,solved,high,task,310,310,474,284,senha,,79.226.803/6771-00,good,,2025-10-03 00:00:00,2025-10-31 00:00:00,2025-10-07 00:00:00,2025-10-08 00:00:00
1234,Material não recebido,Descrição do problema: material não recebido. Escola solicita resolução.,new,urgent,task,120,120,419,259,material_danificado boleto,1056,,,,2024-05-26 00:00:00,2024-06-07 00:00:00,,2024-05-26 00:00:00
1235,Erro no sistema,Descrição do problema: erro no sistema. Escola solicita resolução.,open,urgent,problem,233,233,402,134,material_danificado login urgente senha,121,21.178.673/2320-07,,,2025-12-21 00:00:00,2026-01-13 00:00:00,,2025-12-24 00:00:00
1236,Cancelamento de pedido,Descrição do problema: cancelamento de pedido. Escola solicita resolução.,solved,high,task,343,343,396,237,cancelamento,596,,good,,2025-10-01 00:00:00,2025-10-23 00:00:00,2025-10-01 00:00:00,2025-10-03 00:00:00
1237,Material danificado,Descrição do problema: material danificado. Escola solicita resolução.,pending,urgent,problem,336,336,445,299,login falta_material,1185,,,,2023-06-15 00:00:00,2023-06-21 00:00:00,,2023-06-17 00:00:00
1238,Cancelamento de pedido,Descrição do problema: cancelamento de pedido. Escola solicita resolução.,closed,urgent,incident,347,347,436,158,atraso cancelamento nota_fiscal entrega,538,,good,,2025-12-08 00:00:00,2025-12-28 00:00:00,2025-12-08 00:00:00,2025-12-15 00:00:00
1239,Acesso à plataforma digital,Descrição do problema: acesso à plataforma digital. Escola solicita resolução.,solved,normal,task,379,379,480,288,boleto digital contrato pagamento,888,,,,2024-07-19 00:00:00,2024-08-06 00:00:00,2024-07-22 00:00:00,2024-07-23 00:00:00
1240,Falta de material,Descrição do problema: falta de material. Escola solicita resolução.,solved,normal,problem,56,56,411,,atraso devolução cancelamento financeiro,1164,,,,2025-06-03 00:00:00,2025-06-15 00:00:00,2025-06-02 00:00:00,2025-06-03 00:00:00
1241,Nota fiscal com erro,Descrição do problema: nota fiscal com erro. Escola solicita resolução.,solved,normal,problem,175,175,479,284,devolução senha plataforma,,,,,2023-09-30 00:00:00,2023-10-20 00:00:00,2023-10-07 00:00:00,2023-10-04 00:00:00
1242,Suporte técnico - plataforma,Descrição do problema: suporte técnico - plataforma. Escola solicita resolução.,closed,low,incident,89,89,439,276,suporte_técnico login urgente falta_material,,,good,,2025-05-24 00:00:00,2025-06-23 00:00:00,2025-05-24 00:00:00,2025-05-27 00:00:00
1243,Devolução de material,Descrição do problema: devolução de material. Escola solicita resolução.,solved,low,task,135,135,391,236,erro_sistema entrega nota_fiscal,,,,,2023-11-29 00:00:00,2023-12-06 00:00:00,2023-12-05 00:00:00,2023-12-07 00:00:00
1244,Nota fiscal com erro,Descrição do problema: nota fiscal com erro. Escola solicita resolução.,new,low,incident,249,249,402,,urgente,,,,,2023-08-01 00:00:00,2023-08-15 00:00:00,,2023-08-03 00:00:00
1245,Devolução de material,Descrição do problema: devolução de material. Escola solicita resolução.,solved,low,question,176,176,416,267,suporte_técnico troca login pagamento,,,good,,2024-12-28 00:00:00,2025-01-13 00:00:00,2025-01-06 00:00:00,2024-12-29 00:00:00
1246,Material danificado,Descrição do problema: material danificado. Escola solicita resolução.,open,low,problem,144,144,420,293,plataforma nota_fiscal devolução,,,,,2024-07-18 00:00:00,2024-07-31 00:00:00,,2024-07-24 00:00:00
1247,Contrato - dúvida,Descrição do problema: contrato - dúvida. Escola solicita resolução.,closed,normal,question,118,118,467,151,boleto nota_fiscal pagamento,,48.526.298/2785-66,bad,Demorou muito,2022-02-24 00:00:00,2022-03-16 00:00:00,2022-03-08 00:00:00,2022-02-26 00:00:00
1248,Cancelamento de pedido,Descrição do problema: cancelamento de pedido. Escola solicita resolução.,pending,low,question,307,307,411,,troca urgente cancelamento,,,,,2024-09-04 00:00:00,2024-09-16 00:00:00,,2024-09-10 00:00:00
1249,Nota fiscal com erro,Descrição do problema: nota fiscal com erro. Escola solicita resolução.,closed,normal,task,154,154,417,176,entrega cancelamento financeiro login,179,,,,2025-12-13 00:00:00,2026-01-01 00:00:00,2025-12-13 00:00:00,2025-12-17 00:00:00
1250,Nota fiscal com erro,Descrição do problema: nota fiscal com erro. Escola solicita resolução.,closed,low,problem,37,37,442,56,pagamento plataforma,215,,,,2024-08-27 00:00:00,2024-09-19 00:00:00,2024-08-27 00:00:00,2024-08-31 00:00:00
1251,Senha não funciona,Descrição do problema: senha não funciona. Escola solicita resolução.,pending,low,problem,200,200,387,33,urgente,161,,,,2023-04-25 00:00:00,2023-05-07 00:00:00,,2023-04-26 00:00:00
1252,Senha não funciona,Descrição do problema: senha não funciona. Escola solicita resolução.,open,urgent,incident,55,55,455,301,cancelamento devolução erro_sistema,652,,,,2024-09-23 00:00:00,2024-10-16 00:00:00,,2024-09-26 00:00:00
1253,Problema de login,Descrição do problema: problema de login. Escola solicita resolução.,new,low,incident,255,255,389,4,nota_fiscal suporte_técnico,,,,,2025-04-12 00:00:00,2025-04-21 00:00:00,,2025-04-17 00:00:00
1254,Troca de material,Descrição do problema: troca de material. Escola solicita resolução.,pending,urgent,task,302,302,394,34,erro_sistema,1056,,,,2022-10-08 00:00:00,2022-10-29 00:00:00,,2022-10-09 00:00:00
1255,Suporte técnico - plataforma,Descrição do problema: suporte técnico - plataforma. Escola solicita resolução.,new,urgent,task,34,34,402,102,troca suporte_técnico,1197,,,,2024-11-26 00:00:00,2024-12-08 00:00:00,,2024-12-01 00:00:00
1256,Acesso à plataforma digital,Descrição do problema: acesso à plataforma digital. Escola solicita resolução.,solved,high,task,173,173,474,21,falta_material digital contrato,965,,good,,2023-03-23 00:00:00,2023-03-30 00:00:00,2023-04-12 00:00:00,2023-03-28 00:00:00
1257,Devolução de material,Descrição do problema: devolução de material. Escola solicita resolução.,open,normal,problem,117,117,463,,nota_fiscal cancelamento,,,,,2024-08-14 00:00:00,2024-09-08 00:00:00,,2024-08-18 00:00:00
1258,Contrato - dúvida,Descrição do problema: contrato - dúvida. Escola solicita resolução.,new,normal,incident,28,28,390,69,boleto financeiro digital,,,,,2022-05-14 00:00:00,2022-05-26 00:00:00,,2022-05-16 00:00:00
1259,Erro no sistema,Descrição do problema: erro no sistema. Escola solicita resolução.,solved,low,question,64,64,460,32,contrato devolução atraso,812,,bad,Atendimento ruim,2023-06-08 00:00:00,2023-07-01 00:00:00,2023-06-11 00:00:00,2023-06-12 00:00:00
1260,Nota fiscal com erro,Descrição do problema: nota fiscal com erro. Escola solicita resolução.,solved,low,question,118,118,433,151,material_danificado troca devolução,,65.838.299/3524-06,,,2025-09-18 00:00:00,2025-10-08 00:00:00,2025-09-22 00:00:00,2025-09-23 00:00:00
1261,Falta de material,Descrição do problema: falta de material. Escola solicita resolução.,solved,low,task,40,40,414,247,urgente boleto,938,49.874.989/4922-93,good,,2022-05-21 00:00:00,2022-06-11 00:00:00,2022-05-27 00:00:00,2022-05-23 00:00:00
1262,Material danificado,Descrição do problema: material danificado. Escola solicita resolução.,open,low,task,251,251,468,,cancelamento erro_sistema,1089,,,,2024-05-27 00:00:00,2024-06-08 00:00:00,,2024-05-28 00:00:00
1263,Material não recebido,Descrição do problema: material não recebido. Escola solicita resolução.,pending,low,incident,97,97,452,292,contrato entrega,,67.324.843/1693-37,,,2024-10-19 00:00:00,2024-11-09 00:00:00,,2024-10-23 00:00:00
1264,Atraso na entrega,Descrição do problema: atraso na entrega. Escola solicita resolução.,new,urgent,problem,249,249,431,,nota_fiscal troca boleto,324,,,,2023-06-12 00:00:00,2023-06-20 00:00:00,,2023-06-14 00:00:00
1265,Nota fiscal com erro,Descrição do problema: nota fiscal com erro. Escola solicita resolução.,open,normal,question,150,150,432,48,boleto,,,,,2024-09-17 00:00:00,2024-09-23 00:00:00,,2024-09-22 00:00:00
1266,Contrato - dúvida,Descrição do problema: contrato - dúvida. Escola solicita resolução.,solved,normal,question,253,253,463,88,suporte_técnico,,,good,,2024-06-28 00:00:00,2024-06-29 00:00:00,2024-06-27 00:00:00,2024-07-01 00:00:00
1267,Erro no sistema,Descrição do problema: erro no sistema. Escola solicita resolução.,solved,high,question,84,84,421,,financeiro erro_sistema nota_fiscal,,,,,2025-04-02 00:00:00,2025-04-15 00:00:00,2025-04-02 00:00:00,2025-04-08 00:00:00
1268,Erro no sistema,Descrição do problema: erro no sistema. Escola solicita resolução.,pending,urgent,question,291,291,396,147,acesso plataforma login digital,757,,,,2024-08-03 00:00:00,2024-09-01 00:00:00,,2024-08-10 00:00:00
1269,Boleto não recebido,Descrição do problema: boleto não recebido. Escola solicita resolução.,new,high,problem,86,86,436,186,login,,8269622522,,,2024-04-29 00:00:00,2024-05-15 00:00:00,,2024-05-06 00:00:00
1270,Contrato - dúvida,Descrição do problema: contrato - dúvida. Escola solicita resolução.,pending,high,task,289,289,416,161,troca,,,,,2022-07-13 00:00:00,2022-08-10 00:00:00,,2022-07-18 00:00:00
1271,Troca de material,Descrição do problema: troca de material. Escola solicita resolução.,pending,normal,problem,274,274,383,156,acesso erro_sistema troca suporte_técnico,1067,,,,2025-12-28 00:00:00,2026-01-17 00:00:00,,2026-01-04 00:00:00
1272,Senha não funciona,Descrição do problema: senha não funciona. Escola solicita resolução.,closed,normal,incident,102,102,419,254,financeiro senha troca erro_sistema,976,,good,,2023-05-04 00:00:00,2023-05-22 00:00:00,2023-05-04 00:00:00,2023-05-07 00:00:00
1273,Atraso na entrega,Descrição do problema: atraso na entrega. Escola solicita resolução.,solved,low,task,242,242,391,291,login troca cancelamento,,,,,2023-07-15 00:00:00,2023-07-31 00:00:00,2023-08-01 00:00:00,2023-07-23 00:00:00
1274,Acesso à plataforma digital,Descrição do problema: acesso à plataforma digital. Escola solicita resolução.,open,normal,incident,11,11,414,54,acesso cancelamento contrato,,,,,2023-01-30 00:00:00,2023-02-18 00:00:00,,2023-02-03 00:00:00
1275,Problema de login,Descrição do problema: problema de login. Escola solicita resolução.,open,high,incident,167,167,473,282,devolução login contrato atraso,,,,,2022-10-17 00:00:00,2022-11-01 00:00:00,,2022-10-20 00:00:00
1276,Acesso à plataforma digital,Descrição do problema: acesso à plataforma digital. Escola solicita resolução.,new,high,question,232,232,385,292,erro_sistema troca login,1768,,,,2025-04-05 00:00:00,2025-04-10 00:00:00,,2025-04-05 00:00:00
1277,Erro no sistema,Descrição do problema: erro no sistema. Escola solicita resolução.,open,normal,problem,226,226,401,165,digital,,69.709.594/6759-87,,,2022-09-15 00:00:00,2022-09-23 00:00:00,,2022-09-20 00:00:00
1278,Falta de material,Descrição do problema: falta de material. Escola solicita resolução.,pending,urgent,question,126,126,476,145,material_danificado,,,,,2023-06-29 00:00:00,2023-07-12 00:00:00,,2023-07-01 00:00:00
1279,Nota fiscal com erro,Descrição do problema: nota fiscal com erro. Escola solicita resolução.,solved,urgent,incident,165,165,381,145,plataforma,378,,good,,2024-02-23 00:00:00,2024-03-08 00:00:00,2024-03-05 00:00:00,2024-02-27 00:00:00
1280,Troca de material,Descrição do problema: troca de material. Escola solicita resolução.,pending,low,problem,50,50,406,255,acesso,,,,,2025-07-06 00:00:00,2025-07-11 00:00:00,,2025-07-07 00:00:00
1281,Atraso na entrega,Descrição do problema: atraso na entrega. Escola solicita resolução.,pending,urgent,problem,29,29,442,301,suporte_técnico falta_material,,,,,2024-11-28 00:00:00,2024-12-20 00:00:00,,2024-12-03 00:00:00
1282,Material não recebido,Descrição do problema: material não recebido. Escola solicita resolução.,closed,urgent,incident,101,101,397,83,pagamento login boleto acesso,,,bad,Atendimento ruim,2022-03-06 00:00:00,2022-03-10 00:00:00,2022-03-22 00:00:00,2022-03-13 00:00:00
1283,Material não recebido,Descrição do problema: material não recebido. Escola solicita resolução.,closed,urgent,task,302,302,432,34,urgente financeiro login,,6356115258,,,2022-04-17 00:00:00,2022-04-22 00:00:00,2022-04-22 00:00:00,2022-04-19 00:00:00
1284,Senha não funciona,Descrição do problema: senha não funciona. Escola solicita resolução.,new,urgent,task,299,299,390,10,entrega,,,,,2022-06-01 00:00:00,2022-06-06 00:00:00,,2022-06-08 00:00:00
1285,Atraso na entrega,Descrição do problema: atraso na entrega. Escola solicita resolução.,new,low,problem,10,10,401,112,suporte_técnico contrato,,,,,2023-10-18 00:00:00,2023-10-19 00:00:00,,2023-10-20 00:00:00
1286,Suporte técnico - plataforma,Descrição do problema: suporte técnico - plataforma. Escola solicita resolução.,solved,high,incident,340,340,381,243,falta_material,,,,,2024-09-02 00:00:00,2024-09-05 00:00:00,2024-09-01 00:00:00,2024-09-05 00:00:00
1287,Boleto não recebido,Descrição do problema: boleto não recebido. Escola solicita resolução.,new,normal,problem,354,354,443,59,pagamento acesso boleto nota_fiscal,201,,,,2025-04-05 00:00:00,2025-04-21 00:00:00,,2025-04-10 00:00:00
1288,Falta de material,Descrição do problema: falta de material. Escola solicita resolução.,solved,urgent,incident,216,216,469,1,contrato suporte_técnico,,34.493.619/2036-66,,,2022-12-25 00:00:00,2022-12-30 00:00:00,2023-01-08 00:00:00,2023-01-01 00:00:00
1289,Atraso na entrega,Descrição do problema: atraso na entrega. Escola solicita resolução.,closed,low,problem,189,189,422,251,senha login falta_material nota_fiscal,641,,,,2022-04-11 00:00:00,2022-04-12 00:00:00,2022-04-19 00:00:00,2022-04-14 00:00:00
1290,Nota fiscal com erro,Descrição do problema: nota fiscal com erro. Escola solicita resolução.,pending,normal,incident,327,327,398,14,material_danificado,,,,,2025-12-28 00:00:00,2026-01-27 00:00:00,,2025-12-31 00:00:00
1291,Material danificado,Descrição do problema: material danificado. Escola solicita resolução.,open,high,task,365,365,390,268,boleto material_danificado cancelamento,,,,,2024-12-09 00:00:00,2024-12-10 00:00:00,,2024-12-12 00:00:00
1292,Atraso na entrega,Descrição do problema: atraso na entrega. Escola solicita resolução.,open,high,problem,150,150,480,48,financeiro boleto senha,614,42.928.195/1772-18,,,2025-07-26 00:00:00,2025-08-04 00:00:00,,2025-07-31 00:00:00
1293,Problema de login,Descrição do problema: problema de login. Escola solicita resolução.,solved,high,incident,269,269,457,77,digital,,,,,2022-10-04 00:00:00,2022-10-24 00:00:00,2022-10-11 00:00:00,2022-10-08 00:00:00
1294,Erro no sistema,Descrição do problema: erro no sistema. Escola solicita resolução.,open,high,task,138,138,439,189,troca digital erro_sistema atraso,1075,83.358.846/3919-34,,,2025-09-17 00:00:00,2025-09-29 00:00:00,,2025-09-19 00:00:00
1295,Material danificado,Descrição do problema: material danificado. Escola solicita resolução.,new,high,question,241,241,469,155,boleto material_danificado,171,,,,2022-10-14 00:00:00,2022-10-15 00:00:00,,2022-10-16 00:00:00
1296,Acesso à plataforma digital,Descrição do problema: acesso à plataforma digital. Escola solicita resolução.,open,urgent,task,243,243,480,185,digital entrega,,,,,2025-08-12 00:00:00,2025-08-15 00:00:00,,2025-08-14 00:00:00
1297,Material danificado,Descrição do problema: material danificado. Escola solicita resolução.,open,urgent,question,151,151,407,158,falta_material entrega,923,,,,2023-04-21 00:00:00,2023-04-20 00:00:00,,2023-04-25 00:00:00
1298,Pagamento duplicado,Descrição do problema: pagamento duplicado. Escola solicita resolução.,solved,high,question,118,118,424,151,contrato acesso,,,,,2022-07-20 00:00:00,2022-08-15 00:00:00,2022-08-06 00:00:00,2022-07-28 00:00:00
1299,Pagamento duplicado,Descrição do problema: pagamento duplicado. Escola solicita resolução.,solved,normal,incident,7,7,392,100,contrato digital urgente,,,,,2023-06-07 00:00:00,2023-06-17 00:00:00,2023-06-16 00:00:00,2023-06-11 00:00:00
1300,Material danificado,Descrição do problema: material danificado. Escola solicita resolução.,new,high,incident,325,325,458,104,erro_sistema,,17.313.127/1061-72,,,2022-03-08 00:00:00,2022-03-10 00:00:00,,2022-03-14 00:00:00
1301,Acesso à plataforma digital,Descrição do problema: acesso à plataforma digital. Escola solicita resolução.,new,urgent,task,360,360,443,55,urgente,789,,,,2025-12-17 00:00:00,2025-12-22 00:00:00,,2025-12-18 00:00:00
1302,Troca de material,Descrição do problema: troca de material. Escola solicita resolução.,solved,high,problem,93,93,457,88,nota_fiscal falta_material,,,,,2025-08-05 00:00:00,2025-08-14 00:00:00,2025-08-10 00:00:00,2025-08-07 00:00:00
1303,Erro no sistema,Descrição do problema: erro no sistema. Escola solicita resolução.,solved,normal,incident,214,214,398,243,urgente pagamento,100,,,,2022-12-03 00:00:00,2022-12-20 00:00:00,2022-12-17 00:00:00,2022-12-04 00:00:00
1304,Suporte técnico - plataforma,Descrição do problema: suporte técnico - plataforma. Escola solicita resolução.,pending,low,task,329,329,432,,financeiro,,,,,2022-01-02 00:00:00,2022-01-10 00:00:00,,2022-01-04 00:00:00
1305,Erro no sistema,Descrição do problema: erro no sistema. Escola solicita resolução.,open,normal,task,221,221,463,113,nota_fiscal acesso contrato atraso,629,,,,2022-02-15 00:00:00,2022-02-28 00:00:00,,2022-02-18 00:00:00
1306,Atraso na entrega,Descrição do problema: atraso na entrega. Escola solicita resolução.,pending,urgent,incident,299,299,442,10,urgente contrato entrega,,,,,2022-05-08 00:00:00,2022-05-24 00:00:00,,2022-05-09 00:00:00
1307,Acesso à plataforma digital,Descrição do problema: acesso à plataforma digital. Escola solicita resolução.,open,low,problem,24,24,427,,plataforma troca,1607,,,,2025-02-14 00:00:00,2025-02-14 00:00:00,,2025-02-14 00:00:00
1308,Troca de material,Descrição do problema: troca de material. Escola solicita resolução.,closed,urgent,task,120,120,454,259,suporte_técnico financeiro entrega plataforma,,,bad,Demorou muito,2023-02-10 00:00:00,2023-02-22 00:00:00,2023-02-09 00:00:00,2023-02-14 00:00:00
1309,Contrato - dúvida,Descrição do problema: contrato - dúvida. Escola solicita resolução.,closed,low,question,264,264,396,271,digital senha troca atraso,993,,,,2022-03-23 00:00:00,2022-04-21 00:00:00,2022-04-09 00:00:00,2022-03-27 00:00:00
1310,Suporte técnico - plataforma,Descrição do problema: suporte técnico - plataforma. Escola solicita resolução.,open,normal,question,187,187,403,90,material_danificado acesso,1658,34.689.452/7592-76,,,2023-07-05 00:00:00,2023-07-28 00:00:00,,2023-07-09 00:00:00
1311,Troca de material,Descrição do problema: troca de material. Escola solicita resolução.,new,high,problem,207,207,480,72,financeiro,1759,,,,2024-10-21 00:00:00,2024-10-21 00:00:00,,2024-10-22 00:00:00
1312,Troca de material,Descrição do problema: troca de material. Escola solicita resolução.,solved,normal,question,218,218,409,222,plataforma erro_sistema,844,,good,,2022-09-28 00:00:00,2022-10-02 00:00:00,2022-10-06 00:00:00,2022-10-04 00:00:00
1313,Material danificado,Descrição do problema: material danificado. Escola solicita resolução.,closed,low,question,96,96,421,208,devolução suporte_técnico,,31.369.988/6232-52,bad,,2024-07-16 00:00:00,2024-08-05 00:00:00,2024-08-02 00:00:00,2024-07-20 00:00:00
1314,Nota fiscal com erro,Descrição do problema: nota fiscal com erro. Escola solicita resolução.,closed,urgent,task,190,190,399,,devolução,,,,,2022-05-07 00:00:00,2022-05-31 00:00:00,2022-05-10 00:00:00,2022-05-11 00:00:00
1315,Troca de material,Descrição do problema: troca de material. Escola solicita resolução.,pending,normal,problem,259,259,401,149,entrega cancelamento troca,660,5639440784,,,2023-01-20 00:00:00,2023-01-20 00:00:00,,2023-01-26 00:00:00
1316,Acesso à plataforma digital,Descrição do problema: acesso à plataforma digital. Escola solicita resolução.,solved,urgent,incident,109,109,442,188,erro_sistema urgente suporte_técnico,,,,,2025-10-12 00:00:00,2025-10-21 00:00:00,2025-10-18 00:00:00,2025-10-20 00:00:00
1317,Cancelamento de pedido,Descrição do problema: cancelamento de pedido. Escola solicita resolução.,new,low,incident,16,16,391,164,urgente,,90.765.634/3867-96,,,2022-09-16 00:00:00,2022-10-11 00:00:00,,2022-09-21 00:00:00
1318,Falta de material,Descrição do problema: falta de material. Escola solicita resolução.,solved,high,task,227,227,440,256,login contrato,,1662218661,,,2025-03-11 00:00:00,2025-03-21 00:00:00,2025-03-13 00:00:00,2025-03-17 00:00:00
1319,Suporte técnico - plataforma,Descrição do problema: suporte técnico - plataforma. Escola solicita resolução.,pending,high,incident,228,228,405,241,senha suporte_técnico financeiro pagamento,882,7373912752,,,2023-03-02 00:00:00,2023-03-31 00:00:00,,2023-03-07 00:00:00
1320,Nota fiscal com erro,Descrição do problema: nota fiscal com erro. Escola solicita resolução.,solved,high,incident,162,162,390,70,acesso pagamento plataforma urgente,100,,good,,2025-09-28 00:00:00,2025-10-18 00:00:00,2025-10-07 00:00:00,2025-10-04 00:00:00
1321,Cancelamento de pedido,Descrição do problema: cancelamento de pedido. Escola solicita resolução.,new,normal,task,141,141,389,,material_danificado urgente,555,0926713970,,,2023-07-15 00:00:00,2023-08-11 00:00:00,,2023-07-23 00:00:00
1322,Material danificado,Descrição do problema: material danificado. Escola solicita resolução.,pending,high,incident,170,170,420,90,acesso digital cancelamento login,,,,,2022-04-24 00:00:00,2022-05-14 00:00:00,,2022-04-28 00:00:00
1323,Suporte técnico - plataforma,Descrição do problema: suporte técnico - plataforma. Escola solicita resolução.,closed,high,problem,277,277,451,1,falta_material,,4631111892,good,,2023-11-20 00:00:00,2023-11-27 00:00:00,2023-11-20 00:00:00,2023-11-22 00:00:00
1324,Senha não funciona,Descrição do problema: senha não funciona. Escola solicita resolução.,solved,normal,problem,363,363,460,146,acesso falta_material,,99.425.497/3405-59,good,,2025-11-28 00:00:00,2025-11-28 00:00:00,2025-12-12 00:00:00,2025-12-05 00:00:00
1325,Pagamento duplicado,Descrição do problema: pagamento duplicado. Escola solicita resolução.,pending,low,question,296,296,470,,financeiro,,,,,2022-01-10 00:00:00,2022-01-12 00:00:00,,2022-01-13 00:00:00
1326,Pagamento duplicado,Descrição do problema: pagamento duplicado. Escola solicita resolução.,pending,low,task,337,337,402,217,cancelamento suporte_técnico entrega,,,,,2025-07-23 00:00:00,2025-08-19 00:00:00,,2025-07-29 00:00:00
1327,Senha não funciona,Descrição do problema: senha não funciona. Escola solicita resolução.,pending,normal,question,2,2,470,270,troca suporte_técnico,,,,,2024-09-15 00:00:00,2024-09-14 00:00:00,,2024-09-20 00:00:00
1328,Material não recebido,Descrição do problema: material não recebido. Escola solicita resolução.,closed,urgent,incident,337,337,430,217,acesso urgente senha,1197,,,,2022-10-14 00:00:00,2022-10-31 00:00:00,2022-10-20 00:00:00,2022-10-17 00:00:00
1329,Senha não funciona,Descrição do problema: senha não funciona. Escola solicita resolução.,pending,low,question,374,374,431,276,devolução,191,,,,2023-05-22 00:00:00,2023-06-20 00:00:00,,2023-05-24 00:00:00
1330,Falta de material,Descrição do problema: falta de material. Escola solicita resolução.,solved,urgent,problem,364,364,465,80,cancelamento,,,,,2024-03-24 00:00:00,2024-04-10 00:00:00,2024-03-28 00:00:00,2024-03-27 00:00:00
1331,Atraso na entrega,Descrição do problema: atraso na entrega. Escola solicita resolução.,new,normal,question,371,371,437,98,cancelamento,588,,,,2024-09-24 00:00:00,2024-09-24 00:00:00,,2024-09-25 00:00:00
1332,Cancelamento de pedido,Descrição do problema: cancelamento de pedido. Escola solicita resolução.,solved,normal,task,206,206,458,78,plataforma,,,bad,Atendimento ruim,2022-09-05 00:00:00,2022-10-02 00:00:00,2022-09-05 00:00:00,2022-09-08 00:00:00
1333,Acesso à plataforma digital,Descrição do problema: acesso à plataforma digital. Escola solicita resolução.,solved,high,task,88,88,461,193,atraso,,73.310.158/3391-03,bad,Demorou muito,2025-03-19 00:00:00,2025-04-07 00:00:00,2025-03-28 00:00:00,2025-03-23 00:00:00
1334,Boleto não recebido,Descrição do problema: boleto não recebido. Escola solicita resolução.,new,urgent,incident,37,37,393,56,atraso,,,,,2023-07-10 00:00:00,2023-07-10 00:00:00,,2023-07-13 00:00:00
1335,Boleto não recebido,Descrição do problema: boleto não recebido. Escola solicita resolução.,pending,urgent,problem,232,232,448,292,login,168,,,,2022-10-25 00:00:00,2022-10-31 00:00:00,,2022-10-27 00:00:00
1336,Pagamento duplicado,Descrição do problema: pagamento duplicado. Escola solicita resolução.,solved,high,incident,14,14,463,78,contrato entrega nota_fiscal,917,,,,2025-09-10 00:00:00,2025-09-22 00:00:00,2025-09-13 00:00:00,2025-09-16 00:00:00
1337,Falta de material,Descrição do problema: falta de material. Escola solicita resolução.,pending,high,problem,300,300,446,236,urgente plataforma,,57.032.711/9082-94,,,2025-06-23 00:00:00,2025-06-22 00:00:00,,2025-06-26 00:00:00
1338,Problema de login,Descrição do problema: problema de login. Escola solicita resolução.,new,urgent,problem,92,92,396,146,login,,,,,2022-05-04 00:00:00,2022-06-02 00:00:00,,2022-05-06 00:00:00
1339,Erro no sistema,Descrição do problema: erro no sistema. Escola solicita resolução.,closed,high,task,31,31,386,289,contrato acesso devolução atraso,,,good,,2022-12-29 00:00:00,2023-01-15 00:00:00,2022-12-28 00:00:00,2022-12-30 00:00:00
1340,Problema de login,Descrição do problema: problema de login. Escola solicita resolução.,solved,normal,question,76,76,385,72,urgente devolução erro_sistema pagamento,875,,bad,Demorou muito,2023-12-17 00:00:00,2023-12-25 00:00:00,2023-12-31 00:00:00,2023-12-22 00:00:00
1341,Devolução de material,Descrição do problema: devolução de material. Escola solicita resolução.,solved,high,question,27,27,453,8,material_danificado pagamento login,,,,,2025-01-07 00:00:00,2025-01-07 00:00:00,2025-01-16 00:00:00,2025-01-09 00:00:00
1342,Senha não funciona,Descrição do problema: senha não funciona. Escola solicita resolução.,closed,low,incident,373,373,435,131,pagamento senha troca login,,97.290.643/9232-53,bad,Demorou muito,2025-03-31 00:00:00,2025-04-22 00:00:00,2025-04-09 00:00:00,2025-04-03 00:00:00
1343,Troca de material,Descrição do problema: troca de material. Escola solicita resolução.,solved,normal,question,36,36,474,284,suporte_técnico financeiro devolução,,61.539.767/3848-34,good,,2022-01-09 00:00:00,2022-01-15 00:00:00,2022-01-12 00:00:00,2022-01-13 00:00:00
1344,Pagamento duplicado,Descrição do problema: pagamento duplicado. Escola solicita resolução.,solved,normal,incident,360,360,461,55,pagamento nota_fiscal urgente,,,,,2025-08-10 00:00:00,2025-08-29 00:00:00,2025-08-20 00:00:00,2025-08-16 00:00:00
1345,Erro no sistema,Descrição do problema: erro no sistema. Escola solicita resolução.,closed,normal,incident,193,193,449,234,devolução,,,,,2024-08-17 00:00:00,2024-09-15 00:00:00,2024-08-29 00:00:00,2024-08-23 00:00:00
1346,Acesso à plataforma digital,Descrição do problema: acesso à plataforma digital. Escola solicita resolução.,pending,urgent,task,302,302,477,34,nota_fiscal urgente atraso acesso,,,,,2022-08-15 00:00:00,2022-08-22 00:00:00,,2022-08-15 00:00:00
1347,Cancelamento de pedido,Descrição do problema: cancelamento de pedido. Escola solicita resolução.,pending,low,incident,305,305,425,39,erro_sistema contrato suporte_técnico material_danificado,991,,,,2022-07-23 00:00:00,2022-08-16 00:00:00,,2022-07-24 00:00:00
1348,Erro no sistema,Descrição do problema: erro no sistema. Escola solicita resolução.,closed,urgent,problem,221,221,381,113,financeiro,1004,,,,2024-12-24 00:00:00,2024-12-25 00:00:00,2024-12-24 00:00:00,2024-12-31 00:00:00
1349,Troca de material,Descrição do problema: troca de material. Escola solicita resolução.,new,low,incident,225,225,442,22,troca plataforma,,,,,2024-01-07 00:00:00,2024-01-28 00:00:00,,2024-01-15 00:00:00
1350,Nota fiscal com erro,Descrição do problema: nota fiscal com erro. Escola solicita resolução.,closed,high,problem,73,73,459,201,troca,,,,,2024-08-25 00:00:00,2024-09-02 00:00:00,2024-09-01 00:00:00,2024-08-27 00:00:00
1351,Problema de login,Descrição do problema: problema de login. Escola solicita resolução.,pending,urgent,problem,129,129,462,52,suporte_técnico financeiro,439,5788684913,,,2024-11-16 00:00:00,2024-12-06 00:00:00,,2024-11-19 00:00:00
1352,Material danificado,Descrição do problema: material danificado. Escola solicita resolução.,open,high,question,228,228,423,241,erro_sistema senha boleto atraso,,,,,2023-08-22 00:00:00,2023-08-31 00:00:00,,2023-08-25 00:00:00
1353,Troca de material,Descrição do problema: troca de material. Escola solicita resolução.,pending,normal,question,335,335,431,14,devolução,,,,,2024-06-15 00:00:00,2024-06-30 00:00:00,,2024-06-20 00:00:00
1354,Troca de material,Descrição do problema: troca de material. Escola solicita resolução.,open,urgent,incident,69,69,409,30,urgente plataforma atraso,,,,,2022-06-17 00:00:00,2022-07-05 00:00:00,,2022-06-19 00:00:00
1355,Problema de login,Descrição do problema: problema de login. Escola solicita resolução.,closed,normal,problem,30,30,396,167,financeiro cancelamento pagamento,,,good,,2024-04-08 00:00:00,2024-04-19 00:00:00,2024-04-08 00:00:00,2024-04-14 00:00:00
1356,Boleto não recebido,Descrição do problema: boleto não recebido. Escola solicita resolução.,solved,normal,task,162,162,457,70,entrega digital,98,,good,,2025-02-28 00:00:00,2025-02-28 00:00:00,2025-03-01 00:00:00,2025-02-28 00:00:00
1357,Boleto não recebido,Descrição do problema: boleto não recebido. Escola solicita resolução.,new,normal,incident,195,195,435,7,devolução,,7612782812,,,2022-07-28 00:00:00,2022-08-03 00:00:00,,2022-08-01 00:00:00
1358,Cancelamento de pedido,Descrição do problema: cancelamento de pedido. Escola solicita resolução.,closed,urgent,question,182,182,397,307,suporte_técnico plataforma troca digital,141,,,,2022-06-06 00:00:00,2022-06-16 00:00:00,2022-06-09 00:00:00,2022-06-07 00:00:00
1359,Atraso na entrega,Descrição do problema: atraso na entrega. Escola solicita resolução.,new,low,task,72,72,394,166,troca entrega suporte_técnico,,,,,2024-11-27 00:00:00,2024-12-23 00:00:00,,2024-11-29 00:00:00
1360,Troca de material,Descrição do problema: troca de material. Escola solicita resolução.,pending,normal,incident,50,50,431,255,devolução urgente,1152,,,,2023-10-10 00:00:00,2023-11-06 00:00:00,,2023-10-13 00:00:00
1361,Falta de material,Descrição do problema: falta de material. Escola solicita resolução.,closed,low,incident,76,76,429,72,digital suporte_técnico financeiro,,,,,2022-03-08 00:00:00,2022-04-03 00:00:00,2022-03-12 00:00:00,2022-03-10 00:00:00
1362,Material não recebido,Descrição do problema: material não recebido. Escola solicita resolução.,solved,high,task,74,74,434,172,nota_fiscal senha devolução,734,96.122.534/3854-97,,,2022-07-23 00:00:00,2022-07-24 00:00:00,2022-07-24 00:00:00,2022-07-26 00:00:00
1363,Atraso na entrega,Descrição do problema: atraso na entrega. Escola solicita resolução.,solved,normal,task,233,233,400,134,senha material_danificado,,,,,2022-11-15 00:00:00,2022-12-14 00:00:00,2022-11-27 00:00:00,2022-11-20 00:00:00
1364,Suporte técnico - plataforma,Descrição do problema: suporte técnico - plataforma. Escola solicita resolução.,pending,normal,task,2,2,398,270,material_danificado cancelamento acesso suporte_técnico,,61.426.465/6215-61,,,2024-06-12 00:00:00,2024-06-27 00:00:00,,2024-06-15 00:00:00
1365,Contrato - dúvida,Descrição do problema: contrato - dúvida. Escola solicita resolução.,pending,low,problem,100,100,443,266,cancelamento senha,887,,,,2022-04-12 00:00:00,2022-05-12 00:00:00,,2022-04-14 00:00:00
1366,Nota fiscal com erro,Descrição do problema: nota fiscal com erro. Escola solicita resolução.,pending,low,question,170,170,416,90,cancelamento,1389,,,,2023-08-02 00:00:00,2023-08-22 00:00:00,,2023-08-05 00:00:00
1367,Cancelamento de pedido,Descrição do problema: cancelamento de pedido. Escola solicita resolução.,new,normal,task,103,103,444,90,nota_fiscal,,8183790035,,,2025-12-27 00:00:00,2026-01-19 00:00:00,,2025-12-30 00:00:00
1368,Acesso à plataforma digital,Descrição do problema: acesso à plataforma digital. Escola solicita resolução.,pending,urgent,task,146,146,382,177,atraso,,,,,2022-03-14 00:00:00,2022-03-26 00:00:00,,2022-03-15 00:00:00
1369,Troca de material,Descrição do problema: troca de material. Escola solicita resolução.,closed,normal,problem,186,186,447,,troca entrega financeiro,,,bad,Atendimento ruim,2025-08-20 00:00:00,2025-09-07 00:00:00,2025-09-02 00:00:00,2025-08-24 00:00:00
1370,Boleto não recebido,Descrição do problema: boleto não recebido. Escola solicita resolução.,open,normal,question,6,6,455,95,cancelamento falta_material nota_fiscal,1604,78.951.769/3007-07,,,2022-05-08 00:00:00,2022-06-04 00:00:00,,2022-05-11 00:00:00
1371,Falta de material,Descrição do problema: falta de material. Escola solicita resolução.,pending,normal,problem,358,358,453,294,digital,,,,,2025-03-24 00:00:00,2025-04-11 00:00:00,,2025-03-28 00:00:00
1372,Senha não funciona,Descrição do problema: senha não funciona. Escola solicita resolução.,new,low,question,85,85,405,288,suporte_técnico pagamento,1199,,,,2025-08-14 00:00:00,2025-09-12 00:00:00,,2025-08-20 00:00:00
1373,Material danificado,Descrição do problema: material danificado. Escola solicita resolução.,pending,normal,question,135,135,454,236,digital financeiro boleto troca,,,,,2024-07-05 00:00:00,2024-07-18 00:00:00,,2024-07-08 00:00:00
1374,Troca de material,Descrição do problema: troca de material. Escola solicita resolução.,pending,high,task,283,283,384,256,urgente falta_material financeiro,375,,,,2023-06-01 00:00:00,2023-06-09 00:00:00,,2023-06-03 00:00:00
1375,Suporte técnico - plataforma,Descrição do problema: suporte técnico - plataforma. Escola solicita resolução.,closed,low,incident,219,219,431,251,financeiro entrega falta_material,1188,94.059.106/5640-65,good,,2024-01-31 00:00:00,2024-02-15 00:00:00,2024-02-09 00:00:00,2024-02-02 00:00:00
1376,Troca de material,Descrição do problema: troca de material. Escola solicita resolução.,closed,high,question,352,352,455,285,erro_sistema pagamento material_danificado,,,good,,2022-03-25 00:00:00,2022-04-03 00:00:00,2022-03-25 00:00:00,2022-03-27 00:00:00
1377,Material danificado,Descrição do problema: material danificado. Escola solicita resolução.,closed,normal,question,229,229,417,244,digital atraso pagamento,1480,1180584847,,,2024-03-27 00:00:00,2024-04-15 00:00:00,2024-03-28 00:00:00,2024-03-31 00:00:00
1378,Devolução de material,Descrição do problema: devolução de material. Escola solicita resolução.,open,low,task,248,248,382,266,erro_sistema,,12.214.218/6022-45,,,2023-12-07 00:00:00,2023-12-24 00:00:00,,2023-12-12 00:00:00
1379,Atraso na entrega,Descrição do problema: atraso na entrega. Escola solicita resolução.,solved,normal,problem,235,235,429,302,boleto devolução nota_fiscal troca,,,,,2022-06-16 00:00:00,2022-07-02 00:00:00,2022-06-16 00:00:00,2022-06-22 00:00:00
1380,Pagamento duplicado,Descrição do problema: pagamento duplicado. Escola solicita resolução.,new,high,problem,123,123,386,108,suporte_técnico,806,,,,2022-02-26 00:00:00,2022-03-01 00:00:00,,2022-02-26 00:00:00
1381,Contrato - dúvida,Descrição do problema: contrato - dúvida. Escola solicita resolução.,new,low,incident,284,284,382,152,entrega troca,,6056360569,,,2025-06-16 00:00:00,2025-07-12 00:00:00,,2025-06-21 00:00:00
1382,Problema de login,Descrição do problema: problema de login. Escola solicita resolução.,open,normal,task,277,277,432,1,atraso,,,,,2025-10-19 00:00:00,2025-11-14 00:00:00,,2025-10-23 00:00:00
1383,Boleto não recebido,Descrição do problema: boleto não recebido. Escola solicita resolução.,new,low,question,4,4,465,,plataforma atraso digital financeiro,5,,,,2025-03-02 00:00:00,2025-03-03 00:00:00,,2025-03-07 00:00:00
1384,Acesso à plataforma digital,Descrição do problema: acesso à plataforma digital. Escola solicita resolução.,open,low,task,56,56,413,,cancelamento contrato plataforma troca,76,,,,2023-02-10 00:00:00,2023-03-09 00:00:00,,2023-02-13 00:00:00
1385,Atraso na entrega,Descrição do problema: atraso na entrega. Escola solicita resolução.,closed,low,task,83,83,475,134,cancelamento boleto,,5022922273,,,2023-10-11 00:00:00,2023-10-23 00:00:00,2023-10-19 00:00:00,2023-10-15 00:00:00
1386,Contrato - dúvida,Descrição do problema: contrato - dúvida. Escola solicita resolução.,solved,high,task,165,165,423,145,cancelamento,271,,good,,2024-10-18 00:00:00,2024-10-31 00:00:00,2024-10-26 00:00:00,2024-10-21 00:00:00
1387,Falta de material,Descrição do problema: falta de material. Escola solicita resolução.,open,high,question,136,136,463,,material_danificado falta_material erro_sistema senha,639,,,,2024-08-21 00:00:00,2024-08-25 00:00:00,,2024-08-23 00:00:00
1388,Problema de login,Descrição do problema: problema de login. Escola solicita resolução.,closed,urgent,question,301,301,397,105,acesso suporte_técnico,,,good,,2025-06-19 00:00:00,2025-07-10 00:00:00,2025-06-21 00:00:00,2025-06-26 00:00:00
1389,Acesso à plataforma digital,Descrição do problema: acesso à plataforma digital. Escola solicita resolução.,closed,urgent,incident,170,170,431,90,devolução financeiro suporte_técnico nota_fiscal,1033,24.116.424/7735-06,,,2023-06-29 00:00:00,2023-06-28 00:00:00,2023-07-03 00:00:00,2023-06-30 00:00:00
1390,Atraso na entrega,Descrição do problema: atraso na entrega. Escola solicita resolução.,solved,urgent,incident,233,233,410,134,troca material_danificado plataforma,332,,bad,Demorou muito,2022-06-30 00:00:00,2022-07-18 00:00:00,2022-06-30 00:00:00,2022-07-07 00:00:00
1391,Material danificado,Descrição do problema: material danificado. Escola solicita resolução.,open,high,task,290,290,391,114,nota_fiscal senha,1437,89.019.753/3842-95,,,2024-04-12 00:00:00,2024-05-08 00:00:00,,2024-04-15 00:00:00
1392,Problema de login,Descrição do problema: problema de login. Escola solicita resolução.,solved,normal,incident,351,351,394,304,plataforma nota_fiscal troca,,73.548.403/5238-95,,,2023-07-03 00:00:00,2023-07-09 00:00:00,2023-07-16 00:00:00,2023-07-06 00:00:00
1393,Nota fiscal com erro,Descrição do problema: nota fiscal com erro. Escola solicita resolução.,closed,normal,task,306,306,399,29,senha contrato material_danificado plataforma,229,9828562137,,,2025-02-26 00:00:00,2025-03-13 00:00:00,2025-02-28 00:00:00,2025-03-04 00:00:00
1394,Atraso na entrega,Descrição do problema: atraso na entrega. Escola solicita resolução.,solved,urgent,question,183,183,461,14,plataforma cancelamento,,6789616633,bad,,2025-10-19 00:00:00,2025-11-13 00:00:00,2025-10-26 00:00:00,2025-10-23 00:00:00
1395,Falta de material,Descrição do problema: falta de material. Escola solicita resolução.,closed,low,task,182,182,474,307,falta_material devolução,,45.985.049/4897-24,good,,2024-09-02 00:00:00,2024-09-14 00:00:00,2024-09-04 00:00:00,2024-09-08 00:00:00
1396,Contrato - dúvida,Descrição do problema: contrato - dúvida. Escola solicita resolução.,pending,urgent,question,260,260,431,56,digital plataforma senha,612,,,,2024-02-23 00:00:00,2024-03-06 00:00:00,,2024-02-25 00:00:00
1397,Material danificado,Descrição do problema: material danificado. Escola solicita resolução.,solved,low,question,13,13,471,210,digital entrega,505,64.298.582/5842-03,good,,2023-05-23 00:00:00,2023-05-24 00:00:00,2023-05-26 00:00:00,2023-05-27 00:00:00
1398,Pagamento duplicado,Descrição do problema: pagamento duplicado. Escola solicita resolução.,solved,urgent,question,220,220,443,120,login digital material_danificado nota_fiscal,103,,good,,2022-08-13 00:00:00,2022-09-09 00:00:00,2022-08-17 00:00:00,2022-08-16 00:00:00
1399,Pagamento duplicado,Descrição do problema: pagamento duplicado. Escola solicita resolução.,closed,low,problem,285,285,411,132,plataforma digital erro_sistema,,,good,,2024-09-01 00:00:00,2024-09-03 00:00:00,2024-09-04 00:00:00,2024-09-08 00:00:00
1400,Problema de login,Descrição do problema: problema de login. Escola solicita resolução.,solved,urgent,problem,111,111,418,,material_danificado,,75.131.842/9567-78,good,,2025-03-19 00:00:00,2025-04-11 00:00:00,2025-03-22 00:00:00,2025-03-25 00:00:00
1401,Atraso na entrega,Descrição do problema: atraso na entrega. Escola solicita resolução.,pending,high,task,43,43,443,170,acesso plataforma,,,,,2024-07-21 00:00:00,2024-08-12 00:00:00,,2024-07-28 00:00:00
1402,Acesso à plataforma digital,Descrição do problema: acesso à plataforma digital. Escola solicita resolução.,pending,normal,incident,38,38,403,216,cancelamento acesso financeiro atraso,1014,7218771445,,,2025-05-27 00:00:00,2025-06-10 00:00:00,,2025-06-03 00:00:00
1403,Pagamento duplicado,Descrição do problema: pagamento duplicado. Escola solicita resolução.,new,high,problem,120,120,406,259,senha,478,,,,2022-12-31 00:00:00,2023-01-23 00:00:00,,2023-01-06 00:00:00
1404,Material danificado,Descrição do problema: material danificado. Escola solicita resolução.,closed,high,question,365,365,461,268,material_danificado pagamento digital atraso,1278,,good,,2024-01-28 00:00:00,2024-02-27 00:00:00,2024-02-07 00:00:00,2024-02-01 00:00:00
1405,Problema de login,Descrição do problema: problema de login. Escola solicita resolução.,new,urgent,problem,227,227,425,256,nota_fiscal boleto material_danificado,,4541877249,,,2023-11-30 00:00:00,2023-11-30 00:00:00,,2023-12-04 00:00:00
1406,Contrato - dúvida,Descrição do problema: contrato - dúvida. Escola solicita resolução.,solved,urgent,incident,356,356,449,265,pagamento,318,,good,,2023-05-04 00:00:00,2023-05-19 00:00:00,2023-05-11 00:00:00,2023-05-09 00:00:00
1407,Material danificado,Descrição do problema: material danificado. Escola solicita resolução.,open,normal,incident,319,319,451,180,cancelamento pagamento devolução,814,,,,2022-11-07 00:00:00,2022-12-05 00:00:00,,2022-11-13 00:00:00
1408,Atraso na entrega,Descrição do problema: atraso na entrega. Escola solicita resolução.,pending,urgent,problem,112,112,451,,entrega erro_sistema financeiro nota_fiscal,218,,,,2023-07-04 00:00:00,2023-08-01 00:00:00,,2023-07-10 00:00:00
1409,Contrato - dúvida,Descrição do problema: contrato - dúvida. Escola solicita resolução.,pending,normal,question,229,229,400,244,erro_sistema acesso boleto,1094,,,,2023-02-23 00:00:00,2023-03-24 00:00:00,,2023-02-25 00:00:00
1410,Senha não funciona,Descrição do problema: senha não funciona. Escola solicita resolução.,new,normal,question,132,132,450,,atraso urgente,989,94.372.342/9874-42,,,2025-06-25 00:00:00,2025-07-22 00:00:00,,2025-06-30 00:00:00
1411,Nota fiscal com erro,Descrição do problema: nota fiscal com erro. Escola solicita resolução.,open,low,task,254,254,387,292,atraso acesso plataforma,567,,,,2022-10-09 00:00:00,2022-10-10 00:00:00,,2022-10-09 00:00:00
1412,Contrato - dúvida,Descrição do problema: contrato - dúvida. Escola solicita resolução.,closed,low,problem,120,120,459,259,digital erro_sistema financeiro,1174,3916188846,bad,Problema não resolvido,2025-06-17 00:00:00,2025-07-06 00:00:00,2025-06-16 00:00:00,2025-06-18 00:00:00
1413,Erro no sistema,Descrição do problema: erro no sistema. Escola solicita resolução.,open,high,problem,198,198,442,142,entrega,892,,,,2024-09-16 00:00:00,2024-10-09 00:00:00,,2024-09-23 00:00:00
1414,Material não recebido,Descrição do problema: material não recebido. Escola solicita resolução.,open,high,task,281,281,445,307,devolução cancelamento falta_material login,905,,,,2025-08-17 00:00:00,2025-08-16 00:00:00,,2025-08-17 00:00:00
1415,Cancelamento de pedido,Descrição do problema: cancelamento de pedido. Escola solicita resolução.,pending,urgent,problem,198,198,409,142,contrato cancelamento troca erro_sistema,,,,,2023-04-02 00:00:00,2023-05-02 00:00:00,,2023-04-06 00:00:00
1416,Suporte técnico - plataforma,Descrição do problema: suporte técnico - plataforma. Escola solicita resolução.,new,normal,task,241,241,457,155,financeiro,,93.046.562/5874-36,,,2024-04-27 00:00:00,2024-05-25 00:00:00,,2024-05-02 00:00:00
1417,Atraso na entrega,Descrição do problema: atraso na entrega. Escola solicita resolução.,solved,low,problem,85,85,386,288,entrega falta_material boleto,,,,,2023-11-09 00:00:00,2023-11-28 00:00:00,2023-11-22 00:00:00,2023-11-14 00:00:00
1418,Nota fiscal com erro,Descrição do problema: nota fiscal com erro. Escola solicita resolução.,open,low,task,171,171,418,83,senha atraso boleto,,,,,2025-04-22 00:00:00,2025-05-06 00:00:00,,2025-04-25 00:00:00
1419,Material danificado,Descrição do problema: material danificado. Escola solicita resolução.,closed,low,problem,285,285,451,132,erro_sistema cancelamento devolução plataforma,,78.544.798/6229-73,,,2025-08-17 00:00:00,2025-09-10 00:00:00,2025-08-21 00:00:00,2025-08-24 00:00:00
1420,Falta de material,Descrição do problema: falta de material. Escola solicita resolução.,open,high,task,64,64,439,32,suporte_técnico atraso senha entrega,860,18.905.454/6878-73,,,2022-02-09 00:00:00,2022-02-15 00:00:00,,2022-02-11 00:00:00
1421,Erro no sistema,Descrição do problema: erro no sistema. Escola solicita resolução.,open,high,incident,7,7,419,100,entrega,,,,,2023-10-10 00:00:00,2023-10-15 00:00:00,,2023-10-16 00:00:00
1422,Problema de login,Descrição do problema: problema de login. Escola solicita resolução.,open,normal,question,141,141,473,,login,,,,,2022-02-08 00:00:00,2022-02-20 00:00:00,,2022-02-11 00:00:00
1423,Devolução de material,Descrição do problema: devolução de material. Escola solicita resolução.,open,normal,question,366,366,462,172,urgente material_danificado,,,,,2022-02-08 00:00:00,2022-02-24 00:00:00,,2022-02-11 00:00:00
1424,Contrato - dúvida,Descrição do problema: contrato - dúvida. Escola solicita resolução.,solved,normal,task,192,192,387,193,acesso devolução,1216,,,,2025-12-20 00:00:00,2026-01-14 00:00:00,2025-12-21 00:00:00,2025-12-23 00:00:00
1425,Cancelamento de pedido,Descrição do problema: cancelamento de pedido. Escola solicita resolução.,closed,low,question,63,63,420,246,devolução atraso,,,,,2025-10-21 00:00:00,2025-10-29 00:00:00,2025-11-01 00:00:00,2025-10-22 00:00:00
1426,Cancelamento de pedido,Descrição do problema: cancelamento de pedido. Escola solicita resolução.,new,normal,question,270,270,473,95,urgente nota_fiscal,,,,,2024-02-28 00:00:00,2024-03-05 00:00:00,,2024-02-29 00:00:00
1427,Atraso na entrega,Descrição do problema: atraso na entrega. Escola solicita resolução.,pending,low,task,231,231,385,5,urgente nota_fiscal cancelamento contrato,,02.100.153/1572-41,,,2024-01-09 00:00:00,2024-01-09 00:00:00,,2024-01-10 00:00:00
1428,Suporte técnico - plataforma,Descrição do problema: suporte técnico - plataforma. Escola solicita resolução.,closed,normal,problem,126,126,397,145,erro_sistema financeiro,1113,03.561.755/9871-97,bad,Demorou muito,2025-05-09 00:00:00,2025-06-05 00:00:00,2025-05-11 00:00:00,2025-05-14 00:00:00
1429,Devolução de material,Descrição do problema: devolução de material. Escola solicita resolução.,new,urgent,incident,161,161,450,73,contrato,,01.524.938/4461-89,,,2023-04-12 00:00:00,2023-04-27 00:00:00,,2023-04-14 00:00:00
1430,Material não recebido,Descrição do problema: material não recebido. Escola solicita resolução.,solved,normal,problem,318,318,431,,pagamento devolução cancelamento,161,,good,,2025-10-14 00:00:00,2025-11-03 00:00:00,2025-10-20 00:00:00,2025-10-17 00:00:00
1431,Suporte técnico - plataforma,Descrição do problema: suporte técnico - plataforma. Escola solicita resolução.,open,normal,incident,188,188,459,81,boleto erro_sistema devolução,,4102755631,,,2022-08-21 00:00:00,2022-08-21 00:00:00,,2022-08-23 00:00:00
1432,Devolução de material,Descrição do problema: devolução de material. Escola solicita resolução.,open,low,question,365,365,384,268,boleto,,,,,2024-07-05 00:00:00,2024-07-15 00:00:00,,2024-07-11 00:00:00
1433,Atraso na entrega,Descrição do problema: atraso na entrega. Escola solicita resolução.,new,high,question,202,202,399,234,cancelamento boleto,,22.545.790/3511-07,,,2023-03-24 00:00:00,2023-03-30 00:00:00,,2023-03-29 00:00:00
1434,Material danificado,Descrição do problema: material danificado. Escola solicita resolução.,pending,low,problem,29,29,474,301,cancelamento,,,,,2023-05-19 00:00:00,2023-05-22 00:00:00,,2023-05-23 00:00:00
1435,Devolução de material,Descrição do problema: devolução de material. Escola solicita resolução.,pending,normal,incident,84,84,398,,erro_sistema falta_material devolução atraso,820,,,,2025-02-23 00:00:00,2025-02-24 00:00:00,,2025-02-27 00:00:00
1436,Boleto não recebido,Descrição do problema: boleto não recebido. Escola solicita resolução.,new,normal,incident,209,209,401,20,falta_material login senha boleto,1457,61.638.487/1343-27,,,2022-10-07 00:00:00,2022-10-26 00:00:00,,2022-10-12 00:00:00
1437,Falta de material,Descrição do problema: falta de material. Escola solicita resolução.,pending,high,question,277,277,384,1,contrato senha digital erro_sistema,,,,,2023-07-20 00:00:00,2023-08-06 00:00:00,,2023-07-27 00:00:00
1438,Cancelamento de pedido,Descrição do problema: cancelamento de pedido. Escola solicita resolução.,new,normal,problem,34,34,408,102,pagamento troca contrato cancelamento,306,,,,2023-12-18 00:00:00,2024-01-05 00:00:00,,2023-12-21 00:00:00
1439,Material danificado,Descrição do problema: material danificado. Escola solicita resolução.,solved,normal,incident,264,264,413,271,senha login,1063,,good,,2022-03-20 00:00:00,2022-03-21 00:00:00,2022-04-08 00:00:00,2022-03-22 00:00:00
1440,Devolução de material,Descrição do problema: devolução de material. Escola solicita resolução.,new,normal,question,44,44,458,169,digital material_danificado,,00.618.639/0898-55,,,2023-07-03 00:00:00,2023-07-03 00:00:00,,2023-07-08 00:00:00
1441,Material não recebido,Descrição do problema: material não recebido. Escola solicita resolução.,new,urgent,incident,125,125,405,164,plataforma urgente,732,,,,2022-01-11 00:00:00,2022-02-07 00:00:00,,2022-01-14 00:00:00
1442,Suporte técnico - plataforma,Descrição do problema: suporte técnico - plataforma. Escola solicita resolução.,pending,high,question,113,113,445,59,material_danificado,104,48.191.833/2762-11,,,2024-09-29 00:00:00,2024-10-04 00:00:00,,2024-10-02 00:00:00
1443,Suporte técnico - plataforma,Descrição do problema: suporte técnico - plataforma. Escola solicita resolução.,solved,high,incident,33,33,420,267,boleto troca devolução falta_material,139,,,,2025-11-17 00:00:00,2025-12-09 00:00:00,2025-11-26 00:00:00,2025-11-23 00:00:00
1444,Erro no sistema,Descrição do problema: erro no sistema. Escola solicita resolução.,pending,urgent,incident,334,334,387,29,boleto,,15.249.606/9722-17,,,2022-06-20 00:00:00,2022-06-21 00:00:00,,2022-06-22 00:00:00
1445,Suporte técnico - plataforma,Descrição do problema: suporte técnico - plataforma. Escola solicita resolução.,new,low,question,310,310,385,284,cancelamento material_danificado entrega,,,,,2025-09-01 00:00:00,2025-09-15 00:00:00,,2025-09-03 00:00:00
1446,Acesso à plataforma digital,Descrição do problema: acesso à plataforma digital. Escola solicita resolução.,solved,normal,problem,55,55,467,301,falta_material suporte_técnico,687,,good,,2022-08-24 00:00:00,2022-08-23 00:00:00,2022-08-25 00:00:00,2022-08-26 00:00:00
1447,Cancelamento de pedido,Descrição do problema: cancelamento de pedido. Escola solicita resolução.,solved,low,incident,296,296,394,,atraso cancelamento plataforma,185,,,,2022-02-26 00:00:00,2022-03-10 00:00:00,2022-03-19 00:00:00,2022-03-04 00:00:00
1448,Suporte técnico - plataforma,Descrição do problema: suporte técnico - plataforma. Escola solicita resolução.,new,high,problem,313,313,467,166,suporte_técnico login financeiro,240,8711355679,,,2022-01-15 00:00:00,2022-01-15 00:00:00,,2022-01-21 00:00:00
1449,Boleto não recebido,Descrição do problema: boleto não recebido. Escola solicita resolução.,closed,normal,problem,257,257,410,67,cancelamento suporte_técnico,,,,,2023-09-07 00:00:00,2023-09-13 00:00:00,2023-10-04 00:00:00,2023-09-09 00:00:00
1450,Troca de material,Descrição do problema: troca de material. Escola solicita resolução.,new,urgent,incident,307,307,387,,falta_material atraso,,3340939715,,,2025-09-20 00:00:00,2025-09-22 00:00:00,,2025-09-23 00:00:00
1451,Suporte técnico - plataforma,Descrição do problema: suporte técnico - plataforma. Escola solicita resolução.,open,normal,question,315,315,472,132,digital login boleto contrato,,,,,2025-10-04 00:00:00,2025-11-01 00:00:00,,2025-10-07 00:00:00
1452,Pagamento duplicado,Descrição do problema: pagamento duplicado. Escola solicita resolução.,pending,low,task,154,154,430,176,material_danificado nota_fiscal cancelamento troca,462,,,,2025-05-19 00:00:00,2025-05-19 00:00:00,,2025-05-22 00:00:00
1453,Cancelamento de pedido,Descrição do problema: cancelamento de pedido. Escola solicita resolução.,solved,high,task,178,178,451,,plataforma,209,,good,,2025-06-22 00:00:00,2025-07-06 00:00:00,2025-07-02 00:00:00,2025-06-26 00:00:00
1454,Contrato - dúvida,Descrição do problema: contrato - dúvida. Escola solicita resolução.,new,normal,problem,252,252,456,208,troca login senha,,6196399356,,,2023-10-21 00:00:00,2023-10-20 00:00:00,,2023-10-21 00:00:00
1455,Senha não funciona,Descrição do problema: senha não funciona. Escola solicita resolução.,closed,low,problem,161,161,428,73,urgente digital plataforma devolução,1471,,bad,Demorou muito,2022-10-28 00:00:00,2022-11-13 00:00:00,2022-11-13 00:00:00,2022-11-05 00:00:00
1456,Pagamento duplicado,Descrição do problema: pagamento duplicado. Escola solicita resolução.,closed,normal,incident,108,108,393,244,urgente,,,good,,2023-04-05 00:00:00,2023-04-07 00:00:00,2023-04-04 00:00:00,2023-04-06 00:00:00
1457,Troca de material,Descrição do problema: troca de material. Escola solicita resolução.,solved,urgent,problem,67,67,455,28,falta_material acesso,,,bad,Atendimento ruim,2024-05-14 00:00:00,2024-05-25 00:00:00,2024-05-22 00:00:00,2024-05-18 00:00:00
1458,Troca de material,Descrição do problema: troca de material. Escola solicita resolução.,open,urgent,problem,233,233,480,134,contrato senha erro_sistema boleto,,3639358132,,,2022-12-09 00:00:00,2023-01-05 00:00:00,,2022-12-15 00:00:00
1459,Acesso à plataforma digital,Descrição do problema: acesso à plataforma digital. Escola solicita resolução.,solved,high,question,137,137,413,225,entrega nota_fiscal suporte_técnico,1620,,good,,2022-07-29 00:00:00,2022-08-04 00:00:00,2022-07-31 00:00:00,2022-07-30 00:00:00
1460,Atraso na entrega,Descrição do problema: atraso na entrega. Escola solicita resolução.,open,low,incident,96,96,441,208,erro_sistema suporte_técnico nota_fiscal,,,,,2024-04-03 00:00:00,2024-04-11 00:00:00,,2024-04-09 00:00:00
1461,Falta de material,Descrição do problema: falta de material. Escola solicita resolução.,pending,high,task,76,76,431,72,erro_sistema nota_fiscal atraso contrato,1188,,,,2025-10-22 00:00:00,2025-10-31 00:00:00,,2025-10-23 00:00:00
1462,Contrato - dúvida,Descrição do problema: contrato - dúvida. Escola solicita resolução.,new,low,incident,130,130,385,67,senha,763,63.716.403/3185-55,,,2022-10-27 00:00:00,2022-11-20 00:00:00,,2022-10-29 00:00:00
1463,Falta de material,Descrição do problema: falta de material. Escola solicita resolução.,closed,urgent,problem,304,304,417,120,entrega,419,,,,2025-05-24 00:00:00,2025-06-11 00:00:00,2025-05-28 00:00:00,2025-05-26 00:00:00
1464,Falta de material,Descrição do problema: falta de material. Escola solicita resolução.,closed,high,problem,251,251,429,,acesso digital senha suporte_técnico,,,,,2025-04-06 00:00:00,2025-05-02 00:00:00,2025-04-09 00:00:00,2025-04-08 00:00:00
1465,Acesso à plataforma digital,Descrição do problema: acesso à plataforma digital. Escola solicita resolução.,new,high,question,203,203,401,209,atraso suporte_técnico,,,,,2023-06-08 00:00:00,2023-06-12 00:00:00,,2023-06-14 00:00:00
1466,Boleto não recebido,Descrição do problema: boleto não recebido. Escola solicita resolução.,solved,urgent,question,352,352,477,285,troca,411,,good,,2023-08-10 00:00:00,2023-08-19 00:00:00,2023-08-10 00:00:00,2023-08-16 00:00:00
1467,Erro no sistema,Descrição do problema: erro no sistema. Escola solicita resolução.,new,urgent,question,129,129,435,52,entrega devolução acesso,,,,,2023-06-11 00:00:00,2023-06-14 00:00:00,,2023-06-13 00:00:00
1468,Pagamento duplicado,Descrição do problema: pagamento duplicado. Escola solicita resolução.,pending,low,task,104,104,449,236,material_danificado financeiro falta_material nota_fiscal,,,,,2024-09-08 00:00:00,2024-09-10 00:00:00,,2024-09-12 00:00:00
1469,Senha não funciona,Descrição do problema: senha não funciona. Escola solicita resolução.,closed,low,task,2,2,467,270,suporte_técnico,,,bad,Atendimento ruim,2023-07-20 00:00:00,2023-08-16 00:00:00,2023-07-24 00:00:00,2023-07-24 00:00:00
1470,Senha não funciona,Descrição do problema: senha não funciona. Escola solicita resolução.,pending,high,problem,209,209,400,20,financeiro pagamento erro_sistema,,,,,2023-11-20 00:00:00,2023-12-13 00:00:00,,2023-11-27 00:00:00
1471,Problema de login,Descrição do problema: problema de login. Escola solicita resolução.,pending,normal,question,38,38,403,216,material_danificado,,,,,2023-12-13 00:00:00,2024-01-08 00:00:00,,2023-12-20 00:00:00
1472,Boleto não recebido,Descrição do problema: boleto não recebido. Escola solicita resolução.,new,urgent,task,129,129,395,52,entrega,537,,,,2024-10-23 00:00:00,2024-11-08 00:00:00,,2024-10-24 00:00:00
1473,Material danificado,Descrição do problema: material danificado. Escola solicita resolução.,pending,normal,task,36,36,396,284,senha troca digital,351,,,,2022-04-26 00:00:00,2022-05-05 00:00:00,,2022-05-02 00:00:00
1474,Material danificado,Descrição do problema: material danificado. Escola solicita resolução.,open,low,question,312,312,398,258,cancelamento,,88.796.948/0600-99,,,2024-04-22 00:00:00,2024-04-27 00:00:00,,2024-04-26 00:00:00
1475,Material danificado,Descrição do problema: material danificado. Escola solicita resolução.,pending,low,incident,33,33,445,267,material_danificado,803,81.403.137/9435-14,,,2024-03-01 00:00:00,2024-03-09 00:00:00,,2024-03-06 00:00:00
1476,Senha não funciona,Descrição do problema: senha não funciona. Escola solicita resolução.,solved,high,question,300,300,429,236,urgente plataforma material_danificado,,,,,2022-05-03 00:00:00,2022-05-03 00:00:00,2022-05-02 00:00:00,2022-05-09 00:00:00
1477,Cancelamento de pedido,Descrição do problema: cancelamento de pedido. Escola solicita resolução.,new,urgent,task,263,263,387,251,cancelamento,,,,,2022-02-09 00:00:00,2022-02-26 00:00:00,,2022-02-11 00:00:00
1478,Contrato - dúvida,Descrição do problema: contrato - dúvida. Escola solicita resolução.,pending,high,task,191,191,393,156,nota_fiscal,,,,,2024-09-17 00:00:00,2024-10-13 00:00:00,,2024-09-20 00:00:00
1479,Material danificado,Descrição do problema: material danificado. Escola solicita resolução.,solved,urgent,task,156,156,394,134,entrega contrato,,,,,2024-03-18 00:00:00,2024-03-28 00:00:00,2024-03-19 00:00:00,2024-03-25 00:00:00
1480,Boleto não recebido,Descrição do problema: boleto não recebido. Escola solicita resolução.,pending,normal,problem,370,370,448,43,pagamento troca devolução,,6954877992,,,2025-09-06 00:00:00,2025-09-07 00:00:00,,2025-09-06 00:00:00
1481,Cancelamento de pedido,Descrição do problema: cancelamento de pedido. Escola solicita resolução.,new,low,problem,261,261,424,203,pagamento senha cancelamento,,17.217.892/5591-48,,,2023-09-15 00:00:00,2023-09-26 00:00:00,,2023-09-21 00:00:00
1482,Cancelamento de pedido,Descrição do problema: cancelamento de pedido. Escola solicita resolução.,new,low,task,357,357,386,175,falta_material,838,08.172.058/8646-24,,,2023-11-24 00:00:00,2023-12-03 00:00:00,,2023-11-29 00:00:00
1483,Acesso à plataforma digital,Descrição do problema: acesso à plataforma digital. Escola solicita resolução.,pending,low,incident,123,123,384,108,login,,,,,2024-01-30 00:00:00,2024-02-24 00:00:00,,2024-02-04 00:00:00
1484,Troca de material,Descrição do problema: troca de material. Escola solicita resolução.,pending,urgent,problem,204,204,478,125,devolução digital,313,06.087.753/4461-36,,,2023-01-27 00:00:00,2023-02-02 00:00:00,,2023-01-31 00:00:00
1485,Material danificado,Descrição do problema: material danificado. Escola solicita resolução.,closed,high,incident,32,32,468,116,acesso material_danificado entrega,832,,,,2023-05-11 00:00:00,2023-06-06 00:00:00,2023-05-11 00:00:00,2023-05-17 00:00:00
1486,Pagamento duplicado,Descrição do problema: pagamento duplicado. Escola solicita resolução.,solved,urgent,incident,289,289,467,161,boleto financeiro contrato digital,219,88.052.535/9681-36,,,2023-09-13 00:00:00,2023-09-27 00:00:00,2023-09-22 00:00:00,2023-09-19 00:00:00
1487,Problema de login,Descrição do problema: problema de login. Escola solicita resolução.,open,urgent,question,324,324,445,,login devolução atraso,1461,,,,2023-12-07 00:00:00,2023-12-14 00:00:00,,2023-12-09 00:00:00
1488,Boleto não recebido,Descrição do problema: boleto não recebido. Escola solicita resolução.,new,low,problem,376,376,391,284,plataforma cancelamento urgente troca,,,,,2023-11-21 00:00:00,2023-12-18 00:00:00,,2023-11-24 00:00:00
1489,Erro no sistema,Descrição do problema: erro no sistema. Escola solicita resolução.,closed,high,question,313,313,472,166,pagamento nota_fiscal devolução,,,bad,Demorou muito,2022-05-17 00:00:00,2022-06-05 00:00:00,2022-05-20 00:00:00,2022-05-19 00:00:00
1490,Nota fiscal com erro,Descrição do problema: nota fiscal com erro. Escola solicita resolução.,open,urgent,task,94,94,433,9,devolução material_danificado troca atraso,,,,,2025-03-17 00:00:00,2025-04-07 00:00:00,,2025-03-21 00:00:00
1491,Falta de material,Descrição do problema: falta de material. Escola solicita resolução.,pending,low,question,32,32,433,116,falta_material erro_sistema senha contrato,605,,,,2024-04-28 00:00:00,2024-04-28 00:00:00,,2024-04-30 00:00:00
1492,Problema de login,Descrição do problema: problema de login. Escola solicita resolução.,closed,normal,incident,256,256,469,10,suporte_técnico urgente material_danificado digital,1437,,,,2022-01-16 00:00:00,2022-02-07 00:00:00,2022-01-18 00:00:00,2022-01-18 00:00:00
1493,Material danificado,Descrição do problema: material danificado. Escola solicita resolução.,closed,urgent,question,1,1,398,172,boleto,943,34.325.022/2992-94,,,2025-06-12 00:00:00,2025-07-05 00:00:00,2025-06-13 00:00:00,2025-06-15 00:00:00
1494,Material danificado,Descrição do problema: material danificado. Escola solicita resolução.,new,high,question,88,88,458,193,atraso,,,,,2023-02-07 00:00:00,2023-02-18 00:00:00,,2023-02-11 00:00:00
1495,Nota fiscal com erro,Descrição do problema: nota fiscal com erro. Escola solicita resolução.,new,low,incident,337,337,419,217,falta_material,,05.609.511/9585-24,,,2024-05-15 00:00:00,2024-06-06 00:00:00,,2024-05-18 00:00:00
1496,Cancelamento de pedido,Descrição do problema: cancelamento de pedido. Escola solicita resolução.,pending,high,problem,210,210,442,116,falta_material,643,,,,2025-09-01 00:00:00,2025-09-25 00:00:00,,2025-09-04 00:00:00
1497,Falta de material,Descrição do problema: falta de material. Escola solicita resolução.,solved,low,incident,54,54,414,5,digital,,,,,2022-09-27 00:00:00,2022-10-11 00:00:00,2022-10-06 00:00:00,2022-09-28 00:00:00
1498,Suporte técnico - plataforma,Descrição do problema: suporte técnico - plataforma. Escola solicita resolução.,solved,high,problem,152,152,438,12,erro_sistema urgente,,,,,2025-06-06 00:00:00,2025-06-12 00:00:00,2025-06-05 00:00:00,2025-06-11 00:00:00
1499,Pagamento duplicado,Descrição do problema: pagamento duplicado. Escola solicita resolução.,pending,normal,problem,97,97,449,292,acesso,,,,,2022-10-27 00:00:00,2022-11-11 00:00:00,,2022-10-30 00:00:00
1500,Devolução de material,Descrição do problema: devolução de material. Escola solicita resolução.,solved,high,question,273,273,401,266,plataforma devolução cancelamento,1191,,good,,2024-04-04 00:00:00,2024-04-10 00:00:00,2024-04-05 00:00:00,2024-04-09 00:00:00
